order_id,customer_id,order_date,channel,payment_method,total_value
1,1255,2025-04-04,online,giftcard,46.07
2,606,2025-06-12,store,giftcard,3187.34
3,1288,2025-07-13,online,applepay,137.01
4,1147,2024-10-28,store,card,169.51
5,984,2023-12-19,online,giftcard,223.95
6,549,2025-03-15,store,paypal,24.01
7,1431,2025-07-08,store,applepay,210.59
8,457,2024-01-10,store,paypal,1528.57
9,493,2024-02-21,store,giftcard,314.14
10,1387,2024-01-06,online,paypal,236.41
11,12,2024-10-30,store,paypal,1969.79
12,57,2025-04-30,store,paypal,130.39
13,289,2025-01-14,online,applepay,13005.38
14,1479,2024-04-24,store,card,87.16
15,1311,2025-10-01,online,applepay,904.63
16,556,2024-02-24,store,card,152.53
17,818,2024-09-07,store,giftcard,57.88
18,758,2024-02-01,online,paypal,164.02
19,36,2025-09-14,store,paypal,148.48
20,1259,2025-06-01,online,giftcard,68.93
21,1167,2024-08-06,store,applepay,197.31
22,1415,2024-05-24,store,paypal,189.66
23,117,2024-08-02,store,card,2385.64
24,325,2024-09-13,store,card,66.34
25,1397,2024-09-20,online,card,177.49
26,368,2024-03-20,store,card,168.0
27,971,2024-05-29,online,card,132.59
28,579,2025-08-14,store,applepay,2518.43
29,1479,2025-02-16,online,giftcard,56.57
30,791,2024-03-09,online,paypal,3296.12
31,176,2024-08-27,store,giftcard,25.4
32,400,2024-08-24,online,paypal,310.02
33,950,2024-10-28,store,giftcard,35.87
34,1315,2023-12-18,store,applepay,136.72
35,1235,2023-12-05,store,paypal,152.82
36,138,2024-12-13,store,applepay,65.36
37,998,2024-12-04,online,applepay,205.46
38,845,2025-10-29,online,paypal,939.1
39,68,2024-03-06,online,applepay,36.5
40,1222,2024-04-05,online,applepay,3604.33
41,186,2024-02-29,online,card,135.61
42,738,2024-05-13,store,card,214.77
43,1193,2025-04-10,online,applepay,1831.08
44,1089,2023-11-30,online,applepay,69.46
45,151,2025-02-21,store,applepay,72.68
46,69,2024-08-01,online,paypal,77.45
47,1389,2024-05-19,online,giftcard,3145.7
48,1128,2025-04-14,store,giftcard,200.0
49,1452,2024-09-16,online,giftcard,35.55
50,207,2025-06-28,online,applepay,53.24
51,1351,2024-06-03,store,applepay,1916.3
52,766,2025-07-02,online,card,32.07
53,943,2025-03-29,online,card,146.87
54,928,2024-08-16,store,giftcard,267.48
55,1258,2024-09-19,online,paypal,148.22
56,877,2024-07-24,store,card,183.79
57,684,2024-11-01,online,applepay,189.63
58,522,2025-03-13,online,giftcard,63.61
59,576,2025-02-01,online,giftcard,109.49
60,772,2025-05-22,store,paypal,1716.73
61,629,2025-04-08,online,paypal,112.17
62,1137,2023-11-24,online,giftcard,1299.16
63,692,2024-02-10,store,card,50.07
64,1298,2025-07-25,store,card,149.93
65,764,2025-08-30,online,paypal,29.04
66,1465,2024-09-06,online,card,303.59
67,1017,2025-06-21,store,giftcard,244.3
68,260,2024-09-29,online,applepay,40.34
69,1225,2024-11-24,store,applepay,81.63
70,648,2025-07-10,store,giftcard,120.51
71,603,2025-06-06,store,giftcard,167.57
72,481,2025-03-07,store,card,71.91
73,494,2024-05-23,online,giftcard,4827.89
74,854,2024-02-04,store,card,181.25
75,804,2025-08-15,online,card,207.18
76,164,2025-01-04,online,paypal,2868.3
77,321,2024-12-20,store,giftcard,208.02
78,1268,2025-05-03,store,paypal,227.58
79,1030,2025-01-31,online,giftcard,999.65
80,847,2025-01-14,store,applepay,86.67
81,416,2024-02-25,store,giftcard,99.53
82,747,2024-12-06,online,paypal,3488.64
83,1122,2023-12-29,store,paypal,124.11
84,1418,2025-02-14,store,paypal,80.28
85,830,2024-03-12,store,card,1311.21
86,1476,2024-07-30,online,giftcard,185.36
87,966,2025-07-29,store,applepay,103.41
88,856,2024-02-17,store,card,43.51
89,573,2023-11-12,online,card,226.52
90,1310,2024-01-18,online,paypal,7203.41
91,265,2024-04-14,online,giftcard,3842.65
92,95,2025-02-17,store,applepay,657.65
93,52,2024-11-05,online,paypal,842.26
94,1468,2024-08-19,store,paypal,133.71
95,1314,2024-04-08,store,giftcard,84.76
96,828,2024-12-26,store,giftcard,3256.8
97,826,2025-02-21,store,paypal,94.56
98,1183,2023-12-26,online,applepay,3308.08
99,720,2025-09-17,store,giftcard,43.34
100,943,2025-06-27,online,card,41.54
101,470,2024-03-06,store,paypal,1568.57
102,418,2023-11-27,store,giftcard,3083.52
103,852,2025-10-21,store,giftcard,61.32
104,826,2023-11-27,store,paypal,5518.41
105,412,2024-07-16,online,card,85.93
106,1114,2025-07-25,online,card,6993.72
107,1337,2024-08-04,store,applepay,110.31
108,42,2024-11-29,store,giftcard,233.7
109,1461,2025-07-23,online,giftcard,219.53
110,745,2024-08-24,online,applepay,684.82
111,1275,2024-02-01,online,applepay,1698.81
112,323,2025-10-10,online,applepay,120.08
113,1116,2024-04-22,online,applepay,201.36
114,876,2025-11-05,online,card,3881.28
115,1374,2024-11-19,online,giftcard,149.19
116,994,2024-02-04,online,card,1473.77
117,1343,2025-01-04,online,paypal,24.18
118,647,2024-02-01,store,applepay,156.24
119,42,2024-10-21,store,paypal,1381.16
120,869,2024-03-05,online,paypal,5005.18
121,1305,2024-12-28,online,paypal,236.26
122,1074,2024-01-15,store,paypal,11056.11
123,583,2025-10-07,online,paypal,116.84
124,1188,2025-07-09,store,applepay,1606.18
125,1011,2025-10-26,store,applepay,123.38
126,638,2025-03-09,online,giftcard,105.67
127,843,2024-02-24,online,giftcard,831.43
128,378,2024-05-10,online,paypal,119.14
129,1364,2025-01-11,online,giftcard,218.48
130,785,2024-02-01,online,applepay,20.0
131,916,2025-10-24,online,applepay,2110.93
132,943,2025-07-14,store,paypal,80.41
133,1464,2024-03-28,online,applepay,92.35
134,498,2024-01-22,online,card,2436.02
135,46,2024-12-30,online,giftcard,218.84
136,1378,2024-12-25,store,card,836.91
137,340,2025-08-16,online,paypal,99.93
138,1036,2024-11-06,online,paypal,894.11
139,1062,2025-02-15,online,applepay,41.58
140,1365,2024-01-16,online,applepay,2354.77
141,1185,2025-09-30,store,paypal,94.55
142,1079,2024-04-05,online,giftcard,2540.25
143,427,2025-09-05,store,applepay,17.32
144,209,2024-09-19,online,giftcard,348.59
145,383,2024-06-13,online,giftcard,134.73
146,120,2025-06-30,online,paypal,65.31
147,1066,2024-12-03,store,giftcard,62.11
148,702,2025-03-11,online,applepay,123.65
149,814,2024-06-29,online,giftcard,1835.8
150,409,2024-04-11,store,card,119.93
151,993,2025-06-24,store,card,1023.05
152,303,2024-08-31,online,paypal,102.41
153,464,2024-08-23,online,applepay,61.27
154,1498,2024-11-24,store,giftcard,179.94
155,1179,2024-03-05,store,card,71.83
156,927,2025-02-04,store,paypal,83.86
157,1371,2024-10-10,store,card,4019.19
158,1327,2025-01-24,store,card,201.58
159,317,2024-12-31,online,paypal,1734.24
160,154,2024-09-16,online,card,176.05
161,439,2025-06-10,store,applepay,113.54
162,169,2025-04-24,online,paypal,2804.71
163,420,2023-12-04,online,paypal,71.8
164,682,2024-10-23,store,giftcard,1629.5
165,785,2024-05-07,store,applepay,5441.6
166,824,2024-08-28,online,applepay,34.52
167,543,2024-04-25,store,giftcard,41.41
168,213,2024-03-12,online,giftcard,49.74
169,877,2025-06-08,store,paypal,62.05
170,1239,2023-12-10,online,card,90.31
171,344,2024-05-15,store,card,1938.86
172,389,2023-11-14,online,card,1650.47
173,515,2024-09-29,store,card,1135.7
174,578,2024-04-23,online,card,177.8
175,1363,2025-07-28,store,paypal,245.78
176,1155,2025-07-07,store,paypal,77.85
177,656,2025-10-11,online,applepay,163.88
178,1477,2024-01-01,store,applepay,6533.28
179,528,2024-02-21,store,paypal,98.35
180,159,2024-04-16,online,paypal,192.7
181,1076,2024-07-31,online,paypal,64.45
182,1306,2024-07-28,store,applepay,3697.18
183,578,2025-06-12,online,paypal,66.52
184,683,2024-09-24,online,card,155.83
185,288,2024-07-02,online,card,171.05
186,1147,2024-03-07,store,applepay,699.46
187,82,2025-04-17,online,applepay,60.5
188,1065,2024-09-23,store,applepay,308.25
189,17,2024-07-10,store,giftcard,26.13
190,1133,2025-03-12,store,card,2577.69
191,1306,2024-05-29,online,paypal,2755.37
192,1447,2024-10-31,store,giftcard,222.87
193,639,2024-05-23,store,card,110.24
194,947,2024-04-27,store,paypal,895.73
195,75,2024-11-19,store,paypal,141.54
196,892,2024-03-12,store,giftcard,68.63
197,1338,2025-06-17,store,paypal,203.54
198,26,2024-08-28,online,applepay,122.1
199,834,2024-04-23,online,giftcard,264.31
200,1085,2024-01-13,store,applepay,86.67
201,822,2025-03-09,online,giftcard,22.75
202,1176,2024-10-11,online,card,443.44
203,443,2025-08-12,online,paypal,111.31
204,489,2025-02-23,online,card,53.05
205,386,2025-08-14,store,giftcard,1476.54
206,866,2024-09-10,online,card,67.65
207,1379,2024-11-06,store,applepay,280.8
208,402,2025-04-26,online,applepay,5069.32
209,413,2025-09-25,store,card,332.78
210,752,2024-10-17,store,giftcard,238.42
211,159,2025-03-04,store,paypal,6292.91
212,1360,2024-07-13,store,card,1990.93
213,1190,2025-04-28,store,applepay,56.37
214,1045,2025-09-14,online,giftcard,1433.4
215,85,2025-07-18,online,card,302.36
216,562,2025-02-15,store,giftcard,228.93
217,652,2024-03-11,store,applepay,222.26
218,778,2025-09-14,store,paypal,3133.42
219,1141,2023-12-31,store,applepay,211.4
220,739,2025-04-08,online,giftcard,196.77
221,1293,2024-06-24,online,giftcard,400.71
222,1255,2024-01-21,store,applepay,815.38
223,1318,2025-07-09,store,card,87.3
224,265,2024-03-28,store,giftcard,92.51
225,400,2025-01-13,store,paypal,2496.19
226,1114,2024-04-19,store,paypal,5088.03
227,5,2025-04-17,store,giftcard,67.5
228,655,2025-01-28,online,applepay,134.07
229,580,2024-08-12,online,applepay,30.87
230,1377,2023-11-27,online,card,85.14
231,795,2024-12-18,store,paypal,44.59
232,1093,2025-04-15,store,card,97.52
233,718,2025-08-31,store,giftcard,134.88
234,1286,2025-08-05,store,applepay,144.54
235,18,2024-02-07,store,paypal,150.76
236,30,2025-04-03,online,applepay,24.35
237,1494,2025-11-05,store,giftcard,149.09
238,16,2025-03-22,online,giftcard,305.49
239,251,2025-01-21,online,applepay,164.81
240,1361,2024-08-25,online,applepay,3144.93
241,439,2024-09-30,store,giftcard,246.12
242,602,2023-11-24,store,giftcard,245.52
243,434,2025-09-15,online,paypal,42.8
244,818,2025-05-26,store,applepay,1325.67
245,434,2025-10-17,store,card,2347.76
246,667,2025-04-03,online,applepay,89.89
247,631,2025-01-28,store,applepay,309.26
248,1157,2025-03-12,online,card,1640.18
249,673,2024-10-03,online,paypal,1258.3
250,1298,2024-03-06,store,applepay,133.26
251,1362,2024-09-29,store,applepay,89.73
252,1371,2025-07-28,store,paypal,4489.22
253,897,2024-07-15,store,giftcard,3300.92
254,1094,2025-03-20,online,giftcard,94.24
255,905,2024-01-02,store,paypal,2603.45
256,423,2024-02-18,store,card,188.18
257,1382,2024-06-17,store,giftcard,5594.77
258,382,2024-12-26,online,paypal,58.13
259,405,2024-02-04,store,card,68.44
260,640,2025-06-16,online,card,7525.08
261,603,2024-04-16,online,paypal,779.06
262,1407,2025-03-19,store,card,655.66
263,643,2025-03-23,online,paypal,104.87
264,815,2024-09-01,store,paypal,2330.86
265,804,2023-11-22,store,card,184.54
266,1353,2024-10-17,online,giftcard,52.74
267,754,2024-10-14,online,card,23.48
268,686,2025-05-13,store,giftcard,2210.49
269,159,2024-07-08,online,applepay,98.34
270,1341,2023-12-04,online,card,2841.32
271,145,2024-06-24,store,paypal,211.54
272,826,2023-11-09,store,giftcard,2483.79
273,1257,2023-12-06,online,giftcard,58.85
274,607,2024-12-25,online,giftcard,96.65
275,778,2023-11-24,online,card,163.24
276,289,2025-03-15,store,applepay,49.59
277,294,2025-07-22,online,paypal,3548.94
278,1385,2024-04-14,online,paypal,148.34
279,890,2025-09-22,store,card,2441.27
280,743,2025-07-06,store,giftcard,154.37
281,964,2023-12-19,online,giftcard,82.81
282,223,2025-06-03,online,card,1102.79
283,357,2025-03-21,store,applepay,78.83
284,350,2024-05-02,store,applepay,3547.94
285,691,2024-05-03,store,applepay,92.04
286,1178,2023-12-03,online,paypal,75.41
287,909,2025-03-01,online,paypal,2721.6
288,1168,2023-12-09,store,card,2970.89
289,737,2024-05-06,online,giftcard,4052.59
290,24,2024-05-30,online,giftcard,105.11
291,381,2024-12-23,online,card,63.51
292,1322,2024-06-24,store,card,15.01
293,1191,2025-06-30,store,card,10.0
294,1168,2024-03-18,store,card,101.0
295,104,2025-04-09,store,paypal,203.82
296,66,2024-03-18,online,card,5315.13
297,905,2025-07-03,online,giftcard,3738.6
298,1177,2025-08-13,store,paypal,198.05
299,722,2024-07-19,store,paypal,133.06
300,1458,2025-08-01,online,applepay,159.66
301,929,2024-05-06,store,card,7.83
302,1231,2024-03-01,store,applepay,2516.08
303,1388,2024-02-18,online,card,80.62
304,1456,2025-10-12,online,card,6082.05
305,99,2024-07-11,online,card,155.34
306,1264,2025-09-26,store,applepay,249.24
307,1121,2024-09-13,store,applepay,193.9
308,203,2024-12-18,store,giftcard,174.74
309,897,2025-03-03,online,applepay,33.62
310,995,2025-10-27,online,card,895.71
311,225,2023-12-01,online,applepay,159.7
312,495,2023-11-11,store,card,126.59
313,1419,2024-09-20,store,applepay,230.98
314,1354,2025-10-12,online,applepay,168.62
315,873,2025-09-06,store,giftcard,164.19
316,220,2024-11-18,online,paypal,77.94
317,447,2025-06-08,online,paypal,140.19
318,201,2025-08-31,online,paypal,56.66
319,459,2024-06-05,online,applepay,256.78
320,1284,2025-07-16,store,paypal,17.36
321,481,2024-01-02,store,applepay,237.06
322,1346,2025-01-23,store,paypal,24.17
323,1221,2024-04-13,store,paypal,2551.1
324,727,2025-03-10,online,paypal,85.0
325,1484,2023-12-31,online,card,20.8
326,157,2025-01-19,online,paypal,138.47
327,1158,2024-11-04,store,paypal,109.5
328,199,2023-11-10,online,applepay,16.28
329,721,2023-11-25,online,paypal,1582.33
330,470,2025-05-08,store,paypal,310.2
331,658,2024-07-26,online,paypal,151.23
332,30,2024-10-28,store,giftcard,322.17
333,926,2025-07-21,store,applepay,301.41
334,264,2025-08-22,store,paypal,173.29
335,1309,2025-05-31,store,applepay,170.66
336,336,2024-03-05,store,card,46.62
337,430,2025-07-14,online,paypal,1575.67
338,942,2025-06-06,online,giftcard,86.87
339,1367,2024-09-06,store,paypal,43.41
340,303,2024-09-26,online,giftcard,168.22
341,301,2025-06-25,store,paypal,2816.94
342,889,2024-10-15,store,giftcard,82.54
343,57,2024-10-17,online,card,49.42
344,1148,2025-09-15,store,applepay,949.65
345,755,2024-03-12,store,card,94.72
346,432,2024-04-26,online,applepay,193.8
347,1358,2025-03-07,store,paypal,142.15
348,1409,2024-01-01,store,paypal,47.97
349,473,2025-05-05,online,applepay,97.44
350,876,2025-09-25,store,applepay,86.03
351,116,2024-10-12,store,giftcard,21.69
352,493,2024-07-26,store,applepay,72.61
353,753,2024-07-23,online,paypal,906.7
354,1245,2025-02-09,store,card,3623.58
355,122,2024-06-10,store,applepay,3465.83
356,386,2025-09-04,store,giftcard,148.4
357,514,2025-04-01,store,applepay,592.53
358,247,2025-10-10,store,paypal,84.14
359,628,2024-09-03,store,paypal,194.89
360,145,2024-09-01,store,paypal,57.75
361,277,2023-12-26,online,card,18.64
362,1236,2023-12-22,online,paypal,178.9
363,1130,2024-08-10,online,card,108.6
364,1106,2025-04-12,online,applepay,3024.5
365,992,2025-04-11,store,paypal,769.69
366,1376,2025-02-05,online,paypal,156.62
367,790,2024-01-31,store,applepay,258.68
368,1008,2025-10-14,store,applepay,205.33
369,6,2024-06-05,online,card,135.17
370,779,2024-11-29,store,paypal,76.41
371,515,2025-03-27,store,paypal,159.38
372,1219,2025-10-08,store,giftcard,23.16
373,985,2025-10-14,online,paypal,152.3
374,1449,2025-06-22,online,giftcard,150.49
375,1345,2024-07-24,store,applepay,56.19
376,500,2024-09-21,online,applepay,66.81
377,1,2024-04-24,online,giftcard,87.42
378,878,2024-09-29,online,applepay,234.07
379,825,2025-04-25,store,applepay,34.71
380,613,2023-12-14,online,applepay,4078.3
381,1416,2025-02-23,online,applepay,727.51
382,155,2025-07-09,online,paypal,2187.06
383,1431,2024-06-07,store,applepay,182.56
384,710,2024-01-01,online,card,3832.22
385,56,2024-10-12,store,card,36.44
386,373,2024-11-18,store,giftcard,94.8
387,1452,2025-08-04,store,card,2842.0
388,1393,2024-06-26,store,paypal,2277.49
389,140,2025-07-25,online,applepay,8.04
390,1324,2025-05-12,store,applepay,75.42
391,696,2024-05-14,online,paypal,240.14
392,44,2025-09-24,store,applepay,149.97
393,1288,2024-02-05,online,giftcard,167.7
394,1174,2024-09-04,online,card,109.34
395,83,2024-07-03,store,paypal,188.87
396,9,2025-04-26,online,giftcard,146.5
397,1276,2025-01-22,online,paypal,195.0
398,437,2025-10-18,online,applepay,4144.19
399,612,2024-12-04,online,card,2094.15
400,865,2025-04-28,store,card,134.37
401,589,2024-09-05,store,applepay,2505.81
402,863,2025-01-26,online,card,3374.93
403,539,2025-05-26,store,card,60.82
404,720,2025-01-22,store,paypal,74.04
405,1323,2025-05-16,online,giftcard,241.99
406,862,2025-03-14,store,giftcard,73.82
407,53,2024-04-06,online,card,2213.93
408,648,2024-01-17,online,card,1842.19
409,1393,2024-06-11,store,giftcard,126.94
410,927,2024-09-15,online,paypal,797.24
411,1191,2023-12-04,store,paypal,72.6
412,355,2023-11-27,store,applepay,135.87
413,1111,2025-05-07,online,card,45.49
414,22,2025-06-26,store,giftcard,3661.36
415,283,2024-12-19,online,applepay,893.15
416,1155,2025-06-17,online,card,4821.25
417,155,2024-12-15,online,card,231.79
418,87,2025-09-18,online,paypal,41.78
419,547,2025-06-29,online,applepay,1290.72
420,985,2025-08-25,online,card,1773.28
421,1069,2024-05-12,store,giftcard,129.93
422,444,2025-05-28,online,paypal,711.04
423,1117,2024-07-26,online,card,87.41
424,646,2025-05-08,online,paypal,71.46
425,424,2024-12-21,store,paypal,136.62
426,1169,2023-12-01,online,card,102.32
427,1221,2024-02-07,online,applepay,216.9
428,1341,2025-11-08,online,applepay,1098.01
429,1141,2025-02-19,store,card,99.95
430,833,2024-05-19,store,card,1476.91
431,500,2024-08-17,online,giftcard,299.93
432,296,2023-12-27,online,paypal,4679.47
433,1104,2024-10-21,online,applepay,64.78
434,1193,2024-07-23,store,card,882.31
435,1074,2023-12-11,online,paypal,1470.19
436,343,2024-03-02,online,applepay,56.76
437,204,2025-02-26,online,applepay,273.59
438,755,2025-04-07,online,paypal,2713.54
439,494,2024-08-25,store,applepay,57.21
440,1193,2025-09-08,store,giftcard,43.37
441,97,2023-12-17,online,applepay,100.88
442,287,2024-05-12,online,card,3882.81
443,189,2024-10-11,store,card,68.06
444,480,2024-04-15,online,applepay,1847.22
445,1353,2025-06-11,store,applepay,165.7
446,1335,2024-10-31,online,applepay,143.81
447,484,2025-11-08,store,applepay,152.55
448,832,2025-05-29,online,paypal,266.57
449,1441,2024-01-17,store,card,12.71
450,644,2025-07-13,online,paypal,138.82
451,877,2025-06-19,store,paypal,31.14
452,122,2025-04-24,online,paypal,72.65
453,1236,2023-11-10,store,card,5847.52
454,10,2025-08-19,store,paypal,87.36
455,607,2025-10-11,store,paypal,97.21
456,1038,2024-08-25,online,giftcard,40.57
457,623,2024-06-13,online,giftcard,256.05
458,994,2025-04-19,store,paypal,43.13
459,993,2024-11-02,online,paypal,93.6
460,1112,2024-09-21,online,card,108.43
461,1415,2024-02-01,online,applepay,111.73
462,556,2024-03-24,store,card,161.51
463,407,2025-03-26,store,card,1051.8
464,1172,2024-02-11,online,applepay,170.76
465,1290,2025-08-19,store,card,206.83
466,560,2024-06-21,online,card,182.55
467,495,2025-07-06,store,giftcard,302.31
468,426,2025-05-27,online,applepay,5069.59
469,180,2024-12-04,store,giftcard,1567.38
470,19,2025-10-28,online,applepay,168.75
471,828,2024-09-16,online,paypal,849.14
472,1484,2024-08-19,online,card,3442.79
473,720,2023-11-16,online,card,130.74
474,31,2023-12-12,online,paypal,873.3
475,1358,2024-09-07,online,card,177.83
476,1224,2024-04-09,store,paypal,841.83
477,1257,2024-08-07,store,paypal,40.96
478,1096,2024-03-12,store,card,4082.2
479,416,2025-08-31,online,paypal,103.36
480,1469,2024-05-11,online,giftcard,231.78
481,85,2025-03-05,store,applepay,2481.79
482,278,2025-03-07,store,paypal,2039.71
483,308,2025-02-12,store,paypal,140.56
484,634,2025-09-16,store,card,3463.08
485,714,2025-05-10,online,giftcard,208.87
486,1057,2025-02-27,store,applepay,109.14
487,270,2024-02-23,store,card,176.31
488,1192,2025-09-30,store,paypal,2759.5
489,705,2024-08-09,store,giftcard,1677.46
490,629,2024-05-04,store,giftcard,274.52
491,498,2025-10-25,online,applepay,5909.74
492,1341,2024-06-18,online,applepay,27.17
493,384,2024-09-22,online,giftcard,236.46
494,1031,2025-01-08,online,paypal,163.11
495,299,2024-06-14,online,applepay,82.79
496,830,2024-11-30,online,giftcard,155.95
497,636,2025-10-07,online,applepay,3651.13
498,435,2023-12-09,online,paypal,43.62
499,736,2024-03-02,store,paypal,2759.88
500,559,2025-07-05,store,paypal,59.41
501,510,2023-11-18,store,card,167.31
502,942,2024-12-13,store,card,42.21
503,1032,2025-08-18,store,card,172.77
504,346,2025-10-03,store,giftcard,64.75
505,24,2024-03-23,online,paypal,48.24
506,615,2024-11-14,store,applepay,5511.49
507,1428,2024-04-02,store,applepay,86.77
508,1021,2025-03-30,store,applepay,82.66
509,544,2024-08-30,online,applepay,17.79
510,348,2024-07-20,store,giftcard,164.25
511,938,2024-07-22,store,applepay,32.62
512,751,2025-03-13,online,paypal,2698.53
513,1127,2025-11-02,store,card,46.75
514,747,2025-08-26,store,giftcard,286.66
515,36,2025-02-02,online,card,163.84
516,777,2024-02-02,store,paypal,85.64
517,514,2024-01-13,store,giftcard,24.79
518,601,2025-04-27,store,applepay,136.55
519,819,2024-12-28,online,applepay,56.51
520,700,2024-02-07,online,card,255.5
521,349,2024-07-22,online,giftcard,179.54
522,503,2025-01-09,store,card,909.03
523,1052,2024-09-24,store,card,76.24
524,661,2025-02-22,store,giftcard,752.74
525,207,2025-08-29,store,giftcard,2862.05
526,813,2025-01-14,store,paypal,190.73
527,15,2025-10-10,store,paypal,80.57
528,106,2025-02-04,online,paypal,2500.0
529,1383,2024-05-24,online,paypal,218.33
530,1379,2025-02-04,store,card,42.88
531,207,2025-01-09,online,applepay,25.29
532,1038,2023-12-08,online,card,1500.77
533,1072,2024-11-09,online,paypal,135.39
534,40,2024-12-02,online,card,1820.47
535,303,2024-12-25,store,card,116.53
536,608,2023-12-25,online,giftcard,80.09
537,1480,2024-08-17,online,paypal,61.05
538,890,2025-11-02,store,applepay,130.79
539,184,2025-03-15,store,card,190.83
540,1084,2024-11-23,online,applepay,269.71
541,636,2024-06-15,store,giftcard,252.29
542,1001,2025-10-23,online,giftcard,87.76
543,381,2024-03-19,store,card,85.23
544,679,2024-05-08,store,paypal,174.22
545,1402,2025-02-21,online,applepay,114.36
546,1179,2024-11-10,store,applepay,1461.25
547,1286,2024-04-12,online,applepay,86.93
548,311,2024-06-25,online,applepay,46.78
549,1054,2024-07-19,store,applepay,113.5
550,589,2023-12-10,store,card,166.06
551,1113,2025-03-08,online,paypal,32.0
552,239,2024-04-20,online,card,159.0
553,1271,2024-09-16,store,giftcard,3578.46
554,774,2025-01-19,store,paypal,944.68
555,239,2025-04-02,store,applepay,2185.6
556,236,2023-12-29,store,paypal,3775.89
557,40,2024-07-05,store,card,253.54
558,1223,2025-07-24,online,paypal,76.17
559,669,2025-10-23,online,giftcard,3036.9
560,165,2024-03-16,online,giftcard,205.4
561,525,2025-07-14,store,applepay,186.09
562,1120,2024-08-20,online,applepay,86.19
563,669,2025-10-14,store,applepay,3049.26
564,1294,2025-08-01,online,card,57.78
565,281,2025-08-22,online,applepay,60.33
566,177,2024-08-18,store,paypal,97.82
567,690,2025-06-29,store,card,47.26
568,1264,2024-05-18,online,applepay,147.07
569,235,2025-02-07,online,card,43.34
570,1367,2024-09-08,store,paypal,183.51
571,963,2024-04-28,store,giftcard,89.97
572,1278,2024-07-07,store,card,195.66
573,79,2024-10-27,online,applepay,247.61
574,321,2024-04-12,online,giftcard,47.36
575,875,2025-10-14,store,card,4189.37
576,1082,2024-09-08,online,applepay,163.34
577,847,2025-04-23,store,card,5505.81
578,748,2025-08-19,store,paypal,186.97
579,1417,2024-04-24,store,paypal,7653.22
580,18,2024-05-06,store,paypal,7415.76
581,1388,2024-05-08,online,giftcard,3613.27
582,1113,2025-03-31,online,paypal,56.75
583,1392,2025-05-24,store,card,357.14
584,1063,2024-01-24,store,paypal,519.24
585,618,2024-01-10,store,card,114.68
586,616,2025-08-21,store,applepay,185.26
587,1214,2023-11-22,online,paypal,1515.19
588,313,2024-08-03,online,applepay,234.6
589,1439,2024-11-27,online,paypal,75.1
590,434,2023-12-05,store,paypal,183.41
591,989,2025-09-18,online,paypal,7736.43
592,723,2024-04-18,store,giftcard,208.74
593,461,2024-03-11,online,card,192.19
594,241,2025-05-20,store,card,19.78
595,427,2024-02-27,online,giftcard,306.19
596,452,2024-10-30,online,giftcard,2187.72
597,577,2025-03-13,store,paypal,4878.34
598,761,2025-02-22,online,applepay,2334.55
599,309,2025-02-10,store,applepay,2640.68
600,1375,2025-07-11,online,applepay,866.04
601,1401,2023-12-05,online,paypal,2234.18
602,938,2024-11-18,online,card,107.04
603,505,2024-04-08,online,applepay,285.96
604,1425,2024-01-29,store,giftcard,59.83
605,1219,2024-11-06,online,card,212.29
606,856,2024-03-31,online,giftcard,60.79
607,383,2024-12-25,online,giftcard,1028.73
608,897,2024-09-18,store,giftcard,89.47
609,865,2024-07-19,store,card,110.37
610,201,2023-11-13,store,card,229.72
611,1204,2024-12-25,online,applepay,5457.9
612,195,2024-11-09,online,applepay,306.73
613,468,2025-09-18,store,giftcard,17.22
614,549,2024-03-04,online,card,149.24
615,936,2025-03-15,store,paypal,1910.12
616,1172,2024-10-09,online,card,35.0
617,944,2024-02-20,online,giftcard,132.31
618,9,2025-04-10,online,giftcard,42.31
619,316,2024-06-20,online,paypal,1017.72
620,809,2023-12-24,online,card,21382.13
621,455,2023-12-29,store,card,190.02
622,505,2023-11-10,store,giftcard,89.59
623,418,2023-11-22,online,applepay,1525.32
624,753,2025-03-29,store,paypal,6192.67
625,939,2024-09-21,online,paypal,55.61
626,524,2025-04-06,store,card,2081.06
627,522,2024-02-06,store,paypal,193.07
628,702,2025-01-22,store,applepay,214.32
629,352,2024-12-28,store,card,236.19
630,909,2023-12-01,store,card,43.17
631,119,2024-05-06,store,card,208.22
632,1204,2025-02-25,store,card,51.23
633,1178,2025-04-19,store,applepay,110.93
634,83,2024-02-19,online,paypal,1582.66
635,131,2024-12-17,online,applepay,2506.42
636,627,2025-05-20,online,card,3782.07
637,1485,2024-08-17,online,applepay,201.41
638,1186,2025-04-16,store,card,8.89
639,293,2023-12-10,online,applepay,66.05
640,1020,2024-12-11,store,paypal,251.73
641,1394,2025-07-12,online,paypal,6427.31
642,220,2024-11-24,store,applepay,3560.26
643,576,2023-11-23,online,card,36.98
644,230,2024-06-28,store,applepay,111.38
645,1223,2025-02-11,store,applepay,2427.28
646,493,2024-08-02,online,paypal,30.72
647,884,2025-07-09,store,giftcard,42.63
648,704,2024-08-02,store,giftcard,40.73
649,1249,2025-05-15,store,card,306.39
650,965,2025-02-27,online,card,5725.76
651,276,2024-03-21,store,applepay,64.45
652,116,2023-11-16,store,card,180.42
653,839,2024-12-28,online,giftcard,2272.26
654,596,2025-01-03,online,applepay,127.44
655,903,2024-02-16,online,paypal,174.83
656,1172,2025-01-29,store,paypal,114.15
657,886,2024-07-04,online,applepay,91.75
658,98,2025-07-16,store,applepay,194.59
659,1111,2024-05-26,store,applepay,107.82
660,123,2024-01-26,store,applepay,4550.25
661,323,2025-10-10,online,giftcard,2029.28
662,1179,2024-07-15,online,applepay,11780.2
663,1278,2025-10-06,store,giftcard,66.45
664,215,2025-06-27,store,applepay,3025.25
665,85,2024-07-26,store,paypal,38.97
666,42,2024-09-03,store,card,62.26
667,1214,2023-12-12,store,applepay,138.53
668,1210,2025-10-03,online,paypal,187.74
669,176,2024-09-15,online,giftcard,31.35
670,63,2025-08-27,store,card,2507.92
671,1033,2025-07-05,store,applepay,182.18
672,386,2024-11-29,online,giftcard,104.49
673,357,2025-04-13,online,applepay,4418.87
674,17,2025-02-20,online,card,151.28
675,90,2024-04-16,online,giftcard,63.29
676,328,2024-04-16,online,card,52.66
677,1229,2025-08-18,store,card,1651.46
678,433,2024-12-02,store,giftcard,77.64
679,1323,2024-03-07,online,card,754.6
680,467,2024-08-11,online,paypal,18.92
681,875,2024-11-16,online,applepay,27.61
682,1295,2024-04-27,store,giftcard,177.07
683,417,2024-02-10,store,giftcard,170.53
684,59,2025-09-16,online,applepay,91.97
685,1402,2025-02-18,online,applepay,108.22
686,665,2023-12-02,online,giftcard,18.84
687,1464,2025-02-23,store,giftcard,125.58
688,646,2025-03-31,online,card,1088.94
689,536,2025-02-07,online,paypal,93.75
690,1485,2025-02-22,store,paypal,1653.97
691,1403,2024-11-09,online,paypal,54.6
692,490,2023-12-12,store,applepay,43.96
693,1119,2025-05-26,store,applepay,147.57
694,1331,2024-11-18,store,applepay,62.49
695,841,2025-11-02,store,applepay,1310.42
696,137,2025-02-08,store,giftcard,1910.0
697,1494,2025-01-12,online,giftcard,197.86
698,873,2024-09-18,online,card,73.52
699,1386,2024-10-24,online,card,2054.02
700,371,2024-01-09,store,card,61.33
701,1198,2024-02-16,online,giftcard,1894.75
702,936,2025-06-01,online,applepay,245.44
703,699,2025-06-01,online,giftcard,96.87
704,68,2025-05-11,online,paypal,236.66
705,764,2025-04-22,online,giftcard,903.96
706,1015,2025-03-31,store,applepay,6448.69
707,927,2024-01-19,store,giftcard,49.91
708,391,2025-02-28,store,paypal,2310.45
709,708,2024-05-26,store,card,175.07
710,68,2025-09-09,online,applepay,106.43
711,141,2024-01-31,store,card,233.1
712,883,2024-02-14,online,applepay,53.36
713,356,2024-06-11,store,applepay,56.32
714,1497,2024-06-29,store,applepay,82.0
715,472,2024-07-23,store,card,140.51
716,276,2024-03-13,online,paypal,15.95
717,380,2024-07-20,store,paypal,81.43
718,209,2024-05-30,store,card,210.2
719,968,2023-11-18,store,paypal,145.67
720,798,2024-09-24,store,giftcard,821.5
721,784,2024-12-16,online,paypal,3957.22
722,1384,2024-03-17,online,applepay,825.65
723,1256,2024-08-21,online,applepay,4920.91
724,1007,2023-12-23,online,paypal,72.12
725,1294,2025-07-16,online,giftcard,277.86
726,151,2024-08-26,store,applepay,184.13
727,103,2025-01-23,store,card,246.63
728,1078,2024-05-17,store,paypal,2161.54
729,61,2024-09-04,store,card,313.4
730,874,2024-08-15,store,applepay,2052.64
731,1475,2025-05-15,store,paypal,106.32
732,367,2024-01-04,store,card,191.35
733,950,2024-08-02,store,giftcard,136.85
734,531,2025-11-01,online,applepay,71.69
735,1134,2025-08-21,online,card,593.08
736,346,2025-05-09,store,card,18.33
737,236,2025-01-27,store,paypal,90.16
738,217,2025-10-07,online,card,165.92
739,802,2024-02-21,store,applepay,845.51
740,761,2025-03-03,store,applepay,186.57
741,499,2024-01-26,store,giftcard,86.11
742,1202,2025-01-31,store,applepay,185.09
743,1248,2024-05-28,online,applepay,93.3
744,792,2024-04-20,online,applepay,544.04
745,492,2025-09-29,store,applepay,28.68
746,1241,2025-08-05,store,giftcard,33.4
747,89,2025-06-26,store,applepay,174.01
748,828,2024-08-30,store,applepay,74.15
749,337,2024-12-27,online,paypal,261.3
750,1068,2025-03-26,online,giftcard,230.49
751,70,2025-06-28,online,applepay,218.43
752,1465,2025-01-22,online,paypal,767.78
753,382,2025-08-08,online,giftcard,203.51
754,115,2024-10-22,online,card,797.22
755,1199,2025-10-08,online,card,2324.73
756,210,2024-10-02,store,applepay,360.72
757,365,2025-02-25,online,paypal,1486.05
758,1160,2025-06-02,store,paypal,63.7
759,71,2025-04-17,store,card,6291.88
760,129,2025-01-21,store,giftcard,446.88
761,957,2025-08-30,store,paypal,3974.31
762,175,2024-06-28,store,paypal,4574.4
763,1042,2025-07-25,store,paypal,125.73
764,427,2025-01-24,online,giftcard,257.59
765,865,2025-03-05,online,giftcard,35.46
766,115,2024-08-17,online,giftcard,269.52
767,1353,2025-04-27,online,paypal,258.88
768,972,2024-07-15,online,paypal,5001.46
769,1291,2024-05-12,store,applepay,53.67
770,1495,2024-03-19,online,applepay,64.35
771,709,2024-11-24,store,giftcard,36.45
772,203,2025-05-13,store,card,332.3
773,300,2024-12-03,store,giftcard,112.28
774,1368,2025-01-08,store,card,125.14
775,359,2025-10-23,online,paypal,40.16
776,1427,2025-06-28,store,applepay,788.81
777,9,2023-12-29,online,paypal,112.0
778,11,2024-08-02,store,paypal,93.12
779,838,2025-04-14,store,card,72.36
780,260,2024-11-05,store,giftcard,3426.65
781,972,2024-02-06,store,paypal,1080.67
782,687,2024-04-29,store,card,3020.75
783,585,2023-12-06,store,card,1804.26
784,1404,2025-03-30,store,paypal,156.71
785,1411,2024-10-05,store,giftcard,5059.46
786,148,2024-01-24,store,applepay,1887.57
787,1194,2023-11-12,store,giftcard,1615.92
788,599,2025-11-07,store,applepay,95.41
789,443,2023-12-13,store,giftcard,3383.34
790,836,2024-10-20,store,paypal,322.32
791,1080,2025-03-04,store,applepay,3174.36
792,347,2025-08-05,online,card,221.89
793,950,2023-12-17,store,paypal,111.86
794,29,2024-07-21,online,card,2732.91
795,197,2025-08-31,store,giftcard,2701.72
796,674,2024-05-11,online,applepay,49.07
797,1068,2025-11-04,online,paypal,104.31
798,420,2024-04-01,store,applepay,1969.0
799,735,2024-02-26,online,applepay,78.45
800,613,2024-09-13,online,applepay,119.88
801,471,2025-08-25,store,card,6265.15
802,590,2024-07-03,online,paypal,110.49
803,1181,2025-06-22,store,giftcard,1482.87
804,1363,2025-01-24,online,giftcard,82.82
805,352,2024-08-29,store,giftcard,1665.72
806,526,2024-03-09,online,paypal,76.8
807,715,2024-11-21,online,paypal,644.22
808,239,2025-06-21,store,paypal,130.16
809,624,2024-08-26,online,applepay,5910.17
810,782,2025-08-08,online,paypal,174.43
811,1475,2024-08-18,store,giftcard,62.03
812,489,2025-09-21,online,card,827.38
813,1416,2025-10-10,online,paypal,1913.63
814,477,2025-06-01,online,applepay,105.56
815,307,2024-11-04,store,card,130.31
816,157,2024-09-05,store,giftcard,3280.71
817,912,2024-02-11,online,giftcard,123.06
818,317,2024-04-27,online,applepay,183.09
819,80,2025-02-17,online,card,2684.55
820,1463,2024-06-02,online,paypal,1805.32
821,626,2025-04-04,store,applepay,2861.17
822,206,2024-08-14,online,giftcard,3252.7
823,864,2025-10-15,online,paypal,5110.5
824,1121,2024-03-21,online,paypal,118.23
825,161,2025-08-06,online,applepay,510.51
826,1316,2025-07-20,online,giftcard,226.93
827,1329,2025-02-25,online,card,234.09
828,1283,2025-05-09,online,applepay,2984.77
829,1047,2024-11-23,store,paypal,1098.67
830,907,2025-10-05,store,giftcard,6100.83
831,1333,2024-06-27,store,giftcard,184.18
832,1469,2025-06-04,online,card,144.81
833,124,2023-12-11,store,applepay,72.41
834,1077,2024-10-09,store,card,752.71
835,1276,2025-02-01,online,giftcard,4191.39
836,1264,2024-04-27,store,giftcard,1160.29
837,275,2024-10-24,store,applepay,30.47
838,962,2024-07-04,store,paypal,4911.03
839,143,2025-04-25,online,giftcard,1157.7
840,583,2025-09-09,store,applepay,715.61
841,1447,2025-03-14,store,paypal,223.56
842,875,2024-02-18,store,paypal,5128.15
843,480,2023-12-16,store,applepay,139.65
844,101,2024-07-10,store,paypal,94.36
845,1333,2024-10-24,store,card,20.0
846,887,2024-02-29,store,paypal,172.73
847,247,2025-08-03,online,giftcard,179.78
848,670,2024-10-29,online,card,67.91
849,1216,2025-07-19,online,applepay,2243.94
850,392,2024-06-23,store,card,52.37
851,1486,2024-09-14,online,giftcard,1838.17
852,833,2024-01-06,online,applepay,231.27
853,61,2024-10-23,store,paypal,112.51
854,822,2024-11-30,online,applepay,2508.25
855,595,2024-07-18,store,card,2879.93
856,810,2024-07-29,store,paypal,139.41
857,911,2024-01-11,store,giftcard,1055.2
858,394,2025-10-28,store,card,80.79
859,104,2025-03-19,online,card,14.98
860,1249,2024-12-08,online,giftcard,1076.01
861,403,2024-05-18,online,paypal,46.44
862,1259,2025-04-17,store,paypal,212.23
863,805,2024-11-06,store,card,4628.83
864,1043,2024-09-17,store,paypal,23.71
865,273,2025-10-28,store,paypal,269.94
866,883,2024-12-07,online,applepay,22.06
867,566,2024-12-02,store,paypal,4126.45
868,65,2024-07-11,store,applepay,12.82
869,969,2024-09-02,store,applepay,60.92
870,1119,2024-12-16,online,giftcard,63.08
871,799,2025-10-04,online,giftcard,2545.43
872,1500,2024-06-25,online,giftcard,817.97
873,1141,2025-03-23,online,applepay,18.74
874,159,2024-01-16,store,applepay,146.12
875,951,2024-03-13,store,paypal,44.86
876,795,2025-01-21,store,giftcard,4243.46
877,479,2025-06-02,online,applepay,257.62
878,672,2023-11-26,store,card,171.83
879,288,2025-05-30,online,applepay,2212.08
880,69,2025-06-16,online,paypal,90.38
881,1070,2024-06-24,online,paypal,173.83
882,227,2025-11-02,online,giftcard,481.81
883,579,2024-06-26,store,card,235.11
884,148,2024-08-10,online,paypal,789.08
885,1331,2024-12-26,store,card,149.4
886,685,2024-01-19,online,applepay,78.51
887,923,2025-04-09,online,card,769.06
888,118,2025-10-10,online,applepay,123.21
889,93,2025-03-13,online,paypal,157.21
890,1487,2023-11-30,online,applepay,60.66
891,1342,2025-01-13,store,applepay,136.34
892,43,2023-11-19,online,paypal,1703.57
893,630,2025-06-06,store,applepay,33.05
894,1308,2024-09-16,store,giftcard,216.77
895,412,2024-09-09,store,paypal,2284.91
896,1058,2025-06-09,online,giftcard,486.49
897,1023,2024-07-19,online,paypal,3429.15
898,1025,2025-07-10,online,card,1470.74
899,949,2024-02-02,store,giftcard,18.37
900,1211,2025-02-02,store,giftcard,62.55
901,1272,2024-12-07,online,paypal,238.23
902,169,2024-02-25,online,applepay,104.46
903,738,2025-03-12,store,card,2054.55
904,541,2024-11-12,online,card,813.72
905,180,2025-07-19,store,giftcard,150.76
906,818,2024-09-17,online,paypal,5624.04
907,875,2025-06-18,online,applepay,4502.27
908,122,2025-03-03,store,giftcard,3889.3
909,1157,2024-03-12,store,applepay,954.8
910,268,2024-03-07,online,paypal,4052.07
911,848,2023-11-25,store,applepay,5479.72
912,1327,2025-06-26,store,card,55.87
913,498,2024-05-06,online,card,2079.49
914,1026,2024-10-08,online,card,83.75
915,814,2025-07-19,online,paypal,51.86
916,1059,2025-09-01,online,paypal,218.36
917,299,2024-12-20,online,applepay,1001.62
918,665,2023-11-26,online,applepay,849.66
919,526,2025-04-28,store,paypal,4877.91
920,1384,2023-12-02,online,paypal,63.26
921,550,2025-10-08,store,paypal,2822.34
922,1028,2025-11-08,online,card,108.53
923,1092,2025-01-06,online,card,120.95
924,1224,2025-11-05,store,giftcard,66.06
925,580,2025-01-18,online,paypal,1602.98
926,864,2024-07-12,store,applepay,86.16
927,254,2023-12-04,online,paypal,65.52
928,9,2025-03-22,online,paypal,2531.74
929,161,2025-08-29,store,giftcard,78.62
930,54,2023-12-29,store,applepay,58.93
931,1373,2025-10-30,store,card,2474.52
932,415,2024-05-08,store,applepay,97.54
933,250,2024-05-02,online,giftcard,127.27
934,961,2025-02-01,online,applepay,45.61
935,129,2023-11-28,store,applepay,17.83
936,94,2025-03-02,online,paypal,2088.56
937,1019,2025-02-10,store,card,1625.12
938,1119,2025-08-28,store,applepay,85.45
939,579,2025-04-30,online,giftcard,326.82
940,477,2024-11-12,online,card,59.59
941,908,2023-12-02,store,paypal,21.63
942,1475,2025-11-03,store,card,4721.54
943,988,2024-10-20,online,giftcard,231.1
944,1149,2024-06-16,online,paypal,163.49
945,524,2024-07-04,store,paypal,22.45
946,1489,2024-01-26,store,giftcard,72.43
947,1034,2025-08-04,online,paypal,248.02
948,1045,2023-12-05,store,card,700.0
949,1138,2025-01-15,store,applepay,66.01
950,1176,2024-07-11,online,card,3434.65
951,145,2024-12-11,store,applepay,221.51
952,1382,2024-01-18,online,paypal,48.14
953,908,2025-05-12,store,paypal,64.07
954,851,2024-01-24,store,giftcard,37.01
955,529,2025-09-13,store,applepay,307.74
956,851,2025-04-20,online,giftcard,183.71
957,496,2025-10-25,online,card,3251.97
958,1460,2023-11-18,store,applepay,43.85
959,188,2023-11-19,store,paypal,9645.26
960,632,2024-10-12,online,card,29.9
961,1461,2025-07-20,online,card,3452.06
962,79,2024-11-25,online,giftcard,58.18
963,911,2024-02-18,store,paypal,38.75
964,87,2024-06-05,online,applepay,105.82
965,108,2023-11-14,store,giftcard,82.21
966,521,2025-07-15,store,paypal,169.01
967,931,2024-09-06,store,paypal,3366.65
968,234,2024-01-17,store,paypal,124.04
969,1005,2025-08-29,store,paypal,2658.77
970,24,2023-12-28,store,giftcard,73.69
971,1011,2025-05-15,store,giftcard,709.59
972,235,2023-11-26,online,giftcard,135.29
973,792,2025-07-23,online,card,290.98
974,903,2025-10-20,store,card,304.36
975,1389,2024-07-09,store,applepay,57.48
976,712,2025-02-26,online,paypal,986.35
977,758,2025-04-21,online,paypal,2890.08
978,1281,2025-05-18,online,card,35.43
979,1022,2024-11-14,store,card,108.68
980,299,2025-04-22,store,card,4787.54
981,125,2025-09-01,store,applepay,49.63
982,958,2024-05-05,store,card,1631.27
983,680,2025-05-08,online,applepay,37.86
984,1399,2024-03-12,store,paypal,76.59
985,186,2024-06-03,online,applepay,59.68
986,634,2024-10-04,store,card,25.18
987,1029,2025-03-18,store,giftcard,50.76
988,108,2024-02-25,online,paypal,3857.75
989,689,2024-11-13,online,applepay,654.44
990,867,2023-12-31,online,applepay,7061.81
991,936,2024-08-29,online,applepay,1438.27
992,1156,2025-08-20,online,card,290.08
993,1202,2024-03-05,online,applepay,143.75
994,1343,2025-03-11,online,paypal,294.05
995,954,2025-10-10,online,card,84.62
996,1427,2025-10-30,store,paypal,149.24
997,471,2025-01-04,online,paypal,77.32
998,1127,2024-09-09,store,paypal,255.35
999,1070,2025-06-20,online,giftcard,2047.2
1000,77,2025-06-30,online,paypal,266.63
1001,92,2025-01-21,online,card,160.7
1002,1265,2024-05-28,store,giftcard,57.86
1003,718,2024-09-09,online,applepay,1918.42
1004,497,2024-11-10,store,paypal,69.37
1005,256,2025-05-18,store,giftcard,46.09
1006,1275,2025-04-17,online,giftcard,127.0
1007,754,2024-01-03,online,paypal,2685.27
1008,1387,2025-05-10,online,giftcard,186.32
1009,767,2024-08-28,store,applepay,107.9
1010,306,2025-10-06,store,card,3249.17
1011,465,2025-01-03,store,paypal,87.8
1012,1046,2023-12-11,store,giftcard,3211.19
1013,1226,2024-02-15,store,giftcard,42.46
1014,990,2024-09-23,online,paypal,746.97
1015,920,2025-02-10,store,applepay,2590.39
1016,376,2023-12-09,online,paypal,86.46
1017,84,2024-01-26,store,applepay,65.19
1018,1336,2025-06-04,store,paypal,70.06
1019,512,2025-01-13,store,applepay,1720.37
1020,1325,2025-02-18,online,applepay,1957.68
1021,164,2025-05-23,store,applepay,183.15
1022,635,2025-09-10,store,card,3188.23
1023,568,2024-12-10,store,paypal,209.16
1024,479,2024-07-18,online,card,203.1
1025,326,2024-09-23,online,paypal,130.87
1026,746,2025-11-06,online,card,5426.19
1027,1265,2025-03-26,online,paypal,2312.92
1028,129,2025-04-03,online,card,31.67
1029,724,2025-08-15,online,giftcard,92.57
1030,1055,2024-08-26,online,applepay,121.65
1031,50,2024-08-15,store,applepay,57.6
1032,117,2024-12-09,online,applepay,5317.47
1033,179,2024-09-09,online,applepay,35.88
1034,730,2024-11-09,online,applepay,110.52
1035,1235,2025-05-06,store,applepay,3247.84
1036,422,2024-07-18,online,paypal,160.85
1037,635,2023-12-01,store,applepay,3791.71
1038,1181,2024-06-21,store,card,1764.95
1039,327,2024-11-24,online,card,18.57
1040,392,2024-11-04,store,giftcard,244.49
1041,68,2024-01-15,online,card,156.59
1042,797,2025-05-02,store,paypal,631.33
1043,1221,2024-05-03,store,paypal,66.25
1044,1074,2024-06-29,online,applepay,186.42
1045,213,2024-10-08,online,applepay,183.0
1046,800,2024-10-11,store,giftcard,752.22
1047,1241,2024-02-24,store,paypal,199.39
1048,1092,2024-09-06,store,giftcard,199.43
1049,891,2024-03-19,online,paypal,51.18
1050,978,2025-02-07,store,applepay,63.7
1051,118,2024-12-24,online,giftcard,1647.47
1052,340,2024-10-18,online,applepay,479.47
1053,53,2024-01-05,store,paypal,63.17
1054,1164,2025-02-27,online,paypal,125.22
1055,63,2024-09-04,online,paypal,82.15
1056,891,2024-04-19,store,giftcard,2329.95
1057,234,2024-05-10,online,card,269.7
1058,154,2025-09-02,online,giftcard,1864.96
1059,377,2025-07-06,online,applepay,328.09
1060,1067,2024-05-17,store,applepay,195.78
1061,172,2024-11-22,online,applepay,62.92
1062,1025,2023-12-28,online,card,82.81
1063,770,2024-03-24,store,giftcard,2320.95
1064,840,2024-02-14,online,applepay,168.25
1065,1210,2025-03-08,store,paypal,121.09
1066,882,2025-01-18,store,giftcard,2702.83
1067,686,2025-08-24,online,applepay,5425.72
1068,121,2024-02-20,online,giftcard,760.44
1069,790,2025-11-01,store,applepay,10675.51
1070,784,2025-08-20,store,applepay,3885.57
1071,831,2025-04-07,store,paypal,78.06
1072,646,2025-08-21,store,giftcard,2263.38
1073,1351,2024-09-11,store,card,58.03
1074,1182,2025-09-01,store,card,82.42
1075,1090,2024-01-19,online,paypal,290.47
1076,1115,2024-09-21,store,card,1996.25
1077,183,2025-04-01,online,giftcard,4.56
1078,466,2025-08-13,store,card,204.27
1079,26,2025-04-25,online,card,43.08
1080,859,2023-11-23,store,card,2274.47
1081,35,2024-09-28,online,card,237.87
1082,1472,2025-03-30,online,applepay,1724.46
1083,1279,2024-05-15,store,card,2640.56
1084,801,2024-02-26,online,card,1900.89
1085,823,2025-10-11,store,giftcard,125.07
1086,1062,2025-01-24,online,card,29.76
1087,521,2025-06-19,online,giftcard,312.12
1088,1118,2024-10-04,online,giftcard,166.87
1089,1189,2024-10-21,store,card,89.17
1090,567,2024-06-19,store,card,85.61
1091,85,2025-05-09,online,paypal,76.42
1092,183,2024-03-13,store,giftcard,155.77
1093,207,2025-09-24,online,paypal,139.47
1094,123,2024-06-30,online,giftcard,142.58
1095,616,2023-12-24,online,paypal,165.26
1096,884,2025-01-02,online,applepay,758.75
1097,564,2024-11-01,store,giftcard,69.16
1098,467,2025-05-17,store,card,107.57
1099,1000,2025-09-10,online,paypal,1829.51
1100,1088,2025-07-18,online,applepay,88.64
1101,1184,2025-09-02,online,paypal,95.61
1102,900,2025-05-15,store,giftcard,3360.0
1103,802,2024-11-14,online,paypal,2687.55
1104,721,2024-11-01,online,applepay,81.53
1105,883,2024-10-12,store,giftcard,63.46
1106,154,2024-09-23,online,applepay,54.71
1107,1359,2025-03-01,store,applepay,5930.94
1108,1088,2024-04-08,store,applepay,138.35
1109,247,2024-07-27,store,giftcard,211.61
1110,23,2023-12-29,online,giftcard,1449.97
1111,1251,2025-05-30,online,applepay,65.18
1112,528,2024-09-19,store,giftcard,2251.41
1113,620,2023-11-17,store,giftcard,50.67
1114,769,2025-03-26,online,giftcard,255.4
1115,596,2025-09-13,store,card,113.44
1116,198,2025-06-28,store,card,711.1
1117,1004,2024-03-04,store,paypal,126.77
1118,532,2025-10-21,store,card,56.37
1119,243,2024-03-14,online,giftcard,1482.22
1120,1199,2024-07-13,online,card,2976.03
1121,163,2025-04-19,online,giftcard,2967.77
1122,161,2024-04-12,store,paypal,141.66
1123,1238,2025-01-29,online,paypal,43.7
1124,1082,2024-08-28,store,giftcard,136.71
1125,1254,2024-12-22,store,card,4199.18
1126,144,2025-11-07,store,applepay,269.55
1127,996,2024-10-21,online,card,146.33
1128,483,2024-03-31,online,card,113.42
1129,1449,2024-07-15,online,paypal,151.14
1130,355,2025-05-23,online,paypal,99.82
1131,1306,2025-09-15,store,giftcard,121.16
1132,481,2024-10-03,online,paypal,28.04
1133,1353,2024-05-06,online,applepay,560.61
1134,761,2024-06-08,online,card,11661.41
1135,726,2024-01-31,online,card,67.71
1136,1140,2024-04-22,online,paypal,2451.28
1137,1048,2024-07-20,store,paypal,743.88
1138,341,2023-11-28,store,giftcard,70.73
1139,689,2024-02-19,online,giftcard,65.87
1140,722,2024-08-08,online,card,24.51
1141,767,2024-11-01,online,applepay,38.3
1142,573,2025-07-11,online,giftcard,19.71
1143,1436,2025-06-09,store,card,31.91
1144,1193,2024-02-24,online,paypal,87.61
1145,1118,2025-10-29,online,card,88.71
1146,213,2025-06-12,store,paypal,1691.69
1147,753,2024-11-26,online,applepay,179.57
1148,373,2025-09-23,store,paypal,51.0
1149,485,2024-09-17,store,applepay,270.93
1150,408,2025-01-08,store,paypal,139.91
1151,286,2025-06-24,store,giftcard,41.62
1152,492,2025-04-29,online,applepay,86.8
1153,1459,2025-03-03,online,paypal,41.5
1154,1489,2024-08-20,store,paypal,1790.79
1155,572,2023-11-26,online,paypal,199.37
1156,243,2024-04-12,store,giftcard,681.54
1157,1288,2025-05-27,online,card,426.42
1158,15,2024-04-30,online,paypal,118.41
1159,1217,2025-06-01,store,giftcard,190.09
1160,843,2025-08-21,online,card,1698.23
1161,894,2025-08-03,online,giftcard,1995.06
1162,797,2024-05-21,online,paypal,878.12
1163,823,2024-10-02,online,applepay,11806.75
1164,161,2024-01-10,online,card,3724.65
1165,322,2024-09-03,online,applepay,5357.85
1166,193,2023-11-23,store,applepay,163.48
1167,351,2024-06-27,online,giftcard,96.84
1168,1398,2025-04-26,online,card,129.99
1169,251,2024-07-29,store,applepay,3137.3
1170,125,2025-07-30,store,giftcard,210.88
1171,1423,2025-10-06,store,paypal,48.88
1172,1305,2024-01-16,store,giftcard,178.36
1173,478,2025-04-29,online,card,218.27
1174,588,2025-09-09,store,card,119.35
1175,1139,2024-06-30,online,applepay,1875.37
1176,1150,2025-11-01,store,applepay,2658.53
1177,199,2025-03-26,online,giftcard,93.36
1178,1051,2024-07-03,online,paypal,95.35
1179,1454,2024-11-17,online,applepay,16.35
1180,795,2025-06-15,online,applepay,104.31
1181,704,2025-04-09,store,paypal,941.45
1182,1385,2024-02-02,store,paypal,91.67
1183,1202,2023-11-15,online,paypal,4495.04
1184,627,2024-09-21,online,applepay,2084.77
1185,897,2025-02-27,store,applepay,69.36
1186,869,2025-07-09,online,paypal,64.46
1187,911,2024-09-19,store,giftcard,4903.47
1188,568,2025-05-06,store,paypal,75.05
1189,799,2024-07-02,store,card,235.51
1190,270,2024-01-20,store,card,28.59
1191,1238,2024-05-10,store,applepay,99.12
1192,868,2025-03-31,store,giftcard,59.38
1193,936,2024-08-23,online,applepay,111.7
1194,285,2024-11-26,store,applepay,1515.94
1195,1286,2024-10-23,online,giftcard,562.28
1196,1080,2025-03-23,store,paypal,216.03
1197,310,2024-05-13,online,card,107.88
1198,724,2023-11-22,store,paypal,35.35
1199,314,2024-03-09,online,paypal,236.82
1200,466,2025-06-18,store,giftcard,5410.13
1201,84,2024-08-16,store,card,5.0
1202,109,2024-10-24,online,card,294.91
1203,276,2024-10-14,store,applepay,2386.11
1204,334,2024-02-29,online,giftcard,2392.85
1205,1204,2024-11-04,store,applepay,123.75
1206,1020,2024-11-14,store,applepay,10000.0
1207,1248,2024-01-07,store,paypal,126.33
1208,1362,2025-07-01,online,card,21.1
1209,950,2025-08-20,online,card,2802.24
1210,1268,2025-06-08,store,applepay,103.77
1211,194,2023-11-17,online,paypal,3616.4
1212,670,2025-03-03,online,applepay,35.76
1213,482,2024-03-10,online,card,5194.65
1214,1012,2024-01-04,online,giftcard,68.88
1215,630,2025-04-13,store,paypal,1140.92
1216,1355,2025-08-08,store,applepay,264.48
1217,788,2023-11-21,store,paypal,120.48
1218,821,2025-01-27,store,card,1164.14
1219,689,2025-08-27,online,giftcard,1709.53
1220,949,2024-12-04,online,card,2775.44
1221,986,2025-02-14,store,paypal,160.05
1222,550,2025-08-10,online,card,124.47
1223,658,2024-08-24,online,giftcard,10.8
1224,515,2025-07-26,online,applepay,1632.61
1225,956,2024-01-21,store,card,556.65
1226,118,2024-03-22,store,card,145.24
1227,1495,2024-01-18,online,card,80.49
1228,941,2025-05-18,online,paypal,2233.19
1229,895,2025-01-16,store,giftcard,265.45
1230,528,2025-07-17,store,applepay,81.68
1231,448,2025-01-03,online,card,12155.51
1232,854,2025-02-09,store,applepay,25.54
1233,1050,2024-04-09,online,paypal,80.23
1234,1327,2025-05-06,store,applepay,4187.25
1235,447,2024-09-03,store,card,59.48
1236,1031,2024-03-14,store,giftcard,2584.7
1237,989,2024-05-21,store,paypal,169.62
1238,822,2023-11-27,online,paypal,138.57
1239,870,2025-08-17,online,paypal,1297.45
1240,924,2024-06-09,store,giftcard,66.92
1241,1303,2024-09-09,online,applepay,38.5
1242,1204,2024-10-17,store,applepay,98.17
1243,739,2024-07-16,store,paypal,221.87
1244,1213,2025-03-22,store,giftcard,1004.66
1245,149,2025-04-12,online,paypal,36.34
1246,222,2025-09-05,online,giftcard,58.75
1247,111,2024-03-08,online,applepay,37.22
1248,766,2024-03-21,store,card,57.96
1249,907,2025-08-01,store,applepay,215.71
1250,1157,2023-11-19,store,paypal,152.7
1251,954,2024-10-09,store,applepay,882.79
1252,1299,2024-11-20,store,paypal,2130.33
1253,174,2024-01-08,online,paypal,124.25
1254,957,2024-04-04,online,giftcard,1467.43
1255,827,2025-03-11,online,giftcard,167.51
1256,909,2023-12-11,online,paypal,148.59
1257,880,2025-05-13,store,card,1901.87
1258,1456,2025-05-13,online,paypal,82.7
1259,401,2024-12-14,store,card,83.84
1260,454,2024-06-02,online,paypal,151.49
1261,309,2024-04-14,store,applepay,74.82
1262,994,2024-06-05,store,paypal,28.56
1263,277,2023-12-14,store,card,204.4
1264,420,2025-05-13,online,giftcard,194.09
1265,593,2023-11-26,online,card,78.56
1266,1443,2025-02-21,online,paypal,120.2
1267,474,2024-05-21,online,paypal,2186.26
1268,1463,2024-05-08,store,applepay,101.93
1269,1172,2025-01-03,online,card,1404.71
1270,352,2024-01-25,online,giftcard,137.06
1271,820,2025-03-14,store,applepay,235.13
1272,1142,2025-02-20,online,card,68.83
1273,628,2024-07-24,online,giftcard,57.65
1274,303,2024-09-10,store,giftcard,2538.59
1275,624,2024-09-03,online,giftcard,832.79
1276,1192,2025-01-21,store,giftcard,201.33
1277,120,2025-06-12,online,paypal,87.65
1278,481,2024-08-23,store,card,86.36
1279,651,2025-09-12,online,giftcard,238.65
1280,1137,2024-12-30,online,paypal,129.68
1281,948,2024-01-29,store,applepay,3404.7
1282,552,2024-05-22,online,paypal,55.1
1283,608,2025-02-06,store,applepay,10.0
1284,964,2024-08-01,online,card,105.61
1285,1496,2025-06-22,online,card,75.83
1286,1035,2024-07-02,online,card,2627.99
1287,140,2023-11-26,online,card,35.45
1288,399,2023-11-30,online,card,2791.48
1289,748,2023-11-23,store,giftcard,1608.06
1290,790,2025-02-28,store,paypal,205.67
1291,195,2025-10-11,store,card,4019.82
1292,296,2025-03-14,online,card,85.63
1293,13,2023-12-19,online,card,1786.03
1294,518,2025-06-30,online,giftcard,131.22
1295,320,2024-03-31,store,card,157.7
1296,1219,2024-03-19,store,paypal,1224.53
1297,255,2025-06-24,online,applepay,66.3
1298,811,2024-05-06,store,applepay,187.26
1299,987,2025-01-10,store,paypal,129.38
1300,422,2025-01-02,online,giftcard,215.2
1301,467,2025-04-14,online,card,104.7
1302,689,2025-08-19,online,giftcard,97.34
1303,1270,2025-10-26,online,card,195.07
1304,1276,2025-08-28,store,card,549.57
1305,512,2024-07-03,store,paypal,1011.36
1306,149,2023-11-30,online,applepay,27.17
1307,450,2025-04-02,store,card,3832.35
1308,142,2024-11-03,store,applepay,155.58
1309,18,2024-11-07,online,applepay,139.78
1310,1246,2025-06-14,store,card,9479.97
1311,1162,2024-12-10,store,card,112.52
1312,736,2024-03-18,online,paypal,25.94
1313,486,2024-05-05,store,paypal,183.47
1314,133,2025-01-15,store,applepay,29.43
1315,1212,2024-08-17,store,card,87.15
1316,460,2025-02-01,online,applepay,121.73
1317,247,2023-12-16,online,applepay,139.63
1318,1496,2025-07-11,store,card,138.61
1319,1269,2025-02-19,online,paypal,79.4
1320,148,2024-04-05,online,giftcard,57.14
1321,1455,2024-06-23,online,applepay,62.34
1322,1398,2025-06-26,online,applepay,78.65
1323,770,2025-07-18,online,applepay,26.24
1324,197,2025-05-05,online,paypal,79.97
1325,1475,2024-12-29,online,card,2347.07
1326,1006,2025-07-23,online,applepay,100.58
1327,405,2023-12-06,store,applepay,218.15
1328,173,2025-07-07,online,card,77.58
1329,397,2025-01-07,online,giftcard,173.24
1330,1407,2025-10-06,store,paypal,188.98
1331,562,2024-10-18,online,card,76.69
1332,1292,2024-08-06,online,giftcard,201.55
1333,327,2024-07-23,store,applepay,1723.24
1334,647,2025-01-24,store,applepay,102.56
1335,675,2025-02-19,store,paypal,3556.28
1336,237,2024-11-07,store,giftcard,58.06
1337,1222,2025-04-05,store,paypal,1628.41
1338,1016,2025-01-10,online,paypal,526.15
1339,354,2025-06-17,store,applepay,46.46
1340,1045,2024-10-03,online,card,4094.79
1341,571,2024-10-20,online,card,88.5
1342,327,2024-05-01,store,applepay,183.91
1343,1425,2024-07-12,store,paypal,2849.96
1344,1425,2024-06-10,store,paypal,141.88
1345,667,2024-09-13,online,giftcard,142.22
1346,495,2025-09-13,online,card,221.12
1347,36,2025-10-10,online,paypal,163.91
1348,1143,2025-03-27,online,applepay,1516.65
1349,258,2024-01-09,online,paypal,68.11
1350,632,2025-05-01,online,applepay,231.2
1351,436,2025-03-05,store,paypal,23.51
1352,146,2025-03-31,store,paypal,2140.49
1353,170,2024-10-17,online,card,94.43
1354,572,2024-08-28,online,applepay,4176.45
1355,449,2025-07-28,store,giftcard,24.83
1356,140,2025-08-18,online,applepay,28.22
1357,818,2023-12-02,online,card,77.5
1358,492,2023-12-30,store,applepay,220.93
1359,516,2025-05-21,store,applepay,2408.57
1360,286,2024-03-13,online,giftcard,52.52
1361,1483,2025-09-12,store,giftcard,9.49
1362,603,2024-12-07,online,applepay,65.69
1363,30,2024-03-08,online,card,73.23
1364,108,2024-08-25,online,paypal,3221.94
1365,915,2025-08-07,online,paypal,69.3
1366,1482,2024-07-09,store,applepay,15.54
1367,343,2025-01-19,store,applepay,79.45
1368,1323,2024-06-30,store,giftcard,179.05
1369,678,2024-03-27,store,card,266.41
1370,1024,2024-09-24,store,applepay,66.39
1371,1420,2025-02-20,store,applepay,1112.38
1372,612,2025-09-20,store,applepay,46.08
1373,1370,2024-01-12,store,card,67.34
1374,236,2025-08-17,store,applepay,11564.79
1375,1066,2025-05-12,store,applepay,116.43
1376,751,2024-03-09,online,applepay,191.02
1377,548,2025-01-01,store,card,374.05
1378,580,2023-12-22,store,applepay,130.26
1379,1103,2024-09-14,store,paypal,2051.99
1380,357,2023-12-10,store,card,2651.65
1381,1423,2024-02-20,online,card,47.06
1382,1342,2024-11-03,store,paypal,203.69
1383,139,2024-01-26,online,card,115.64
1384,1426,2025-03-29,online,card,2782.52
1385,913,2025-07-07,store,card,1806.63
1386,947,2024-01-31,store,applepay,644.67
1387,1364,2025-05-08,store,paypal,33.99
1388,942,2025-07-24,online,card,224.03
1389,1107,2023-12-29,online,card,69.95
1390,1045,2024-04-28,online,giftcard,84.91
1391,428,2024-03-27,online,applepay,23.53
1392,1052,2025-06-25,online,giftcard,199.65
1393,1172,2025-08-18,store,applepay,253.67
1394,498,2024-07-23,online,applepay,255.01
1395,1438,2025-06-29,online,giftcard,54.26
1396,1482,2025-06-19,store,giftcard,2517.57
1397,1035,2024-07-20,store,card,102.04
1398,1131,2025-08-03,store,paypal,122.69
1399,65,2025-10-09,store,applepay,118.66
1400,884,2025-07-13,store,giftcard,4311.47
1401,610,2025-03-03,online,card,29.9
1402,989,2025-07-10,store,card,290.6
1403,589,2025-08-06,store,paypal,157.9
1404,533,2025-01-10,online,paypal,61.47
1405,379,2024-07-30,online,giftcard,167.96
1406,669,2025-07-27,store,applepay,73.38
1407,457,2025-04-25,online,giftcard,246.15
1408,458,2024-07-12,online,giftcard,2897.66
1409,321,2025-04-12,online,card,647.43
1410,768,2025-08-03,online,giftcard,28.28
1411,1190,2024-07-28,store,giftcard,181.21
1412,699,2025-03-28,online,card,1122.73
1413,1099,2024-01-25,online,card,13.03
1414,633,2025-07-07,store,giftcard,139.75
1415,1203,2023-11-15,online,giftcard,1081.4
1416,630,2025-11-06,store,giftcard,90.86
1417,990,2024-09-14,online,applepay,69.81
1418,1194,2024-12-13,store,paypal,122.15
1419,712,2025-11-07,online,card,210.16
1420,76,2024-02-20,online,giftcard,309.1
1421,1294,2024-01-31,online,applepay,209.49
1422,419,2024-01-18,store,giftcard,28.39
1423,331,2023-12-10,store,giftcard,1632.62
1424,235,2025-05-06,store,giftcard,763.68
1425,918,2024-04-15,store,paypal,67.61
1426,378,2024-12-25,online,card,4687.68
1427,1031,2025-11-07,online,card,951.53
1428,1365,2024-08-14,online,card,94.43
1429,1235,2025-04-25,online,giftcard,78.25
1430,677,2025-04-22,store,card,74.47
1431,774,2025-07-04,online,applepay,1833.36
1432,1085,2025-05-28,online,card,7240.07
1433,853,2024-02-24,online,giftcard,198.06
1434,453,2024-09-12,online,card,148.17
1435,916,2024-03-25,online,paypal,121.51
1436,1131,2024-11-26,online,paypal,41.56
1437,170,2025-06-25,store,paypal,115.14
1438,219,2024-12-10,store,giftcard,23.8
1439,61,2024-09-13,store,paypal,94.45
1440,567,2025-05-10,online,paypal,3896.08
1441,42,2024-02-06,store,card,3359.25
1442,1404,2023-12-28,online,card,669.98
1443,696,2024-12-12,store,card,2858.48
1444,426,2025-07-14,online,giftcard,144.45
1445,628,2024-11-22,store,paypal,192.49
1446,519,2024-05-14,store,giftcard,1243.81
1447,1169,2024-07-16,store,paypal,166.35
1448,1262,2024-01-19,store,paypal,11061.54
1449,1424,2025-06-17,store,paypal,117.57
1450,355,2024-08-25,online,applepay,5576.53
1451,501,2024-04-23,store,giftcard,2549.52
1452,488,2025-09-25,store,card,188.38
1453,270,2025-03-15,online,card,12.53
1454,1357,2025-07-17,store,applepay,137.83
1455,194,2025-03-14,store,giftcard,3142.1
1456,889,2025-07-30,store,applepay,10526.05
1457,570,2025-08-13,store,giftcard,2648.75
1458,931,2024-07-30,online,giftcard,165.98
1459,1233,2025-09-12,online,applepay,3244.96
1460,1324,2025-10-07,online,giftcard,3223.9
1461,216,2024-10-10,store,paypal,238.5
1462,1328,2024-02-04,store,paypal,9720.09
1463,1129,2025-09-14,store,card,170.28
1464,431,2025-08-26,store,applepay,7865.74
1465,700,2023-12-10,online,applepay,216.18
1466,372,2024-11-08,store,paypal,5019.11
1467,1192,2025-06-22,online,giftcard,94.46
1468,1125,2024-12-02,online,card,1476.79
1469,1445,2023-12-22,online,card,50.67
1470,1285,2024-01-29,store,paypal,34.99
1471,607,2025-05-21,online,paypal,3199.27
1472,1170,2024-02-19,online,paypal,105.67
1473,631,2025-10-18,online,paypal,164.55
1474,1097,2024-10-26,online,paypal,85.24
1475,378,2025-01-24,store,applepay,2688.39
1476,223,2023-11-20,online,paypal,167.4
1477,1141,2023-11-23,online,applepay,58.16
1478,1421,2024-05-10,online,card,140.42
1479,381,2024-06-30,store,applepay,1360.9
1480,1136,2024-07-15,online,paypal,166.46
1481,627,2024-12-12,online,paypal,4734.96
1482,955,2025-02-20,online,applepay,121.38
1483,1384,2024-11-14,online,giftcard,2234.79
1484,1388,2025-07-26,store,card,109.11
1485,1034,2024-12-16,store,applepay,131.95
1486,105,2024-11-20,online,paypal,151.64
1487,1163,2024-07-26,store,giftcard,3713.16
1488,863,2025-07-22,store,paypal,68.13
1489,548,2025-06-19,online,card,212.98
1490,1045,2025-08-26,online,paypal,83.36
1491,390,2024-04-06,online,applepay,1228.02
1492,540,2024-09-07,online,card,2458.99
1493,618,2025-01-09,online,applepay,62.7
1494,692,2024-12-01,online,giftcard,2499.65
1495,548,2024-05-19,store,paypal,240.14
1496,160,2025-01-21,online,giftcard,17.87
1497,1442,2024-01-19,store,card,177.22
1498,997,2024-01-21,store,applepay,1441.41
1499,552,2025-02-25,online,applepay,75.67
1500,237,2024-09-15,online,applepay,3893.97
1501,176,2023-11-14,store,paypal,105.38
1502,799,2025-10-13,store,paypal,2285.87
1503,341,2023-12-07,online,paypal,31.98
1504,1411,2023-12-22,store,paypal,31.73
1505,204,2024-12-25,store,giftcard,23.86
1506,786,2024-10-08,store,giftcard,196.54
1507,1282,2024-03-27,online,paypal,4061.2
1508,11,2025-04-20,store,giftcard,4041.35
1509,918,2024-10-10,store,card,98.03
1510,550,2025-09-19,store,paypal,52.61
1511,900,2025-05-08,store,giftcard,48.94
1512,1149,2023-11-23,online,paypal,56.07
1513,188,2023-12-30,online,card,109.14
1514,1197,2024-01-10,online,card,597.54
1515,1402,2024-04-08,online,giftcard,102.6
1516,233,2025-11-02,store,giftcard,135.62
1517,1107,2024-03-18,store,paypal,30.0
1518,1086,2023-12-21,online,giftcard,44.31
1519,644,2025-09-01,online,card,649.16
1520,1455,2024-01-02,store,applepay,3346.65
1521,1163,2025-08-11,store,applepay,42.88
1522,80,2025-10-22,store,paypal,186.69
1523,160,2024-10-16,online,applepay,272.64
1524,1260,2024-03-01,online,paypal,141.65
1525,1292,2025-06-27,online,applepay,99.58
1526,1393,2025-06-21,store,card,2409.6
1527,367,2024-02-29,store,applepay,77.33
1528,1391,2025-01-19,store,giftcard,172.54
1529,980,2024-09-08,online,card,2066.18
1530,758,2024-11-07,store,applepay,84.91
1531,1396,2025-08-24,online,paypal,79.83
1532,1115,2025-01-14,online,applepay,145.19
1533,513,2024-04-07,online,giftcard,577.95
1534,96,2025-07-25,store,applepay,225.39
1535,1045,2025-03-19,store,giftcard,47.54
1536,881,2024-04-23,online,applepay,78.93
1537,714,2025-01-09,store,applepay,180.6
1538,1070,2025-03-22,online,paypal,322.65
1539,1157,2025-08-16,store,card,67.78
1540,63,2024-02-09,store,card,140.06
1541,469,2025-01-26,online,giftcard,4424.88
1542,1271,2025-01-15,store,card,1221.49
1543,225,2024-01-02,online,paypal,40.07
1544,1010,2025-01-27,online,card,82.29
1545,1389,2025-06-30,online,paypal,40.29
1546,468,2024-10-04,online,giftcard,1231.54
1547,638,2024-11-27,store,card,51.03
1548,1177,2024-05-09,store,giftcard,8.55
1549,697,2025-04-01,store,applepay,162.12
1550,1314,2025-08-13,store,applepay,118.05
1551,555,2024-04-30,store,paypal,33.05
1552,857,2024-10-22,online,card,91.09
1553,673,2024-11-19,online,card,202.42
1554,173,2025-01-12,online,applepay,75.27
1555,713,2024-10-16,online,giftcard,175.04
1556,626,2024-01-09,online,giftcard,47.05
1557,681,2023-11-16,online,paypal,58.95
1558,490,2025-08-07,store,card,1734.53
1559,638,2024-08-10,online,giftcard,5549.04
1560,1413,2023-11-12,store,applepay,126.65
1561,1456,2025-08-26,store,giftcard,162.13
1562,1470,2024-10-17,online,giftcard,1533.02
1563,1096,2023-11-21,online,card,68.15
1564,527,2025-05-31,store,paypal,113.18
1565,637,2024-04-18,online,applepay,218.37
1566,553,2024-12-03,store,card,2424.23
1567,1494,2025-09-16,online,card,150.34
1568,822,2023-11-22,store,paypal,10.49
1569,697,2024-04-28,online,giftcard,613.65
1570,1173,2024-01-03,online,card,107.93
1571,52,2024-03-09,online,paypal,70.2
1572,1237,2024-06-23,online,paypal,1025.37
1573,1143,2024-07-02,store,paypal,2065.56
1574,800,2024-02-27,online,card,56.99
1575,885,2024-10-07,online,paypal,1500.76
1576,55,2024-03-30,online,giftcard,1447.97
1577,190,2024-06-17,store,applepay,1975.92
1578,1404,2023-11-10,online,card,62.54
1579,1211,2025-09-27,store,card,183.6
1580,644,2025-11-02,store,applepay,191.89
1581,88,2025-03-26,store,paypal,207.9
1582,216,2025-01-11,online,giftcard,94.1
1583,321,2025-04-13,online,applepay,84.33
1584,958,2025-07-17,online,applepay,176.72
1585,572,2024-07-21,store,giftcard,152.82
1586,602,2025-07-04,store,card,198.75
1587,1492,2025-01-23,store,paypal,70.33
1588,1321,2024-06-05,online,applepay,366.42
1589,470,2023-12-26,online,applepay,3131.24
1590,639,2025-09-13,online,paypal,235.99
1591,880,2024-04-04,online,applepay,772.1
1592,857,2025-09-12,online,paypal,160.01
1593,1385,2023-11-23,store,paypal,96.97
1594,792,2024-01-19,store,giftcard,61.58
1595,662,2024-05-03,store,card,133.87
1596,1472,2025-09-06,store,applepay,171.19
1597,162,2024-12-14,online,paypal,62.7
1598,814,2024-08-24,online,paypal,149.31
1599,468,2024-11-23,online,paypal,1257.07
1600,415,2025-01-20,store,giftcard,4453.05
1601,659,2024-09-23,online,giftcard,401.96
1602,909,2025-09-18,online,card,13.53
1603,68,2024-02-24,online,applepay,1075.71
1604,1341,2025-04-30,store,giftcard,118.61
1605,338,2024-07-31,store,card,180.11
1606,146,2023-12-22,online,giftcard,20.0
1607,251,2024-08-18,store,applepay,35.92
1608,1083,2025-03-26,online,applepay,126.7
1609,1015,2025-10-05,online,paypal,174.27
1610,936,2024-05-06,online,applepay,137.93
1611,1095,2024-02-16,store,paypal,74.51
1612,1368,2024-02-11,store,paypal,202.07
1613,364,2025-03-13,store,card,133.08
1614,1287,2024-06-02,online,giftcard,2220.95
1615,603,2025-03-26,store,giftcard,144.66
1616,190,2024-10-12,online,card,2453.34
1617,423,2025-07-14,online,card,225.51
1618,289,2024-10-27,store,giftcard,164.51
1619,1376,2024-07-23,store,giftcard,212.79
1620,1380,2025-02-05,online,paypal,820.28
1621,52,2024-08-02,online,paypal,67.63
1622,720,2024-08-06,store,card,49.56
1623,459,2023-12-09,store,card,577.69
1624,1247,2024-01-26,store,card,138.43
1625,976,2024-10-30,online,card,136.04
1626,402,2024-04-23,online,giftcard,144.87
1627,210,2024-12-10,online,card,3382.51
1628,998,2024-11-27,online,applepay,91.17
1629,505,2025-08-27,online,card,105.27
1630,1165,2025-07-22,store,card,164.3
1631,607,2024-02-23,store,paypal,2912.5
1632,175,2024-08-12,store,applepay,58.04
1633,1244,2025-05-05,store,giftcard,201.48
1634,564,2024-08-08,store,card,1853.91
1635,407,2025-04-02,store,applepay,253.69
1636,516,2024-10-27,store,card,45.39
1637,1152,2024-09-09,store,giftcard,2245.84
1638,1465,2025-02-20,online,applepay,107.27
1639,1143,2025-08-25,online,applepay,3287.74
1640,643,2024-01-20,store,paypal,158.14
1641,799,2025-09-26,online,paypal,1917.97
1642,1185,2025-03-26,store,paypal,130.33
1643,811,2025-03-01,online,applepay,2153.54
1644,24,2025-08-22,online,applepay,5894.57
1645,743,2024-11-19,store,applepay,157.47
1646,1041,2025-03-28,online,applepay,149.84
1647,1296,2024-10-28,store,giftcard,566.07
1648,1276,2024-12-28,online,card,3319.0
1649,128,2024-03-20,store,card,160.59
1650,153,2024-12-18,online,card,46.93
1651,1399,2023-11-09,store,paypal,184.34
1652,1345,2024-09-21,store,paypal,2553.08
1653,1054,2025-06-18,online,paypal,78.42
1654,1482,2025-06-12,online,paypal,72.21
1655,223,2025-09-29,online,card,80.3
1656,1057,2025-07-04,store,card,136.02
1657,524,2025-06-25,online,card,135.41
1658,1458,2024-12-11,online,applepay,583.91
1659,1468,2024-04-09,online,applepay,7.06
1660,51,2025-06-10,online,applepay,2187.26
1661,1412,2025-06-25,store,card,56.52
1662,1143,2025-06-08,online,paypal,126.97
1663,870,2025-11-07,store,paypal,15.31
1664,586,2024-06-27,store,paypal,119.32
1665,854,2024-07-26,store,giftcard,18.03
1666,1488,2024-08-29,store,giftcard,31.79
1667,988,2025-03-23,store,giftcard,602.36
1668,90,2025-03-26,store,card,63.55
1669,889,2024-02-09,store,giftcard,116.41
1670,792,2024-07-20,online,giftcard,112.54
1671,1122,2025-02-17,online,card,52.01
1672,1361,2025-04-08,store,paypal,252.28
1673,381,2024-01-31,online,paypal,206.26
1674,371,2024-06-03,online,card,211.74
1675,212,2025-07-17,store,paypal,53.6
1676,1292,2024-04-13,online,card,3332.2
1677,1110,2024-02-27,online,paypal,45.87
1678,441,2025-03-05,store,card,69.13
1679,1313,2025-05-24,store,paypal,183.36
1680,1113,2024-11-16,store,paypal,10.0
1681,1479,2025-06-05,store,card,56.63
1682,962,2025-05-21,online,giftcard,2414.13
1683,1044,2024-09-29,online,card,42.69
1684,586,2024-12-10,store,giftcard,52.56
1685,70,2025-04-06,online,card,199.66
1686,310,2024-03-14,store,giftcard,2456.68
1687,1033,2025-09-07,store,card,654.75
1688,642,2024-04-07,store,paypal,232.27
1689,1043,2025-05-23,online,giftcard,1043.42
1690,1492,2025-04-22,store,card,221.36
1691,514,2024-08-08,store,paypal,196.34
1692,800,2025-01-08,store,card,68.46
1693,376,2024-01-24,store,giftcard,117.58
1694,1473,2025-07-13,store,paypal,225.8
1695,499,2025-03-28,online,card,4302.54
1696,780,2025-07-25,online,giftcard,26.51
1697,1123,2023-12-12,online,applepay,94.63
1698,974,2025-06-01,store,applepay,4927.16
1699,1321,2025-07-23,online,applepay,3255.41
1700,341,2025-02-26,online,paypal,1966.91
1701,182,2024-03-13,store,giftcard,251.82
1702,479,2025-08-08,online,giftcard,1032.36
1703,1344,2025-03-26,store,giftcard,222.74
1704,555,2024-05-15,store,card,120.61
1705,527,2024-02-18,online,card,842.97
1706,1244,2024-06-10,online,card,102.01
1707,857,2024-09-02,store,card,224.61
1708,1340,2024-03-31,online,paypal,35.76
1709,501,2024-11-18,online,card,4999.39
1710,629,2025-02-09,online,card,48.3
1711,287,2023-12-26,online,card,2745.03
1712,755,2024-04-01,online,paypal,133.06
1713,245,2024-03-02,store,paypal,119.65
1714,251,2024-09-01,store,applepay,1358.52
1715,678,2025-09-29,store,paypal,2425.34
1716,1284,2024-12-27,store,card,21.14
1717,418,2025-07-30,online,card,79.01
1718,125,2025-02-13,store,giftcard,2448.21
1719,454,2024-05-27,online,applepay,53.3
1720,1239,2024-08-03,store,giftcard,4061.73
1721,1408,2023-12-31,online,applepay,117.23
1722,322,2025-08-29,store,applepay,121.77
1723,578,2024-09-12,store,card,64.0
1724,1249,2025-04-28,store,giftcard,299.44
1725,891,2023-12-16,store,paypal,1636.95
1726,1188,2025-04-21,online,paypal,30.19
1727,10,2024-01-19,online,card,53.06
1728,584,2024-06-18,store,applepay,10.11
1729,317,2025-08-20,store,paypal,2212.63
1730,1330,2025-04-10,store,applepay,36.61
1731,12,2025-01-25,store,card,57.23
1732,712,2024-05-24,online,card,25.88
1733,433,2025-03-29,store,card,1241.36
1734,1354,2025-11-05,store,paypal,25.88
1735,1444,2024-11-14,store,applepay,128.21
1736,1105,2025-10-28,store,card,2941.45
1737,812,2025-09-26,online,card,69.55
1738,1020,2024-05-29,store,giftcard,142.67
1739,1019,2024-03-16,online,applepay,2679.93
1740,756,2024-04-24,online,paypal,194.54
1741,5,2024-08-10,store,applepay,133.97
1742,1123,2024-07-03,store,applepay,53.16
1743,1140,2025-09-13,store,paypal,157.08
1744,201,2025-10-28,online,applepay,174.63
1745,240,2024-07-30,online,giftcard,4420.18
1746,296,2024-05-31,store,applepay,162.81
1747,259,2025-04-29,online,giftcard,4282.61
1748,1192,2025-03-30,store,paypal,57.75
1749,216,2025-01-28,store,card,258.55
1750,618,2024-06-29,online,giftcard,642.09
1751,991,2025-01-09,store,card,167.46
1752,766,2024-09-21,online,card,38.1
1753,1021,2025-06-07,store,card,3304.97
1754,530,2025-02-22,store,paypal,3364.53
1755,1490,2024-01-13,store,paypal,41.66
1756,465,2025-08-30,online,giftcard,66.87
1757,1009,2024-07-12,online,applepay,1333.01
1758,892,2025-04-25,store,card,5092.7
1759,784,2024-07-06,store,paypal,933.23
1760,180,2025-04-24,store,paypal,3947.95
1761,769,2025-09-29,store,card,29.73
1762,549,2025-01-28,store,paypal,54.09
1763,634,2025-09-24,store,card,198.93
1764,575,2024-12-22,store,card,35.84
1765,290,2023-11-13,online,card,140.42
1766,780,2024-01-26,online,card,71.1
1767,1385,2024-12-21,online,giftcard,150.1
1768,201,2025-10-20,store,card,49.81
1769,1363,2025-06-07,store,paypal,168.3
1770,379,2024-10-04,online,applepay,92.09
1771,866,2025-07-31,store,giftcard,2240.02
1772,229,2025-08-16,online,paypal,127.85
1773,1481,2024-11-07,online,card,125.27
1774,1161,2025-03-29,online,paypal,180.49
1775,512,2025-10-31,store,paypal,119.1
1776,257,2024-12-19,store,applepay,2671.79
1777,133,2024-12-18,store,paypal,23.73
1778,1199,2025-06-05,online,giftcard,136.63
1779,206,2025-02-17,online,giftcard,1866.47
1780,626,2024-06-28,store,paypal,58.62
1781,150,2023-12-24,store,card,197.37
1782,468,2025-03-29,online,paypal,141.71
1783,1062,2025-01-15,store,giftcard,765.75
1784,339,2025-05-29,store,paypal,125.49
1785,284,2025-07-28,online,giftcard,3708.11
1786,1301,2024-05-13,store,giftcard,73.64
1787,1414,2025-09-13,online,card,3284.73
1788,935,2025-01-01,store,paypal,95.87
1789,900,2024-06-03,online,card,77.83
1790,759,2024-07-20,online,giftcard,1243.19
1791,603,2024-02-21,store,applepay,174.93
1792,855,2024-12-10,store,paypal,253.41
1793,1187,2025-08-21,online,paypal,101.72
1794,196,2024-04-14,online,giftcard,26.62
1795,819,2024-08-28,store,card,1218.04
1796,291,2025-03-22,store,applepay,10743.05
1797,193,2024-11-20,store,applepay,18.28
1798,440,2025-11-04,online,giftcard,3998.91
1799,1153,2024-01-19,store,applepay,38.44
1800,688,2025-09-28,store,card,55.13
1801,652,2024-04-18,online,paypal,205.41
1802,733,2024-05-10,online,applepay,189.19
1803,1099,2024-07-17,online,giftcard,3058.95
1804,139,2024-01-02,online,applepay,2403.71
1805,1417,2024-02-21,online,paypal,44.86
1806,1466,2024-12-21,online,applepay,60.0
1807,98,2024-06-28,store,paypal,61.33
1808,1240,2024-11-12,store,paypal,217.62
1809,366,2025-09-23,store,applepay,21.02
1810,677,2024-05-29,store,giftcard,138.17
1811,944,2023-11-10,online,card,139.74
1812,1033,2024-12-18,store,card,56.69
1813,1353,2024-08-08,online,applepay,76.55
1814,972,2024-08-13,store,applepay,1011.25
1815,922,2024-03-24,store,giftcard,118.4
1816,236,2025-02-05,online,card,895.49
1817,199,2024-08-08,store,applepay,137.17
1818,1271,2024-12-12,online,giftcard,89.24
1819,209,2024-12-01,store,paypal,498.58
1820,302,2024-01-02,online,paypal,93.37
1821,788,2025-01-24,online,applepay,1253.99
1822,1354,2024-10-05,store,paypal,284.71
1823,430,2025-01-29,store,applepay,13.21
1824,1414,2024-12-05,online,paypal,102.55
1825,1318,2025-09-02,store,card,4454.64
1826,98,2024-11-24,store,paypal,119.33
1827,125,2025-05-20,online,applepay,278.47
1828,542,2024-05-16,online,applepay,23.07
1829,1007,2025-05-07,online,paypal,102.32
1830,521,2024-03-05,store,card,633.84
1831,1,2025-06-24,online,giftcard,143.98
1832,914,2025-02-20,online,giftcard,1289.66
1833,1482,2024-01-20,online,applepay,64.8
1834,185,2024-10-26,store,applepay,747.1
1835,50,2023-11-18,online,card,1962.24
1836,1434,2024-11-28,online,giftcard,50.06
1837,1197,2025-06-14,online,applepay,163.43
1838,967,2024-02-07,online,card,1899.23
1839,1242,2025-04-12,store,giftcard,177.61
1840,494,2024-08-21,store,paypal,4216.23
1841,1061,2025-08-14,online,applepay,116.78
1842,800,2024-12-31,online,card,1917.84
1843,1091,2024-05-27,online,paypal,71.7
1844,413,2024-08-30,store,paypal,3968.4
1845,929,2024-04-02,online,giftcard,137.77
1846,443,2024-10-01,store,giftcard,81.05
1847,295,2024-11-10,store,applepay,76.08
1848,16,2023-12-30,online,applepay,3286.23
1849,433,2024-12-21,store,giftcard,74.43
1850,875,2024-04-10,online,card,76.23
1851,346,2025-03-22,online,paypal,105.97
1852,303,2025-06-22,store,giftcard,56.4
1853,605,2024-12-21,store,paypal,139.89
1854,1373,2024-01-11,online,applepay,28.72
1855,377,2023-12-25,online,applepay,160.31
1856,949,2024-02-15,online,paypal,2698.07
1857,6,2024-09-27,store,card,67.69
1858,1179,2025-02-18,store,paypal,27.5
1859,35,2023-11-24,online,paypal,48.37
1860,1238,2025-02-24,store,paypal,3058.9
1861,1149,2025-04-07,online,paypal,3267.71
1862,800,2025-04-21,store,giftcard,16.86
1863,647,2025-02-10,store,giftcard,156.44
1864,370,2025-02-03,online,card,115.25
1865,648,2024-03-29,store,paypal,142.9
1866,522,2024-02-20,online,applepay,2271.89
1867,352,2024-01-11,store,applepay,103.2
1868,1299,2024-08-19,online,giftcard,176.57
1869,484,2025-01-22,store,giftcard,84.94
1870,813,2025-05-24,store,paypal,2355.49
1871,1019,2025-02-12,online,paypal,57.76
1872,840,2024-07-19,online,applepay,256.48
1873,170,2024-03-13,store,card,81.92
1874,64,2024-07-26,store,card,891.11
1875,441,2025-01-27,store,card,717.13
1876,565,2025-02-09,online,giftcard,3596.71
1877,666,2024-11-22,online,giftcard,126.35
1878,1362,2024-04-27,store,giftcard,97.66
1879,27,2025-01-14,online,giftcard,142.86
1880,1131,2025-02-26,online,paypal,63.04
1881,1165,2024-12-10,store,applepay,142.43
1882,466,2023-11-29,online,paypal,1476.9
1883,69,2024-05-10,store,giftcard,65.11
1884,270,2024-08-25,store,giftcard,3145.55
1885,728,2024-09-18,store,applepay,10.0
1886,148,2025-02-27,store,paypal,231.02
1887,913,2024-02-14,store,applepay,90.15
1888,1069,2024-08-03,online,paypal,127.71
1889,716,2025-06-23,store,applepay,83.63
1890,1475,2025-07-31,store,giftcard,2882.33
1891,1194,2024-02-17,online,applepay,87.65
1892,758,2024-10-29,store,applepay,1186.42
1893,1156,2024-07-16,store,card,1119.79
1894,1431,2024-09-15,store,card,23.38
1895,1068,2025-11-05,store,card,71.49
1896,506,2023-12-06,store,card,10.89
1897,283,2025-07-20,online,applepay,23.25
1898,713,2024-09-26,online,paypal,50.46
1899,174,2024-11-12,online,applepay,337.07
1900,237,2025-08-01,online,card,3853.94
1901,939,2025-10-22,store,paypal,223.87
1902,203,2024-11-04,online,card,98.69
1903,1064,2025-11-06,store,giftcard,45.63
1904,1375,2025-01-18,store,paypal,189.37
1905,1355,2024-09-03,store,card,162.5
1906,1180,2025-08-21,online,paypal,186.52
1907,722,2024-05-14,online,giftcard,57.8
1908,86,2025-10-06,store,applepay,2237.72
1909,657,2024-12-26,store,giftcard,204.84
1910,1364,2025-06-08,online,giftcard,116.3
1911,518,2025-09-17,store,applepay,688.11
1912,462,2025-09-19,online,paypal,1816.31
1913,1013,2023-11-22,store,card,2143.4
1914,530,2024-08-16,online,giftcard,922.73
1915,287,2024-06-08,store,applepay,59.14
1916,964,2025-10-08,store,paypal,55.95
1917,424,2023-11-21,store,giftcard,1167.44
1918,96,2023-11-09,online,giftcard,215.26
1919,1490,2024-01-27,online,card,138.68
1920,98,2025-10-24,store,giftcard,128.18
1921,329,2024-06-05,online,applepay,144.93
1922,843,2025-01-25,online,applepay,37.37
1923,1141,2025-09-15,store,paypal,68.88
1924,1172,2024-09-05,online,paypal,111.81
1925,1486,2023-12-11,store,applepay,230.39
1926,314,2024-01-21,store,giftcard,3029.23
1927,1283,2023-12-20,online,applepay,145.07
1928,583,2024-01-26,store,paypal,152.95
1929,1129,2024-02-21,store,applepay,77.39
1930,283,2024-11-27,store,paypal,1537.44
1931,477,2023-12-25,store,giftcard,46.86
1932,1099,2024-02-10,online,paypal,2628.77
1933,624,2025-01-23,store,applepay,3948.28
1934,120,2025-02-26,online,card,39.76
1935,643,2025-04-07,store,applepay,11.27
1936,105,2025-10-16,store,applepay,1890.51
1937,195,2025-02-05,online,paypal,76.79
1938,879,2025-08-19,online,paypal,126.21
1939,773,2024-10-03,store,applepay,4525.33
1940,789,2024-09-25,online,card,199.61
1941,1470,2025-05-08,online,applepay,2979.76
1942,450,2025-04-11,store,giftcard,170.37
1943,916,2024-11-08,store,applepay,49.66
1944,283,2024-11-22,store,paypal,69.45
1945,403,2025-10-27,store,card,20.26
1946,16,2024-12-30,online,paypal,47.85
1947,983,2025-01-12,store,card,922.61
1948,1047,2025-01-10,online,applepay,88.48
1949,894,2024-05-06,store,paypal,49.56
1950,97,2024-05-28,online,card,2774.17
1951,1289,2023-11-21,store,card,1630.05
1952,1399,2024-10-13,store,paypal,3386.45
1953,217,2024-10-02,store,card,188.3
1954,193,2023-12-17,store,giftcard,17.61
1955,570,2025-01-23,online,giftcard,716.13
1956,1208,2025-09-01,online,giftcard,141.47
1957,481,2025-07-28,online,applepay,158.65
1958,1162,2023-11-16,store,applepay,98.68
1959,97,2025-09-25,online,paypal,33.45
1960,673,2024-06-24,online,paypal,177.09
1961,1105,2025-01-22,store,paypal,3251.42
1962,1104,2025-07-25,online,card,130.98
1963,811,2024-11-06,online,giftcard,45.82
1964,696,2024-09-03,store,applepay,173.78
1965,1301,2025-03-12,online,paypal,195.76
1966,187,2024-04-19,online,card,2572.59
1967,543,2024-09-27,store,applepay,1453.39
1968,1431,2024-10-07,online,card,4402.75
1969,1045,2024-08-24,store,giftcard,3932.26
1970,1152,2025-05-07,store,applepay,322.42
1971,551,2024-11-09,store,applepay,64.6
1972,902,2023-12-22,online,card,43.69
1973,367,2024-05-20,store,card,2742.12
1974,862,2025-05-29,online,applepay,82.25
1975,971,2024-02-21,online,applepay,239.62
1976,775,2024-09-03,store,giftcard,114.17
1977,1265,2024-10-22,store,paypal,155.84
1978,175,2025-03-03,online,applepay,859.34
1979,1381,2024-07-13,store,card,126.4
1980,1247,2024-02-09,store,card,71.95
1981,1072,2024-10-23,online,paypal,55.87
1982,1373,2023-12-22,store,card,4262.2
1983,1235,2024-09-27,store,giftcard,2440.89
1984,1390,2025-08-24,online,applepay,198.33
1985,347,2025-02-14,store,applepay,4775.93
1986,786,2024-04-03,store,applepay,117.56
1987,1171,2024-10-08,online,applepay,897.86
1988,11,2024-05-04,store,paypal,233.75
1989,1497,2024-05-30,store,giftcard,828.21
1990,1442,2025-02-03,online,applepay,112.16
1991,1130,2024-12-14,online,giftcard,4704.44
1992,1350,2025-11-08,online,applepay,4924.13
1993,165,2025-02-21,online,card,62.72
1994,75,2024-10-26,store,paypal,241.73
1995,16,2024-12-24,store,giftcard,2978.02
1996,239,2025-09-05,online,applepay,92.78
1997,138,2025-07-13,online,paypal,2340.73
1998,110,2024-03-28,online,paypal,146.09
1999,992,2025-08-30,online,paypal,3506.25
2000,1313,2025-01-06,online,card,130.64
2001,1244,2025-04-24,store,giftcard,90.63
2002,702,2025-10-27,store,giftcard,35.97
2003,261,2024-03-19,store,paypal,955.06
2004,43,2025-02-04,store,giftcard,49.52
2005,1039,2024-06-09,store,card,10.54
2006,34,2025-08-22,store,card,15.94
2007,582,2024-03-10,store,paypal,7208.06
2008,1082,2025-08-30,store,applepay,231.66
2009,1156,2025-04-14,store,applepay,6170.62
2010,410,2025-05-09,online,giftcard,81.13
2011,439,2025-02-28,store,card,41.68
2012,1255,2024-04-20,store,paypal,161.33
2013,150,2025-09-20,store,giftcard,237.9
2014,709,2025-05-03,store,card,66.19
2015,690,2024-08-14,online,card,50.16
2016,916,2024-09-09,store,giftcard,62.11
2017,739,2024-03-19,online,giftcard,3289.05
2018,247,2025-03-21,online,giftcard,593.86
2019,939,2024-06-19,online,paypal,115.52
2020,383,2025-09-07,online,card,4271.95
2021,711,2025-08-31,online,card,24.78
2022,338,2025-06-13,online,card,64.44
2023,1094,2024-01-12,store,applepay,197.35
2024,1206,2025-04-27,store,applepay,153.75
2025,826,2025-05-04,store,paypal,4069.61
2026,65,2023-11-19,store,giftcard,202.72
2027,819,2024-08-31,store,giftcard,114.07
2028,1110,2025-06-01,store,applepay,3001.08
2029,263,2024-01-17,online,giftcard,54.53
2030,157,2024-11-24,store,paypal,1242.67
2031,562,2024-11-07,store,card,5300.78
2032,925,2023-11-30,store,paypal,23.87
2033,147,2025-11-01,online,card,2061.02
2034,1478,2024-11-05,store,applepay,52.64
2035,28,2024-08-03,online,applepay,92.07
2036,447,2024-05-01,online,applepay,66.36
2037,786,2023-11-25,store,paypal,4975.91
2038,575,2025-08-28,store,applepay,901.59
2039,625,2025-11-05,store,applepay,2474.29
2040,1254,2024-04-25,online,applepay,7367.8
2041,1030,2025-04-14,online,giftcard,1682.0
2042,382,2024-06-24,online,applepay,113.67
2043,591,2025-03-04,online,applepay,2382.79
2044,1351,2024-09-12,online,card,2567.34
2045,773,2025-04-12,online,applepay,191.92
2046,1096,2024-12-02,store,card,3464.89
2047,680,2024-04-18,store,card,3660.53
2048,579,2025-06-24,online,card,48.17
2049,962,2024-09-17,store,card,136.27
2050,896,2024-12-05,store,giftcard,189.79
2051,567,2024-04-09,online,applepay,25.52
2052,431,2024-11-24,store,card,4858.87
2053,983,2024-02-27,online,giftcard,58.6
2054,1197,2024-05-05,store,giftcard,5257.59
2055,873,2023-12-18,store,applepay,38.52
2056,1096,2024-09-17,online,applepay,78.79
2057,590,2025-05-08,store,paypal,23.45
2058,599,2024-06-14,online,paypal,39.03
2059,1474,2025-05-21,online,applepay,102.07
2060,675,2025-07-25,online,card,142.34
2061,787,2024-04-23,store,giftcard,104.58
2062,1085,2025-04-27,store,applepay,150.75
2063,195,2025-06-16,store,paypal,94.25
2064,684,2024-06-04,online,giftcard,40.0
2065,280,2024-04-12,store,card,85.98
2066,1167,2025-10-21,online,giftcard,616.57
2067,716,2024-07-26,store,card,155.59
2068,400,2025-06-14,online,paypal,102.66
2069,214,2024-07-04,online,giftcard,199.54
2070,327,2024-11-04,online,giftcard,7735.09
2071,770,2025-07-22,store,card,1057.77
2072,100,2025-09-16,online,card,2423.98
2073,1171,2025-09-29,online,applepay,4213.27
2074,99,2024-05-07,online,card,103.1
2075,98,2024-07-30,online,giftcard,479.29
2076,653,2024-12-30,store,applepay,100.98
2077,1469,2025-09-22,online,paypal,156.63
2078,887,2025-02-12,online,paypal,100.08
2079,1158,2025-07-02,store,paypal,343.29
2080,284,2024-03-17,store,giftcard,1720.37
2081,817,2025-06-18,store,applepay,127.35
2082,369,2025-02-09,store,card,75.92
2083,700,2025-03-29,online,applepay,63.26
2084,423,2024-03-26,online,paypal,42.06
2085,701,2025-09-28,store,giftcard,74.24
2086,165,2024-05-14,online,paypal,70.07
2087,1215,2024-02-12,online,giftcard,708.39
2088,1266,2025-01-07,store,applepay,172.93
2089,1037,2025-02-17,store,card,88.82
2090,203,2025-06-07,store,giftcard,40.93
2091,1371,2024-04-07,online,applepay,20.57
2092,1437,2025-10-02,online,applepay,89.22
2093,975,2024-09-10,store,card,98.56
2094,1015,2024-07-04,online,applepay,193.75
2095,1263,2024-11-27,online,paypal,98.39
2096,895,2024-03-13,online,paypal,174.53
2097,886,2024-08-11,store,applepay,213.25
2098,355,2025-04-12,store,applepay,94.34
2099,469,2024-10-13,online,paypal,153.29
2100,856,2024-11-15,store,card,659.76
2101,752,2025-05-06,store,giftcard,47.23
2102,1131,2024-09-01,store,card,202.82
2103,605,2024-04-13,store,card,55.58
2104,538,2025-03-30,online,paypal,78.06
2105,1256,2024-01-14,store,card,39.39
2106,663,2025-10-18,online,giftcard,77.73
2107,234,2025-11-07,store,giftcard,53.28
2108,30,2024-08-26,store,giftcard,102.37
2109,1384,2025-03-11,online,paypal,837.82
2110,548,2025-01-01,store,applepay,1161.84
2111,687,2024-01-04,store,card,25.95
2112,1233,2024-01-25,online,card,170.68
2113,705,2025-10-17,online,applepay,101.89
2114,649,2025-01-02,store,giftcard,77.01
2115,1403,2024-06-12,store,giftcard,716.64
2116,1055,2024-07-09,store,applepay,4299.24
2117,777,2025-02-05,store,card,119.5
2118,325,2024-03-03,online,applepay,3403.22
2119,640,2023-12-19,online,applepay,1690.43
2120,1072,2025-10-29,online,card,60.9
2121,617,2024-12-12,store,card,39.69
2122,233,2025-09-16,online,giftcard,10.0
2123,441,2024-05-28,store,card,1808.67
2124,472,2025-01-24,online,card,20.36
2125,506,2024-03-23,store,card,60.57
2126,619,2025-02-28,online,paypal,10119.25
2127,1387,2025-02-07,store,giftcard,4436.72
2128,518,2025-04-14,store,card,99.7
2129,846,2025-07-02,online,giftcard,4607.33
2130,971,2025-06-02,store,giftcard,85.53
2131,677,2024-09-27,store,giftcard,75.04
2132,701,2025-07-22,online,card,1159.69
2133,947,2025-10-31,online,card,72.87
2134,917,2024-04-23,store,card,188.18
2135,333,2025-06-26,store,card,95.75
2136,895,2024-09-11,online,applepay,2740.97
2137,1244,2024-12-31,online,applepay,40.36
2138,6,2025-03-26,store,card,211.43
2139,725,2024-07-10,online,applepay,124.46
2140,814,2024-06-13,store,card,1968.67
2141,200,2024-12-31,store,card,142.96
2142,544,2024-02-10,store,paypal,204.45
2143,1442,2024-05-08,store,paypal,35.74
2144,84,2025-07-01,online,giftcard,91.73
2145,1457,2024-04-16,store,giftcard,187.48
2146,1443,2025-01-05,online,paypal,1645.31
2147,352,2023-11-25,store,paypal,2896.5
2148,668,2024-06-29,online,giftcard,86.86
2149,1003,2025-01-31,online,applepay,199.57
2150,938,2023-11-22,store,card,210.65
2151,205,2024-02-21,store,card,113.47
2152,1227,2025-03-26,online,paypal,53.2
2153,819,2025-08-12,store,applepay,33.55
2154,51,2024-03-18,store,giftcard,236.7
2155,1269,2025-05-26,store,paypal,2975.92
2156,1379,2023-11-13,online,applepay,109.21
2157,411,2025-08-06,online,card,1761.6
2158,852,2023-11-21,online,applepay,258.11
2159,344,2025-08-25,online,card,79.19
2160,824,2025-02-05,store,card,2749.83
2161,233,2024-05-28,online,giftcard,54.29
2162,833,2025-07-31,online,giftcard,1960.65
2163,1242,2025-09-05,store,card,59.78
2164,377,2024-03-05,store,paypal,1663.07
2165,1446,2024-11-06,online,applepay,854.28
2166,1066,2024-05-22,store,paypal,98.24
2167,1016,2025-03-20,online,card,2097.72
2168,172,2025-04-28,store,paypal,246.36
2169,296,2025-10-12,online,paypal,1673.24
2170,410,2023-12-27,online,card,68.92
2171,1466,2024-12-23,online,card,663.45
2172,991,2024-07-14,store,giftcard,237.9
2173,1007,2024-02-19,store,applepay,131.59
2174,1353,2025-10-23,online,card,81.94
2175,1212,2024-05-28,online,giftcard,49.62
2176,1270,2025-10-30,online,giftcard,7336.57
2177,106,2025-03-18,online,applepay,1148.09
2178,314,2024-03-06,store,paypal,81.38
2179,962,2025-08-15,online,card,193.77
2180,117,2023-11-23,online,paypal,113.33
2181,1055,2024-09-25,store,card,60.47
2182,1388,2024-11-09,store,applepay,189.76
2183,692,2025-03-21,store,paypal,320.32
2184,1259,2024-04-18,online,paypal,168.8
2185,476,2025-10-17,online,giftcard,69.26
2186,851,2024-10-15,store,giftcard,3772.58
2187,593,2024-11-27,store,card,188.51
2188,113,2024-10-16,online,paypal,135.44
2189,1304,2025-02-25,online,card,181.61
2190,509,2025-06-28,online,applepay,2908.65
2191,651,2024-08-11,online,card,194.0
2192,1298,2024-08-26,online,card,120.16
2193,335,2024-08-04,store,giftcard,2137.28
2194,1449,2023-11-14,store,applepay,96.52
2195,167,2024-03-10,store,giftcard,3806.09
2196,1194,2024-02-06,store,giftcard,137.73
2197,478,2025-05-06,store,applepay,1928.03
2198,1296,2024-02-29,online,applepay,110.58
2199,1000,2025-03-16,online,giftcard,123.04
2200,497,2025-07-15,online,paypal,54.08
2201,1453,2025-09-27,online,card,167.66
2202,671,2025-07-01,store,giftcard,2572.71
2203,402,2025-01-15,store,paypal,86.24
2204,39,2024-12-25,online,giftcard,36.75
2205,214,2025-06-17,online,giftcard,939.28
2206,109,2025-07-01,online,paypal,82.33
2207,518,2025-09-23,online,applepay,3515.38
2208,1370,2023-12-27,store,card,48.42
2209,651,2024-06-10,online,giftcard,2647.1
2210,932,2025-09-30,online,card,228.07
2211,763,2025-02-05,store,paypal,47.07
2212,808,2024-05-21,online,giftcard,149.74
2213,193,2025-09-23,online,applepay,1179.91
2214,45,2024-07-24,online,applepay,99.41
2215,710,2024-02-02,online,paypal,102.58
2216,1115,2025-06-16,online,paypal,4103.95
2217,878,2024-01-29,online,giftcard,2059.14
2218,1073,2025-07-25,online,paypal,143.38
2219,1127,2025-04-14,online,paypal,35.31
2220,190,2025-08-06,store,giftcard,1578.0
2221,1495,2024-03-06,store,card,1460.56
2222,455,2024-04-15,store,paypal,5444.54
2223,686,2024-06-22,store,applepay,1134.53
2224,1002,2024-10-18,online,applepay,166.2
2225,193,2024-10-26,online,card,2879.38
2226,939,2025-06-12,online,giftcard,4120.31
2227,1057,2025-11-02,store,applepay,198.62
2228,967,2024-05-16,store,giftcard,166.84
2229,381,2024-03-06,online,applepay,18.81
2230,1435,2024-01-13,store,card,30.0
2231,299,2023-12-26,online,paypal,122.97
2232,785,2024-08-29,store,card,244.46
2233,879,2025-01-03,online,card,66.14
2234,638,2024-01-20,online,card,106.05
2235,706,2023-11-20,store,card,202.25
2236,1347,2023-12-10,store,paypal,1648.7
2237,1361,2024-11-30,online,card,11177.47
2238,263,2025-06-28,online,applepay,22.65
2239,884,2025-05-05,store,card,2160.76
2240,847,2024-12-03,online,giftcard,117.99
2241,1367,2025-01-30,store,giftcard,1744.77
2242,1214,2023-11-28,online,applepay,19.84
2243,739,2024-06-12,online,applepay,206.35
2244,820,2024-02-16,store,card,2470.02
2245,1388,2025-09-18,store,card,195.39
2246,358,2025-07-16,online,card,38.77
2247,788,2024-04-19,online,giftcard,1555.26
2248,535,2025-04-16,store,paypal,102.0
2249,104,2024-04-30,store,applepay,3741.33
2250,42,2025-07-25,online,card,685.08
2251,838,2024-05-16,online,applepay,57.32
2252,574,2023-12-04,online,paypal,4143.95
2253,389,2025-07-28,store,card,65.4
2254,570,2024-10-19,store,paypal,89.81
2255,1399,2024-05-25,online,card,24.7
2256,16,2025-08-01,online,applepay,80.95
2257,1328,2025-05-26,store,giftcard,45.79
2258,409,2025-07-13,online,applepay,180.64
2259,575,2024-02-03,online,card,77.96
2260,1135,2024-11-15,online,applepay,87.76
2261,684,2025-06-21,store,applepay,65.16
2262,730,2024-04-21,online,card,5691.88
2263,25,2024-02-29,online,applepay,127.91
2264,56,2025-06-01,online,applepay,55.38
2265,158,2024-01-28,store,card,111.74
2266,365,2023-11-13,store,giftcard,1899.22
2267,982,2024-03-24,online,applepay,73.19
2268,306,2024-10-20,online,card,219.29
2269,826,2025-02-22,online,applepay,68.78
2270,1373,2024-05-07,store,card,992.26
2271,609,2024-10-03,online,applepay,208.92
2272,99,2025-02-23,store,giftcard,678.93
2273,321,2025-03-27,store,paypal,78.13
2274,911,2025-07-05,store,giftcard,108.76
2275,625,2024-08-26,store,card,3586.38
2276,1050,2024-10-13,store,applepay,269.89
2277,1291,2024-10-05,store,applepay,106.04
2278,1089,2023-12-04,store,card,191.92
2279,736,2024-04-01,store,giftcard,3212.68
2280,228,2024-08-17,store,giftcard,518.05
2281,187,2025-04-04,store,giftcard,134.7
2282,1180,2024-10-03,store,card,1656.47
2283,1009,2024-09-16,online,card,3791.97
2284,390,2024-04-09,online,card,3232.92
2285,992,2024-11-29,online,card,75.91
2286,130,2025-08-26,online,card,143.42
2287,147,2025-01-05,store,applepay,59.85
2288,322,2024-07-07,store,card,128.64
2289,490,2024-01-08,online,card,77.88
2290,503,2024-06-25,online,giftcard,3937.63
2291,171,2025-03-06,online,paypal,130.98
2292,850,2025-04-24,store,card,44.59
2293,590,2025-09-04,online,giftcard,160.96
2294,205,2025-09-06,store,giftcard,50.68
2295,739,2025-02-18,store,giftcard,1685.16
2296,697,2025-05-31,online,card,49.72
2297,872,2025-02-06,store,applepay,205.79
2298,1275,2024-02-26,online,applepay,265.13
2299,548,2024-08-19,online,card,1912.35
2300,1455,2025-05-23,online,giftcard,4517.21
2301,394,2024-02-08,store,card,182.46
2302,662,2025-02-22,online,paypal,9997.28
2303,149,2023-12-14,store,giftcard,9.53
2304,66,2025-09-06,store,paypal,165.32
2305,1472,2025-02-26,online,applepay,100.55
2306,284,2025-05-22,online,giftcard,5070.48
2307,1085,2024-07-25,store,paypal,4104.57
2308,1082,2025-09-29,store,giftcard,174.86
2309,1489,2024-04-03,online,card,197.55
2310,1286,2024-10-23,online,paypal,2518.43
2311,1424,2025-05-18,store,paypal,150.92
2312,599,2024-12-19,online,card,160.69
2313,706,2024-03-15,store,giftcard,209.82
2314,748,2023-12-28,store,paypal,79.53
2315,1437,2024-10-24,store,applepay,1208.1
2316,75,2024-07-09,store,paypal,104.83
2317,423,2024-04-25,online,paypal,121.17
2318,1274,2025-09-13,online,applepay,109.89
2319,1414,2024-06-07,store,paypal,151.76
2320,1098,2025-03-14,online,card,70.52
2321,1164,2025-07-21,online,giftcard,252.39
2322,1181,2025-04-30,online,giftcard,1826.23
2323,874,2025-10-19,store,card,525.94
2324,604,2025-07-11,store,giftcard,248.48
2325,399,2024-12-11,store,giftcard,2035.02
2326,554,2024-10-20,online,applepay,652.93
2327,887,2023-11-29,store,card,984.2
2328,1397,2025-10-03,store,paypal,139.11
2329,941,2024-06-24,store,applepay,805.46
2330,1426,2024-03-09,online,paypal,89.61
2331,1008,2025-03-07,online,giftcard,117.65
2332,204,2024-03-17,online,card,129.84
2333,812,2025-03-03,online,giftcard,248.11
2334,91,2025-04-23,store,card,180.97
2335,443,2024-09-07,store,applepay,129.07
2336,241,2025-06-19,online,paypal,43.17
2337,973,2025-11-01,online,giftcard,146.95
2338,1099,2024-12-10,online,giftcard,156.78
2339,1325,2024-02-04,online,paypal,3651.02
2340,1438,2024-05-24,online,card,63.2
2341,1242,2024-01-08,store,paypal,690.28
2342,1451,2025-01-20,store,paypal,219.98
2343,834,2024-08-30,online,card,809.44
2344,305,2025-08-28,online,card,139.59
2345,663,2024-09-02,online,giftcard,48.06
2346,1233,2024-04-26,online,applepay,46.07
2347,1181,2025-09-04,store,giftcard,113.36
2348,1158,2023-11-11,online,giftcard,180.7
2349,1305,2024-04-21,store,giftcard,24.9
2350,1374,2025-04-15,online,card,31.49
2351,612,2025-03-27,store,card,159.32
2352,1039,2025-04-30,online,paypal,248.92
2353,937,2025-10-08,online,card,9264.27
2354,186,2024-06-10,store,applepay,292.37
2355,1315,2025-09-05,online,paypal,113.13
2356,736,2024-04-20,store,applepay,108.86
2357,911,2025-09-01,store,giftcard,2832.43
2358,1351,2024-04-14,online,giftcard,94.08
2359,304,2023-11-23,store,giftcard,49.04
2360,483,2025-07-09,online,card,3281.16
2361,695,2025-09-09,store,applepay,82.12
2362,9,2025-11-02,store,applepay,264.51
2363,800,2024-07-26,online,applepay,1866.4
2364,410,2025-08-08,online,card,111.17
2365,1202,2025-03-14,online,card,7122.45
2366,566,2025-02-10,store,paypal,37.8
2367,1421,2024-07-25,online,giftcard,196.63
2368,179,2025-03-11,store,paypal,135.63
2369,1391,2024-12-09,store,applepay,194.3
2370,1016,2024-08-16,online,paypal,1507.18
2371,1464,2024-12-13,online,paypal,70.66
2372,473,2025-03-15,store,applepay,169.79
2373,213,2024-04-06,store,giftcard,3103.22
2374,1146,2025-07-24,store,giftcard,2461.02
2375,510,2024-06-04,store,card,4472.53
2376,1225,2023-12-15,store,paypal,650.83
2377,804,2025-10-03,store,applepay,90.3
2378,1474,2024-06-15,store,card,31.79
2379,749,2024-07-07,online,paypal,1745.53
2380,710,2025-01-05,online,giftcard,87.76
2381,921,2024-12-24,online,giftcard,241.98
2382,88,2025-07-15,store,card,170.32
2383,788,2024-06-14,store,applepay,178.57
2384,988,2024-11-20,store,paypal,5026.35
2385,875,2025-06-08,online,applepay,254.72
2386,657,2024-02-01,online,giftcard,207.02
2387,1181,2024-08-23,store,paypal,218.31
2388,480,2025-09-29,store,paypal,108.52
2389,677,2025-08-16,store,applepay,73.94
2390,791,2025-07-20,online,card,240.75
2391,1284,2023-11-14,online,paypal,42.0
2392,195,2024-09-27,store,paypal,332.49
2393,876,2024-04-25,store,applepay,316.29
2394,131,2024-10-09,store,paypal,4963.3
2395,870,2025-09-21,online,paypal,2652.49
2396,527,2024-06-29,online,giftcard,16097.58
2397,635,2025-05-22,store,applepay,184.51
2398,445,2025-05-31,online,card,35.9
2399,377,2025-03-10,store,giftcard,6538.95
2400,729,2025-08-24,store,giftcard,91.77
2401,419,2025-08-31,store,applepay,104.66
2402,792,2025-02-03,online,paypal,3240.26
2403,303,2024-06-22,store,applepay,4709.59
2404,950,2025-09-16,store,card,68.35
2405,1101,2024-03-07,store,card,82.4
2406,792,2024-02-15,store,card,62.68
2407,108,2025-03-31,online,card,69.62
2408,985,2024-05-10,online,applepay,140.69
2409,132,2024-01-02,store,card,211.04
2410,917,2024-03-29,online,giftcard,222.9
2411,1183,2024-05-23,store,card,3517.13
2412,633,2025-09-06,store,card,171.02
2413,582,2024-05-25,online,applepay,5445.61
2414,1145,2025-08-03,online,card,344.92
2415,1374,2025-07-25,online,applepay,158.99
2416,1035,2024-12-27,store,card,3103.4
2417,723,2025-06-11,online,giftcard,171.27
2418,166,2024-05-19,online,card,30.0
2419,987,2025-05-15,store,giftcard,302.57
2420,780,2025-06-08,store,giftcard,138.92
2421,652,2025-05-22,store,card,447.24
2422,1263,2024-04-23,online,card,115.89
2423,1007,2024-05-03,store,card,9666.18
2424,1092,2024-07-06,online,card,193.77
2425,768,2025-07-03,online,card,110.47
2426,948,2025-09-20,store,applepay,259.16
2427,690,2025-04-12,store,card,222.83
2428,564,2024-11-16,store,applepay,102.99
2429,1490,2025-01-21,store,applepay,159.86
2430,391,2024-03-22,online,card,109.6
2431,1387,2025-07-22,online,applepay,144.46
2432,646,2025-09-04,online,paypal,669.89
2433,111,2024-12-14,online,paypal,182.52
2434,136,2025-09-23,online,card,206.8
2435,942,2025-10-05,online,paypal,179.59
2436,1447,2024-07-02,online,card,4266.71
2437,117,2025-01-30,store,applepay,194.63
2438,675,2025-02-06,online,paypal,169.54
2439,369,2025-05-09,store,card,198.26
2440,339,2024-07-04,online,giftcard,110.74
2441,1358,2024-09-02,online,giftcard,147.75
2442,905,2025-09-18,store,applepay,97.5
2443,1097,2025-03-19,store,paypal,2630.88
2444,1294,2024-03-02,store,applepay,3616.63
2445,485,2024-02-05,online,giftcard,4373.49
2446,260,2025-05-17,store,card,1417.83
2447,123,2024-08-24,store,giftcard,1815.78
2448,1423,2025-06-11,store,applepay,2894.67
2449,537,2025-05-23,store,paypal,48.92
2450,285,2024-08-31,store,giftcard,204.54
2451,563,2024-03-14,online,applepay,618.26
2452,1443,2025-09-15,store,applepay,224.49
2453,487,2025-05-05,online,card,124.82
2454,961,2024-03-31,online,paypal,120.52
2455,47,2025-09-10,online,giftcard,67.74
2456,578,2023-11-12,online,paypal,65.4
2457,1445,2024-02-21,online,card,182.39
2458,328,2025-09-11,store,card,180.77
2459,865,2024-06-08,store,giftcard,179.28
2460,941,2024-12-12,online,giftcard,46.74
2461,326,2024-03-12,store,giftcard,83.84
2462,726,2025-07-30,store,applepay,1243.89
2463,161,2024-02-28,online,card,51.68
2464,1197,2024-11-02,store,applepay,39.21
2465,428,2025-11-01,online,applepay,1036.4
2466,225,2024-07-09,store,paypal,152.44
2467,542,2024-12-25,store,card,2552.99
2468,56,2025-04-03,online,applepay,96.71
2469,284,2024-02-03,online,paypal,134.3
2470,1494,2025-02-14,online,card,869.23
2471,441,2024-02-13,store,paypal,1876.85
2472,684,2025-10-11,store,applepay,217.55
2473,1496,2025-08-26,store,giftcard,59.97
2474,1443,2024-03-12,store,card,77.45
2475,243,2025-07-15,online,paypal,70.65
2476,762,2025-06-02,store,card,52.2
2477,1471,2024-04-24,store,paypal,60.24
2478,1148,2025-05-24,online,giftcard,69.67
2479,1228,2025-07-28,store,paypal,14.24
2480,199,2024-11-10,online,applepay,2972.95
2481,705,2025-01-05,store,card,3910.89
2482,1419,2025-05-10,store,paypal,2908.85
2483,295,2025-03-15,online,paypal,39.05
2484,28,2023-12-19,online,giftcard,70.34
2485,910,2025-01-08,store,giftcard,87.94
2486,862,2025-01-08,online,paypal,170.94
2487,1319,2025-02-24,store,applepay,329.36
2488,234,2024-02-21,online,applepay,209.26
2489,941,2025-09-13,store,paypal,4421.73
2490,1455,2025-08-11,store,card,84.42
2491,96,2024-12-20,store,giftcard,4528.05
2492,605,2024-08-06,online,card,2839.49
2493,522,2023-11-11,store,giftcard,64.28
2494,1368,2025-06-28,store,applepay,128.57
2495,918,2024-02-16,online,paypal,3696.84
2496,1490,2024-06-19,store,giftcard,71.76
2497,698,2024-05-05,store,card,160.44
2498,1173,2024-08-18,store,paypal,5125.49
2499,474,2024-06-10,online,card,72.84
2500,1459,2024-02-18,store,paypal,1651.11
2501,1413,2025-04-02,online,giftcard,1501.7
2502,1087,2024-02-03,online,paypal,117.12
2503,760,2025-08-10,online,card,116.4
2504,1144,2024-06-24,online,giftcard,30.1
2505,740,2024-02-14,online,card,1955.49
2506,215,2025-08-14,store,card,83.53
2507,1007,2024-02-16,online,giftcard,1693.35
2508,647,2025-11-03,store,card,219.31
2509,801,2025-05-30,online,paypal,131.69
2510,2,2025-05-03,store,card,2247.48
2511,1495,2024-03-17,online,paypal,54.18
2512,1152,2025-01-27,store,applepay,1398.13
2513,335,2024-01-25,store,applepay,90.84
2514,1047,2025-06-26,store,giftcard,2526.12
2515,773,2024-10-17,online,card,173.49
2516,313,2024-03-28,online,paypal,5708.7
2517,906,2024-01-14,online,applepay,228.02
2518,190,2025-04-20,store,applepay,4323.83
2519,348,2024-05-15,store,giftcard,1239.46
2520,568,2024-12-14,store,paypal,4055.74
2521,971,2024-09-28,store,paypal,3660.2
2522,960,2025-05-13,online,card,27.46
2523,1436,2024-01-16,store,giftcard,4273.96
2524,1040,2025-03-02,store,applepay,67.29
2525,79,2025-01-31,store,applepay,156.4
2526,1048,2025-01-21,online,giftcard,572.86
2527,1094,2025-09-12,online,paypal,161.23
2528,773,2024-05-10,store,giftcard,56.24
2529,1405,2025-08-17,store,paypal,830.51
2530,685,2024-05-29,store,card,40.06
2531,16,2024-10-23,online,card,98.04
2532,987,2025-02-05,store,giftcard,3286.74
2533,789,2025-06-07,online,card,14.57
2534,732,2024-04-07,online,giftcard,198.19
2535,833,2025-03-16,online,card,30.96
2536,71,2025-06-06,online,card,52.13
2537,948,2025-01-02,store,paypal,180.31
2538,667,2024-07-26,online,paypal,47.11
2539,164,2024-08-30,store,applepay,35.52
2540,1069,2025-08-08,online,giftcard,1912.92
2541,1087,2025-08-25,online,paypal,156.08
2542,1472,2025-09-21,store,paypal,170.56
2543,569,2024-07-20,store,giftcard,53.04
2544,786,2023-11-22,online,giftcard,41.25
2545,793,2024-04-06,online,paypal,162.01
2546,1311,2025-05-27,store,card,563.22
2547,1125,2025-08-28,store,card,706.05
2548,1410,2024-02-07,online,card,92.59
2549,1151,2025-06-10,online,giftcard,6254.6
2550,1107,2023-12-06,online,paypal,19.45
2551,328,2025-06-20,online,giftcard,2695.9
2552,676,2025-08-04,store,applepay,189.01
2553,516,2025-04-21,online,paypal,165.94
2554,1113,2025-01-14,store,giftcard,112.39
2555,619,2025-08-15,online,paypal,117.79
2556,329,2023-12-12,store,card,3941.27
2557,669,2025-04-23,store,giftcard,129.39
2558,684,2025-09-28,store,paypal,123.03
2559,72,2024-05-28,online,card,3011.52
2560,19,2024-02-18,store,giftcard,2074.17
2561,1139,2024-10-18,store,giftcard,150.11
2562,84,2023-12-27,store,card,195.0
2563,662,2023-12-08,store,paypal,3483.38
2564,478,2024-11-23,online,applepay,2265.71
2565,533,2024-06-10,online,giftcard,143.19
2566,452,2025-06-22,store,giftcard,72.19
2567,901,2025-06-28,online,paypal,519.37
2568,625,2023-11-26,online,applepay,4867.48
2569,1020,2025-05-21,store,paypal,105.39
2570,1247,2024-05-28,store,applepay,135.99
2571,642,2024-06-25,store,applepay,571.57
2572,204,2025-04-30,store,card,4082.16
2573,1412,2024-07-16,store,applepay,4173.03
2574,665,2024-09-01,online,applepay,55.87
2575,517,2023-12-14,store,card,2935.49
2576,19,2025-08-13,store,card,229.98
2577,913,2023-12-04,online,paypal,178.56
2578,716,2024-02-25,store,applepay,65.25
2579,1382,2025-02-10,online,applepay,3213.78
2580,1477,2023-11-10,online,card,1598.92
2581,292,2025-10-13,store,card,3166.57
2582,1490,2025-06-03,online,paypal,40.97
2583,875,2025-10-17,store,applepay,165.52
2584,245,2024-12-27,store,applepay,99.22
2585,394,2025-03-29,online,paypal,10.0
2586,187,2023-12-30,store,card,55.79
2587,690,2024-07-26,online,paypal,59.22
2588,1101,2023-11-15,online,applepay,110.3
2589,935,2025-06-15,online,paypal,3346.98
2590,512,2024-02-28,store,applepay,928.97
2591,971,2025-01-25,store,giftcard,511.34
2592,1177,2025-02-08,store,giftcard,233.77
2593,1113,2024-12-24,store,card,953.54
2594,599,2023-11-24,online,card,1457.7
2595,816,2025-07-25,store,applepay,61.8
2596,1498,2024-12-02,store,paypal,169.12
2597,1007,2025-02-18,store,applepay,6313.6
2598,1424,2025-05-02,online,paypal,1177.82
2599,349,2024-04-05,store,applepay,126.24
2600,906,2023-11-30,store,card,4456.14
2601,795,2025-07-11,store,applepay,309.54
2602,949,2025-07-23,store,paypal,103.58
2603,11,2024-02-19,store,paypal,31.72
2604,1474,2025-01-23,online,card,155.69
2605,526,2024-01-31,store,giftcard,82.78
2606,1482,2025-01-12,online,applepay,1532.54
2607,633,2025-04-06,store,applepay,7937.82
2608,711,2025-05-03,online,giftcard,921.03
2609,547,2024-12-28,store,card,18.22
2610,259,2025-01-27,store,paypal,61.73
2611,125,2024-10-29,online,applepay,48.53
2612,733,2024-08-30,online,paypal,37.67
2613,387,2023-12-05,online,card,265.1
2614,254,2025-06-05,online,applepay,600.72
2615,937,2024-11-14,online,paypal,2692.78
2616,396,2024-11-19,online,card,76.63
2617,155,2024-11-03,store,card,157.92
2618,198,2025-01-06,online,giftcard,114.17
2619,1109,2025-07-31,store,card,24.02
2620,189,2025-05-16,store,giftcard,1333.36
2621,1389,2023-11-17,online,giftcard,39.94
2622,1360,2024-03-26,store,applepay,340.06
2623,1179,2024-03-15,online,giftcard,1158.34
2624,958,2025-01-23,store,giftcard,39.63
2625,759,2024-02-14,online,paypal,112.62
2626,1073,2024-07-19,online,applepay,132.41
2627,301,2025-10-27,store,giftcard,108.94
2628,22,2023-11-12,store,applepay,72.01
2629,402,2023-11-23,online,card,48.87
2630,663,2024-12-29,online,card,17747.96
2631,1007,2025-09-15,store,card,1059.72
2632,234,2024-05-08,online,card,925.3
2633,1363,2025-08-20,store,card,657.17
2634,65,2025-01-14,online,card,214.85
2635,47,2024-11-27,store,paypal,4600.76
2636,98,2025-08-23,store,applepay,184.99
2637,1411,2025-10-20,online,applepay,113.59
2638,1211,2024-04-06,online,card,20.0
2639,796,2024-11-19,store,giftcard,169.49
2640,1410,2024-04-22,store,paypal,43.4
2641,2,2025-07-29,online,applepay,111.9
2642,1411,2023-12-03,online,applepay,201.32
2643,1054,2024-11-06,store,giftcard,1998.65
2644,516,2025-07-27,online,card,276.72
2645,480,2024-01-30,store,card,3996.92
2646,1013,2024-07-03,store,paypal,50.63
2647,258,2025-10-13,store,card,119.11
2648,636,2024-11-28,store,paypal,56.36
2649,387,2024-02-04,store,giftcard,1841.51
2650,918,2023-11-30,store,applepay,132.7
2651,136,2024-05-12,store,card,200.55
2652,249,2025-09-20,store,card,219.46
2653,302,2024-10-17,store,card,91.51
2654,682,2025-08-16,online,paypal,573.38
2655,88,2023-11-17,online,paypal,263.22
2656,1439,2024-12-05,store,giftcard,205.95
2657,1042,2025-03-23,store,applepay,66.07
2658,1050,2024-08-14,online,giftcard,219.34
2659,242,2024-11-19,online,applepay,144.47
2660,50,2024-05-10,online,applepay,5993.61
2661,797,2025-02-27,online,card,146.21
2662,637,2025-02-18,store,applepay,114.51
2663,698,2025-10-09,online,paypal,78.02
2664,563,2025-05-10,online,applepay,530.87
2665,42,2024-04-09,online,paypal,2576.36
2666,1388,2025-01-20,store,applepay,269.17
2667,299,2024-12-31,online,card,10362.77
2668,1481,2025-05-03,online,giftcard,709.01
2669,440,2025-04-11,store,giftcard,93.63
2670,493,2024-04-18,store,applepay,187.96
2671,488,2025-10-05,store,card,242.35
2672,1429,2025-08-23,online,paypal,178.08
2673,43,2024-11-01,online,applepay,3024.88
2674,570,2025-07-24,store,applepay,107.71
2675,263,2025-02-14,online,paypal,43.08
2676,113,2024-08-01,store,card,2616.34
2677,375,2024-06-09,store,card,1609.24
2678,21,2025-08-04,store,applepay,49.63
2679,1105,2024-08-31,store,card,838.7
2680,1299,2025-07-06,store,paypal,8516.87
2681,144,2024-01-27,online,card,120.21
2682,945,2023-11-14,online,applepay,26.74
2683,490,2025-07-20,online,paypal,71.09
2684,7,2024-07-15,store,paypal,97.13
2685,285,2025-11-03,store,applepay,3236.41
2686,65,2023-12-16,store,giftcard,146.27
2687,280,2025-06-13,store,paypal,221.92
2688,926,2024-09-11,online,applepay,75.62
2689,1497,2024-11-16,store,applepay,38.7
2690,606,2024-11-19,online,giftcard,16.13
2691,1351,2025-03-12,online,giftcard,14.7
2692,874,2025-04-18,store,paypal,274.56
2693,868,2025-06-25,store,giftcard,34.48
2694,1379,2025-08-15,online,card,171.59
2695,551,2024-03-13,store,card,858.91
2696,1003,2024-01-28,online,paypal,1365.29
2697,145,2025-11-04,online,giftcard,98.9
2698,1022,2025-06-19,store,paypal,7060.98
2699,1178,2024-08-10,online,paypal,113.68
2700,810,2024-01-11,store,giftcard,3085.49
2701,1233,2025-02-03,store,applepay,150.3
2702,1087,2024-02-24,store,paypal,1296.76
2703,447,2025-04-08,store,applepay,147.28
2704,66,2025-06-04,online,paypal,7963.91
2705,92,2025-04-11,online,applepay,24.82
2706,1289,2024-10-30,store,paypal,520.55
2707,6,2025-07-07,online,card,1886.03
2708,853,2024-06-11,store,applepay,162.0
2709,455,2025-03-18,online,paypal,53.61
2710,646,2024-12-19,online,applepay,1750.55
2711,868,2025-06-25,online,applepay,25.61
2712,470,2024-09-15,store,card,105.17
2713,436,2025-08-08,online,applepay,244.18
2714,549,2025-09-16,online,applepay,75.62
2715,1293,2025-02-10,store,applepay,214.14
2716,474,2024-12-01,online,paypal,123.51
2717,893,2024-04-13,store,applepay,13.92
2718,376,2025-04-24,online,paypal,130.69
2719,1104,2024-12-26,online,applepay,6720.18
2720,162,2024-09-13,online,applepay,158.42
2721,1196,2025-09-24,store,applepay,3443.66
2722,1288,2024-02-23,online,applepay,6724.82
2723,1158,2025-05-02,store,applepay,171.0
2724,806,2025-06-28,store,giftcard,230.0
2725,662,2025-06-04,online,paypal,9625.16
2726,497,2023-12-19,store,giftcard,69.49
2727,343,2025-06-12,store,card,62.96
2728,1290,2025-05-29,online,giftcard,24.87
2729,484,2025-01-23,online,applepay,1671.74
2730,250,2025-05-03,store,applepay,4348.99
2731,508,2024-05-23,online,paypal,1635.88
2732,1036,2024-03-23,online,giftcard,59.88
2733,1163,2024-01-20,store,paypal,3814.6
2734,1300,2024-03-14,online,card,61.66
2735,626,2024-01-09,online,card,91.84
2736,564,2023-11-12,online,applepay,30.0
2737,153,2025-03-15,online,applepay,33.27
2738,56,2025-01-23,store,giftcard,216.42
2739,440,2025-02-05,store,giftcard,1823.52
2740,1211,2025-04-04,online,applepay,782.44
2741,1014,2025-05-31,online,giftcard,164.36
2742,746,2025-07-19,online,card,82.69
2743,64,2024-10-07,store,giftcard,106.98
2744,1413,2025-05-24,store,applepay,121.68
2745,1257,2023-11-19,online,card,253.12
2746,1117,2025-05-12,online,giftcard,5748.08
2747,1458,2023-12-29,online,card,116.74
2748,473,2025-03-02,store,card,60.24
2749,1475,2024-02-19,online,paypal,132.1
2750,52,2024-02-09,store,paypal,3354.98
2751,706,2025-05-27,online,card,3377.34
2752,930,2024-01-28,online,paypal,37.46
2753,587,2024-06-11,online,card,128.98
2754,576,2024-04-05,online,paypal,266.8
2755,329,2024-08-30,online,card,10.0
2756,162,2025-08-29,store,applepay,118.56
2757,1075,2024-07-21,online,card,87.02
2758,1085,2025-04-15,online,card,3903.73
2759,958,2025-02-12,store,applepay,3514.97
2760,129,2025-08-20,online,applepay,159.41
2761,1316,2025-09-05,store,card,285.72
2762,616,2025-02-03,store,paypal,220.65
2763,241,2025-05-12,store,applepay,114.66
2764,43,2025-09-17,online,applepay,568.33
2765,394,2024-05-07,store,card,59.54
2766,232,2024-01-04,online,paypal,81.57
2767,235,2024-04-07,store,giftcard,34.97
2768,1363,2024-11-19,store,paypal,53.63
2769,441,2024-08-31,store,giftcard,163.41
2770,643,2025-07-04,store,card,18.31
2771,1115,2025-10-09,online,applepay,1255.99
2772,1416,2024-07-12,store,applepay,158.42
2773,374,2025-03-11,online,applepay,255.67
2774,1480,2025-09-30,store,giftcard,1138.78
2775,264,2025-06-13,online,card,29.68
2776,16,2024-08-19,online,applepay,146.56
2777,1020,2025-02-17,online,giftcard,715.26
2778,1246,2024-07-12,online,paypal,40.65
2779,1391,2025-04-01,online,applepay,131.29
2780,645,2023-11-25,online,applepay,66.03
2781,185,2025-10-01,store,giftcard,89.86
2782,1277,2025-02-19,online,applepay,2434.6
2783,1454,2025-03-27,online,applepay,72.81
2784,80,2024-05-24,online,applepay,4782.81
2785,1300,2025-04-12,store,applepay,401.76
2786,1271,2025-03-18,online,applepay,104.01
2787,149,2025-05-26,online,applepay,2072.59
2788,1047,2025-05-01,store,giftcard,1750.56
2789,1200,2024-08-06,store,applepay,4916.38
2790,1259,2024-05-12,store,paypal,98.66
2791,791,2025-07-15,online,applepay,57.13
2792,974,2025-04-03,online,paypal,201.15
2793,262,2024-02-08,online,paypal,14.06
2794,997,2024-08-12,online,paypal,136.81
2795,869,2025-08-23,store,giftcard,12176.87
2796,600,2024-09-02,online,paypal,77.04
2797,829,2025-05-27,online,applepay,42.78
2798,1321,2023-12-07,online,applepay,1561.98
2799,725,2024-04-07,online,card,5621.72
2800,1487,2025-10-26,store,card,2423.33
2801,1496,2025-08-24,online,card,88.61
2802,472,2025-02-09,store,paypal,4679.97
2803,366,2023-11-15,store,giftcard,1900.22
2804,1297,2025-03-29,online,paypal,297.49
2805,635,2025-04-23,online,applepay,174.43
2806,392,2024-06-23,online,giftcard,190.03
2807,607,2024-09-28,online,paypal,165.65
2808,455,2025-02-04,store,applepay,16779.68
2809,775,2024-02-02,online,applepay,2457.4
2810,1445,2024-10-18,store,giftcard,137.11
2811,894,2024-03-30,store,giftcard,105.73
2812,576,2025-08-28,online,giftcard,180.8
2813,867,2024-12-17,store,paypal,4.09
2814,1003,2024-04-21,store,paypal,74.7
2815,749,2024-03-21,store,giftcard,3483.27
2816,184,2024-05-28,online,applepay,1092.06
2817,607,2024-08-14,store,card,47.15
2818,294,2024-06-03,store,applepay,220.88
2819,1311,2024-03-11,store,paypal,56.05
2820,555,2024-05-15,store,paypal,123.93
2821,1144,2025-09-02,store,paypal,172.91
2822,1493,2025-09-10,online,paypal,167.91
2823,42,2025-09-02,online,giftcard,246.2
2824,847,2025-02-17,online,applepay,217.44
2825,743,2024-12-14,store,giftcard,2907.26
2826,1403,2024-08-28,store,giftcard,11024.36
2827,735,2024-01-09,store,giftcard,7.03
2828,1424,2025-02-06,online,applepay,156.67
2829,1129,2025-05-13,online,paypal,166.17
2830,1326,2024-12-29,online,giftcard,111.54
2831,1257,2024-11-04,online,applepay,104.8
2832,1392,2024-06-16,online,giftcard,93.86
2833,495,2025-02-17,online,giftcard,2788.8
2834,473,2024-11-27,online,giftcard,27.39
2835,248,2024-05-01,online,giftcard,61.64
2836,1043,2023-11-20,store,paypal,245.55
2837,832,2025-04-22,online,paypal,63.9
2838,433,2024-03-19,online,applepay,1629.13
2839,478,2024-04-06,store,applepay,133.37
2840,1454,2025-08-23,store,applepay,173.09
2841,1427,2024-08-17,store,card,74.29
2842,1266,2025-11-06,store,giftcard,2553.85
2843,1421,2024-12-31,store,giftcard,51.13
2844,1421,2025-08-10,store,giftcard,84.46
2845,505,2024-07-07,store,applepay,2168.22
2846,672,2025-08-25,online,giftcard,313.2
2847,139,2025-07-07,store,applepay,220.18
2848,1123,2025-08-23,store,paypal,187.29
2849,1291,2025-03-04,store,giftcard,114.22
2850,589,2024-08-15,online,paypal,156.02
2851,1018,2024-06-10,store,giftcard,2302.5
2852,337,2024-03-23,store,applepay,137.3
2853,1213,2025-01-19,store,card,132.14
2854,508,2025-04-01,store,giftcard,18.48
2855,1266,2025-07-09,store,paypal,2326.41
2856,756,2025-07-23,online,card,185.03
2857,1295,2025-06-12,online,card,3481.36
2858,545,2025-03-19,store,applepay,1059.7
2859,1335,2025-02-22,online,paypal,217.51
2860,470,2025-02-13,online,applepay,3082.6
2861,1207,2024-01-19,store,card,98.73
2862,1460,2024-03-22,store,card,225.69
2863,1480,2024-01-03,online,giftcard,185.25
2864,1335,2024-09-28,online,card,48.73
2865,1016,2024-01-15,store,applepay,1776.8
2866,425,2025-01-07,store,paypal,69.65
2867,1323,2025-10-01,online,paypal,3486.42
2868,108,2024-03-19,online,paypal,154.33
2869,538,2025-05-10,store,paypal,58.91
2870,206,2023-12-23,store,applepay,37.46
2871,450,2025-03-17,online,giftcard,237.43
2872,1198,2025-01-10,online,applepay,37.1
2873,562,2025-09-17,store,giftcard,682.58
2874,266,2025-01-28,store,card,2065.95
2875,269,2025-03-17,store,card,2365.16
2876,1246,2024-07-20,store,applepay,193.41
2877,188,2024-05-06,store,paypal,233.66
2878,249,2025-08-26,store,applepay,173.8
2879,936,2025-10-30,store,applepay,3473.04
2880,572,2024-07-30,store,giftcard,217.5
2881,1166,2023-12-25,store,paypal,100.21
2882,269,2024-06-01,store,applepay,102.41
2883,1355,2024-12-02,store,applepay,53.6
2884,78,2024-08-01,online,applepay,2795.74
2885,287,2025-08-15,store,paypal,7164.78
2886,252,2024-01-21,online,card,48.3
2887,1152,2024-02-27,store,paypal,314.67
2888,730,2024-12-15,online,giftcard,128.19
2889,622,2024-12-13,online,paypal,33.58
2890,323,2024-01-20,online,giftcard,129.14
2891,1279,2024-07-30,store,paypal,3944.53
2892,239,2025-09-30,online,paypal,3451.52
2893,33,2024-04-09,online,card,117.39
2894,1015,2024-12-30,store,paypal,4984.4
2895,1425,2025-05-03,online,giftcard,144.96
2896,457,2024-08-28,store,card,193.2
2897,975,2024-09-12,store,giftcard,142.88
2898,1144,2025-02-15,store,card,62.36
2899,1145,2025-08-31,store,giftcard,334.18
2900,859,2024-09-16,store,paypal,188.34
2901,618,2025-02-07,online,card,156.68
2902,1319,2025-11-08,store,giftcard,65.14
2903,260,2024-11-27,online,applepay,87.19
2904,1369,2024-10-28,online,paypal,74.36
2905,1334,2025-05-17,store,paypal,3978.03
2906,52,2024-09-17,online,applepay,69.73
2907,29,2024-05-12,online,giftcard,49.74
2908,178,2024-01-14,store,applepay,38.72
2909,537,2024-11-01,online,paypal,889.24
2910,996,2025-05-11,store,card,29.64
2911,886,2025-03-19,online,applepay,3037.31
2912,156,2024-04-22,store,applepay,165.91
2913,676,2024-11-04,online,paypal,1351.1
2914,210,2025-07-16,online,paypal,67.3
2915,465,2024-08-07,online,paypal,4703.28
2916,739,2024-10-25,store,paypal,96.32
2917,658,2025-10-12,online,giftcard,66.7
2918,364,2025-01-30,online,giftcard,55.52
2919,141,2025-01-16,store,paypal,283.22
2920,725,2024-10-06,store,paypal,82.03
2921,1050,2024-06-23,store,giftcard,2393.74
2922,774,2025-06-29,online,paypal,5549.13
2923,643,2025-04-08,store,applepay,1937.09
2924,366,2025-01-05,store,giftcard,225.98
2925,643,2024-11-13,online,giftcard,1111.41
2926,756,2024-09-22,online,giftcard,64.56
2927,893,2024-11-23,online,giftcard,1591.72
2928,313,2024-03-03,store,giftcard,35.87
2929,644,2025-05-03,online,card,75.5
2930,198,2025-11-05,store,card,168.89
2931,239,2024-05-16,store,applepay,61.38
2932,974,2025-05-05,store,paypal,169.78
2933,614,2024-12-30,store,paypal,75.6
2934,327,2024-02-14,store,giftcard,1682.88
2935,1368,2025-05-16,store,card,3493.94
2936,1494,2024-10-25,online,applepay,1622.02
2937,207,2025-08-27,online,card,203.46
2938,1315,2024-11-05,store,paypal,1963.29
2939,1250,2023-11-21,online,paypal,438.17
2940,467,2024-07-26,store,giftcard,75.2
2941,275,2024-06-15,store,giftcard,184.9
2942,1099,2025-06-04,online,paypal,5518.01
2943,660,2025-11-06,store,applepay,91.3
2944,717,2023-12-27,online,paypal,32.55
2945,535,2024-02-05,online,paypal,139.24
2946,700,2024-06-01,online,giftcard,176.5
2947,191,2025-01-31,online,giftcard,2478.58
2948,751,2025-09-24,online,giftcard,90.83
2949,162,2025-01-16,store,applepay,1981.95
2950,450,2025-08-28,store,card,97.6
2951,879,2025-05-02,store,giftcard,71.84
2952,363,2024-05-24,online,applepay,228.64
2953,1263,2023-12-03,store,applepay,165.31
2954,530,2024-10-10,store,giftcard,196.34
2955,192,2025-07-23,online,applepay,1215.42
2956,643,2025-03-05,online,applepay,165.71
2957,789,2025-10-29,online,card,119.07
2958,1219,2025-10-30,online,paypal,95.29
2959,41,2025-04-04,store,card,2604.74
2960,826,2024-04-07,store,card,61.13
2961,794,2024-06-26,store,applepay,4160.54
2962,443,2024-05-11,store,paypal,167.55
2963,386,2024-10-27,online,applepay,84.42
2964,1252,2025-01-26,online,applepay,45.63
2965,1498,2024-12-04,store,giftcard,1528.94
2966,1380,2025-05-13,online,card,2086.28
2967,557,2025-11-04,store,card,59.46
2968,1235,2024-10-21,online,paypal,2871.35
2969,1438,2024-04-28,online,paypal,2493.23
2970,567,2025-09-27,online,giftcard,47.81
2971,1390,2024-08-22,online,card,48.37
2972,5,2025-01-28,online,card,145.13
2973,413,2024-05-26,store,giftcard,3110.73
2974,1055,2025-10-09,store,giftcard,278.27
2975,1423,2023-12-05,online,applepay,162.08
2976,62,2025-02-02,store,paypal,193.47
2977,719,2025-01-25,online,giftcard,1642.18
2978,1244,2025-07-29,store,applepay,2788.97
2979,76,2025-01-01,online,giftcard,106.99
2980,364,2025-08-17,online,applepay,6039.48
2981,1012,2025-01-20,store,giftcard,1641.23
2982,1013,2024-03-07,online,applepay,81.1
2983,240,2024-08-20,store,giftcard,155.8
2984,157,2024-02-11,online,paypal,89.32
2985,771,2024-04-06,store,applepay,64.1
2986,70,2024-04-25,store,giftcard,70.06
2987,692,2024-04-21,store,applepay,239.41
2988,378,2025-04-20,online,giftcard,200.47
2989,1048,2025-08-12,online,applepay,1808.37
2990,39,2023-11-15,store,applepay,23.19
2991,1054,2024-07-01,online,giftcard,35.32
2992,750,2024-05-04,store,applepay,266.54
2993,110,2025-01-02,online,paypal,477.53
2994,1328,2024-03-12,store,card,87.25
2995,1409,2025-05-18,store,giftcard,67.78
2996,440,2025-05-29,online,paypal,979.59
2997,378,2025-03-07,store,card,166.64
2998,928,2024-08-26,online,card,199.21
2999,1105,2025-10-29,online,paypal,142.47
3000,234,2024-09-18,online,applepay,3110.29
3001,1207,2024-07-29,store,applepay,267.05
3002,1386,2024-02-03,store,giftcard,297.57
3003,1042,2024-05-15,store,card,165.9
3004,542,2025-04-16,store,card,72.34
3005,1134,2024-11-23,online,giftcard,15308.27
3006,1016,2025-01-02,online,card,1494.66
3007,1296,2025-03-01,online,paypal,2177.83
3008,548,2024-05-06,online,card,313.21
3009,837,2024-05-17,online,paypal,220.37
3010,197,2023-12-14,store,card,2035.96
3011,1489,2024-08-17,store,applepay,1763.82
3012,278,2025-05-17,store,giftcard,91.85
3013,1338,2025-09-04,store,card,188.66
3014,999,2025-10-28,store,giftcard,100.9
3015,1299,2023-11-13,online,giftcard,154.24
3016,894,2025-05-29,online,applepay,1310.88
3017,1102,2024-02-22,online,giftcard,292.54
3018,141,2024-11-17,store,card,285.28
3019,326,2024-08-26,online,paypal,253.28
3020,536,2024-10-13,online,card,3769.4
3021,877,2024-08-21,store,giftcard,3876.94
3022,388,2024-01-02,online,paypal,127.94
3023,1112,2024-08-12,store,applepay,57.82
3024,924,2024-03-02,online,applepay,3459.55
3025,997,2024-03-05,online,card,161.17
3026,1307,2025-05-05,online,applepay,34.66
3027,285,2024-11-27,store,giftcard,152.42
3028,780,2025-07-11,store,paypal,242.88
3029,1374,2025-10-27,online,giftcard,2686.92
3030,688,2023-11-10,online,card,2951.13
3031,322,2025-01-31,online,paypal,488.7
3032,583,2024-05-01,store,giftcard,1698.23
3033,1,2025-10-28,online,card,290.77
3034,271,2024-02-06,store,giftcard,1386.67
3035,41,2025-02-28,online,giftcard,262.26
3036,1405,2024-04-05,online,applepay,1958.27
3037,771,2025-03-15,store,paypal,66.81
3038,572,2024-06-24,store,card,43.27
3039,210,2024-05-02,online,applepay,149.26
3040,1099,2024-01-14,online,paypal,253.68
3041,996,2025-10-11,store,applepay,4068.24
3042,1297,2025-01-15,online,card,238.44
3043,1259,2024-04-24,online,applepay,1471.4
3044,369,2025-03-11,store,giftcard,206.82
3045,538,2024-07-01,online,giftcard,104.77
3046,638,2024-05-22,online,applepay,162.28
3047,510,2024-01-03,store,card,264.52
3048,6,2024-04-11,store,card,101.0
3049,901,2024-08-22,online,card,180.67
3050,441,2024-12-01,store,applepay,71.49
3051,215,2025-04-10,online,card,276.09
3052,285,2023-11-17,store,giftcard,130.91
3053,1400,2024-10-15,online,paypal,106.5
3054,658,2024-01-16,store,giftcard,50.92
3055,701,2024-12-20,store,applepay,2961.51
3056,644,2025-01-31,store,applepay,241.1
3057,114,2024-02-27,store,paypal,180.45
3058,331,2024-05-29,store,paypal,95.38
3059,160,2025-04-18,store,applepay,518.14
3060,1297,2025-07-01,online,card,100.44
3061,566,2024-10-12,store,applepay,309.81
3062,1000,2023-12-04,online,paypal,219.21
3063,181,2023-11-18,online,paypal,278.97
3064,90,2025-05-11,store,applepay,194.89
3065,1192,2023-11-20,store,card,107.62
3066,394,2024-05-20,online,giftcard,49.28
3067,116,2024-10-05,online,card,149.48
3068,161,2024-06-19,online,giftcard,222.3
3069,700,2024-04-18,store,giftcard,187.85
3070,181,2025-07-15,store,giftcard,199.75
3071,178,2025-01-18,online,card,172.24
3072,1346,2024-01-03,online,giftcard,205.1
3073,785,2025-05-28,online,card,6158.41
3074,192,2025-02-18,store,giftcard,3662.28
3075,149,2025-08-09,online,giftcard,78.26
3076,1315,2024-01-12,store,card,1833.35
3077,64,2023-12-22,store,applepay,38.83
3078,364,2024-01-01,online,card,4759.22
3079,404,2025-04-09,online,card,174.4
3080,1380,2024-06-09,store,applepay,3681.97
3081,42,2025-04-18,store,card,142.55
3082,71,2024-07-20,online,giftcard,161.46
3083,15,2024-01-21,online,card,2146.37
3084,193,2023-12-18,online,paypal,1104.64
3085,430,2025-05-05,online,giftcard,222.87
3086,753,2024-07-07,store,paypal,59.81
3087,1148,2025-10-21,online,card,169.25
3088,305,2024-09-15,store,giftcard,45.78
3089,241,2024-06-04,online,card,246.79
3090,1467,2025-01-10,store,giftcard,154.36
3091,193,2024-12-26,online,paypal,2710.26
3092,132,2025-09-24,store,paypal,143.31
3093,1041,2024-08-16,online,paypal,223.2
3094,1097,2024-05-31,online,paypal,49.68
3095,163,2024-02-16,online,applepay,138.44
3096,449,2024-10-20,store,paypal,162.53
3097,943,2024-05-25,online,giftcard,46.87
3098,398,2024-07-08,store,paypal,728.16
3099,448,2025-03-17,store,paypal,41.1
3100,1485,2024-12-30,online,card,108.99
3101,681,2025-06-17,online,paypal,1073.23
3102,1221,2025-03-09,store,paypal,2263.52
3103,1074,2024-04-29,online,card,106.66
3104,334,2024-11-06,online,paypal,296.03
3105,112,2025-02-12,online,applepay,47.09
3106,1098,2024-07-23,store,applepay,135.8
3107,1196,2024-10-23,online,paypal,137.37
3108,508,2024-06-24,online,giftcard,106.97
3109,725,2023-12-05,online,card,266.99
3110,1338,2025-09-27,online,applepay,2851.43
3111,523,2025-03-02,online,giftcard,110.66
3112,83,2024-03-26,online,applepay,2686.89
3113,413,2024-02-10,online,paypal,3003.47
3114,1161,2025-02-03,store,giftcard,256.23
3115,1148,2024-09-10,store,applepay,253.61
3116,1482,2024-12-03,online,applepay,142.77
3117,353,2024-07-15,store,card,100.15
3118,1307,2024-10-11,online,card,218.28
3119,713,2024-10-29,online,applepay,102.3
3120,1345,2025-11-08,store,card,132.83
3121,173,2024-06-24,store,applepay,63.01
3122,515,2025-05-17,online,card,167.11
3123,638,2024-07-30,store,paypal,104.64
3124,1452,2024-04-29,store,paypal,140.74
3125,1484,2025-04-14,store,applepay,164.16
3126,1491,2024-05-13,online,paypal,121.34
3127,1113,2025-01-05,store,applepay,2350.25
3128,947,2025-03-14,online,applepay,131.07
3129,842,2024-07-08,online,applepay,3327.09
3130,645,2025-06-18,store,applepay,2220.21
3131,179,2025-02-11,store,paypal,3356.8
3132,374,2024-04-12,store,giftcard,87.53
3133,117,2023-12-21,online,giftcard,105.34
3134,279,2025-05-23,online,giftcard,239.31
3135,1030,2024-09-30,store,applepay,57.09
3136,719,2024-07-06,online,applepay,315.51
3137,722,2024-10-17,store,card,6570.35
3138,351,2024-10-05,store,applepay,4645.27
3139,658,2024-05-12,online,applepay,57.91
3140,794,2024-10-13,store,applepay,81.45
3141,149,2024-11-06,online,paypal,54.28
3142,134,2025-08-16,store,paypal,133.81
3143,902,2024-07-07,store,card,151.82
3144,421,2023-12-06,online,giftcard,4561.58
3145,1484,2024-01-27,online,card,151.03
3146,708,2025-04-15,online,card,132.66
3147,811,2025-10-18,store,paypal,87.06
3148,233,2024-05-30,store,giftcard,977.72
3149,869,2024-12-13,online,card,164.17
3150,1119,2025-10-05,online,paypal,66.87
3151,847,2024-09-05,store,paypal,2945.02
3152,619,2025-01-18,store,paypal,136.75
3153,294,2024-07-12,store,giftcard,32.07
3154,803,2025-11-03,store,paypal,1917.23
3155,1183,2025-03-29,online,card,138.0
3156,61,2024-01-09,online,giftcard,104.9
3157,398,2024-08-06,online,applepay,318.94
3158,1184,2025-05-24,store,paypal,58.23
3159,943,2025-01-08,store,applepay,31.12
3160,361,2025-07-11,online,applepay,118.59
3161,343,2025-10-07,store,giftcard,215.67
3162,664,2025-05-01,store,giftcard,2389.98
3163,358,2024-06-22,store,paypal,147.77
3164,1479,2024-12-06,online,paypal,939.09
3165,77,2025-08-22,store,giftcard,6425.87
3166,901,2024-12-26,store,paypal,174.27
3167,1424,2024-03-08,online,applepay,256.06
3168,1255,2025-05-19,store,giftcard,143.32
3169,584,2024-02-20,online,applepay,10854.53
3170,697,2025-04-21,online,paypal,2062.32
3171,247,2024-01-21,store,applepay,5250.51
3172,510,2023-12-09,store,giftcard,146.76
3173,112,2025-01-31,online,card,61.43
3174,1122,2024-10-23,online,applepay,2528.43
3175,1159,2024-11-08,online,applepay,1878.72
3176,1027,2025-07-17,store,giftcard,3550.63
3177,65,2025-10-23,online,paypal,45.92
3178,1265,2024-12-26,store,applepay,2773.57
3179,809,2025-06-29,store,applepay,3928.43
3180,639,2024-12-15,online,card,2764.13
3181,389,2025-03-18,online,giftcard,3134.65
3182,1196,2024-11-25,store,paypal,181.75
3183,1262,2024-03-22,store,giftcard,2637.78
3184,65,2024-12-11,store,card,203.83
3185,386,2025-03-08,store,paypal,832.1
3186,1121,2024-09-05,store,giftcard,142.72
3187,1398,2024-04-01,online,applepay,99.47
3188,351,2024-07-05,online,applepay,5452.01
3189,1222,2025-07-02,store,card,324.32
3190,1065,2024-02-14,store,giftcard,255.22
3191,868,2025-09-05,online,card,76.23
3192,408,2025-08-14,store,applepay,59.3
3193,100,2024-11-20,store,card,66.46
3194,349,2025-05-18,store,giftcard,197.28
3195,1087,2025-05-22,store,card,359.18
3196,810,2024-06-30,online,paypal,211.73
3197,397,2025-09-13,store,paypal,71.98
3198,634,2025-04-04,online,applepay,1267.31
3199,1105,2024-10-23,store,giftcard,132.08
3200,296,2024-06-26,store,paypal,241.09
3201,1274,2025-05-20,online,paypal,3588.75
3202,191,2024-09-16,store,paypal,241.99
3203,1188,2025-08-14,online,applepay,19.79
3204,1375,2023-11-24,online,giftcard,36.7
3205,595,2025-03-31,online,paypal,56.69
3206,1438,2025-04-22,store,applepay,149.34
3207,311,2025-02-18,store,card,987.89
3208,132,2023-12-18,online,giftcard,105.95
3209,655,2024-02-29,store,giftcard,773.25
3210,496,2025-05-26,store,applepay,151.15
3211,76,2023-11-27,store,applepay,750.59
3212,388,2024-09-30,store,card,36.59
3213,982,2024-01-25,store,paypal,129.3
3214,72,2024-06-14,online,card,211.09
3215,705,2023-12-16,online,paypal,23.14
3216,1047,2024-09-02,store,giftcard,78.38
3217,1251,2025-04-15,store,applepay,95.76
3218,1081,2024-11-15,store,giftcard,165.67
3219,1339,2025-03-17,store,applepay,150.51
3220,1023,2025-02-06,store,paypal,1147.37
3221,840,2024-11-07,store,applepay,176.42
3222,1029,2024-12-17,store,card,290.03
3223,1046,2024-10-11,store,card,182.43
3224,1355,2024-10-17,online,card,63.91
3225,1394,2024-11-25,online,paypal,36.26
3226,325,2024-12-30,store,card,1382.95
3227,600,2024-02-04,online,giftcard,171.28
3228,508,2025-04-19,online,giftcard,103.58
3229,1414,2024-06-27,online,giftcard,160.19
3230,521,2024-04-22,store,applepay,42.87
3231,283,2025-08-07,store,applepay,116.58
3232,304,2024-03-06,store,applepay,3687.83
3233,43,2024-05-03,store,paypal,53.76
3234,272,2024-10-29,online,card,110.22
3235,1240,2024-09-04,online,card,840.66
3236,63,2024-04-18,online,card,274.41
3237,186,2024-07-07,online,giftcard,997.43
3238,1123,2025-06-10,store,paypal,2401.51
3239,341,2024-04-08,online,giftcard,48.0
3240,1090,2024-04-04,online,giftcard,44.42
3241,1163,2025-07-07,store,card,26.81
3242,80,2025-04-30,online,giftcard,59.15
3243,560,2024-03-14,online,card,100.67
3244,666,2023-11-24,online,card,3556.84
3245,1247,2024-09-27,online,paypal,1903.15
3246,380,2025-10-19,store,applepay,245.38
3247,1301,2025-09-28,online,giftcard,137.01
3248,1409,2024-12-13,store,card,92.89
3249,1308,2024-02-03,online,giftcard,78.46
3250,77,2024-11-23,store,paypal,182.41
3251,333,2025-09-09,online,paypal,3435.37
3252,693,2025-03-21,store,giftcard,102.79
3253,355,2025-02-01,online,applepay,262.41
3254,607,2024-11-23,store,card,1307.02
3255,1412,2024-02-22,online,paypal,164.9
3256,638,2024-03-07,online,paypal,2728.59
3257,1254,2025-06-30,online,applepay,1477.46
3258,1377,2024-07-04,store,paypal,1915.48
3259,1127,2024-01-13,online,paypal,61.1
3260,574,2024-08-30,online,applepay,66.63
3261,255,2025-04-10,store,giftcard,225.5
3262,1277,2024-02-24,online,giftcard,280.66
3263,268,2024-10-07,store,applepay,102.32
3264,1141,2024-02-16,online,paypal,97.27
3265,591,2025-09-22,online,card,105.32
3266,444,2024-01-13,store,giftcard,119.85
3267,1013,2024-06-20,store,card,159.58
3268,63,2024-02-03,store,paypal,49.56
3269,788,2023-11-26,online,paypal,187.31
3270,149,2023-12-28,store,card,209.66
3271,624,2024-10-14,store,paypal,93.16
3272,1387,2025-06-01,online,giftcard,318.8
3273,239,2025-08-13,online,giftcard,36.69
3274,534,2023-12-18,online,giftcard,89.93
3275,1028,2025-09-16,online,paypal,2659.84
3276,735,2024-09-05,online,applepay,65.38
3277,1219,2025-05-29,store,applepay,2599.85
3278,614,2024-05-28,store,card,43.02
3279,774,2025-07-05,store,paypal,196.19
3280,112,2024-04-11,store,card,92.45
3281,598,2024-11-14,online,paypal,157.14
3282,713,2023-12-22,online,paypal,5263.25
3283,288,2024-03-26,online,card,59.19
3284,1324,2024-05-17,online,giftcard,170.62
3285,1396,2024-05-26,online,card,59.73
3286,39,2025-08-29,online,applepay,41.32
3287,1186,2025-06-15,store,paypal,68.62
3288,709,2024-12-18,online,paypal,49.34
3289,1434,2024-04-03,online,card,100.04
3290,663,2025-05-12,store,giftcard,10093.24
3291,1339,2023-12-01,store,applepay,200.23
3292,1086,2024-02-17,online,giftcard,52.84
3293,1046,2024-08-13,online,paypal,132.32
3294,114,2025-09-02,online,card,1748.42
3295,173,2025-08-13,online,giftcard,48.22
3296,812,2023-11-15,store,giftcard,106.55
3297,972,2025-02-15,online,applepay,565.96
3298,84,2024-04-01,store,applepay,68.95
3299,459,2024-05-29,store,paypal,30.0
3300,900,2024-03-17,online,applepay,1659.15
3301,1001,2025-05-23,online,paypal,669.32
3302,738,2024-11-05,store,paypal,196.71
3303,191,2025-03-29,store,giftcard,185.57
3304,125,2023-12-22,store,applepay,63.3
3305,94,2024-03-30,online,applepay,70.71
3306,1487,2024-10-06,store,paypal,168.59
3307,229,2024-03-16,online,card,316.39
3308,1361,2024-03-17,store,paypal,26.47
3309,813,2025-10-14,online,applepay,4205.63
3310,1028,2024-04-06,store,applepay,98.45
3311,606,2025-02-14,online,giftcard,424.87
3312,3,2024-05-02,store,applepay,177.72
3313,1114,2024-01-14,online,card,228.05
3314,1439,2025-01-27,online,paypal,172.5
3315,847,2025-07-17,store,applepay,4696.13
3316,87,2024-09-14,online,giftcard,190.65
3317,670,2024-03-25,online,paypal,284.44
3318,1230,2025-08-29,online,paypal,123.89
3319,1121,2024-06-07,store,giftcard,229.29
3320,1267,2024-09-18,store,applepay,84.09
3321,1413,2025-05-20,online,giftcard,13.16
3322,1449,2025-07-04,store,card,1720.83
3323,1357,2024-09-24,online,applepay,185.26
3324,1013,2024-10-04,store,card,205.51
3325,335,2025-07-27,store,giftcard,8536.93
3326,141,2024-05-14,store,paypal,3625.7
3327,139,2025-07-09,online,card,1512.28
3328,794,2025-06-24,store,giftcard,5018.59
3329,1065,2025-07-17,store,giftcard,210.45
3330,1436,2025-10-11,online,paypal,7483.33
3331,341,2025-02-09,online,giftcard,2698.03
3332,929,2025-05-05,store,applepay,19.59
3333,251,2024-11-18,store,paypal,601.8
3334,1155,2025-05-11,store,card,63.44
3335,134,2023-12-01,online,paypal,1692.69
3336,799,2023-12-23,online,applepay,628.51
3337,1089,2025-03-14,online,paypal,39.34
3338,259,2025-06-12,store,card,38.56
3339,1009,2025-08-03,store,paypal,111.05
3340,1176,2024-11-08,store,giftcard,40.98
3341,9,2024-09-10,store,giftcard,62.91
3342,654,2025-09-03,online,giftcard,64.53
3343,1457,2023-11-12,store,paypal,132.93
3344,986,2024-02-12,store,applepay,177.07
3345,791,2025-02-09,store,giftcard,77.3
3346,594,2024-06-08,store,giftcard,234.97
3347,1024,2025-02-18,store,card,1389.78
3348,105,2025-09-29,online,paypal,40.53
3349,709,2025-11-03,store,applepay,240.97
3350,1336,2024-06-02,online,card,2379.7
3351,129,2024-09-24,store,card,69.5
3352,136,2024-12-28,online,giftcard,66.49
3353,1350,2025-08-03,store,giftcard,5750.47
3354,33,2024-11-16,store,paypal,108.84
3355,632,2024-12-14,store,card,221.9
3356,551,2024-09-08,online,card,103.86
3357,390,2025-02-15,store,applepay,149.91
3358,757,2025-06-17,store,giftcard,30.09
3359,134,2025-07-25,store,card,257.34
3360,209,2025-08-20,store,applepay,98.89
3361,1028,2024-03-12,online,applepay,897.77
3362,616,2024-10-06,store,paypal,10.54
3363,697,2024-11-16,online,applepay,5521.87
3364,140,2024-11-19,store,paypal,108.23
3365,631,2025-05-23,online,card,241.47
3366,1168,2024-02-21,store,card,152.31
3367,1109,2024-08-29,online,card,262.42
3368,1343,2024-07-14,store,paypal,177.41
3369,821,2024-11-21,online,paypal,3079.07
3370,1023,2023-11-30,store,paypal,168.89
3371,1027,2024-09-18,online,paypal,166.59
3372,132,2024-04-27,store,giftcard,68.11
3373,1356,2024-09-17,store,paypal,22.28
3374,867,2024-01-20,online,giftcard,2082.47
3375,457,2024-05-05,online,applepay,106.75
3376,1347,2024-07-09,online,giftcard,10464.64
3377,1432,2024-08-10,online,applepay,46.78
3378,1476,2025-01-17,store,card,36.88
3379,388,2025-06-24,online,giftcard,309.8
3380,1436,2025-10-03,online,paypal,51.29
3381,613,2025-04-17,online,giftcard,1445.6
3382,875,2025-03-26,store,applepay,2771.3
3383,926,2024-07-09,online,applepay,216.3
3384,527,2025-02-14,store,applepay,253.88
3385,141,2025-05-30,store,card,800.77
3386,1344,2025-08-09,store,paypal,104.61
3387,1140,2025-08-16,online,paypal,4983.84
3388,646,2023-11-16,online,giftcard,2064.93
3389,427,2025-09-05,store,applepay,64.52
3390,1435,2024-07-30,online,giftcard,192.15
3391,408,2024-11-22,online,paypal,193.02
3392,1054,2025-05-25,online,card,200.98
3393,1077,2024-06-20,store,giftcard,3904.93
3394,1279,2023-12-02,online,giftcard,246.32
3395,1217,2024-04-06,online,applepay,1827.8
3396,700,2024-03-11,store,giftcard,74.47
3397,1222,2025-10-13,online,giftcard,225.61
3398,521,2025-09-06,online,card,58.7
3399,962,2024-04-24,store,applepay,238.94
3400,270,2025-05-05,store,card,173.79
3401,87,2024-04-27,online,applepay,5166.57
3402,994,2024-02-28,online,paypal,77.18
3403,594,2024-02-14,online,card,3529.91
3404,1203,2024-04-30,online,card,67.39
3405,558,2025-10-15,store,card,74.3
3406,1345,2025-04-17,store,paypal,1002.64
3407,632,2024-06-26,store,card,176.42
3408,314,2025-04-18,store,paypal,188.27
3409,1131,2023-11-09,store,applepay,76.65
3410,174,2024-07-24,online,card,66.42
3411,217,2024-04-08,store,card,73.45
3412,44,2024-09-10,online,paypal,123.86
3413,1227,2025-02-16,online,applepay,3183.52
3414,1,2024-11-27,online,applepay,2731.6
3415,1458,2025-10-28,store,giftcard,209.22
3416,122,2024-09-22,store,applepay,212.37
3417,520,2025-10-06,store,giftcard,876.05
3418,1389,2024-12-15,online,giftcard,88.79
3419,590,2024-07-08,online,applepay,239.24
3420,314,2024-02-22,online,applepay,966.05
3421,1158,2024-05-25,store,card,66.17
3422,344,2024-04-30,online,card,1884.8
3423,881,2023-11-30,store,paypal,224.26
3424,915,2025-05-23,online,card,53.1
3425,475,2023-12-13,online,paypal,81.22
3426,1351,2025-02-24,store,applepay,84.62
3427,1421,2024-08-12,store,card,899.87
3428,78,2024-09-08,online,applepay,55.64
3429,514,2025-06-19,online,giftcard,1640.41
3430,1137,2024-03-12,online,card,179.83
3431,1365,2025-06-17,store,applepay,136.78
3432,490,2023-11-09,online,card,60.12
3433,183,2024-09-02,store,giftcard,130.03
3434,562,2025-02-19,online,paypal,177.07
3435,1365,2024-05-08,store,applepay,5096.03
3436,114,2024-06-08,store,applepay,209.68
3437,741,2025-05-24,online,paypal,189.37
3438,320,2023-12-30,online,card,234.25
3439,565,2024-06-09,store,card,147.19
3440,443,2025-06-03,online,giftcard,120.13
3441,512,2024-03-11,online,giftcard,44.92
3442,1206,2025-03-29,online,card,152.48
3443,994,2024-04-03,store,applepay,700.0
3444,1229,2024-07-07,online,applepay,111.7
3445,347,2024-03-07,store,applepay,109.08
3446,625,2023-12-18,online,paypal,99.56
3447,1348,2025-03-03,store,giftcard,4447.89
3448,1168,2025-07-08,online,giftcard,160.1
3449,536,2025-09-05,store,card,135.1
3450,1352,2024-09-04,store,paypal,1735.21
3451,1078,2025-02-12,store,card,3413.8
3452,739,2024-04-25,store,applepay,278.38
3453,894,2024-06-26,store,card,24.62
3454,1196,2025-04-29,store,giftcard,210.66
3455,794,2024-06-29,online,applepay,108.78
3456,1408,2024-02-11,store,card,185.68
3457,1323,2024-03-13,store,applepay,83.57
3458,552,2024-07-15,online,giftcard,79.06
3459,549,2025-10-12,online,card,158.85
3460,709,2025-09-01,online,paypal,1851.44
3461,823,2024-08-10,store,giftcard,1925.98
3462,838,2023-12-01,online,card,44.84
3463,1326,2025-11-05,store,paypal,104.09
3464,227,2025-08-07,store,card,96.95
3465,628,2023-11-29,store,applepay,36.19
3466,153,2024-10-23,online,applepay,59.24
3467,412,2025-06-15,online,paypal,194.75
3468,139,2024-12-31,online,applepay,152.49
3469,1449,2024-11-24,online,card,40.58
3470,832,2025-07-09,online,giftcard,82.88
3471,321,2024-11-03,online,paypal,5711.8
3472,784,2025-09-08,store,applepay,671.73
3473,912,2025-04-25,store,card,104.25
3474,1290,2025-09-22,store,paypal,29.93
3475,1173,2024-08-24,online,card,153.61
3476,838,2025-07-27,store,giftcard,115.8
3477,866,2025-01-05,store,applepay,209.36
3478,1145,2025-05-13,store,card,215.18
3479,1239,2024-02-15,store,card,7887.72
3480,624,2023-12-28,online,giftcard,3864.77
3481,1000,2024-04-13,store,card,271.29
3482,56,2024-11-28,online,paypal,126.42
3483,1095,2024-09-11,online,giftcard,102.52
3484,251,2025-09-17,store,paypal,1024.41
3485,143,2024-07-14,online,giftcard,96.71
3486,742,2025-07-09,online,paypal,1929.01
3487,1089,2025-06-18,store,applepay,811.44
3488,804,2025-09-29,store,card,609.68
3489,600,2023-12-08,store,card,1999.38
3490,644,2024-08-14,online,giftcard,58.75
3491,1141,2024-12-04,store,card,139.32
3492,496,2024-05-12,store,applepay,25.18
3493,13,2024-03-08,store,paypal,25.99
3494,1324,2025-08-10,store,applepay,274.59
3495,1235,2025-02-20,online,applepay,57.63
3496,736,2024-04-07,online,card,114.1
3497,224,2025-01-05,online,giftcard,48.95
3498,407,2024-10-16,store,card,1204.31
3499,1326,2024-06-30,online,applepay,99.51
3500,532,2025-07-20,online,applepay,166.6
3501,1479,2025-06-19,online,paypal,79.95
3502,517,2025-04-01,online,paypal,64.13
3503,1105,2025-07-29,store,paypal,118.24
3504,1415,2025-08-16,store,giftcard,13.14
3505,979,2025-03-27,store,card,79.6
3506,548,2024-08-16,online,applepay,138.99
3507,291,2025-10-15,store,applepay,68.72
3508,1443,2024-02-23,online,giftcard,134.9
3509,1493,2025-03-12,online,applepay,1846.4
3510,924,2024-03-27,online,applepay,62.89
3511,264,2025-05-18,store,applepay,28.37
3512,407,2025-06-04,online,card,21.71
3513,56,2025-09-22,store,giftcard,123.37
3514,970,2024-02-18,online,applepay,3780.37
3515,214,2025-08-09,online,giftcard,227.36
3516,901,2023-11-25,store,card,131.57
3517,474,2025-06-14,store,giftcard,215.92
3518,1355,2024-04-19,online,applepay,69.65
3519,1225,2024-07-10,store,paypal,17.68
3520,483,2024-03-16,store,giftcard,366.99
3521,1500,2024-07-31,store,paypal,6725.28
3522,1096,2024-10-12,store,paypal,4153.46
3523,1451,2024-08-31,store,card,2549.25
3524,633,2025-03-21,store,giftcard,3685.5
3525,69,2023-11-23,online,applepay,2618.04
3526,56,2025-09-04,store,applepay,10995.22
3527,1285,2024-05-18,online,applepay,167.84
3528,1317,2024-08-28,store,applepay,143.55
3529,1358,2025-03-13,online,card,42.52
3530,1399,2025-08-22,store,applepay,61.06
3531,1453,2024-02-18,online,card,118.34
3532,697,2025-10-27,online,paypal,1631.37
3533,805,2024-10-26,store,paypal,60.58
3534,1167,2025-07-01,online,applepay,65.49
3535,905,2024-12-05,online,giftcard,133.56
3536,831,2025-04-28,store,card,132.72
3537,1206,2023-11-21,online,paypal,216.42
3538,494,2025-11-01,store,giftcard,99.14
3539,602,2024-10-07,store,applepay,45.93
3540,884,2024-04-27,store,applepay,39.99
3541,556,2023-12-21,store,paypal,4183.36
3542,1145,2025-04-30,online,card,1504.66
3543,356,2024-07-24,store,card,108.5
3544,845,2025-06-22,store,paypal,189.8
3545,499,2025-07-21,store,giftcard,36.28
3546,295,2025-10-10,online,card,74.67
3547,76,2023-12-18,store,paypal,106.1
3548,387,2025-08-31,store,card,2436.04
3549,809,2025-09-01,online,giftcard,4880.47
3550,229,2024-06-19,online,paypal,131.22
3551,1344,2025-07-11,online,giftcard,3817.41
3552,1222,2025-10-19,online,card,3636.26
3553,1112,2024-09-20,store,applepay,891.97
3554,616,2024-03-21,store,applepay,2314.63
3555,515,2025-08-04,store,applepay,31.93
3556,946,2025-07-11,online,applepay,1652.19
3557,1061,2025-02-15,store,giftcard,2486.93
3558,525,2025-08-15,online,paypal,53.34
3559,1104,2025-05-04,store,applepay,158.98
3560,537,2025-08-14,store,giftcard,55.48
3561,844,2025-04-17,store,paypal,111.22
3562,633,2025-03-09,store,paypal,1497.88
3563,542,2024-08-16,store,giftcard,4614.68
3564,651,2024-11-09,online,paypal,190.67
3565,909,2025-06-15,online,applepay,31.3
3566,728,2024-11-04,store,applepay,191.11
3567,980,2025-02-15,online,applepay,63.7
3568,546,2024-12-04,store,card,121.08
3569,1395,2024-02-08,online,paypal,267.9
3570,366,2025-01-09,online,card,1994.1
3571,689,2024-09-07,online,giftcard,291.06
3572,46,2024-09-20,online,card,155.04
3573,762,2025-04-05,store,applepay,300.0
3574,901,2025-08-10,online,card,5459.78
3575,1281,2024-04-05,store,card,1366.44
3576,589,2025-11-06,store,giftcard,153.88
3577,358,2024-09-27,online,giftcard,80.8
3578,1192,2024-10-23,store,applepay,39.09
3579,33,2023-12-06,store,giftcard,66.77
3580,519,2024-07-23,store,paypal,59.06
3581,701,2025-05-16,online,applepay,47.61
3582,502,2024-10-03,store,giftcard,13130.65
3583,1128,2025-05-12,online,applepay,2767.59
3584,30,2025-08-01,store,giftcard,342.34
3585,337,2024-08-26,store,applepay,159.35
3586,1202,2024-08-14,online,giftcard,223.42
3587,64,2024-09-10,online,giftcard,158.51
3588,310,2024-03-07,online,card,545.41
3589,949,2024-09-28,store,giftcard,215.87
3590,849,2024-08-24,online,card,67.5
3591,600,2024-05-01,online,applepay,180.43
3592,310,2024-02-21,store,card,44.8
3593,795,2025-01-04,online,giftcard,104.4
3594,324,2024-11-20,store,applepay,161.73
3595,221,2025-10-28,store,paypal,160.35
3596,1204,2023-12-26,online,paypal,1532.44
3597,266,2025-09-29,online,giftcard,63.78
3598,69,2024-09-29,store,giftcard,698.78
3599,561,2025-05-01,online,paypal,191.46
3600,466,2024-04-04,online,applepay,667.37
3601,458,2024-09-09,store,applepay,1614.49
3602,783,2025-10-19,online,card,157.21
3603,689,2024-12-16,store,applepay,134.03
3604,1260,2024-02-10,online,applepay,18209.98
3605,793,2024-12-25,online,paypal,141.87
3606,1221,2025-05-16,online,applepay,89.06
3607,692,2024-08-02,online,applepay,69.62
3608,605,2024-03-13,store,applepay,75.9
3609,553,2025-07-07,store,paypal,57.69
3610,996,2024-10-22,store,giftcard,1360.17
3611,409,2024-01-01,online,applepay,196.16
3612,1064,2024-10-06,store,applepay,2853.67
3613,545,2023-12-12,store,card,175.96
3614,1140,2024-07-19,online,applepay,2377.04
3615,983,2024-08-08,online,applepay,180.23
3616,253,2024-08-04,store,card,2163.7
3617,427,2024-10-04,store,card,68.18
3618,904,2024-06-17,store,paypal,1647.9
3619,480,2024-08-01,online,card,167.44
3620,578,2025-08-08,online,paypal,2500.0
3621,609,2023-12-31,store,card,18.15
3622,830,2025-01-26,store,giftcard,30.06
3623,104,2025-08-07,store,giftcard,44.28
3624,471,2024-08-20,store,card,230.92
3625,1075,2024-01-06,store,giftcard,59.92
3626,14,2025-09-25,store,applepay,3387.58
3627,422,2024-12-22,store,applepay,145.14
3628,1158,2024-10-16,store,applepay,123.2
3629,167,2025-06-21,online,card,168.38
3630,740,2025-10-03,online,applepay,76.72
3631,634,2024-11-17,store,card,80.32
3632,590,2025-08-19,store,paypal,60.26
3633,1105,2023-11-18,online,giftcard,166.01
3634,1316,2025-06-01,store,applepay,201.94
3635,488,2025-04-08,store,giftcard,4275.26
3636,489,2025-04-27,store,applepay,170.43
3637,632,2024-04-26,store,applepay,113.51
3638,701,2024-10-25,store,giftcard,407.11
3639,1328,2025-08-02,online,giftcard,83.13
3640,1106,2024-01-09,store,card,133.77
3641,795,2024-05-03,online,paypal,78.1
3642,413,2024-06-28,store,giftcard,88.97
3643,1402,2024-02-18,online,applepay,175.05
3644,268,2025-07-24,store,card,865.9
3645,1011,2025-05-02,online,applepay,246.11
3646,859,2023-12-11,online,applepay,1579.98
3647,501,2024-12-23,store,giftcard,2056.69
3648,926,2024-10-02,store,card,713.77
3649,1462,2023-12-31,online,card,37.99
3650,508,2025-03-19,online,giftcard,102.98
3651,1458,2024-03-14,online,giftcard,29.82
3652,1237,2025-09-01,online,applepay,137.16
3653,1420,2024-09-06,online,applepay,130.28
3654,1203,2024-09-23,store,paypal,75.23
3655,366,2025-01-20,store,card,124.72
3656,1015,2024-05-21,store,paypal,21.87
3657,554,2025-05-15,store,card,41.89
3658,1316,2023-11-13,store,paypal,2206.83
3659,958,2024-03-11,online,card,131.65
3660,814,2024-11-18,online,applepay,2458.95
3661,1350,2024-07-29,store,card,115.92
3662,697,2024-02-19,store,giftcard,2497.78
3663,235,2025-08-30,store,applepay,13.84
3664,121,2024-12-11,online,paypal,1232.99
3665,141,2025-10-01,online,giftcard,82.62
3666,335,2023-11-22,online,card,214.42
3667,129,2025-04-24,store,paypal,912.43
3668,1302,2024-05-31,online,giftcard,52.15
3669,599,2025-06-29,store,card,244.3
3670,956,2025-01-12,online,applepay,110.76
3671,1215,2024-06-20,online,paypal,137.34
3672,764,2025-03-03,store,giftcard,3756.45
3673,1466,2025-03-31,store,applepay,67.74
3674,118,2023-11-20,online,giftcard,74.93
3675,303,2025-06-04,store,paypal,29.77
3676,1150,2023-12-10,store,card,2619.02
3677,798,2024-07-15,online,paypal,247.93
3678,1465,2025-10-08,online,paypal,1046.77
3679,40,2025-07-21,store,applepay,204.76
3680,1106,2025-03-09,store,applepay,29.23
3681,151,2025-10-09,store,applepay,21.73
3682,754,2025-10-14,store,card,32.4
3683,278,2024-07-31,online,applepay,65.31
3684,935,2024-01-10,store,card,162.76
3685,36,2025-06-01,store,giftcard,3187.69
3686,436,2024-12-01,store,card,3730.06
3687,244,2025-06-30,online,applepay,218.54
3688,675,2024-03-24,store,card,179.89
3689,1038,2025-11-06,online,paypal,6293.79
3690,1105,2024-07-04,online,giftcard,20.0
3691,760,2024-01-05,online,giftcard,75.18
3692,906,2024-08-12,store,paypal,2984.95
3693,957,2025-07-01,store,paypal,2824.29
3694,840,2024-12-31,online,paypal,2587.64
3695,1454,2025-05-16,online,paypal,111.77
3696,1285,2024-06-14,online,applepay,60.38
3697,812,2024-04-05,store,applepay,173.19
3698,775,2025-03-01,store,giftcard,98.67
3699,48,2024-11-15,store,paypal,76.42
3700,793,2024-10-11,store,applepay,2542.47
3701,540,2024-10-31,online,card,75.57
3702,722,2024-08-11,online,card,262.74
3703,481,2024-11-22,online,paypal,280.85
3704,497,2025-02-20,online,applepay,241.85
3705,793,2025-01-22,online,giftcard,72.13
3706,1265,2024-03-11,online,applepay,86.88
3707,873,2024-12-25,store,applepay,866.6
3708,251,2025-05-15,online,paypal,94.66
3709,509,2024-09-09,online,paypal,37.44
3710,349,2024-08-22,online,giftcard,855.02
3711,451,2025-11-07,store,paypal,98.3
3712,666,2024-12-28,online,paypal,2934.15
3713,631,2025-08-15,online,card,20.0
3714,519,2025-05-11,online,giftcard,73.78
3715,217,2024-01-04,store,paypal,3126.67
3716,1092,2025-01-08,store,applepay,59.88
3717,725,2024-03-28,online,card,53.85
3718,177,2023-11-14,online,paypal,35.38
3719,748,2024-05-27,store,giftcard,227.47
3720,383,2025-08-13,store,paypal,74.58
3721,12,2025-08-31,store,giftcard,1422.67
3722,1264,2024-09-23,online,applepay,79.31
3723,727,2025-05-30,online,applepay,437.57
3724,1283,2024-10-21,store,card,753.31
3725,1454,2025-09-04,store,applepay,19.34
3726,864,2024-07-15,online,paypal,33.95
3727,1105,2024-11-02,online,paypal,19.89
3728,500,2023-12-21,online,card,115.51
3729,1184,2024-07-10,store,card,50.24
3730,1190,2024-12-28,store,card,230.52
3731,1187,2024-04-06,online,giftcard,277.83
3732,857,2025-06-19,store,paypal,78.2
3733,23,2024-07-05,online,applepay,18.11
3734,664,2023-12-25,store,card,99.31
3735,1326,2025-02-08,online,giftcard,120.85
3736,692,2024-08-11,store,giftcard,146.11
3737,1127,2025-10-29,online,applepay,35.44
3738,1434,2025-10-27,store,card,2644.08
3739,1288,2025-04-19,store,card,202.24
3740,1426,2025-06-20,store,giftcard,1975.88
3741,1168,2025-07-21,online,giftcard,2558.82
3742,692,2024-01-11,store,applepay,63.8
3743,366,2024-07-03,online,card,2211.34
3744,172,2025-06-26,online,applepay,45.96
3745,701,2025-08-11,store,applepay,31.05
3746,1478,2024-11-16,store,giftcard,67.75
3747,145,2023-12-07,store,card,1480.14
3748,624,2024-12-12,online,giftcard,109.21
3749,1345,2024-03-01,store,paypal,1084.9
3750,1256,2024-09-24,online,card,40.85
3751,1220,2024-05-24,store,card,2342.19
3752,18,2024-01-25,store,giftcard,237.67
3753,1181,2024-04-08,store,card,88.6
3754,999,2024-05-17,store,card,195.53
3755,1153,2023-11-18,online,applepay,2581.29
3756,725,2025-01-28,online,card,236.12
3757,431,2024-03-02,store,applepay,227.03
3758,1205,2025-09-17,store,paypal,49.93
3759,340,2024-06-14,store,card,167.63
3760,320,2025-07-18,store,applepay,112.11
3761,545,2024-07-24,store,card,334.34
3762,732,2025-04-01,store,card,217.29
3763,251,2024-04-22,online,giftcard,77.17
3764,850,2025-09-23,online,card,103.24
3765,1351,2025-02-18,online,applepay,61.26
3766,397,2024-07-06,online,paypal,1897.83
3767,720,2024-11-15,online,giftcard,958.1
3768,699,2024-11-03,online,giftcard,255.84
3769,1447,2024-09-04,online,applepay,63.06
3770,1428,2025-05-13,online,card,1531.55
3771,1085,2025-01-04,store,giftcard,60.75
3772,305,2024-06-17,online,giftcard,198.24
3773,437,2025-01-26,online,applepay,164.41
3774,615,2025-10-21,online,paypal,12.42
3775,1218,2024-09-28,online,paypal,129.14
3776,322,2025-01-09,online,paypal,91.96
3777,900,2024-08-24,online,paypal,4197.07
3778,97,2024-12-30,online,giftcard,186.0
3779,322,2025-06-30,store,applepay,79.47
3780,891,2023-12-21,online,card,1946.05
3781,487,2025-09-03,online,paypal,188.75
3782,208,2024-07-15,online,paypal,187.71
3783,93,2025-01-20,store,card,110.06
3784,857,2025-10-14,online,giftcard,313.73
3785,183,2024-07-17,store,card,1317.2
3786,678,2025-01-26,online,giftcard,237.72
3787,953,2025-01-21,store,giftcard,167.39
3788,859,2025-07-13,online,applepay,60.97
3789,1209,2025-10-19,store,card,150.03
3790,811,2024-11-17,store,card,2732.43
3791,1240,2024-01-15,online,card,156.04
3792,205,2025-01-03,store,paypal,136.56
3793,837,2023-11-23,online,paypal,1116.59
3794,1046,2024-12-01,online,giftcard,70.13
3795,1454,2025-02-03,online,paypal,300.0
3796,756,2024-08-15,online,paypal,101.12
3797,873,2024-02-16,store,giftcard,71.69
3798,1249,2024-04-07,online,giftcard,255.77
3799,134,2025-02-08,online,paypal,245.41
3800,1063,2024-12-11,online,giftcard,90.37
3801,1417,2023-12-29,online,applepay,3755.35
3802,627,2025-04-07,store,giftcard,50.86
3803,571,2025-07-06,online,giftcard,44.16
3804,705,2024-05-11,store,applepay,1678.98
3805,1448,2025-07-03,store,applepay,30.55
3806,917,2024-09-29,store,card,59.89
3807,1357,2024-11-10,store,card,153.51
3808,1101,2025-04-25,online,applepay,28.32
3809,490,2023-12-04,online,paypal,203.3
3810,1049,2025-05-03,store,applepay,1003.43
3811,576,2024-09-09,online,applepay,60.08
3812,674,2025-10-07,online,giftcard,197.81
3813,1385,2023-12-14,online,card,763.31
3814,930,2025-06-22,store,applepay,2055.91
3815,302,2025-01-29,store,giftcard,3724.14
3816,1268,2025-01-22,store,giftcard,29.17
3817,723,2024-03-15,store,card,1079.5
3818,1422,2025-07-28,store,giftcard,145.79
3819,865,2024-02-24,store,card,1693.44
3820,105,2024-11-07,store,applepay,233.33
3821,418,2024-11-17,online,giftcard,2905.31
3822,817,2025-03-09,store,giftcard,225.04
3823,348,2025-06-25,store,paypal,134.06
3824,204,2024-04-23,online,giftcard,4473.04
3825,327,2025-06-05,online,giftcard,124.52
3826,403,2024-06-25,store,applepay,23.1
3827,1389,2023-11-17,online,applepay,779.9
3828,417,2024-01-07,store,applepay,95.24
3829,679,2024-07-07,online,giftcard,2992.46
3830,1386,2025-06-09,store,paypal,771.73
3831,650,2024-11-20,online,giftcard,256.31
3832,443,2024-01-05,store,card,712.06
3833,1305,2024-05-11,store,giftcard,59.13
3834,237,2024-05-08,store,card,272.34
3835,218,2024-09-04,store,paypal,65.62
3836,581,2024-08-10,online,card,70.35
3837,914,2024-03-12,online,card,312.46
3838,456,2024-08-14,online,applepay,79.74
3839,255,2025-03-10,online,paypal,86.47
3840,1284,2025-03-01,online,giftcard,120.13
3841,679,2025-10-28,store,card,50.88
3842,759,2024-08-07,store,card,189.41
3843,1454,2024-09-02,online,giftcard,140.02
3844,707,2025-02-17,store,paypal,150.17
3845,266,2024-02-18,store,paypal,132.41
3846,540,2024-06-01,store,card,140.24
3847,1388,2024-01-31,store,paypal,712.42
3848,958,2024-11-21,store,paypal,8242.04
3849,599,2025-02-18,store,paypal,37.11
3850,141,2024-02-16,store,paypal,494.91
3851,1278,2024-10-12,online,applepay,2062.7
3852,557,2024-06-12,online,applepay,169.51
3853,822,2025-01-28,online,card,2666.75
3854,863,2024-09-03,online,applepay,29.39
3855,466,2023-12-21,store,giftcard,4870.26
3856,1295,2024-04-14,store,giftcard,92.99
3857,1408,2024-05-18,store,paypal,126.6
3858,1029,2024-08-01,online,applepay,649.69
3859,340,2025-09-20,store,applepay,53.84
3860,678,2024-03-14,store,card,1092.06
3861,403,2023-12-18,online,applepay,97.47
3862,434,2025-06-04,online,paypal,133.32
3863,1189,2024-05-08,online,giftcard,226.91
3864,1344,2024-08-13,online,card,4218.87
3865,1003,2024-06-19,store,paypal,3061.84
3866,809,2025-07-24,store,applepay,3484.33
3867,1275,2024-02-03,store,applepay,64.22
3868,1308,2025-02-17,store,paypal,201.64
3869,742,2024-09-18,store,card,108.27
3870,1358,2024-12-13,store,card,1295.21
3871,838,2025-07-28,online,card,1462.32
3872,1287,2024-07-24,store,card,293.97
3873,550,2024-04-19,online,card,158.43
3874,80,2025-03-06,online,applepay,1605.77
3875,606,2025-02-13,store,card,198.69
3876,925,2024-01-26,online,applepay,29.23
3877,1488,2025-06-28,online,applepay,105.62
3878,1172,2024-12-26,store,applepay,28.87
3879,999,2025-07-07,online,applepay,11686.09
3880,1419,2024-10-06,online,applepay,12.57
3881,278,2023-12-19,store,applepay,5358.94
3882,1117,2025-04-30,online,giftcard,1410.46
3883,644,2024-11-17,online,card,73.95
3884,1456,2025-07-23,store,applepay,48.81
3885,297,2024-11-01,online,giftcard,1187.23
3886,1078,2024-12-13,online,card,155.95
3887,1276,2025-03-09,online,paypal,47.41
3888,444,2025-08-18,online,card,186.15
3889,1447,2025-06-04,store,card,2192.89
3890,330,2024-11-04,store,giftcard,76.18
3891,809,2025-09-26,store,applepay,106.25
3892,900,2025-10-06,store,giftcard,70.54
3893,1231,2024-12-30,store,card,75.8
3894,703,2024-01-28,store,giftcard,2888.37
3895,586,2024-12-07,online,card,866.06
3896,229,2024-06-27,store,card,1385.47
3897,738,2024-02-29,online,card,188.53
3898,885,2025-10-17,online,paypal,10.0
3899,602,2025-11-02,store,card,5241.66
3900,355,2024-03-08,store,giftcard,573.6
3901,1494,2024-10-12,store,paypal,5.0
3902,835,2025-09-09,online,applepay,18.01
3903,1146,2025-03-21,store,card,78.45
3904,123,2024-12-29,store,giftcard,122.11
3905,967,2025-08-28,online,giftcard,100.52
3906,955,2025-05-04,store,giftcard,3022.28
3907,1353,2024-07-17,store,applepay,76.6
3908,961,2024-03-11,store,applepay,595.42
3909,1347,2025-01-15,online,applepay,102.92
3910,231,2024-06-11,online,paypal,2942.46
3911,192,2025-07-04,store,paypal,202.55
3912,1248,2025-07-04,online,giftcard,49.55
3913,1340,2024-07-31,online,giftcard,1910.58
3914,10,2025-07-07,store,applepay,185.77
3915,242,2025-05-01,online,paypal,686.34
3916,467,2024-06-18,online,card,64.33
3917,153,2024-03-30,online,applepay,204.58
3918,781,2024-08-29,store,applepay,73.74
3919,1159,2024-06-05,store,applepay,76.71
3920,420,2025-03-25,online,applepay,495.38
3921,706,2024-03-31,online,paypal,43.51
3922,201,2024-04-14,online,giftcard,834.54
3923,871,2024-11-02,online,applepay,69.51
3924,1335,2024-03-30,store,paypal,64.45
3925,259,2023-11-27,online,paypal,183.81
3926,1010,2025-08-15,store,paypal,57.71
3927,48,2023-12-26,store,paypal,173.81
3928,177,2024-07-29,online,paypal,182.02
3929,1240,2024-08-16,store,giftcard,113.37
3930,1066,2025-06-03,store,giftcard,1572.09
3931,1344,2025-05-17,online,applepay,133.91
3932,821,2025-08-15,store,paypal,2215.69
3933,294,2025-01-20,store,card,253.57
3934,1419,2024-01-20,store,card,209.95
3935,148,2024-09-02,store,applepay,250.71
3936,443,2024-11-04,online,applepay,110.33
3937,1005,2024-11-03,store,applepay,51.31
3938,32,2025-09-06,store,giftcard,54.76
3939,160,2023-11-29,store,applepay,4502.61
3940,1171,2024-09-18,store,giftcard,176.55
3941,1262,2025-02-04,online,applepay,156.96
3942,1343,2025-10-11,online,paypal,157.83
3943,175,2025-08-16,online,paypal,202.45
3944,486,2025-07-13,store,paypal,100.18
3945,699,2024-12-03,online,paypal,160.39
3946,377,2024-09-14,online,applepay,51.46
3947,1168,2024-03-17,online,applepay,110.25
3948,265,2025-02-25,store,card,39.56
3949,592,2025-09-30,store,applepay,66.81
3950,255,2025-10-18,store,card,51.29
3951,1154,2024-12-20,store,giftcard,128.4
3952,1373,2023-11-25,online,applepay,14.27
3953,74,2024-07-11,store,paypal,2554.15
3954,635,2024-05-29,store,card,53.22
3955,1228,2024-06-28,online,applepay,80.54
3956,896,2024-03-16,store,paypal,139.24
3957,1471,2025-02-15,online,giftcard,52.94
3958,1486,2025-04-15,online,paypal,5956.1
3959,1005,2024-09-30,store,applepay,294.55
3960,156,2023-11-09,online,paypal,2808.29
3961,115,2025-01-16,online,card,69.86
3962,1038,2024-02-13,store,applepay,1221.53
3963,723,2025-06-25,store,giftcard,1227.84
3964,185,2025-01-15,store,paypal,243.9
3965,300,2025-03-04,online,card,167.68
3966,904,2024-03-21,online,paypal,211.75
3967,297,2025-08-20,online,giftcard,183.61
3968,644,2025-01-10,store,card,97.79
3969,1227,2025-03-04,online,paypal,66.59
3970,355,2025-05-28,online,card,34.09
3971,942,2024-05-06,store,paypal,671.33
3972,1004,2025-01-24,online,applepay,53.31
3973,632,2025-03-28,online,card,198.24
3974,830,2025-09-02,store,card,4324.44
3975,777,2025-01-25,store,paypal,123.07
3976,1250,2024-07-20,store,paypal,56.47
3977,971,2025-05-26,store,card,101.02
3978,820,2025-05-11,online,paypal,211.53
3979,1238,2024-05-15,store,card,249.08
3980,586,2023-12-22,online,card,2576.09
3981,1441,2024-10-28,store,card,110.24
3982,1188,2025-07-11,online,paypal,41.36
3983,486,2025-10-23,store,applepay,101.92
3984,159,2025-08-04,online,paypal,14.77
3985,84,2025-11-06,store,card,102.22
3986,1375,2025-10-31,online,applepay,2617.28
3987,1008,2025-01-17,online,applepay,96.88
3988,1113,2024-08-15,online,card,30.25
3989,1264,2024-02-19,online,applepay,2240.63
3990,687,2025-07-20,store,giftcard,47.92
3991,1226,2024-12-01,online,applepay,60.41
3992,536,2025-08-30,store,card,136.02
3993,412,2024-06-01,online,paypal,11.85
3994,1175,2024-06-14,store,applepay,137.69
3995,989,2025-06-25,store,applepay,914.72
3996,1350,2025-04-05,online,giftcard,876.56
3997,863,2025-01-24,store,giftcard,1965.61
3998,1307,2024-02-20,online,applepay,243.41
3999,1166,2024-12-10,online,paypal,118.51
4000,1259,2023-11-12,online,card,78.73
4001,345,2025-08-25,online,applepay,35.16
4002,835,2025-08-17,online,card,49.44
4003,992,2024-05-01,online,giftcard,2345.45
4004,145,2025-08-01,online,paypal,2735.77
4005,372,2024-07-12,store,applepay,174.12
4006,1238,2025-06-12,store,giftcard,280.41
4007,124,2025-05-22,online,card,80.89
4008,383,2024-04-09,online,giftcard,167.53
4009,394,2024-10-12,store,paypal,1298.56
4010,1365,2024-12-25,online,giftcard,101.43
4011,1310,2025-03-04,online,applepay,141.26
4012,972,2024-04-21,store,applepay,110.56
4013,302,2024-12-14,store,card,235.31
4014,350,2025-01-27,online,paypal,159.86
4015,526,2025-09-22,online,card,155.27
4016,818,2024-02-18,online,giftcard,2216.81
4017,549,2025-04-08,online,giftcard,5608.31
4018,776,2024-01-13,store,card,48.29
4019,578,2024-07-31,store,card,2388.61
4020,222,2025-06-08,online,card,207.47
4021,145,2024-01-06,online,card,205.42
4022,536,2024-05-20,store,applepay,88.93
4023,657,2024-02-26,online,giftcard,3657.46
4024,1153,2025-03-04,store,applepay,212.97
4025,416,2023-11-13,online,paypal,69.13
4026,144,2025-10-31,online,paypal,747.34
4027,235,2025-08-07,store,applepay,2851.9
4028,215,2023-11-18,online,giftcard,106.82
4029,799,2025-01-19,online,card,2027.28
4030,1416,2024-01-19,store,card,111.42
4031,708,2024-04-28,online,applepay,173.99
4032,1112,2025-01-09,online,giftcard,119.13
4033,1483,2024-07-16,online,card,163.78
4034,837,2025-05-23,store,giftcard,66.24
4035,111,2024-06-22,store,card,3408.04
4036,1158,2024-11-27,online,applepay,316.12
4037,188,2024-09-28,store,paypal,945.31
4038,703,2024-10-01,online,applepay,175.28
4039,922,2025-04-06,store,card,2458.22
4040,1400,2024-04-18,store,applepay,3910.68
4041,677,2025-04-11,online,paypal,1535.51
4042,1006,2025-07-08,online,paypal,2739.98
4043,16,2024-05-12,online,applepay,11184.89
4044,1188,2024-05-29,store,paypal,6060.91
4045,769,2024-03-07,online,giftcard,930.21
4046,1159,2024-10-27,online,paypal,1597.59
4047,360,2025-07-01,online,giftcard,198.19
4048,763,2024-04-11,online,paypal,20.8
4049,449,2024-08-03,online,giftcard,26.73
4050,1358,2025-10-10,store,paypal,1889.82
4051,967,2023-12-29,store,card,178.32
4052,109,2025-11-01,online,applepay,1057.56
4053,778,2025-07-29,store,card,4491.87
4054,840,2024-11-19,store,paypal,124.01
4055,810,2024-02-11,store,applepay,2731.73
4056,1374,2024-09-29,store,paypal,193.21
4057,434,2025-07-24,online,card,134.55
4058,900,2025-10-04,online,card,273.23
4059,161,2023-11-22,online,paypal,147.54
4060,452,2024-03-29,online,applepay,1126.38
4061,871,2025-10-25,online,applepay,3383.63
4062,685,2024-07-16,store,card,3511.63
4063,250,2025-07-01,online,card,17.48
4064,726,2025-10-28,online,applepay,37.32
4065,1078,2024-12-07,online,paypal,59.35
4066,1028,2024-06-16,online,card,86.19
4067,498,2024-10-16,online,applepay,1675.06
4068,1133,2025-11-02,online,applepay,157.85
4069,396,2025-01-31,online,paypal,695.59
4070,1492,2025-08-18,store,card,2247.47
4071,324,2025-10-19,online,paypal,100.15
4072,662,2025-06-01,online,card,10.0
4073,1375,2024-10-28,store,applepay,3894.98
4074,332,2023-12-25,store,applepay,8.35
4075,1480,2025-03-21,online,card,53.64
4076,918,2025-05-16,online,card,237.4
4077,577,2024-01-27,store,giftcard,102.92
4078,262,2025-04-09,online,paypal,170.18
4079,1334,2025-09-04,online,card,30.85
4080,517,2025-01-24,online,applepay,16.08
4081,1139,2025-04-19,store,applepay,579.41
4082,137,2024-12-20,online,giftcard,123.46
4083,1459,2024-12-26,store,paypal,2804.21
4084,225,2025-07-07,store,card,56.9
4085,699,2024-11-13,online,giftcard,584.08
4086,1425,2025-03-23,online,applepay,40.0
4087,1186,2025-04-05,online,card,1324.26
4088,1131,2025-09-11,online,applepay,198.55
4089,108,2024-10-05,store,giftcard,5375.32
4090,1178,2025-09-19,online,applepay,220.42
4091,707,2024-02-17,online,card,52.91
4092,761,2025-04-10,store,giftcard,125.22
4093,575,2024-01-14,online,giftcard,104.96
4094,474,2025-01-03,online,applepay,2895.78
4095,1291,2023-12-28,online,applepay,48.86
4096,1015,2025-01-23,store,applepay,113.56
4097,661,2025-08-12,online,giftcard,157.45
4098,1028,2025-06-24,online,giftcard,7699.72
4099,1108,2024-12-25,store,card,79.83
4100,1098,2025-10-16,online,paypal,183.49
4101,1236,2024-05-17,online,giftcard,215.82
4102,537,2025-06-11,store,paypal,82.29
4103,1095,2025-03-31,store,card,83.41
4104,1347,2025-05-03,online,card,118.87
4105,1441,2025-02-24,store,giftcard,42.95
4106,612,2024-03-28,online,giftcard,66.07
4107,1415,2024-02-14,online,applepay,1141.49
4108,1130,2025-06-10,online,paypal,116.81
4109,1395,2024-09-02,store,card,274.38
4110,628,2025-08-20,store,applepay,1659.08
4111,999,2025-09-05,online,paypal,4214.6
4112,779,2024-07-29,store,giftcard,762.13
4113,115,2024-10-30,online,paypal,9681.46
4114,362,2025-02-26,online,applepay,6623.4
4115,1014,2024-09-05,store,paypal,39.02
4116,234,2024-10-28,online,giftcard,68.29
4117,62,2025-08-19,online,card,47.6
4118,119,2024-12-15,store,paypal,1549.55
4119,200,2024-03-26,store,applepay,71.93
4120,942,2025-01-28,online,card,118.41
4121,163,2024-01-12,online,giftcard,2847.37
4122,1,2024-05-26,online,applepay,30.99
4123,1436,2025-02-27,online,paypal,38.37
4124,1239,2025-05-22,online,card,74.99
4125,255,2025-10-17,store,giftcard,5614.3
4126,665,2024-07-26,online,paypal,211.38
4127,442,2025-07-31,online,card,201.05
4128,1132,2025-08-28,store,card,994.67
4129,994,2025-09-05,store,applepay,86.85
4130,1108,2024-01-19,online,giftcard,122.97
4131,598,2023-11-17,online,paypal,673.14
4132,697,2023-11-22,online,card,296.24
4133,175,2024-12-27,online,giftcard,1575.57
4134,604,2025-06-03,online,paypal,124.78
4135,1403,2025-02-17,store,card,47.86
4136,682,2024-08-09,online,paypal,972.39
4137,323,2025-04-08,store,card,3051.19
4138,837,2024-07-04,store,paypal,5636.95
4139,825,2025-04-20,store,card,36.13
4140,829,2025-08-30,store,card,99.71
4141,1059,2024-12-03,store,card,963.34
4142,699,2024-03-16,store,card,2520.54
4143,805,2024-02-04,store,card,2295.68
4144,1400,2025-01-24,store,giftcard,6620.44
4145,1331,2024-11-30,store,giftcard,165.61
4146,873,2025-04-19,store,applepay,65.77
4147,51,2023-12-28,online,giftcard,81.05
4148,1264,2025-09-25,online,paypal,1740.09
4149,91,2024-08-21,online,giftcard,107.48
4150,1224,2024-02-11,online,applepay,91.44
4151,393,2024-12-28,store,card,36.76
4152,49,2025-08-26,online,applepay,4253.56
4153,48,2025-07-30,store,applepay,6620.62
4154,1053,2024-01-22,store,card,42.19
4155,885,2024-08-11,store,card,2069.73
4156,636,2024-01-04,online,giftcard,86.54
4157,463,2024-02-09,online,giftcard,49.08
4158,92,2024-05-02,online,paypal,42.28
4159,777,2024-03-05,store,applepay,3372.33
4160,1258,2024-10-19,online,giftcard,1310.9
4161,404,2024-08-03,online,giftcard,246.5
4162,976,2025-07-16,online,applepay,192.04
4163,846,2024-01-28,online,card,69.36
4164,529,2025-05-14,online,card,240.64
4165,4,2024-06-08,online,applepay,144.54
4166,1452,2024-05-30,store,applepay,62.0
4167,671,2025-10-31,online,paypal,135.32
4168,759,2024-09-05,online,paypal,165.67
4169,1101,2024-04-13,store,paypal,182.02
4170,254,2023-12-02,store,giftcard,186.78
4171,172,2024-09-26,store,paypal,1807.52
4172,564,2024-12-01,online,giftcard,45.55
4173,1457,2024-04-20,store,giftcard,164.49
4174,930,2024-03-29,online,giftcard,15.53
4175,170,2025-02-25,store,card,126.64
4176,552,2024-08-30,online,giftcard,208.28
4177,1160,2024-10-21,online,paypal,128.16
4178,145,2024-05-18,store,paypal,2848.36
4179,1216,2025-02-15,store,card,157.04
4180,39,2024-10-08,online,card,78.44
4181,313,2025-03-17,online,giftcard,80.4
4182,684,2024-11-28,store,applepay,2971.92
4183,972,2025-10-16,store,giftcard,74.91
4184,1081,2024-04-04,online,card,71.92
4185,824,2025-11-05,online,card,4784.72
4186,754,2025-02-04,online,card,42.18
4187,431,2024-01-10,store,card,4611.75
4188,971,2025-01-12,online,applepay,3825.56
4189,878,2024-10-25,online,card,186.35
4190,748,2024-05-06,online,giftcard,122.81
4191,1465,2024-01-05,online,paypal,146.71
4192,826,2025-07-23,store,applepay,177.89
4193,126,2023-12-13,store,applepay,629.27
4194,31,2024-07-15,online,card,43.22
4195,1158,2025-03-03,online,giftcard,1912.98
4196,748,2024-05-14,store,card,6775.45
4197,796,2025-01-04,store,card,238.51
4198,519,2025-09-08,online,giftcard,128.06
4199,1298,2025-04-05,online,card,127.05
4200,355,2024-02-25,online,card,43.14
4201,849,2025-03-22,store,giftcard,303.76
4202,833,2025-07-25,online,card,29.27
4203,330,2025-06-04,store,card,1709.71
4204,404,2024-12-17,online,paypal,4430.12
4205,571,2024-07-29,store,giftcard,673.59
4206,1318,2025-01-08,online,paypal,4230.34
4207,657,2024-06-27,store,applepay,232.7
4208,564,2024-08-13,store,applepay,48.0
4209,362,2023-11-13,store,applepay,122.61
4210,411,2024-12-12,store,applepay,4381.85
4211,164,2025-09-30,store,giftcard,18.32
4212,200,2025-11-08,store,giftcard,181.11
4213,138,2023-12-15,store,giftcard,3720.89
4214,558,2024-12-26,store,giftcard,2913.34
4215,930,2024-04-06,online,card,2456.06
4216,1327,2025-10-02,store,paypal,42.51
4217,1231,2024-05-20,store,applepay,217.3
4218,207,2025-05-28,online,giftcard,45.76
4219,1113,2025-10-10,online,card,104.24
4220,555,2025-03-01,online,card,123.07
4221,1060,2025-05-28,online,card,4402.03
4222,436,2025-10-17,online,applepay,58.1
4223,402,2024-01-23,store,giftcard,35.04
4224,759,2025-02-02,online,applepay,2025.53
4225,53,2024-06-14,online,giftcard,3511.9
4226,311,2024-02-06,store,giftcard,273.33
4227,304,2025-07-08,store,applepay,197.65
4228,510,2024-12-08,online,paypal,2862.71
4229,1118,2025-08-30,online,giftcard,1252.38
4230,822,2025-03-18,online,giftcard,30.05
4231,295,2024-05-12,store,paypal,203.81
4232,1433,2024-07-30,online,paypal,1893.28
4233,1069,2024-12-17,online,card,109.27
4234,693,2023-12-13,online,applepay,122.55
4235,875,2024-06-09,online,giftcard,876.4
4236,514,2025-02-03,store,applepay,28.81
4237,1285,2025-05-17,online,card,51.76
4238,1001,2024-06-21,store,paypal,94.98
4239,1058,2025-08-09,store,paypal,1003.2
4240,1457,2023-11-13,store,applepay,3505.12
4241,1415,2025-05-09,online,applepay,104.8
4242,1132,2024-02-06,store,applepay,23.89
4243,1309,2024-10-23,online,applepay,975.62
4244,140,2024-11-05,online,giftcard,172.04
4245,1286,2024-09-12,online,applepay,81.06
4246,832,2024-01-25,store,paypal,652.66
4247,835,2024-03-20,online,giftcard,60.25
4248,197,2024-05-02,store,paypal,2440.48
4249,1204,2024-10-24,online,giftcard,109.77
4250,415,2024-11-30,online,giftcard,2005.75
4251,61,2025-07-11,store,applepay,1758.18
4252,638,2024-06-22,store,card,39.25
4253,1379,2024-05-04,online,applepay,9609.12
4254,539,2025-02-06,store,applepay,70.2
4255,1232,2024-07-25,store,giftcard,135.65
4256,381,2024-05-13,online,card,8.07
4257,597,2024-01-12,store,applepay,826.3
4258,954,2025-04-05,store,giftcard,2706.3
4259,1274,2025-04-03,store,giftcard,34.29
4260,987,2024-03-28,store,giftcard,783.35
4261,1130,2024-04-18,online,giftcard,57.08
4262,122,2025-11-03,online,applepay,89.71
4263,650,2024-03-23,online,applepay,135.91
4264,572,2024-07-01,online,paypal,184.65
4265,1335,2025-06-13,online,giftcard,2936.36
4266,355,2024-10-15,online,card,5386.91
4267,1198,2023-12-30,online,paypal,201.92
4268,933,2025-09-11,store,card,2151.61
4269,1357,2025-03-22,online,card,157.06
4270,900,2025-01-15,store,giftcard,738.81
4271,1073,2025-07-30,store,giftcard,268.64
4272,745,2025-01-26,store,applepay,2878.9
4273,1024,2024-02-14,store,paypal,52.11
4274,1285,2025-08-29,store,applepay,71.79
4275,73,2025-01-01,online,card,107.51
4276,1348,2025-10-24,store,applepay,4285.94
4277,761,2024-11-04,online,applepay,227.87
4278,152,2023-12-15,store,applepay,74.13
4279,230,2025-05-16,store,card,109.54
4280,932,2025-06-09,store,paypal,5183.54
4281,65,2025-07-11,online,applepay,25.93
4282,1291,2025-09-04,online,giftcard,165.98
4283,1198,2025-04-08,online,applepay,57.14
4284,1330,2024-05-29,store,card,210.29
4285,1269,2024-07-24,online,card,235.75
4286,1013,2025-10-03,online,applepay,211.31
4287,125,2025-05-18,online,paypal,226.41
4288,1102,2025-09-03,online,card,227.97
4289,1354,2024-09-24,store,paypal,16.78
4290,180,2025-04-23,store,applepay,2552.89
4291,587,2024-02-09,online,paypal,370.67
4292,609,2024-07-01,store,applepay,5128.86
4293,15,2025-03-29,online,card,78.97
4294,198,2025-10-18,store,applepay,274.61
4295,571,2025-08-12,online,giftcard,2511.43
4296,380,2024-05-22,online,giftcard,173.29
4297,158,2023-11-21,online,paypal,145.59
4298,1245,2025-01-27,store,giftcard,24.98
4299,34,2025-05-12,online,applepay,73.34
4300,1001,2024-10-30,store,applepay,62.05
4301,72,2025-10-16,store,paypal,1405.21
4302,755,2025-04-06,store,applepay,99.57
4303,76,2024-05-20,store,giftcard,136.29
4304,1043,2025-07-30,online,paypal,152.81
4305,1171,2024-05-18,online,applepay,103.05
4306,697,2025-04-27,store,giftcard,92.32
4307,401,2024-07-29,online,paypal,81.21
4308,468,2024-07-03,online,card,2314.25
4309,636,2024-01-31,store,card,11975.35
4310,345,2024-10-28,online,applepay,3872.88
4311,785,2024-01-02,store,applepay,177.95
4312,858,2024-11-20,store,applepay,2037.12
4313,1483,2024-09-05,online,card,151.74
4314,807,2025-08-14,online,paypal,2671.2
4315,644,2025-04-14,store,card,971.31
4316,60,2025-01-03,store,card,176.46
4317,374,2024-01-18,online,paypal,148.25
4318,336,2024-05-05,online,paypal,48.34
4319,232,2024-05-04,online,applepay,5029.97
4320,85,2024-09-26,online,applepay,51.3
4321,1228,2024-05-11,online,card,94.42
4322,1163,2024-04-21,online,giftcard,123.96
4323,25,2024-07-01,online,paypal,66.79
4324,608,2025-04-28,store,card,4237.62
4325,1461,2024-10-05,store,card,5277.07
4326,502,2025-04-04,store,card,104.04
4327,1422,2024-12-08,store,applepay,81.32
4328,432,2025-06-26,online,card,73.77
4329,64,2025-07-15,online,card,700.0
4330,943,2025-05-13,online,giftcard,220.36
4331,232,2024-09-16,store,paypal,171.72
4332,979,2025-07-03,store,giftcard,134.57
4333,995,2024-02-26,store,paypal,95.63
4334,1464,2025-10-18,store,card,247.59
4335,1064,2025-04-28,online,applepay,99.99
4336,13,2025-09-24,store,paypal,69.68
4337,1000,2025-04-12,store,card,144.67
4338,63,2025-09-20,online,card,541.8
4339,1469,2024-11-15,store,card,4155.62
4340,264,2024-11-19,online,paypal,185.95
4341,368,2024-05-13,online,paypal,1325.52
4342,870,2025-07-21,online,paypal,74.7
4343,1444,2025-11-06,online,applepay,24.63
4344,1272,2024-02-20,store,applepay,712.79
4345,619,2024-01-26,store,paypal,4600.35
4346,239,2024-04-23,online,applepay,63.43
4347,1269,2023-12-29,online,giftcard,69.87
4348,1376,2025-03-14,store,applepay,270.58
4349,1221,2025-07-21,store,paypal,823.83
4350,1437,2025-01-03,online,paypal,1807.6
4351,431,2024-01-22,online,paypal,60.22
4352,820,2024-08-01,store,paypal,196.85
4353,43,2024-07-13,online,card,83.29
4354,712,2024-06-21,store,giftcard,2804.94
4355,358,2024-04-26,online,paypal,184.56
4356,712,2024-02-22,online,applepay,128.54
4357,755,2024-12-15,store,giftcard,270.19
4358,1407,2024-12-19,store,paypal,197.34
4359,1193,2025-08-31,store,giftcard,311.69
4360,1370,2025-02-23,online,card,204.89
4361,1060,2024-11-06,store,giftcard,88.75
4362,1467,2024-08-29,online,giftcard,164.41
4363,443,2024-06-26,store,applepay,3925.86
4364,890,2025-03-23,online,giftcard,98.6
4365,411,2025-03-25,online,paypal,4377.15
4366,549,2025-05-23,online,giftcard,133.57
4367,396,2025-08-19,store,paypal,3969.16
4368,792,2024-06-02,store,paypal,839.96
4369,168,2024-12-29,online,card,57.86
4370,1304,2024-03-29,store,giftcard,1729.93
4371,913,2025-10-01,store,giftcard,183.99
4372,268,2025-06-16,online,card,63.07
4373,1176,2024-09-21,store,paypal,128.16
4374,100,2024-09-26,online,applepay,177.98
4375,211,2024-11-06,online,card,10.83
4376,1268,2025-08-01,store,paypal,67.79
4377,1109,2024-02-03,store,giftcard,118.05
4378,566,2025-07-29,online,giftcard,158.05
4379,642,2025-11-02,online,applepay,197.65
4380,480,2024-12-03,store,card,159.97
4381,691,2024-02-02,store,card,142.13
4382,1356,2025-11-08,online,card,223.95
4383,544,2025-08-30,store,card,191.47
4384,310,2024-06-25,store,paypal,253.41
4385,548,2024-02-07,online,card,2471.51
4386,75,2025-09-04,store,card,3746.32
4387,1500,2024-12-19,store,paypal,6515.05
4388,1024,2025-10-01,store,paypal,2624.09
4389,13,2025-03-17,online,paypal,257.25
4390,171,2025-09-21,store,applepay,251.61
4391,1184,2024-03-20,online,card,55.49
4392,723,2024-08-23,online,card,284.61
4393,149,2024-06-21,store,card,2774.07
4394,333,2024-05-14,store,card,2522.15
4395,514,2023-12-10,store,applepay,139.81
4396,84,2025-02-05,online,card,835.31
4397,141,2025-04-28,store,applepay,940.42
4398,313,2024-06-15,online,giftcard,170.86
4399,425,2025-07-24,online,card,133.9
4400,916,2025-11-02,online,giftcard,144.07
4401,65,2025-11-06,online,giftcard,268.73
4402,784,2025-04-12,store,card,3577.73
4403,398,2025-03-07,online,giftcard,40.86
4404,12,2025-09-19,store,applepay,238.7
4405,704,2025-07-08,online,giftcard,225.42
4406,379,2024-11-06,store,giftcard,85.88
4407,1234,2024-03-29,online,paypal,239.74
4408,373,2025-05-05,online,giftcard,120.41
4409,1025,2024-04-02,store,card,4438.96
4410,74,2025-03-26,online,paypal,60.28
4411,1485,2024-03-07,online,paypal,57.3
4412,1455,2023-12-29,online,applepay,3572.9
4413,395,2025-06-04,store,giftcard,75.21
4414,421,2025-07-02,online,paypal,75.88
4415,1328,2025-04-14,online,paypal,4618.36
4416,1417,2024-05-31,store,applepay,71.6
4417,1051,2024-10-02,store,giftcard,186.81
4418,770,2024-02-28,store,giftcard,83.09
4419,676,2025-07-16,online,card,117.3
4420,669,2024-03-01,online,paypal,143.9
4421,554,2025-10-02,online,giftcard,87.42
4422,1174,2025-09-24,online,paypal,724.61
4423,925,2024-12-16,store,card,46.49
4424,214,2025-10-09,online,giftcard,122.01
4425,25,2024-01-16,online,giftcard,108.65
4426,21,2024-09-09,store,card,2534.35
4427,480,2025-07-10,online,paypal,141.23
4428,1128,2025-10-22,online,giftcard,6729.29
4429,1006,2025-09-07,online,giftcard,11101.47
4430,166,2024-06-29,store,giftcard,1793.86
4431,310,2025-09-22,online,giftcard,44.48
4432,476,2025-10-29,online,card,233.2
4433,1111,2025-06-14,store,applepay,93.95
4434,1115,2024-07-31,online,applepay,1880.89
4435,276,2023-11-15,store,card,107.51
4436,279,2024-03-25,store,paypal,2247.67
4437,187,2025-09-10,store,applepay,107.11
4438,1120,2025-03-27,online,card,79.93
4439,524,2025-02-15,store,paypal,3691.12
4440,1450,2024-07-19,store,applepay,39.16
4441,558,2024-12-15,online,applepay,168.15
4442,570,2024-01-13,store,giftcard,60.18
4443,1454,2024-08-05,online,applepay,1831.04
4444,1141,2025-07-27,online,applepay,30.35
4445,774,2025-09-30,store,applepay,35.54
4446,999,2025-05-20,online,card,115.24
4447,814,2024-08-01,store,paypal,5514.78
4448,1024,2025-02-20,online,card,3263.27
4449,145,2024-03-01,online,giftcard,165.1
4450,1291,2024-09-14,online,applepay,3553.74
4451,1102,2025-04-19,store,paypal,114.32
4452,929,2025-10-12,store,card,180.25
4453,545,2025-02-07,store,applepay,131.12
4454,1086,2023-12-25,store,applepay,155.67
4455,1347,2025-06-28,store,paypal,2612.77
4456,49,2025-08-20,online,applepay,103.7
4457,647,2024-09-16,store,applepay,597.0
4458,656,2025-10-17,online,card,214.1
4459,101,2025-03-13,store,paypal,3665.24
4460,616,2025-07-31,store,paypal,151.35
4461,958,2025-09-07,store,card,864.66
4462,1500,2025-08-24,online,card,123.21
4463,618,2025-06-22,store,giftcard,143.38
4464,827,2024-02-26,online,card,1127.99
4465,1073,2025-04-01,online,giftcard,130.74
4466,1393,2024-05-12,online,giftcard,286.07
4467,1379,2025-11-05,online,applepay,349.74
4468,1222,2024-09-14,store,giftcard,2029.49
4469,789,2024-06-08,online,applepay,3497.87
4470,1158,2024-02-20,store,paypal,3579.18
4471,1249,2024-02-06,store,giftcard,74.25
4472,340,2025-08-28,online,applepay,4251.61
4473,851,2025-08-01,online,paypal,54.82
4474,827,2025-03-17,store,card,220.92
4475,484,2024-02-26,online,paypal,100.97
4476,1196,2025-02-25,online,giftcard,193.72
4477,674,2024-02-19,online,paypal,51.29
4478,722,2024-09-21,store,giftcard,73.89
4479,701,2025-02-10,store,card,230.41
4480,988,2025-09-25,store,applepay,104.63
4481,555,2023-11-09,online,card,78.99
4482,157,2025-08-20,online,giftcard,182.83
4483,548,2025-04-20,store,paypal,19.63
4484,220,2025-08-27,store,paypal,58.17
4485,523,2024-07-28,online,giftcard,45.24
4486,1014,2025-01-20,store,giftcard,2013.77
4487,866,2024-04-09,online,giftcard,1066.01
4488,97,2025-02-26,online,giftcard,116.83
4489,968,2025-08-07,online,applepay,44.54
4490,268,2025-08-16,online,card,2821.11
4491,250,2024-02-12,store,paypal,1461.12
4492,104,2024-11-04,online,giftcard,54.98
4493,1205,2024-12-12,online,applepay,2730.62
4494,841,2025-08-11,store,giftcard,40.32
4495,439,2024-03-23,online,paypal,116.71
4496,110,2024-01-26,online,giftcard,50.15
4497,1442,2025-08-25,online,applepay,49.26
4498,1028,2024-06-29,store,giftcard,1111.11
4499,132,2024-04-14,online,giftcard,758.61
4500,1319,2025-05-07,store,giftcard,117.8
4501,1307,2024-08-18,store,card,155.63
4502,1277,2024-12-21,store,card,99.99
4503,117,2025-07-28,online,giftcard,44.82
4504,1354,2024-05-26,store,card,110.97
4505,376,2024-12-10,store,card,137.2
4506,176,2025-05-07,store,giftcard,3470.09
4507,1466,2025-09-22,online,giftcard,3080.11
4508,1233,2025-06-07,online,giftcard,123.46
4509,1188,2024-02-18,online,card,3069.95
4510,126,2025-06-23,online,card,37.71
4511,295,2025-04-10,store,card,196.62
4512,728,2024-02-01,online,applepay,53.84
4513,1175,2025-06-10,online,card,91.57
4514,535,2024-11-10,store,paypal,73.83
4515,314,2025-08-31,online,card,93.72
4516,1040,2025-10-29,online,giftcard,34.55
4517,884,2024-08-11,online,paypal,83.02
4518,728,2024-06-28,store,paypal,27.06
4519,851,2024-12-23,online,giftcard,19.71
4520,550,2024-11-21,store,applepay,72.2
4521,618,2025-10-07,store,card,277.43
4522,1237,2025-01-25,store,paypal,106.57
4523,864,2025-10-14,store,applepay,10239.63
4524,1181,2023-12-18,online,giftcard,76.75
4525,796,2025-09-09,store,card,4451.73
4526,658,2024-05-25,store,applepay,195.81
4527,1065,2025-03-19,store,card,55.99
4528,1413,2024-12-21,online,paypal,573.13
4529,518,2025-10-06,store,card,46.62
4530,1243,2024-03-08,store,applepay,103.43
4531,931,2024-05-09,store,applepay,2431.28
4532,84,2024-09-30,store,card,33.8
4533,1481,2023-12-19,store,giftcard,115.4
4534,109,2023-12-25,store,giftcard,130.96
4535,187,2024-01-12,online,paypal,163.95
4536,1341,2024-03-10,store,giftcard,19180.85
4537,1044,2025-06-16,online,giftcard,1628.9
4538,814,2025-07-13,store,giftcard,105.52
4539,1229,2025-03-22,online,giftcard,225.18
4540,1299,2024-11-25,online,paypal,122.58
4541,563,2024-08-09,store,paypal,140.13
4542,1075,2025-08-27,store,applepay,131.74
4543,1243,2025-05-27,store,paypal,58.39
4544,1177,2024-04-06,online,card,74.02
4545,489,2025-01-02,store,applepay,245.55
4546,1238,2025-10-28,online,paypal,122.83
4547,1047,2025-04-11,store,card,2893.85
4548,1312,2025-01-18,store,paypal,247.39
4549,487,2024-03-01,online,paypal,77.64
4550,1359,2024-11-25,store,card,104.37
4551,51,2024-02-11,store,card,10004.5
4552,1248,2025-04-08,online,card,44.96
4553,1137,2024-09-24,store,applepay,53.0
4554,1335,2024-11-13,store,paypal,43.32
4555,850,2024-02-26,store,applepay,4054.58
4556,104,2025-01-30,online,paypal,2538.56
4557,792,2025-02-10,online,applepay,82.08
4558,1372,2024-07-08,online,paypal,258.02
4559,1415,2024-11-27,online,paypal,220.2
4560,1481,2025-05-05,store,applepay,231.03
4561,349,2024-06-09,store,giftcard,67.28
4562,1144,2023-11-18,store,card,75.65
4563,1314,2024-11-15,online,applepay,31.58
4564,1104,2023-11-27,online,card,990.04
4565,592,2024-06-11,online,paypal,30.0
4566,30,2025-08-26,store,paypal,3668.47
4567,1208,2023-12-06,store,paypal,808.8
4568,327,2024-10-06,online,giftcard,781.53
4569,897,2024-07-24,store,paypal,116.9
4570,463,2025-09-15,store,paypal,101.35
4571,468,2024-12-28,online,applepay,146.6
4572,745,2023-12-02,store,applepay,207.07
4573,274,2025-01-06,store,card,12.13
4574,563,2024-04-07,store,card,160.82
4575,340,2024-03-15,online,applepay,158.04
4576,1021,2024-05-12,online,paypal,2290.89
4577,610,2024-06-22,online,giftcard,2493.47
4578,939,2024-02-23,online,card,60.76
4579,996,2024-02-10,store,paypal,341.93
4580,767,2024-04-14,online,applepay,3733.69
4581,552,2024-09-03,online,paypal,102.46
4582,317,2023-12-24,online,giftcard,756.74
4583,524,2024-03-22,online,paypal,38.26
4584,1239,2023-11-14,online,applepay,200.82
4585,1466,2025-05-22,online,paypal,100.21
4586,1486,2025-04-03,store,applepay,143.4
4587,1109,2024-02-15,online,applepay,2188.18
4588,694,2025-04-27,online,applepay,215.42
4589,570,2023-12-31,online,applepay,216.03
4590,199,2025-08-17,store,giftcard,1814.67
4591,925,2023-12-25,store,paypal,2006.15
4592,809,2025-10-06,online,applepay,2857.84
4593,1054,2025-01-26,store,paypal,154.16
4594,797,2025-10-27,online,card,803.84
4595,561,2024-02-15,online,giftcard,151.79
4596,135,2024-10-19,store,paypal,160.02
4597,936,2025-01-10,online,applepay,4792.0
4598,51,2024-04-29,online,giftcard,69.95
4599,1452,2024-12-13,online,giftcard,911.68
4600,275,2025-03-11,store,paypal,29.76
4601,1305,2024-08-06,store,applepay,294.16
4602,807,2024-05-07,store,giftcard,132.81
4603,1470,2024-05-25,online,applepay,142.16
4604,1048,2025-06-27,online,paypal,48.08
4605,1124,2024-05-16,store,paypal,150.25
4606,557,2025-09-07,store,card,35.69
4607,1044,2025-10-12,store,card,190.2
4608,1069,2024-06-21,online,giftcard,212.96
4609,297,2025-03-15,store,applepay,100.25
4610,812,2024-05-15,online,giftcard,238.61
4611,546,2024-06-03,online,giftcard,28.68
4612,213,2025-03-23,store,card,27.27
4613,89,2024-08-15,store,card,157.81
4614,485,2024-06-14,store,applepay,75.43
4615,1177,2023-11-13,store,applepay,130.96
4616,8,2024-04-20,online,applepay,181.09
4617,295,2024-08-16,online,paypal,1248.79
4618,123,2024-06-22,store,card,89.06
4619,1067,2024-07-28,store,giftcard,72.6
4620,949,2024-01-06,online,applepay,29.43
4621,1484,2025-07-17,store,paypal,149.08
4622,1125,2024-03-04,store,paypal,248.55
4623,372,2024-08-31,online,giftcard,104.2
4624,626,2024-10-23,store,card,3955.27
4625,988,2024-09-24,store,applepay,93.67
4626,1042,2025-04-23,store,paypal,72.92
4627,994,2024-10-16,online,giftcard,3684.15
4628,1428,2025-01-22,online,card,8710.81
4629,1276,2024-01-11,online,card,132.89
4630,37,2025-01-16,store,paypal,3409.23
4631,708,2024-01-02,store,paypal,48.79
4632,731,2024-03-12,store,applepay,231.77
4633,516,2025-02-09,store,applepay,4571.47
4634,1278,2025-09-09,store,giftcard,83.16
4635,332,2024-02-20,online,applepay,157.99
4636,643,2025-06-30,online,applepay,4065.47
4637,1399,2024-04-08,online,applepay,148.12
4638,1344,2024-09-26,online,card,259.26
4639,738,2024-05-15,online,applepay,140.9
4640,211,2024-05-18,online,giftcard,4919.56
4641,201,2024-06-04,online,applepay,129.47
4642,1295,2024-02-21,online,card,227.27
4643,898,2024-12-21,online,card,122.52
4644,574,2024-02-22,online,card,240.13
4645,1421,2024-11-04,online,paypal,273.54
4646,215,2025-06-27,store,paypal,2301.95
4647,1214,2024-07-04,store,giftcard,93.93
4648,383,2024-04-07,store,card,31.29
4649,1402,2025-03-22,store,applepay,2498.08
4650,1376,2025-03-26,online,paypal,48.63
4651,896,2025-07-19,online,card,131.15
4652,1333,2024-06-02,store,card,5682.71
4653,1043,2025-10-12,online,giftcard,233.11
4654,1037,2024-12-13,online,applepay,124.19
4655,166,2024-08-12,store,giftcard,25.09
4656,991,2024-03-20,online,giftcard,230.98
4657,286,2025-06-16,store,giftcard,483.17
4658,503,2024-08-07,store,paypal,176.51
4659,630,2025-10-13,store,applepay,41.98
4660,81,2023-12-18,online,applepay,116.49
4661,785,2024-02-23,store,giftcard,816.64
4662,1057,2024-04-13,online,giftcard,2500.0
4663,958,2024-08-17,store,applepay,153.84
4664,1270,2025-04-27,store,applepay,1433.29
4665,985,2024-02-04,online,applepay,2287.66
4666,775,2025-09-14,store,paypal,117.28
4667,877,2025-09-30,store,giftcard,29.13
4668,1343,2023-11-12,store,applepay,1623.21
4669,1370,2024-03-22,store,giftcard,62.88
4670,1493,2025-09-16,store,card,2680.02
4671,571,2025-08-12,online,paypal,190.92
4672,933,2024-03-18,online,card,191.41
4673,347,2024-09-10,store,applepay,159.8
4674,658,2025-09-19,online,giftcard,106.17
4675,1292,2024-10-03,store,card,199.5
4676,545,2025-06-19,online,card,179.92
4677,1369,2024-11-30,store,giftcard,126.64
4678,951,2024-08-27,store,giftcard,37.27
4679,1437,2025-09-11,store,applepay,65.5
4680,610,2024-02-01,store,card,3515.24
4681,529,2024-11-27,store,paypal,2122.95
4682,379,2025-04-09,store,paypal,89.18
4683,1042,2024-05-21,store,card,1860.05
4684,450,2024-02-09,store,card,92.8
4685,1488,2024-04-20,online,card,84.39
4686,1407,2025-06-30,online,giftcard,1157.11
4687,374,2024-11-26,store,paypal,55.43
4688,1427,2025-06-23,store,applepay,120.34
4689,495,2024-02-11,online,card,579.14
4690,319,2024-09-19,online,paypal,9257.31
4691,343,2024-07-16,online,applepay,68.64
4692,919,2025-01-18,online,card,228.65
4693,755,2024-11-27,store,giftcard,991.47
4694,714,2025-03-08,store,applepay,211.69
4695,920,2024-12-01,store,card,70.88
4696,599,2024-10-26,online,card,121.84
4697,1323,2025-07-29,store,applepay,113.1
4698,1317,2024-09-27,online,paypal,196.0
4699,1147,2025-09-04,online,applepay,79.91
4700,800,2024-11-25,online,card,215.99
4701,1306,2024-06-15,store,applepay,102.46
4702,357,2025-06-10,online,card,41.24
4703,1398,2024-05-16,online,giftcard,150.71
4704,556,2025-08-10,online,giftcard,283.47
4705,1446,2024-03-25,store,applepay,32.69
4706,1485,2025-10-25,store,card,145.83
4707,504,2024-04-23,store,applepay,4545.09
4708,1381,2025-10-26,store,paypal,20.97
4709,1379,2025-04-21,store,paypal,4640.61
4710,76,2024-02-13,online,applepay,1662.22
4711,23,2025-01-02,store,card,18937.26
4712,1485,2024-07-04,online,paypal,2533.81
4713,255,2025-02-19,online,paypal,60.83
4714,1464,2024-04-19,store,card,1625.88
4715,1456,2024-10-09,store,applepay,416.27
4716,1267,2025-09-25,store,paypal,107.74
4717,1251,2024-08-20,store,giftcard,979.55
4718,153,2024-12-26,online,card,3152.97
4719,908,2025-05-27,online,applepay,3903.3
4720,1061,2025-07-11,store,giftcard,87.2
4721,1034,2025-07-17,online,giftcard,87.49
4722,79,2025-09-07,online,applepay,174.1
4723,1001,2024-09-22,store,paypal,134.9
4724,131,2024-05-29,store,applepay,30.65
4725,1361,2024-03-28,online,applepay,229.24
4726,274,2023-12-20,store,card,5134.14
4727,430,2025-09-23,online,card,87.0
4728,1375,2025-06-11,online,paypal,180.87
4729,1116,2025-01-30,online,applepay,84.47
4730,1013,2024-04-23,store,card,2803.74
4731,1279,2024-09-25,online,paypal,5183.27
4732,1421,2024-12-18,online,giftcard,34.56
4733,621,2025-03-25,online,paypal,1200.35
4734,1281,2025-09-28,store,paypal,4156.6
4735,1266,2023-11-20,store,applepay,92.78
4736,1284,2024-12-11,online,paypal,77.88
4737,689,2025-10-14,online,paypal,82.1
4738,104,2025-10-12,store,applepay,298.49
4739,633,2023-11-13,store,paypal,153.74
4740,1067,2025-02-07,store,paypal,1500.07
4741,926,2025-05-27,store,paypal,57.85
4742,1455,2023-11-15,store,paypal,142.19
4743,649,2024-01-12,store,giftcard,863.31
4744,1398,2024-07-28,store,card,2204.81
4745,975,2024-05-09,store,paypal,1123.97
4746,991,2024-04-08,store,giftcard,125.55
4747,876,2023-11-12,online,applepay,209.82
4748,857,2025-04-05,store,card,159.94
4749,95,2024-11-01,online,card,4242.31
4750,1452,2024-02-02,store,applepay,942.53
4751,83,2025-08-17,store,card,243.32
4752,627,2025-07-09,online,paypal,254.66
4753,1110,2024-07-27,store,card,1820.48
4754,455,2025-02-03,store,card,29.86
4755,1493,2024-11-16,store,card,168.24
4756,845,2025-07-05,online,applepay,102.24
4757,540,2025-07-05,online,paypal,211.12
4758,513,2024-05-29,online,applepay,2894.08
4759,1361,2025-06-23,online,applepay,279.59
4760,53,2024-01-27,store,applepay,12.93
4761,1108,2024-12-28,online,paypal,33.5
4762,1241,2025-04-13,store,paypal,177.73
4763,332,2025-04-30,online,card,2310.59
4764,443,2025-02-15,store,paypal,1414.22
4765,541,2025-07-21,online,giftcard,3342.87
4766,760,2024-11-11,store,applepay,1378.32
4767,114,2025-06-13,online,card,700.0
4768,916,2025-09-20,online,applepay,2380.18
4769,1128,2024-02-24,store,card,86.98
4770,674,2024-10-28,online,giftcard,69.29
4771,1068,2024-02-23,online,card,90.07
4772,380,2024-10-13,store,card,3612.14
4773,1316,2024-10-27,online,applepay,3249.66
4774,837,2024-04-11,store,card,113.9
4775,888,2025-04-26,online,paypal,1382.41
4776,1046,2025-04-19,store,giftcard,56.7
4777,577,2025-03-08,online,applepay,27.02
4778,389,2025-09-13,store,applepay,1931.01
4779,831,2024-08-02,store,giftcard,2457.01
4780,24,2024-07-04,store,giftcard,5595.22
4781,1079,2024-12-08,store,applepay,1455.63
4782,179,2024-02-16,store,card,78.47
4783,1106,2025-07-03,store,paypal,62.48
4784,998,2025-01-24,store,giftcard,83.66
4785,1443,2024-02-14,store,card,4632.26
4786,283,2025-01-08,store,giftcard,151.24
4787,524,2025-01-13,online,paypal,895.32
4788,345,2025-01-26,online,paypal,1694.8
4789,1054,2024-08-13,online,card,2208.63
4790,762,2024-09-11,online,paypal,897.24
4791,479,2025-08-10,store,card,209.52
4792,1198,2025-08-16,online,applepay,66.88
4793,1475,2024-06-28,store,paypal,1675.36
4794,984,2024-04-13,store,card,116.19
4795,734,2025-09-23,store,card,63.9
4796,1161,2023-12-13,online,card,43.68
4797,1082,2025-11-04,store,paypal,232.03
4798,278,2024-02-29,store,paypal,89.28
4799,782,2024-04-01,store,applepay,84.33
4800,414,2023-12-25,store,paypal,20.0
4801,1198,2024-02-12,store,card,57.06
4802,822,2024-12-03,store,giftcard,169.45
4803,192,2024-10-06,online,card,3444.96
4804,158,2025-01-05,store,card,371.79
4805,87,2024-01-16,store,giftcard,40.93
4806,91,2025-04-22,online,paypal,152.15
4807,1341,2024-07-05,online,card,2213.7
4808,1268,2025-06-22,store,card,44.87
4809,323,2024-09-22,online,giftcard,134.25
4810,573,2024-12-11,online,card,305.61
4811,798,2023-12-03,store,paypal,3188.17
4812,478,2024-08-21,store,giftcard,126.29
4813,1031,2025-01-21,store,paypal,148.26
4814,1496,2024-03-03,store,card,158.88
4815,1116,2025-08-28,online,giftcard,70.16
4816,1441,2024-08-05,online,giftcard,3229.32
4817,944,2025-05-31,online,paypal,218.13
4818,802,2024-07-14,store,applepay,1510.21
4819,516,2024-06-26,online,applepay,22.37
4820,1355,2024-03-04,store,giftcard,69.17
4821,31,2023-12-07,store,applepay,46.47
4822,347,2025-02-18,online,paypal,2681.7
4823,946,2024-08-05,store,paypal,2027.91
4824,795,2025-08-10,store,card,168.33
4825,555,2024-11-17,online,card,124.72
4826,127,2024-09-25,online,giftcard,57.86
4827,314,2025-10-13,online,paypal,2263.04
4828,308,2025-05-09,store,applepay,1161.14
4829,787,2024-08-18,store,card,63.37
4830,903,2024-12-06,online,giftcard,115.08
4831,968,2025-10-30,store,paypal,2656.14
4832,922,2025-01-31,online,giftcard,155.8
4833,1401,2024-07-30,store,applepay,119.05
4834,547,2024-06-15,online,card,80.24
4835,1356,2024-12-20,online,paypal,2264.28
4836,1228,2025-10-10,online,card,268.81
4837,364,2024-06-25,store,giftcard,26.31
4838,3,2024-12-11,store,paypal,207.53
4839,1455,2025-08-04,online,card,10.54
4840,1178,2024-03-18,online,paypal,2785.1
4841,200,2025-06-04,store,giftcard,141.98
4842,1413,2025-01-10,store,applepay,143.45
4843,1344,2025-08-29,store,paypal,1411.95
4844,370,2024-08-05,store,card,161.31
4845,1438,2025-01-10,store,applepay,145.22
4846,913,2024-01-21,online,card,53.26
4847,1091,2024-09-18,store,applepay,186.9
4848,556,2024-06-23,store,card,2932.46
4849,1005,2024-02-17,store,paypal,260.41
4850,814,2024-07-04,online,paypal,194.4
4851,590,2024-08-25,online,applepay,71.57
4852,126,2025-04-19,store,card,95.86
4853,1436,2024-02-24,online,giftcard,5312.81
4854,972,2025-06-07,online,giftcard,99.3
4855,449,2025-08-28,online,paypal,272.57
4856,989,2024-02-17,store,applepay,641.71
4857,723,2025-02-08,store,applepay,111.03
4858,804,2024-12-29,store,applepay,234.98
4859,1331,2023-11-09,online,applepay,120.01
4860,591,2024-12-06,store,card,114.91
4861,181,2025-04-18,store,giftcard,155.36
4862,1077,2025-03-18,online,paypal,35.39
4863,1491,2023-12-10,store,applepay,5738.95
4864,431,2024-09-29,store,giftcard,26.37
4865,1086,2024-01-05,store,card,102.27
4866,1125,2024-01-18,online,applepay,6460.76
4867,641,2025-05-15,online,paypal,214.55
4868,628,2025-02-22,online,giftcard,44.59
4869,26,2025-11-02,online,giftcard,316.88
4870,423,2024-07-20,store,card,74.91
4871,1500,2024-07-25,online,paypal,4047.45
4872,967,2025-02-01,store,paypal,76.29
4873,187,2024-01-28,online,paypal,3322.97
4874,645,2024-01-30,online,card,37.91
4875,1356,2025-10-28,store,applepay,9410.39
4876,86,2025-01-31,store,applepay,48.3
4877,683,2024-09-12,store,giftcard,1702.72
4878,1413,2025-07-24,store,paypal,266.19
4879,418,2024-10-27,store,card,2585.97
4880,962,2025-05-19,online,applepay,112.58
4881,1408,2025-05-03,online,giftcard,64.71
4882,1025,2024-11-01,online,card,27.47
4883,901,2024-01-11,online,applepay,510.8
4884,641,2025-04-03,online,applepay,1241.13
4885,542,2025-09-08,online,paypal,268.85
4886,42,2024-09-14,store,giftcard,62.05
4887,410,2024-06-03,online,paypal,78.75
4888,1479,2025-02-20,online,giftcard,126.95
4889,553,2023-11-18,store,applepay,910.24
4890,1435,2025-07-27,store,applepay,106.35
4891,1198,2024-12-06,store,giftcard,127.89
4892,913,2025-04-30,store,paypal,130.97
4893,1494,2024-09-09,online,applepay,275.9
4894,980,2025-07-25,online,paypal,161.41
4895,782,2024-05-01,online,applepay,69.28
4896,309,2025-04-24,store,giftcard,158.97
4897,1391,2025-06-16,store,applepay,4593.73
4898,8,2024-02-17,store,applepay,188.46
4899,647,2024-04-10,store,applepay,3723.49
4900,1064,2024-10-09,online,applepay,223.92
4901,1390,2025-09-08,store,card,169.59
4902,629,2024-01-08,store,paypal,211.18
4903,1163,2025-03-01,store,card,182.55
4904,226,2024-10-22,online,giftcard,66.72
4905,1313,2024-09-13,store,applepay,97.53
4906,431,2024-06-11,online,giftcard,2296.99
4907,327,2024-04-17,store,paypal,173.51
4908,579,2025-10-30,store,applepay,1793.53
4909,125,2024-02-23,store,card,70.19
4910,1361,2025-01-14,online,applepay,1996.84
4911,1355,2024-01-26,online,card,4845.25
4912,807,2025-02-21,store,card,3267.35
4913,64,2024-11-16,store,giftcard,83.57
4914,153,2025-08-02,online,giftcard,1830.59
4915,1295,2025-04-05,store,giftcard,56.84
4916,231,2024-04-27,store,giftcard,58.67
4917,361,2024-11-05,store,card,921.17
4918,654,2024-04-01,store,applepay,1457.41
4919,610,2024-10-31,online,applepay,280.17
4920,420,2024-01-23,online,paypal,570.61
4921,334,2025-09-17,store,paypal,157.4
4922,19,2025-09-17,store,applepay,2187.6
4923,1164,2024-07-04,online,card,133.48
4924,654,2025-10-19,store,applepay,68.97
4925,304,2025-11-08,store,giftcard,46.7
4926,1283,2025-01-01,store,card,211.76
4927,424,2025-01-18,store,giftcard,71.0
4928,1025,2025-02-13,online,giftcard,78.4
4929,80,2025-05-30,online,giftcard,146.53
4930,273,2025-03-26,online,card,218.22
4931,52,2024-05-26,online,paypal,3597.42
4932,993,2024-06-11,store,card,30.3
4933,487,2025-02-24,store,card,126.61
4934,988,2025-05-01,online,card,2158.17
4935,894,2025-08-28,online,paypal,95.1
4936,1490,2025-02-08,online,paypal,186.67
4937,920,2024-05-18,store,applepay,177.54
4938,1026,2024-03-12,online,card,635.09
4939,255,2024-02-06,online,giftcard,135.28
4940,1360,2025-04-14,store,card,56.48
4941,1242,2024-08-12,online,giftcard,67.7
4942,526,2023-12-23,store,giftcard,3615.01
4943,1256,2024-11-08,store,paypal,15.3
4944,764,2024-09-30,store,paypal,4264.49
4945,613,2025-01-24,online,paypal,4216.71
4946,892,2024-06-02,online,applepay,166.04
4947,1296,2024-08-08,store,card,91.68
4948,354,2025-09-20,online,giftcard,31.43
4949,1096,2025-06-19,online,card,111.5
4950,269,2024-11-25,store,applepay,81.32
4951,584,2025-10-04,store,giftcard,90.68
4952,482,2024-01-09,online,card,87.84
4953,1178,2024-04-11,store,giftcard,161.38
4954,1096,2025-08-31,store,giftcard,92.18
4955,491,2024-08-05,store,card,81.15
4956,1048,2025-07-15,store,card,1186.03
4957,1354,2023-11-17,store,card,66.24
4958,1185,2024-01-22,store,card,89.79
4959,374,2024-10-11,online,card,258.35
4960,206,2024-06-10,store,giftcard,320.41
4961,949,2024-12-22,online,applepay,87.73
4962,1026,2024-03-15,online,applepay,2029.48
4963,1449,2024-10-13,store,card,2127.07
4964,309,2024-06-29,store,card,530.48
4965,93,2025-01-11,online,giftcard,87.53
4966,51,2024-12-26,store,giftcard,3548.01
4967,730,2024-10-19,store,card,27.66
4968,528,2025-09-23,online,giftcard,1741.2
4969,1000,2024-07-31,online,card,123.45
4970,1442,2024-06-13,store,giftcard,149.4
4971,1375,2024-01-12,online,giftcard,27.4
4972,1441,2024-07-16,store,applepay,64.13
4973,1044,2024-05-14,online,applepay,86.85
4974,1109,2025-09-11,online,giftcard,120.39
4975,467,2024-07-24,store,giftcard,237.94
4976,501,2025-05-08,store,paypal,84.01
4977,310,2024-10-06,store,giftcard,2187.1
4978,814,2025-01-08,online,applepay,49.8
4979,627,2025-09-09,online,applepay,126.45
4980,829,2023-11-12,online,applepay,17.19
4981,238,2023-12-08,online,applepay,49.97
4982,1078,2025-04-07,online,giftcard,126.33
4983,326,2024-03-29,store,giftcard,172.4
4984,1212,2025-01-28,store,applepay,3834.89
4985,844,2025-07-31,store,applepay,107.59
4986,787,2025-01-20,store,applepay,42.75
4987,996,2024-03-13,online,paypal,40.36
4988,863,2024-04-03,online,giftcard,146.44
4989,992,2025-03-23,store,paypal,41.48
4990,683,2024-01-27,online,paypal,42.77
4991,575,2025-09-06,store,applepay,4624.62
4992,357,2023-11-10,online,giftcard,32.84
4993,434,2024-06-25,online,paypal,187.78
4994,1450,2025-08-05,online,giftcard,2318.6
4995,1113,2025-05-21,online,paypal,1487.57
4996,1246,2025-08-09,online,applepay,251.63
4997,364,2025-04-10,store,giftcard,3563.77
4998,430,2025-05-15,store,card,181.39
4999,503,2025-03-11,online,giftcard,83.68
5000,1354,2024-05-06,online,card,40.34
5001,406,2023-12-19,store,giftcard,123.64
5002,1369,2024-11-07,store,applepay,36.18
5003,230,2025-10-10,online,giftcard,94.47
5004,353,2025-09-23,store,card,20.0
5005,1270,2024-05-08,store,paypal,130.77
5006,1100,2024-06-02,store,applepay,95.88
5007,1087,2024-10-24,online,card,37.47
5008,618,2025-11-04,store,applepay,70.83
5009,1036,2025-10-08,online,applepay,2087.84
5010,1079,2025-07-29,online,card,50.9
5011,455,2024-09-03,store,card,57.47
5012,192,2024-12-19,online,card,72.85
5013,1373,2024-02-04,store,giftcard,43.87
5014,553,2025-10-15,store,applepay,30.0
5015,667,2023-12-29,store,paypal,279.64
5016,101,2025-11-03,store,card,1050.06
5017,1255,2024-07-15,online,giftcard,145.55
5018,950,2024-09-08,online,paypal,218.3
5019,1181,2024-08-30,store,giftcard,103.78
5020,792,2024-12-30,store,paypal,60.23
5021,1215,2024-04-11,store,card,48.48
5022,80,2025-04-23,store,giftcard,2530.99
5023,1027,2024-04-28,online,card,169.11
5024,1132,2024-02-02,online,applepay,327.97
5025,1065,2025-06-10,online,applepay,47.89
5026,1163,2025-04-26,store,giftcard,199.84
5027,882,2023-12-21,store,paypal,100.58
5028,431,2024-07-23,online,applepay,202.51
5029,1098,2024-11-28,online,paypal,68.35
5030,1005,2025-08-26,store,applepay,38.31
5031,816,2025-01-10,online,giftcard,133.81
5032,1481,2025-01-09,store,applepay,112.6
5033,549,2024-10-15,online,paypal,189.73
5034,513,2024-06-29,store,applepay,242.15
5035,7,2024-05-12,online,paypal,58.81
5036,1177,2024-02-23,online,giftcard,223.03
5037,767,2024-02-12,online,giftcard,224.73
5038,1329,2024-06-15,online,giftcard,108.39
5039,151,2023-12-26,online,card,25.66
5040,308,2024-10-16,store,card,3057.64
5041,686,2024-01-03,store,paypal,67.99
5042,1056,2025-04-07,store,giftcard,4699.22
5043,278,2023-12-14,store,applepay,570.52
5044,953,2025-07-21,online,card,193.37
5045,18,2024-01-05,online,applepay,463.87
5046,367,2024-05-14,store,card,219.56
5047,1215,2025-01-21,store,card,266.5
5048,52,2024-10-06,store,giftcard,35.38
5049,1452,2024-05-11,online,applepay,624.62
5050,1203,2024-10-18,online,paypal,215.85
5051,797,2024-11-10,store,card,84.02
5052,1465,2025-10-17,online,paypal,109.44
5053,805,2024-10-18,online,paypal,1819.51
5054,1238,2025-09-14,online,paypal,2119.97
5055,1048,2024-01-22,store,applepay,110.58
5056,219,2024-08-28,online,applepay,841.24
5057,162,2025-09-20,store,paypal,82.7
5058,1081,2025-07-22,store,giftcard,131.67
5059,648,2024-09-15,online,applepay,61.45
5060,1286,2024-08-20,online,applepay,166.58
5061,1120,2024-11-08,online,card,88.63
5062,126,2025-05-08,online,card,5743.67
5063,61,2025-10-18,store,card,18962.35
5064,892,2024-09-23,online,card,2569.11
5065,569,2025-06-25,store,paypal,190.98
5066,679,2025-01-06,online,applepay,52.6
5067,730,2024-10-26,store,giftcard,56.56
5068,907,2024-04-11,online,applepay,34.52
5069,425,2025-03-01,online,giftcard,2001.54
5070,198,2024-06-04,store,giftcard,140.4
5071,1331,2025-07-20,online,paypal,5016.45
5072,626,2025-06-15,store,card,4298.13
5073,67,2025-01-29,online,giftcard,3325.72
5074,139,2023-12-15,store,applepay,190.91
5075,875,2025-10-20,store,card,95.38
5076,324,2025-06-17,store,giftcard,73.82
5077,1329,2024-03-12,online,giftcard,1932.06
5078,992,2025-03-29,store,paypal,80.56
5079,1045,2024-02-06,online,giftcard,3151.26
5080,745,2025-10-10,online,giftcard,49.5
5081,728,2025-04-04,store,applepay,1244.6
5082,1371,2024-01-26,online,giftcard,123.43
5083,563,2025-07-26,online,paypal,18.17
5084,1500,2025-05-04,store,card,75.91
5085,953,2025-01-14,store,applepay,190.08
5086,643,2025-06-09,store,card,83.94
5087,1230,2024-04-27,online,giftcard,248.95
5088,375,2025-02-19,store,paypal,186.72
5089,1337,2025-11-02,online,card,190.0
5090,1214,2025-08-18,store,applepay,1807.73
5091,937,2025-04-01,store,card,70.45
5092,1213,2025-08-22,store,giftcard,2914.48
5093,1371,2025-03-25,store,applepay,141.01
5094,591,2025-07-11,online,card,49.74
5095,111,2025-06-03,online,giftcard,135.38
5096,262,2024-09-08,online,giftcard,108.19
5097,974,2025-01-22,online,giftcard,50.01
5098,642,2025-03-23,online,card,2244.77
5099,979,2024-05-05,store,giftcard,3657.58
5100,966,2025-09-11,online,paypal,88.86
5101,565,2024-02-29,store,giftcard,3948.42
5102,985,2024-12-18,online,giftcard,3157.7
5103,380,2024-07-10,online,paypal,177.53
5104,1309,2024-12-16,online,card,3373.03
5105,1060,2025-10-23,online,applepay,42.91
5106,83,2025-02-27,store,paypal,155.77
5107,689,2024-05-19,store,card,239.13
5108,1278,2024-02-03,store,card,154.69
5109,473,2024-08-09,online,applepay,121.81
5110,1445,2024-08-08,store,giftcard,314.75
5111,1005,2024-04-06,online,paypal,4037.28
5112,457,2025-08-17,store,card,221.79
5113,1467,2025-04-24,online,giftcard,14.68
5114,272,2024-10-24,store,paypal,1097.03
5115,301,2025-05-22,store,paypal,159.86
5116,701,2024-11-21,store,giftcard,1995.46
5117,43,2025-02-19,online,card,2345.58
5118,458,2024-11-08,store,applepay,1450.25
5119,1143,2025-01-18,online,card,87.59
5120,250,2025-02-26,online,card,120.94
5121,769,2023-11-30,online,card,139.27
5122,766,2024-11-12,store,applepay,4023.14
5123,834,2024-05-09,store,paypal,1624.01
5124,97,2024-01-08,store,applepay,3009.82
5125,1215,2024-05-25,online,paypal,982.03
5126,1326,2024-01-01,store,giftcard,2364.59
5127,433,2025-08-19,online,paypal,169.12
5128,305,2025-04-13,online,applepay,118.4
5129,1263,2024-05-13,store,giftcard,103.33
5130,755,2025-05-29,store,paypal,70.33
5131,845,2025-03-01,online,giftcard,4009.44
5132,604,2025-06-12,store,applepay,186.54
5133,397,2025-01-25,online,paypal,151.94
5134,1334,2025-04-13,store,applepay,225.62
5135,297,2025-08-05,store,applepay,221.25
5136,396,2024-07-30,store,card,223.63
5137,190,2025-07-09,online,paypal,294.35
5138,923,2024-09-30,online,giftcard,171.5
5139,260,2024-10-17,online,applepay,106.85
5140,982,2025-03-21,online,applepay,96.87
5141,951,2025-02-17,store,paypal,70.64
5142,342,2025-05-03,online,paypal,422.75
5143,549,2025-08-19,online,card,119.54
5144,1116,2024-08-29,online,giftcard,4810.44
5145,1146,2025-10-22,online,paypal,1509.37
5146,345,2024-03-17,online,giftcard,191.51
5147,90,2024-03-05,online,applepay,236.8
5148,655,2023-11-09,store,giftcard,58.69
5149,347,2025-03-03,online,applepay,341.65
5150,187,2025-06-07,store,applepay,74.51
5151,426,2024-06-13,store,paypal,1688.65
5152,1367,2024-08-23,store,paypal,563.53
5153,1497,2024-03-28,online,paypal,691.0
5154,1200,2024-12-14,online,giftcard,82.27
5155,905,2025-10-29,store,paypal,174.6
5156,1434,2025-05-18,online,card,3769.5
5157,347,2023-11-22,online,giftcard,127.1
5158,893,2024-05-31,store,applepay,2517.27
5159,1186,2024-06-18,store,applepay,166.68
5160,84,2024-01-28,online,applepay,1315.0
5161,951,2025-09-10,store,paypal,966.1
5162,931,2025-02-20,online,giftcard,42.62
5163,451,2024-10-11,online,card,1498.37
5164,152,2025-05-03,store,card,42.78
5165,342,2025-02-21,online,giftcard,129.3
5166,574,2025-10-24,store,applepay,180.96
5167,1157,2025-09-06,store,giftcard,216.63
5168,326,2024-06-21,online,paypal,29.18
5169,1269,2025-02-11,store,card,4304.18
5170,626,2025-05-25,online,paypal,1455.36
5171,663,2024-05-17,store,applepay,97.87
5172,391,2024-08-01,store,paypal,181.42
5173,90,2025-01-26,online,applepay,3405.57
5174,1171,2024-02-12,online,card,58.54
5175,759,2025-05-22,store,applepay,15.95
5176,1132,2025-08-05,store,applepay,729.38
5177,80,2024-04-19,online,giftcard,172.06
5178,1136,2024-11-28,online,applepay,1175.59
5179,554,2025-01-09,store,applepay,136.45
5180,1177,2024-07-17,online,applepay,1946.98
5181,48,2024-02-28,online,applepay,118.01
5182,1316,2024-01-30,online,giftcard,691.18
5183,227,2024-07-26,store,applepay,4465.15
5184,1278,2024-05-16,online,card,181.83
5185,1469,2024-04-25,store,paypal,714.67
5186,1262,2025-05-29,online,paypal,68.28
5187,2,2025-06-08,online,giftcard,67.69
5188,1125,2024-10-16,store,applepay,26.7
5189,780,2024-09-23,online,card,60.06
5190,949,2025-04-19,online,paypal,289.25
5191,1423,2024-03-17,online,giftcard,2791.53
5192,370,2025-06-04,store,giftcard,2398.78
5193,520,2024-08-14,online,paypal,77.31
5194,1211,2024-06-18,online,paypal,211.52
5195,360,2024-02-28,store,applepay,198.48
5196,1017,2024-10-27,online,applepay,60.81
5197,768,2024-03-29,online,paypal,74.61
5198,771,2024-11-28,store,applepay,825.84
5199,1388,2024-03-16,store,card,2815.57
5200,415,2023-12-18,online,paypal,164.61
5201,1165,2024-01-26,online,applepay,2531.56
5202,864,2024-06-03,store,paypal,38.79
5203,177,2025-09-08,store,applepay,291.22
5204,488,2024-09-19,online,paypal,141.85
5205,1472,2024-07-05,online,applepay,150.61
5206,492,2025-06-12,store,paypal,61.14
5207,558,2023-12-02,online,applepay,5630.73
5208,1458,2023-12-12,store,card,193.4
5209,449,2024-01-30,online,applepay,87.44
5210,1089,2024-08-24,online,giftcard,182.13
5211,1268,2025-10-31,online,card,135.06
5212,189,2024-10-31,store,card,67.94
5213,1327,2024-04-30,online,card,23.09
5214,1236,2025-02-17,store,applepay,80.2
5215,193,2025-06-08,store,paypal,1237.67
5216,631,2024-12-23,online,giftcard,42.1
5217,1079,2025-06-26,store,giftcard,296.21
5218,635,2024-10-14,online,applepay,303.33
5219,1490,2025-01-18,store,giftcard,11132.63
5220,222,2024-11-04,store,applepay,135.59
5221,392,2025-03-12,online,applepay,114.47
5222,984,2025-06-01,online,paypal,116.61
5223,27,2024-10-23,store,applepay,123.97
5224,1445,2025-05-04,store,applepay,2787.71
5225,356,2025-07-03,online,card,83.19
5226,607,2024-08-09,online,paypal,4144.43
5227,119,2025-09-13,online,giftcard,177.22
5228,220,2025-05-26,store,giftcard,3680.86
5229,1319,2025-07-01,online,card,2014.35
5230,1447,2024-11-02,store,applepay,3444.39
5231,718,2025-07-05,store,card,33.0
5232,681,2024-12-21,store,paypal,61.67
5233,1418,2024-06-08,store,applepay,189.11
5234,649,2025-05-27,store,card,46.39
5235,603,2025-09-22,online,card,93.96
5236,413,2024-03-26,online,paypal,77.96
5237,439,2025-01-26,store,card,75.2
5238,1417,2023-12-22,online,applepay,26.88
5239,998,2025-01-21,online,giftcard,59.77
5240,828,2024-11-06,store,giftcard,181.08
5241,467,2024-03-16,online,card,214.4
5242,48,2024-03-31,store,card,1193.49
5243,899,2025-10-08,store,giftcard,134.84
5244,1442,2025-03-05,store,applepay,38.51
5245,1364,2024-11-23,store,paypal,92.07
5246,524,2024-11-26,store,card,54.05
5247,176,2024-02-25,store,applepay,212.44
5248,439,2024-01-21,online,card,31.94
5249,1344,2024-11-13,online,paypal,77.66
5250,408,2024-07-22,online,paypal,163.63
5251,831,2025-07-01,store,applepay,3101.5
5252,42,2024-08-19,online,giftcard,1365.03
5253,927,2025-08-05,online,paypal,5545.55
5254,76,2024-12-23,online,applepay,4145.34
5255,1279,2024-10-13,online,card,165.13
5256,856,2024-09-07,store,paypal,678.68
5257,1211,2024-06-06,store,card,4054.59
5258,618,2024-06-11,online,card,61.45
5259,197,2025-03-16,online,card,99.08
5260,409,2025-06-20,store,applepay,186.94
5261,186,2024-06-15,online,giftcard,1119.77
5262,724,2025-06-13,online,giftcard,124.27
5263,951,2025-08-05,store,applepay,81.17
5264,1470,2024-09-11,online,applepay,31.78
5265,577,2024-11-19,store,applepay,80.86
5266,96,2024-11-01,online,giftcard,191.07
5267,1387,2025-04-19,store,card,693.63
5268,692,2024-06-17,online,giftcard,4175.49
5269,1187,2025-09-06,online,card,68.74
5270,1375,2025-01-25,store,card,1650.34
5271,1367,2025-04-21,online,applepay,116.57
5272,1189,2025-08-26,online,card,82.67
5273,252,2024-03-08,store,card,40.82
5274,813,2024-02-29,online,paypal,240.62
5275,1337,2023-11-23,online,paypal,246.48
5276,189,2025-06-19,online,applepay,25.87
5277,281,2024-08-17,online,giftcard,74.29
5278,526,2025-06-09,store,card,2661.39
5279,530,2024-03-18,store,paypal,153.11
5280,758,2024-08-02,store,paypal,27.9
5281,518,2024-05-13,online,paypal,631.36
5282,1142,2024-03-21,store,card,201.68
5283,1048,2024-12-27,store,paypal,153.04
5284,102,2025-02-20,store,paypal,186.32
5285,342,2024-08-06,store,applepay,41.54
5286,732,2025-08-12,online,giftcard,30.0
5287,772,2024-06-28,store,card,197.66
5288,1482,2024-01-14,online,giftcard,83.46
5289,890,2025-08-28,online,giftcard,103.77
5290,501,2024-02-29,online,card,189.14
5291,669,2025-01-21,online,card,6667.38
5292,772,2024-04-12,online,applepay,2981.59
5293,1083,2025-04-20,store,giftcard,57.74
5294,1206,2025-04-07,online,paypal,143.51
5295,1151,2023-11-18,online,card,107.23
5296,749,2024-04-30,store,giftcard,101.23
5297,720,2024-11-21,store,giftcard,1879.48
5298,109,2024-10-18,store,applepay,161.75
5299,1142,2024-11-25,online,paypal,117.51
5300,648,2024-02-07,online,paypal,161.06
5301,415,2025-11-08,online,card,1411.62
5302,106,2025-04-27,store,paypal,149.05
5303,40,2024-08-28,store,giftcard,976.36
5304,1106,2024-10-22,store,applepay,200.69
5305,362,2025-03-08,online,card,230.71
5306,1325,2024-08-06,online,card,333.25
5307,76,2024-07-10,online,card,82.32
5308,733,2024-09-20,online,applepay,170.56
5309,1017,2024-03-11,online,giftcard,4977.79
5310,89,2024-11-24,store,applepay,1167.87
5311,1029,2024-08-27,store,card,165.68
5312,984,2024-07-05,online,card,128.16
5313,1235,2025-07-10,store,paypal,5961.32
5314,1364,2024-07-05,store,paypal,134.11
5315,553,2024-01-05,store,paypal,3062.53
5316,1489,2025-05-19,store,applepay,36.65
5317,1009,2023-11-30,store,paypal,28.73
5318,75,2023-11-20,online,paypal,201.27
5319,696,2025-04-02,online,giftcard,1592.25
5320,686,2025-03-19,store,card,58.22
5321,1113,2025-02-09,online,paypal,1525.31
5322,275,2024-02-05,online,paypal,57.57
5323,1008,2024-12-17,online,paypal,51.36
5324,718,2024-11-19,online,paypal,41.77
5325,609,2025-01-28,online,giftcard,71.71
5326,96,2024-12-27,store,paypal,1143.81
5327,1175,2025-03-14,store,giftcard,5393.6
5328,77,2024-06-06,online,applepay,45.52
5329,240,2025-06-20,store,applepay,3002.57
5330,634,2025-06-25,online,applepay,179.77
5331,1412,2025-05-21,store,giftcard,73.87
5332,635,2024-05-07,online,applepay,1666.11
5333,655,2025-06-25,online,paypal,73.75
5334,1405,2025-06-21,store,applepay,79.66
5335,492,2024-04-02,online,applepay,105.7
5336,1291,2024-05-02,online,applepay,1592.71
5337,1020,2024-02-18,online,applepay,87.7
5338,943,2024-04-21,online,card,725.68
5339,1439,2025-07-06,online,applepay,139.83
5340,572,2024-12-27,store,card,4189.52
5341,473,2024-09-29,store,applepay,82.56
5342,1036,2024-08-08,store,paypal,1689.44
5343,1382,2024-05-29,store,paypal,339.45
5344,48,2025-05-30,store,giftcard,129.24
5345,705,2024-11-24,online,giftcard,122.83
5346,994,2025-04-07,store,paypal,90.11
5347,106,2025-06-20,store,applepay,46.52
5348,1051,2025-08-01,store,giftcard,128.79
5349,1484,2025-11-01,store,applepay,115.31
5350,306,2025-02-24,online,card,5647.13
5351,1284,2024-07-13,online,applepay,116.1
5352,984,2025-08-11,store,giftcard,151.48
5353,1108,2024-04-04,store,applepay,99.03
5354,1495,2024-12-20,store,applepay,174.39
5355,139,2025-04-17,online,card,135.56
5356,554,2024-01-17,online,paypal,550.51
5357,853,2023-11-12,store,giftcard,304.9
5358,502,2025-07-15,online,applepay,62.35
5359,930,2024-10-01,store,paypal,992.35
5360,382,2024-02-14,store,card,189.23
5361,605,2025-08-06,store,giftcard,1271.37
5362,1046,2025-08-20,store,giftcard,84.3
5363,256,2025-01-31,store,card,26.33
5364,1493,2024-01-08,online,card,109.99
5365,552,2024-03-30,online,applepay,227.0
5366,503,2025-02-24,online,applepay,303.71
5367,1438,2025-02-22,store,applepay,4341.91
5368,881,2025-01-30,online,card,164.5
5369,1255,2024-12-17,store,giftcard,93.71
5370,458,2025-10-25,online,giftcard,211.12
5371,1078,2024-12-06,store,paypal,121.47
5372,763,2025-03-11,store,giftcard,151.13
5373,985,2024-05-04,store,giftcard,27.77
5374,265,2025-08-20,online,paypal,150.45
5375,641,2024-04-17,store,paypal,3439.27
5376,1331,2024-06-09,online,giftcard,149.49
5377,810,2024-12-07,store,card,708.82
5378,1416,2024-01-29,online,card,43.16
5379,757,2025-09-17,online,applepay,4130.16
5380,1026,2025-08-16,online,giftcard,222.82
5381,495,2024-11-29,store,card,3607.36
5382,1493,2024-10-05,store,applepay,53.54
5383,130,2023-12-27,online,card,2867.9
5384,486,2025-10-12,online,card,2127.96
5385,323,2025-01-27,store,applepay,384.64
5386,322,2025-11-07,store,paypal,3782.38
5387,1197,2024-02-09,store,applepay,179.5
5388,70,2024-11-21,store,giftcard,1791.85
5389,613,2024-10-12,online,applepay,45.78
5390,33,2024-08-04,online,applepay,5010.88
5391,368,2024-06-12,online,paypal,122.34
5392,38,2025-09-12,online,paypal,27.2
5393,319,2025-01-10,online,paypal,4629.95
5394,136,2024-06-26,store,giftcard,53.31
5395,855,2024-02-26,store,card,799.16
5396,76,2025-03-08,online,giftcard,3002.34
5397,1080,2025-01-31,store,applepay,59.75
5398,1415,2025-04-01,store,giftcard,48.38
5399,85,2025-03-03,store,giftcard,101.69
5400,1384,2025-06-26,store,paypal,123.09
5401,725,2024-10-19,store,card,45.26
5402,727,2024-06-23,store,giftcard,117.79
5403,1042,2024-01-28,online,paypal,716.93
5404,145,2024-03-10,online,applepay,3897.82
5405,681,2024-10-22,store,card,2471.69
5406,1499,2025-08-09,online,applepay,93.45
5407,967,2024-11-04,store,applepay,112.34
5408,462,2024-02-25,online,paypal,5212.1
5409,811,2023-11-25,online,paypal,159.95
5410,589,2023-11-19,online,applepay,67.99
5411,893,2024-03-25,online,paypal,2507.07
5412,371,2024-06-26,store,applepay,35.71
5413,792,2024-12-22,online,paypal,96.2
5414,220,2024-01-19,store,paypal,219.47
5415,5,2025-10-03,store,giftcard,56.31
5416,88,2024-11-17,store,paypal,923.8
5417,6,2025-04-18,store,paypal,136.66
5418,1402,2023-12-21,online,card,84.74
5419,649,2023-12-20,store,applepay,162.89
5420,378,2024-12-04,store,paypal,641.14
5421,697,2025-02-05,online,giftcard,88.74
5422,1486,2025-06-28,store,applepay,861.46
5423,1176,2025-03-23,store,paypal,3367.13
5424,393,2023-12-11,online,paypal,47.2
5425,870,2025-06-27,store,paypal,57.55
5426,642,2024-11-11,online,card,2127.18
5427,243,2024-01-05,store,giftcard,207.69
5428,1434,2025-05-24,store,card,2262.09
5429,128,2025-04-24,store,paypal,1570.67
5430,600,2025-11-06,store,giftcard,147.3
5431,172,2024-05-13,online,paypal,989.12
5432,593,2024-11-09,online,card,32.75
5433,426,2024-11-16,online,giftcard,2256.15
5434,1033,2024-08-06,online,applepay,3506.39
5435,1010,2025-10-17,online,paypal,4355.88
5436,1352,2024-04-07,store,paypal,727.33
5437,913,2024-09-24,store,applepay,681.67
5438,981,2024-05-13,online,applepay,65.07
5439,1258,2025-02-18,store,giftcard,251.07
5440,1414,2025-09-05,store,paypal,68.08
5441,1363,2023-11-25,store,paypal,21.64
5442,700,2024-02-04,online,applepay,1403.93
5443,1449,2024-05-22,online,paypal,3463.94
5444,638,2024-08-18,online,applepay,29.51
5445,1325,2024-11-19,store,paypal,80.38
5446,136,2025-10-09,store,paypal,237.93
5447,1008,2023-12-26,online,applepay,1221.76
5448,1500,2025-07-31,store,applepay,3083.24
5449,1158,2025-02-16,online,applepay,160.9
5450,1488,2025-03-23,online,card,2528.94
5451,1367,2024-05-17,online,card,1543.1
5452,1019,2025-10-07,online,paypal,5093.8
5453,1357,2025-04-30,online,paypal,906.54
5454,377,2024-06-24,store,giftcard,174.94
5455,1129,2024-12-16,online,giftcard,2037.27
5456,221,2023-12-10,store,applepay,55.69
5457,477,2025-07-03,store,card,272.12
5458,1328,2024-11-05,online,giftcard,143.57
5459,985,2024-04-17,online,paypal,4696.23
5460,103,2024-05-03,online,giftcard,740.43
5461,1475,2025-01-07,online,giftcard,45.91
5462,1146,2024-12-16,online,paypal,5893.64
5463,1099,2025-04-06,online,paypal,4067.08
5464,362,2024-04-10,online,paypal,302.58
5465,737,2024-04-18,store,giftcard,3238.66
5466,1121,2024-04-16,online,giftcard,153.71
5467,1259,2024-04-05,store,card,663.73
5468,221,2024-07-14,store,giftcard,191.01
5469,709,2024-06-16,online,giftcard,239.02
5470,1422,2025-01-31,online,applepay,37.12
5471,1307,2025-02-04,online,giftcard,3006.2
5472,45,2024-01-09,store,card,193.99
5473,814,2025-03-25,online,giftcard,43.6
5474,294,2025-10-13,store,paypal,89.04
5475,1410,2024-04-05,store,paypal,91.8
5476,445,2025-05-20,store,paypal,153.49
5477,1178,2024-06-28,store,applepay,80.34
5478,1316,2024-12-19,store,giftcard,40.9
5479,967,2025-08-23,store,giftcard,154.22
5480,325,2024-06-20,online,giftcard,162.93
5481,1333,2025-09-24,store,paypal,772.09
5482,1370,2024-12-01,store,applepay,89.3
5483,422,2024-01-06,store,giftcard,1677.48
5484,1358,2025-08-25,online,giftcard,88.27
5485,623,2025-08-28,store,card,3.42
5486,360,2025-06-29,store,giftcard,1740.22
5487,974,2025-07-25,online,applepay,196.69
5488,1080,2025-08-29,store,applepay,2558.98
5489,1055,2023-12-05,store,giftcard,40.8
5490,160,2024-07-23,store,giftcard,45.63
5491,161,2024-06-06,store,card,227.04
5492,85,2023-12-21,store,paypal,940.79
5493,526,2024-07-21,store,paypal,35.15
5494,258,2024-05-16,online,card,198.49
5495,1072,2023-11-14,store,card,75.18
5496,682,2024-05-01,online,paypal,224.32
5497,1244,2024-06-05,online,paypal,721.16
5498,467,2024-01-02,online,card,33.39
5499,1401,2024-10-19,online,card,3771.98
5500,1014,2025-01-16,online,card,74.28
5501,1352,2024-04-14,online,applepay,80.63
5502,797,2024-11-21,store,paypal,247.71
5503,168,2024-03-04,store,card,7513.4
5504,80,2025-10-18,online,giftcard,951.81
5505,430,2025-10-24,store,applepay,3019.82
5506,1483,2025-01-13,online,paypal,480.8
5507,887,2025-07-08,online,card,43.96
5508,532,2025-01-18,store,giftcard,130.64
5509,1124,2023-12-21,online,paypal,93.06
5510,1046,2025-07-22,online,giftcard,1160.33
5511,1214,2024-12-23,online,applepay,178.83
5512,748,2025-05-28,online,paypal,63.82
5513,417,2025-10-26,online,giftcard,149.26
5514,480,2025-02-14,online,paypal,2111.43
5515,466,2025-02-03,store,paypal,70.38
5516,68,2024-01-04,store,giftcard,1937.52
5517,239,2025-09-03,online,giftcard,172.32
5518,1116,2025-08-07,store,card,20.17
5519,171,2024-11-12,store,card,84.92
5520,429,2024-04-04,online,card,1449.77
5521,991,2025-07-12,store,paypal,80.44
5522,929,2024-06-07,online,card,28.18
5523,1376,2025-06-14,store,paypal,2452.27
5524,438,2025-07-20,store,card,69.04
5525,1341,2023-11-14,store,paypal,101.57
5526,477,2023-11-10,store,card,1752.86
5527,272,2023-12-14,store,applepay,117.45
5528,3,2024-06-18,online,applepay,74.29
5529,1150,2024-12-27,online,giftcard,1927.92
5530,961,2025-01-19,online,paypal,95.54
5531,221,2025-10-16,store,applepay,1296.39
5532,948,2025-03-10,store,giftcard,35.44
5533,1368,2025-04-24,online,paypal,686.1
5534,142,2024-02-15,online,giftcard,102.66
5535,315,2024-02-08,online,paypal,365.67
5536,990,2025-08-22,online,card,793.12
5537,1493,2024-10-17,store,paypal,1413.96
5538,1337,2024-06-05,store,applepay,21.76
5539,1091,2024-03-31,online,card,85.44
5540,458,2024-04-29,store,giftcard,71.54
5541,1098,2024-07-20,store,paypal,81.23
5542,210,2024-12-28,online,giftcard,61.78
5543,608,2025-06-27,store,applepay,107.87
5544,358,2024-10-04,online,applepay,5106.85
5545,950,2024-07-04,online,applepay,479.72
5546,220,2025-01-08,store,paypal,66.07
5547,135,2025-08-03,store,card,190.2
5548,51,2023-11-26,online,giftcard,70.27
5549,76,2024-12-11,store,applepay,285.64
5550,645,2025-04-29,store,card,186.8
5551,201,2025-05-02,store,card,123.44
5552,657,2024-02-04,online,paypal,120.59
5553,1065,2024-02-29,store,card,3079.02
5554,1136,2024-10-31,store,paypal,1316.43
5555,491,2024-09-02,online,giftcard,30.15
5556,33,2024-09-21,online,paypal,685.48
5557,848,2024-04-08,online,paypal,41.09
5558,910,2024-06-05,online,paypal,44.75
5559,751,2025-06-20,store,paypal,3099.46
5560,470,2025-03-20,store,applepay,412.46
5561,1259,2023-12-16,store,card,51.75
5562,891,2024-09-12,online,paypal,261.12
5563,9,2025-09-28,online,applepay,1490.08
5564,491,2024-05-23,store,giftcard,51.3
5565,269,2025-07-03,store,paypal,1542.97
5566,676,2025-07-07,store,card,119.94
5567,470,2025-06-19,store,giftcard,1707.03
5568,415,2025-06-30,online,card,290.53
5569,1146,2024-03-18,store,giftcard,97.6
5570,697,2024-07-16,store,applepay,22.63
5571,571,2025-06-01,online,giftcard,140.86
5572,590,2024-07-29,online,giftcard,105.7
5573,971,2024-12-06,online,paypal,113.43
5574,209,2024-12-06,store,applepay,116.74
5575,93,2024-01-25,online,applepay,52.13
5576,542,2025-01-11,online,card,1681.43
5577,476,2025-07-26,store,paypal,3240.65
5578,831,2024-07-25,store,paypal,741.99
5579,746,2025-07-07,online,paypal,119.9
5580,1152,2024-09-11,store,giftcard,160.55
5581,681,2024-05-23,store,paypal,237.03
5582,858,2024-01-31,online,card,14278.12
5583,102,2024-10-30,online,card,339.19
5584,951,2025-08-16,online,giftcard,96.64
5585,1146,2025-07-19,online,applepay,172.07
5586,376,2023-12-12,store,giftcard,60.78
5587,768,2024-11-20,store,card,2145.84
5588,122,2025-05-30,online,paypal,32.35
5589,749,2025-06-02,online,giftcard,209.42
5590,1397,2025-06-04,store,giftcard,84.77
5591,402,2025-04-21,store,card,165.34
5592,406,2025-03-12,online,giftcard,42.23
5593,644,2024-06-23,online,card,212.04
5594,390,2024-10-12,store,applepay,70.9
5595,515,2025-06-24,store,paypal,148.92
5596,1183,2025-04-10,online,paypal,127.11
5597,548,2024-04-27,store,giftcard,224.18
5598,258,2024-11-10,online,giftcard,1006.53
5599,1490,2024-08-05,online,giftcard,10117.13
5600,1063,2024-05-03,online,applepay,60.35
5601,424,2024-04-23,store,giftcard,42.8
5602,481,2024-02-02,online,card,39.83
5603,1371,2024-06-28,store,paypal,76.37
5604,88,2023-12-29,online,card,51.36
5605,208,2025-08-03,store,applepay,129.51
5606,381,2025-03-22,store,giftcard,38.23
5607,27,2024-10-17,online,applepay,283.86
5608,1350,2024-08-14,online,applepay,68.01
5609,71,2025-06-23,store,card,61.65
5610,132,2025-10-07,store,giftcard,170.01
5611,206,2025-02-24,store,giftcard,176.85
5612,572,2025-02-05,store,applepay,133.04
5613,948,2024-11-01,store,applepay,477.34
5614,79,2024-03-09,online,paypal,137.8
5615,1213,2024-07-25,store,card,303.04
5616,941,2024-09-07,online,paypal,261.09
5617,418,2025-05-13,store,giftcard,118.71
5618,992,2024-06-18,store,giftcard,719.81
5619,1083,2025-10-27,store,paypal,49.55
5620,1394,2024-06-21,online,giftcard,3486.09
5621,228,2024-11-04,online,card,1453.9
5622,89,2024-04-14,online,applepay,64.2
5623,1018,2023-11-23,online,paypal,216.09
5624,83,2025-08-19,store,card,68.66
5625,919,2024-07-11,online,card,213.08
5626,950,2024-12-19,store,paypal,2669.65
5627,1158,2025-01-31,store,paypal,62.51
5628,1438,2024-08-23,online,giftcard,4928.85
5629,1056,2025-08-30,online,card,1997.01
5630,1397,2024-05-17,store,paypal,384.64
5631,130,2024-03-06,online,card,66.95
5632,795,2024-10-15,store,giftcard,57.26
5633,874,2025-09-02,store,card,1810.05
5634,401,2024-12-31,online,applepay,119.75
5635,963,2024-06-09,online,card,250.18
5636,905,2025-07-12,store,paypal,25.21
5637,1219,2024-04-17,online,paypal,1631.44
5638,673,2024-03-04,online,card,2298.88
5639,1177,2025-10-14,store,card,300.0
5640,1097,2025-10-31,store,applepay,3400.76
5641,361,2025-04-08,online,applepay,133.28
5642,253,2025-01-21,store,paypal,83.53
5643,494,2024-03-01,online,giftcard,115.82
5644,950,2024-11-08,store,card,5190.32
5645,364,2024-07-21,online,card,350.68
5646,40,2024-12-05,store,paypal,3081.24
5647,380,2025-07-04,store,giftcard,20.0
5648,64,2024-01-06,online,card,59.01
5649,1114,2024-02-23,online,paypal,141.67
5650,921,2024-08-13,store,applepay,13.56
5651,766,2025-05-30,online,giftcard,3335.67
5652,1478,2025-03-09,online,giftcard,884.19
5653,1181,2025-05-03,online,giftcard,2514.08
5654,700,2024-11-12,online,card,1661.74
5655,527,2024-07-31,store,card,65.94
5656,1210,2024-07-27,online,applepay,6320.95
5657,540,2024-01-26,online,paypal,2108.94
5658,17,2025-03-08,store,giftcard,166.62
5659,471,2025-07-01,online,paypal,52.91
5660,200,2024-01-03,online,giftcard,3281.68
5661,906,2025-08-22,online,paypal,168.09
5662,515,2025-09-11,online,card,1696.64
5663,246,2024-05-11,store,giftcard,18.73
5664,249,2024-09-06,online,giftcard,117.05
5665,314,2024-06-28,store,card,2072.3
5666,1109,2023-11-20,online,applepay,65.69
5667,243,2025-09-18,online,paypal,67.32
5668,444,2023-11-28,store,card,2042.94
5669,488,2025-01-09,store,applepay,93.58
5670,1406,2023-11-18,online,paypal,66.74
5671,1028,2024-02-15,store,giftcard,84.99
5672,242,2024-04-18,store,paypal,1053.41
5673,347,2024-12-02,store,giftcard,81.69
5674,295,2025-06-28,online,giftcard,23.8
5675,483,2024-05-16,online,card,117.05
5676,1302,2024-10-22,store,applepay,211.82
5677,935,2024-01-10,online,card,131.64
5678,314,2024-04-17,online,paypal,62.95
5679,1182,2024-10-22,online,giftcard,3529.57
5680,441,2024-05-24,online,giftcard,10997.43
5681,224,2024-11-27,online,applepay,196.64
5682,336,2025-06-01,store,paypal,179.62
5683,287,2024-12-01,online,giftcard,166.45
5684,1205,2024-10-29,online,applepay,3494.16
5685,146,2024-04-19,online,paypal,235.21
5686,355,2025-10-05,online,card,3558.79
5687,1382,2025-04-05,store,card,5954.94
5688,1164,2024-04-25,online,giftcard,151.95
5689,722,2024-08-19,online,applepay,184.59
5690,818,2025-10-05,store,card,69.16
5691,385,2025-06-17,online,giftcard,236.16
5692,220,2024-09-02,store,paypal,148.33
5693,72,2025-07-23,online,card,25.65
5694,1359,2024-03-13,online,paypal,217.9
5695,215,2024-10-27,store,giftcard,64.52
5696,55,2025-05-15,store,card,266.0
5697,1027,2025-03-27,store,giftcard,112.82
5698,363,2025-08-11,store,paypal,255.34
5699,1389,2025-09-29,online,applepay,3299.2
5700,261,2024-06-17,online,applepay,838.87
5701,1496,2023-11-09,store,applepay,85.12
5702,432,2024-11-26,online,paypal,8155.58
5703,431,2024-02-06,online,applepay,3073.3
5704,221,2024-09-18,online,card,125.2
5705,972,2025-10-02,store,applepay,2643.46
5706,318,2024-05-30,online,applepay,2193.41
5707,428,2024-01-05,store,paypal,147.45
5708,1147,2024-08-07,store,applepay,32.3
5709,657,2024-02-26,online,card,2022.41
5710,532,2025-05-19,store,paypal,327.17
5711,1081,2025-05-21,store,giftcard,147.36
5712,104,2025-06-20,online,paypal,93.12
5713,1275,2024-09-28,store,card,3474.64
5714,50,2023-11-18,store,card,1453.52
5715,422,2024-01-18,store,applepay,783.75
5716,870,2025-01-22,online,paypal,63.72
5717,308,2025-02-11,store,card,43.48
5718,42,2024-09-05,online,applepay,2070.37
5719,207,2024-12-30,online,paypal,48.98
5720,752,2025-07-09,online,applepay,106.79
5721,340,2023-12-16,online,applepay,100.47
5722,745,2024-02-15,store,card,94.03
5723,1129,2025-08-11,store,giftcard,4463.23
5724,805,2025-09-21,store,applepay,4328.6
5725,1102,2024-05-01,online,applepay,103.65
5726,453,2025-09-08,online,applepay,141.07
5727,20,2025-05-13,online,giftcard,31.36
5728,354,2024-05-03,online,giftcard,12.86
5729,529,2025-08-29,online,giftcard,3088.02
5730,488,2025-02-11,store,giftcard,36.38
5731,259,2024-05-06,store,card,196.82
5732,677,2024-03-27,online,paypal,3959.33
5733,1096,2023-12-07,store,card,2506.35
5734,15,2024-05-01,store,applepay,12.25
5735,867,2024-03-13,online,applepay,236.92
5736,146,2025-04-10,store,giftcard,122.75
5737,903,2024-04-04,online,paypal,279.61
5738,1177,2025-07-18,online,giftcard,52.35
5739,206,2024-12-16,online,giftcard,88.39
5740,756,2025-02-03,online,paypal,3227.98
5741,344,2025-02-27,store,paypal,1680.28
5742,835,2024-07-14,online,paypal,192.27
5743,1365,2024-03-21,store,giftcard,1358.3
5744,1291,2024-11-02,online,giftcard,91.46
5745,25,2024-01-03,store,applepay,293.37
5746,34,2025-04-03,store,paypal,33.27
5747,698,2025-03-06,store,paypal,3529.09
5748,886,2024-10-10,store,paypal,65.68
5749,447,2025-07-13,store,card,1043.81
5750,1011,2025-08-14,store,applepay,2439.46
5751,1357,2024-01-16,online,giftcard,2195.24
5752,1234,2025-04-04,online,paypal,2973.27
5753,492,2025-08-02,store,card,123.7
5754,850,2024-12-21,store,paypal,245.08
5755,678,2025-01-16,store,card,184.31
5756,694,2025-10-13,store,applepay,76.97
5757,143,2024-07-18,store,giftcard,3004.7
5758,299,2025-08-07,store,paypal,2354.78
5759,688,2024-06-10,store,giftcard,61.08
5760,321,2025-11-06,online,paypal,46.91
5761,51,2024-08-18,store,giftcard,199.75
5762,1119,2023-11-16,store,card,47.64
5763,284,2025-10-01,store,giftcard,57.29
5764,54,2024-02-27,online,giftcard,372.84
5765,893,2025-06-16,online,card,30.7
5766,297,2025-04-09,online,card,62.1
5767,624,2024-02-17,online,paypal,25.08
5768,1368,2024-07-02,store,paypal,2459.07
5769,1018,2024-06-03,online,paypal,93.32
5770,1305,2025-10-24,store,card,20.92
5771,1412,2025-04-29,online,paypal,25.08
5772,1440,2025-06-28,store,giftcard,54.45
5773,1183,2024-12-01,online,applepay,65.19
5774,604,2024-07-03,store,card,101.4
5775,750,2025-09-20,store,card,2780.58
5776,1426,2025-02-14,store,paypal,22.36
5777,120,2025-04-18,online,paypal,1944.54
5778,990,2025-07-08,store,applepay,141.16
5779,516,2024-02-28,online,giftcard,55.52
5780,517,2025-03-26,online,card,82.29
5781,1152,2025-02-15,online,applepay,3698.68
5782,1308,2024-08-02,online,paypal,1012.05
5783,855,2025-10-18,store,paypal,94.86
5784,1221,2024-07-19,online,paypal,28.29
5785,698,2024-01-06,store,paypal,2191.17
5786,897,2024-05-31,online,paypal,2117.32
5787,1206,2025-03-11,online,applepay,44.58
5788,78,2024-05-08,online,giftcard,12411.58
5789,400,2024-05-13,online,paypal,2411.04
5790,1393,2024-08-22,online,paypal,31.44
5791,703,2023-12-05,store,giftcard,5561.45
5792,701,2025-09-16,store,giftcard,71.86
5793,1248,2023-12-15,online,card,63.72
5794,816,2025-05-03,online,paypal,148.7
5795,421,2024-03-22,online,applepay,138.39
5796,921,2025-07-31,online,applepay,100.23
5797,1019,2024-07-26,online,applepay,81.33
5798,1487,2025-02-21,store,applepay,3844.95
5799,360,2025-03-09,online,applepay,229.84
5800,106,2025-08-28,store,applepay,16.86
5801,57,2025-08-18,store,giftcard,1856.76
5802,1387,2024-08-22,store,card,35.0
5803,369,2024-07-01,store,giftcard,1545.97
5804,798,2024-11-06,store,paypal,30.73
5805,391,2024-03-15,store,paypal,266.37
5806,846,2025-09-22,online,paypal,3355.54
5807,71,2025-05-17,store,card,2721.47
5808,392,2024-08-15,store,paypal,57.4
5809,1072,2024-07-01,store,card,4117.4
5810,53,2024-03-21,store,card,191.92
5811,1339,2024-12-15,online,giftcard,41.69
5812,1496,2025-05-09,store,applepay,2738.06
5813,1105,2025-08-27,online,card,1267.33
5814,395,2024-03-06,online,giftcard,170.25
5815,1024,2024-01-31,online,applepay,2867.05
5816,747,2025-07-18,store,applepay,145.15
5817,479,2024-01-10,online,giftcard,131.37
5818,1471,2023-11-24,store,card,3017.86
5819,702,2025-04-11,store,card,59.39
5820,1003,2024-11-08,online,paypal,2024.65
5821,429,2025-08-23,store,giftcard,101.01
5822,135,2024-10-11,store,paypal,135.57
5823,1097,2023-12-31,store,giftcard,1711.96
5824,510,2024-01-14,online,card,101.93
5825,1421,2023-11-27,online,giftcard,76.61
5826,1390,2023-11-12,online,paypal,786.99
5827,265,2024-03-16,store,applepay,1446.84
5828,68,2025-02-09,store,card,241.33
5829,414,2025-07-13,online,giftcard,134.75
5830,1144,2025-10-11,store,card,171.56
5831,131,2025-05-20,store,card,85.16
5832,1255,2025-05-29,store,applepay,19.75
5833,216,2025-08-20,online,paypal,141.36
5834,215,2024-10-10,online,card,684.63
5835,319,2025-07-13,store,applepay,268.26
5836,834,2023-11-13,online,card,378.96
5837,55,2025-08-27,store,applepay,163.63
5838,1385,2024-10-02,store,paypal,158.56
5839,1201,2024-05-13,store,paypal,132.04
5840,254,2024-10-31,store,giftcard,70.93
5841,966,2025-06-25,online,paypal,10188.17
5842,282,2024-05-06,store,paypal,1544.13
5843,1064,2025-08-14,online,card,142.26
5844,849,2024-08-13,online,applepay,2010.21
5845,208,2024-11-15,online,paypal,1935.84
5846,48,2024-11-18,online,paypal,104.45
5847,328,2024-01-30,store,paypal,59.94
5848,1170,2025-08-20,store,card,162.79
5849,174,2025-10-13,store,giftcard,4898.28
5850,928,2024-10-29,store,applepay,14.56
5851,1307,2024-06-10,online,paypal,848.16
5852,16,2024-05-12,store,card,413.19
5853,556,2024-03-18,online,applepay,101.68
5854,291,2025-10-15,online,card,132.02
5855,1032,2025-01-23,store,paypal,175.14
5856,17,2024-10-01,online,giftcard,1532.31
5857,1073,2025-06-14,store,applepay,79.91
5858,973,2024-05-10,store,giftcard,20.76
5859,539,2025-01-04,online,paypal,5607.22
5860,647,2024-12-13,store,card,173.1
5861,386,2025-07-13,store,applepay,4617.57
5862,689,2023-11-25,store,giftcard,54.93
5863,234,2025-07-01,online,applepay,3559.03
5864,1197,2025-03-28,online,applepay,110.08
5865,1304,2025-09-20,store,applepay,137.45
5866,1041,2024-05-16,store,applepay,3738.23
5867,659,2024-02-25,online,giftcard,117.13
5868,440,2024-02-23,online,giftcard,186.04
5869,875,2025-07-29,online,paypal,2925.36
5870,148,2024-09-09,store,applepay,120.03
5871,1059,2025-01-09,online,card,165.76
5872,76,2025-09-28,online,card,25.59
5873,41,2024-07-26,store,card,14.24
5874,923,2025-10-05,online,paypal,858.64
5875,355,2025-10-08,store,paypal,61.08
5876,306,2024-08-17,store,card,157.93
5877,262,2024-04-10,store,applepay,1510.83
5878,1025,2025-05-20,online,paypal,46.68
5879,1450,2025-08-19,store,giftcard,4768.74
5880,620,2023-12-15,store,giftcard,220.82
5881,8,2024-06-24,online,paypal,112.0
5882,1105,2025-05-30,store,giftcard,32.46
5883,561,2024-10-07,store,giftcard,70.98
5884,772,2025-02-24,store,applepay,158.41
5885,911,2025-06-23,store,paypal,1798.43
5886,496,2025-01-24,online,card,30.28
5887,654,2025-11-02,store,giftcard,4524.74
5888,225,2024-09-12,store,card,80.67
5889,1441,2024-06-02,online,paypal,191.82
5890,474,2024-05-25,store,paypal,1373.19
5891,372,2025-05-31,online,paypal,3315.91
5892,535,2023-11-12,store,paypal,242.93
5893,832,2025-03-30,online,paypal,130.77
5894,1008,2025-07-04,store,giftcard,34.14
5895,1280,2023-12-06,online,giftcard,58.42
5896,1488,2024-12-16,store,applepay,65.01
5897,1256,2024-12-16,store,card,2870.74
5898,1038,2024-10-12,store,giftcard,267.68
5899,547,2025-01-31,store,giftcard,2322.03
5900,606,2025-07-16,online,giftcard,2194.75
5901,1116,2025-10-23,store,paypal,159.96
5902,758,2024-04-01,online,paypal,10.0
5903,1327,2025-10-06,store,applepay,57.5
5904,1305,2024-12-17,online,applepay,479.1
5905,790,2024-11-24,online,paypal,947.33
5906,1399,2024-09-01,store,card,1678.69
5907,749,2025-04-13,store,giftcard,44.71
5908,945,2023-11-29,store,paypal,53.99
5909,1361,2025-10-08,online,paypal,579.54
5910,478,2025-05-13,online,card,20.39
5911,896,2023-11-24,online,giftcard,102.35
5912,1305,2025-01-02,online,paypal,2505.96
5913,1016,2024-06-01,store,giftcard,89.46
5914,1286,2024-03-23,store,paypal,235.61
5915,417,2025-08-05,online,applepay,91.63
5916,132,2024-01-31,online,giftcard,100.12
5917,25,2025-01-27,online,card,175.25
5918,1490,2025-01-18,store,paypal,123.51
5919,1479,2025-02-09,store,giftcard,131.46
5920,512,2024-01-09,store,giftcard,57.68
5921,518,2024-02-26,store,applepay,40.6
5922,419,2024-03-13,online,card,38.29
5923,351,2025-04-01,store,giftcard,129.42
5924,1044,2024-01-29,store,applepay,110.21
5925,1489,2025-05-01,store,applepay,191.53
5926,1218,2025-09-06,online,paypal,38.09
5927,127,2024-08-30,store,paypal,212.95
5928,1096,2024-12-07,online,giftcard,72.36
5929,1375,2024-03-07,online,giftcard,34.15
5930,1124,2024-12-22,online,giftcard,175.47
5931,1311,2025-06-03,store,paypal,217.34
5932,960,2025-03-26,store,card,3334.55
5933,439,2024-09-11,online,applepay,11.92
5934,368,2025-08-12,store,giftcard,70.64
5935,1223,2025-01-05,store,paypal,151.61
5936,254,2025-03-25,online,card,207.31
5937,205,2024-06-03,store,giftcard,650.88
5938,1401,2024-09-09,store,applepay,90.58
5939,61,2024-01-14,online,giftcard,708.39
5940,25,2025-09-20,online,applepay,65.77
5941,341,2024-10-22,store,card,68.54
5942,455,2024-03-27,online,giftcard,10.0
5943,426,2024-08-24,online,giftcard,71.37
5944,1366,2025-10-17,online,giftcard,104.03
5945,24,2024-12-23,online,card,169.08
5946,1121,2025-04-29,online,paypal,158.35
5947,837,2024-11-04,online,card,45.99
5948,548,2024-04-23,store,card,94.65
5949,111,2024-10-14,store,paypal,2321.0
5950,1279,2025-09-20,online,paypal,797.42
5951,685,2024-06-07,store,card,778.01
5952,363,2025-04-01,store,applepay,98.14
5953,107,2024-01-12,store,giftcard,172.35
5954,665,2025-01-12,online,paypal,99.17
5955,1421,2024-06-12,store,giftcard,236.55
5956,902,2024-01-16,store,card,33.06
5957,463,2024-03-16,store,card,50.15
5958,1054,2023-12-05,store,giftcard,190.81
5959,890,2024-01-13,online,applepay,5903.1
5960,1479,2024-06-26,store,paypal,150.64
5961,1281,2024-11-01,online,card,3447.35
5962,47,2025-10-28,online,applepay,88.81
5963,270,2023-12-31,store,giftcard,83.86
5964,221,2025-01-31,store,giftcard,3193.53
5965,788,2024-01-25,store,card,76.8
5966,1447,2024-10-03,store,card,139.91
5967,812,2023-12-11,online,applepay,201.98
5968,1264,2024-06-28,store,card,4612.02
5969,1398,2025-10-03,store,card,61.51
5970,168,2024-04-13,online,giftcard,198.37
5971,264,2024-02-16,store,applepay,61.52
5972,1326,2024-01-03,online,giftcard,4927.18
5973,1351,2024-09-02,store,card,4033.62
5974,176,2024-10-14,store,giftcard,287.76
5975,1036,2025-02-08,online,card,76.78
5976,1166,2025-02-19,store,applepay,865.63
5977,345,2024-10-29,store,giftcard,135.33
5978,201,2025-07-23,online,card,4789.28
5979,510,2024-11-20,online,applepay,187.39
5980,1010,2025-04-14,online,card,148.77
5981,1341,2025-03-30,online,paypal,3825.38
5982,167,2025-01-07,store,paypal,764.91
5983,1257,2025-02-10,store,giftcard,2349.16
5984,179,2024-07-06,online,giftcard,867.71
5985,420,2024-11-28,online,card,2532.43
5986,46,2024-03-24,online,applepay,3987.82
5987,1373,2024-08-20,online,applepay,164.58
5988,371,2025-04-30,store,card,708.4
5989,886,2024-03-26,store,paypal,190.06
5990,1301,2024-10-21,store,card,190.8
5991,1311,2024-11-04,store,card,67.03
5992,49,2024-10-12,store,card,144.89
5993,1450,2024-03-20,store,giftcard,1767.71
5994,583,2025-06-09,store,paypal,82.36
5995,654,2024-01-07,store,applepay,10408.21
5996,793,2024-05-09,store,card,63.54
5997,486,2024-07-22,online,paypal,102.75
5998,1341,2025-06-29,store,applepay,115.16
5999,934,2024-10-29,store,paypal,3369.57
6000,1031,2024-07-24,store,paypal,1406.92
6001,1022,2025-05-11,store,paypal,102.84
6002,1082,2024-01-20,store,giftcard,195.71
6003,1239,2024-06-03,online,applepay,5311.58
6004,516,2024-08-14,store,paypal,1700.96
6005,506,2024-02-27,online,card,257.73
6006,1358,2025-05-18,online,card,32.13
6007,432,2025-05-21,online,applepay,109.51
6008,498,2025-01-16,online,giftcard,123.33
6009,1466,2024-11-24,online,card,5691.53
6010,780,2025-01-14,online,card,84.33
6011,669,2025-03-29,online,card,242.17
6012,360,2025-10-10,store,paypal,4225.36
6013,1001,2023-12-27,online,applepay,2198.1
6014,806,2024-09-15,store,giftcard,233.22
6015,1048,2023-12-15,store,paypal,166.56
6016,1410,2024-04-19,online,applepay,2885.59
6017,1358,2025-03-19,online,applepay,77.42
6018,1145,2024-01-02,online,card,30.61
6019,432,2024-02-29,online,card,15.18
6020,568,2024-01-29,online,applepay,9553.06
6021,571,2024-09-07,store,paypal,172.74
6022,1476,2024-07-09,online,giftcard,140.21
6023,915,2024-11-10,online,applepay,2212.9
6024,451,2025-10-31,store,card,5597.34
6025,903,2024-09-02,online,paypal,92.92
6026,1207,2025-05-26,store,applepay,108.7
6027,543,2024-09-13,online,paypal,248.09
6028,852,2025-01-22,online,giftcard,4360.02
6029,504,2024-03-09,store,card,63.02
6030,1365,2025-11-05,store,card,121.71
6031,954,2025-09-21,store,paypal,167.13
6032,1228,2025-01-21,online,applepay,108.15
6033,198,2024-11-23,store,applepay,182.09
6034,829,2025-10-14,store,applepay,204.44
6035,1317,2025-06-05,store,giftcard,4860.93
6036,299,2024-10-22,online,card,1598.65
6037,939,2025-07-06,store,applepay,248.33
6038,670,2024-01-24,store,card,39.39
6039,1383,2024-10-22,online,giftcard,1463.5
6040,358,2024-10-19,online,applepay,88.08
6041,818,2024-08-13,online,giftcard,69.47
6042,582,2025-09-10,online,paypal,198.0
6043,1297,2024-02-06,store,paypal,3414.66
6044,1488,2024-01-23,store,giftcard,935.85
6045,1245,2024-10-07,store,giftcard,54.29
6046,346,2024-08-12,online,applepay,1483.11
6047,815,2024-08-05,online,card,154.39
6048,462,2024-01-01,online,giftcard,39.7
6049,588,2024-07-16,online,applepay,48.38
6050,594,2024-12-01,store,card,65.49
6051,914,2025-01-15,store,paypal,4049.01
6052,687,2025-09-05,store,paypal,37.88
6053,1495,2024-04-03,store,paypal,292.06
6054,898,2024-04-14,store,applepay,130.53
6055,588,2024-12-04,store,applepay,177.08
6056,1386,2024-01-31,online,paypal,7874.89
6057,605,2025-08-23,online,paypal,131.21
6058,291,2025-01-03,store,giftcard,775.86
6059,1110,2025-09-18,store,paypal,77.3
6060,1425,2024-05-11,online,paypal,78.32
6061,978,2024-05-20,store,paypal,153.81
6062,1233,2025-07-04,store,paypal,223.06
6063,1497,2024-12-28,online,card,9050.53
6064,996,2025-02-15,online,paypal,73.8
6065,1409,2024-10-21,online,card,74.22
6066,1395,2024-03-20,store,giftcard,3544.61
6067,1124,2024-10-27,online,paypal,32.63
6068,555,2024-06-18,online,paypal,242.2
6069,135,2025-04-16,online,giftcard,237.78
6070,891,2025-08-04,online,paypal,349.6
6071,430,2023-12-18,store,card,212.15
6072,1193,2024-05-20,store,giftcard,786.2
6073,912,2025-02-17,store,card,118.82
6074,63,2023-12-03,online,paypal,805.52
6075,1211,2025-06-08,store,card,172.65
6076,567,2023-11-16,online,paypal,4037.01
6077,22,2024-11-08,store,paypal,169.56
6078,311,2024-08-18,store,giftcard,513.5
6079,451,2025-10-18,store,card,8.27
6080,1207,2025-08-17,store,giftcard,126.38
6081,647,2025-09-18,online,giftcard,122.67
6082,1381,2024-03-05,store,giftcard,106.86
6083,492,2024-12-26,online,giftcard,120.43
6084,293,2024-12-17,online,applepay,245.41
6085,195,2024-07-27,store,giftcard,20.0
6086,487,2025-03-13,store,applepay,93.12
6087,239,2025-09-04,online,giftcard,3928.92
6088,146,2025-01-20,online,giftcard,232.02
6089,833,2025-02-21,online,applepay,3800.13
6090,346,2025-06-08,store,giftcard,700.0
6091,811,2024-08-13,online,applepay,3949.74
6092,151,2024-02-25,store,card,98.18
6093,576,2024-04-27,store,giftcard,1880.22
6094,522,2024-03-21,store,applepay,84.62
6095,1129,2025-07-22,online,giftcard,1785.52
6096,427,2024-10-06,store,applepay,4462.91
6097,709,2025-03-14,store,giftcard,43.36
6098,1368,2024-07-19,online,giftcard,1388.9
6099,185,2025-01-29,online,paypal,53.32
6100,226,2024-05-01,online,giftcard,2899.94
6101,292,2025-09-12,online,giftcard,42.78
6102,644,2023-12-29,store,card,634.99
6103,1242,2025-06-12,store,applepay,9846.97
6104,348,2024-04-23,store,card,155.23
6105,567,2024-09-28,online,card,80.29
6106,1014,2025-01-13,store,paypal,218.06
6107,880,2023-12-09,online,card,1750.14
6108,241,2024-12-13,online,applepay,100.41
6109,1425,2025-05-13,store,giftcard,61.78
6110,1042,2024-07-20,store,card,276.05
6111,567,2024-06-24,store,giftcard,1744.59
6112,579,2024-06-11,store,paypal,89.74
6113,583,2025-10-16,online,paypal,259.11
6114,1277,2025-04-30,online,giftcard,2047.41
6115,874,2025-07-01,online,paypal,159.03
6116,417,2023-12-26,store,card,367.26
6117,1441,2025-08-05,store,giftcard,21.84
6118,830,2024-05-21,store,paypal,4260.64
6119,272,2024-12-03,online,applepay,164.07
6120,1039,2024-03-24,online,card,73.96
6121,907,2025-04-22,online,applepay,162.04
6122,349,2023-11-29,store,applepay,1226.04
6123,831,2024-11-05,store,paypal,2877.93
6124,975,2023-12-14,online,applepay,142.3
6125,995,2024-09-10,online,applepay,2486.93
6126,355,2025-03-06,online,giftcard,1570.76
6127,620,2025-09-10,store,paypal,70.07
6128,386,2025-08-25,online,card,116.29
6129,821,2024-05-22,store,card,3645.85
6130,1446,2024-11-08,store,paypal,117.83
6131,1066,2024-11-02,online,paypal,106.58
6132,531,2024-07-31,online,paypal,179.64
6133,71,2025-06-06,online,giftcard,154.0
6134,1086,2024-10-03,store,giftcard,117.3
6135,1298,2024-05-17,online,card,1936.93
6136,309,2025-05-25,store,applepay,2232.35
6137,767,2025-01-12,store,card,113.05
6138,527,2024-05-20,store,giftcard,54.17
6139,64,2025-04-16,store,applepay,2451.65
6140,612,2025-10-25,store,card,72.3
6141,741,2025-08-15,online,applepay,54.57
6142,940,2024-05-14,store,applepay,134.85
6143,298,2025-11-06,store,card,76.16
6144,727,2025-04-18,online,giftcard,138.45
6145,1208,2025-03-26,online,applepay,1822.93
6146,1225,2025-09-27,online,applepay,151.5
6147,1352,2025-02-07,store,giftcard,45.46
6148,322,2023-12-30,store,paypal,70.73
6149,1239,2024-06-06,online,applepay,76.22
6150,221,2025-02-15,online,card,1899.3
6151,362,2025-06-06,online,giftcard,12.92
6152,11,2024-04-14,store,card,41.42
6153,147,2024-12-02,store,giftcard,737.0
6154,246,2025-02-11,store,giftcard,101.99
6155,202,2025-10-11,store,card,2276.36
6156,330,2025-06-15,online,card,59.11
6157,332,2023-11-13,online,paypal,50.27
6158,69,2024-09-13,online,paypal,148.89
6159,1456,2025-06-08,store,card,4273.45
6160,297,2025-04-01,store,applepay,121.85
6161,900,2024-04-04,store,giftcard,114.47
6162,31,2024-01-28,store,paypal,98.47
6163,1299,2024-05-16,store,giftcard,138.01
6164,31,2024-02-12,online,card,113.81
6165,1408,2025-09-15,online,paypal,146.36
6166,839,2023-12-04,online,paypal,984.06
6167,609,2024-11-17,online,card,63.54
6168,671,2024-12-23,online,applepay,264.18
6169,720,2025-04-12,online,applepay,627.01
6170,730,2024-10-18,store,paypal,167.73
6171,931,2025-05-23,online,giftcard,632.79
6172,450,2024-12-07,online,paypal,3088.6
6173,746,2024-08-06,store,giftcard,102.06
6174,850,2025-04-12,online,applepay,57.72
6175,1113,2024-01-09,store,paypal,47.71
6176,873,2024-09-29,online,card,581.38
6177,650,2025-01-24,store,applepay,39.05
6178,474,2024-03-08,store,giftcard,77.37
6179,80,2024-03-22,store,paypal,1885.46
6180,666,2025-08-04,store,applepay,75.04
6181,339,2025-01-02,store,applepay,7652.85
6182,1358,2024-03-16,online,paypal,110.92
6183,487,2023-12-10,online,paypal,1900.58
6184,72,2024-06-13,store,card,1950.73
6185,1180,2024-04-03,store,paypal,112.35
6186,1309,2024-08-05,online,paypal,3563.13
6187,1465,2025-08-21,online,paypal,238.52
6188,1336,2025-08-27,online,giftcard,27.45
6189,883,2024-12-14,online,paypal,29.55
6190,1006,2023-11-11,store,paypal,127.1
6191,221,2024-10-27,online,applepay,131.74
6192,544,2024-02-01,store,giftcard,45.09
6193,936,2023-11-23,online,applepay,140.42
6194,27,2024-03-25,online,giftcard,254.49
6195,1479,2024-11-22,online,giftcard,224.05
6196,85,2025-09-10,store,applepay,3269.07
6197,521,2024-04-17,online,applepay,1067.38
6198,1148,2023-11-11,online,applepay,85.97
6199,958,2024-09-11,store,paypal,70.31
6200,67,2023-12-04,online,card,140.34
6201,805,2025-06-13,store,applepay,16.29
6202,1152,2025-07-24,store,applepay,81.37
6203,1391,2024-10-21,store,applepay,122.06
6204,296,2024-02-13,online,card,17.19
6205,747,2025-02-19,online,applepay,3253.67
6206,1132,2024-12-18,online,applepay,2176.94
6207,617,2024-08-01,online,applepay,63.26
6208,478,2025-06-24,online,card,10464.74
6209,924,2025-07-10,online,paypal,49.27
6210,1008,2025-07-20,store,giftcard,141.73
6211,342,2024-06-19,online,giftcard,2299.55
6212,775,2023-12-22,online,giftcard,52.67
6213,101,2024-10-20,online,giftcard,160.07
6214,1206,2025-09-09,store,paypal,910.95
6215,313,2024-06-30,online,applepay,1501.6
6216,1015,2025-05-07,store,card,1074.19
6217,640,2024-08-13,store,giftcard,1935.61
6218,180,2024-09-24,store,paypal,1495.12
6219,766,2025-10-24,online,paypal,111.66
6220,955,2024-03-20,store,card,36.98
6221,1344,2024-01-29,store,giftcard,171.8
6222,785,2024-10-14,store,card,182.93
6223,1322,2024-09-11,store,giftcard,126.96
6224,1493,2024-06-10,online,paypal,116.64
6225,685,2024-04-05,store,card,70.37
6226,627,2024-06-03,online,paypal,8.86
6227,62,2025-08-19,online,paypal,227.42
6228,641,2024-09-29,store,paypal,217.48
6229,863,2025-10-21,store,paypal,1253.35
6230,1374,2025-02-04,store,card,2628.44
6231,592,2024-10-12,online,card,168.04
6232,1220,2024-01-07,online,card,21.02
6233,224,2024-05-10,online,card,86.23
6234,322,2023-11-22,online,applepay,260.26
6235,36,2024-05-07,store,paypal,66.25
6236,144,2024-01-16,online,applepay,65.63
6237,1437,2025-08-13,store,giftcard,46.53
6238,491,2025-06-18,online,giftcard,475.52
6239,1410,2024-02-12,store,card,579.83
6240,815,2024-01-01,store,applepay,83.97
6241,691,2025-02-01,store,card,3853.5
6242,791,2025-11-01,store,giftcard,67.8
6243,726,2024-05-01,online,paypal,20.36
6244,273,2024-11-12,online,applepay,63.81
6245,620,2025-03-09,store,card,155.15
6246,428,2024-06-22,online,giftcard,573.03
6247,1324,2025-08-10,online,paypal,3051.79
6248,690,2025-03-27,store,applepay,62.03
6249,832,2025-09-29,store,giftcard,238.21
6250,48,2024-02-19,store,giftcard,46.63
6251,310,2025-07-07,online,giftcard,210.44
6252,1233,2025-06-28,online,card,1404.57
6253,339,2024-09-27,online,applepay,157.64
6254,1421,2024-10-02,online,giftcard,7902.14
6255,1253,2025-06-01,store,giftcard,113.38
6256,478,2024-12-29,store,giftcard,4306.49
6257,1055,2024-06-06,online,giftcard,168.42
6258,893,2024-07-24,store,paypal,3475.34
6259,1356,2024-03-29,store,giftcard,50.12
6260,1285,2024-07-29,store,card,235.1
6261,1066,2024-04-17,store,giftcard,116.69
6262,805,2025-08-21,online,applepay,1504.65
6263,210,2025-08-12,online,applepay,3549.57
6264,1275,2025-05-21,store,paypal,2774.51
6265,371,2024-07-20,store,applepay,52.13
6266,1360,2025-04-22,store,giftcard,251.39
6267,431,2024-08-07,store,applepay,240.39
6268,213,2025-04-14,online,card,156.32
6269,1392,2025-03-24,store,paypal,141.09
6270,509,2025-09-03,store,giftcard,39.47
6271,1008,2023-11-24,store,applepay,189.82
6272,606,2025-07-25,online,giftcard,73.69
6273,1155,2024-03-03,store,giftcard,90.49
6274,924,2024-11-22,online,applepay,4227.4
6275,866,2024-11-14,store,applepay,1738.37
6276,78,2025-01-01,online,applepay,116.05
6277,289,2025-05-27,online,paypal,95.3
6278,909,2024-11-06,store,applepay,143.89
6279,1240,2025-07-18,store,card,198.67
6280,447,2024-12-19,store,card,661.06
6281,1396,2024-05-21,store,card,78.42
6282,541,2024-12-04,online,giftcard,27.54
6283,640,2023-12-19,store,applepay,224.11
6284,687,2025-08-02,store,giftcard,1121.19
6285,62,2024-10-23,store,card,55.45
6286,849,2024-12-24,online,paypal,2135.63
6287,1497,2025-03-28,online,card,1831.16
6288,1318,2025-09-13,store,giftcard,101.55
6289,1142,2024-07-15,store,card,100.97
6290,50,2024-11-27,store,giftcard,4347.06
6291,649,2024-05-12,store,paypal,3819.38
6292,397,2024-07-31,store,giftcard,325.51
6293,467,2023-12-20,online,applepay,1608.48
6294,93,2025-10-29,online,paypal,112.55
6295,1169,2024-07-09,online,card,2578.74
6296,428,2024-05-28,online,paypal,20.02
6297,853,2024-04-27,online,card,141.79
6298,29,2024-05-03,store,card,3862.58
6299,1313,2025-09-09,store,card,29.23
6300,995,2024-03-12,online,applepay,77.62
6301,609,2024-12-13,store,paypal,261.22
6302,1246,2024-10-27,online,applepay,90.56
6303,716,2025-08-13,store,paypal,854.2
6304,1284,2025-03-31,online,card,10.94
6305,402,2024-02-16,store,paypal,3022.72
6306,851,2025-03-23,online,paypal,699.83
6307,830,2024-05-14,online,applepay,32.55
6308,495,2024-12-19,online,applepay,294.23
6309,1306,2025-04-21,store,paypal,305.47
6310,408,2025-07-01,online,paypal,203.31
6311,148,2024-06-28,online,paypal,65.47
6312,368,2024-05-17,store,card,5311.25
6313,687,2023-11-18,store,giftcard,95.29
6314,340,2025-07-05,store,giftcard,2067.53
6315,1272,2025-09-16,online,giftcard,10.0
6316,1124,2023-11-15,online,applepay,3620.17
6317,135,2024-01-14,store,applepay,3684.9
6318,1351,2025-04-03,online,applepay,175.87
6319,1283,2025-04-13,online,paypal,5339.63
6320,1295,2023-12-29,online,applepay,2426.27
6321,1391,2024-11-12,online,giftcard,86.98
6322,748,2024-07-29,store,giftcard,218.57
6323,257,2025-03-23,online,card,26.38
6324,1034,2025-08-03,store,applepay,1327.67
6325,372,2024-11-06,online,giftcard,4905.04
6326,1144,2024-09-30,store,applepay,107.05
6327,634,2025-08-07,store,paypal,136.58
6328,67,2023-12-15,store,applepay,966.09
6329,1114,2025-02-04,store,applepay,28.89
6330,15,2025-06-30,online,paypal,80.05
6331,962,2024-01-26,store,giftcard,548.27
6332,1052,2025-05-28,store,giftcard,82.39
6333,65,2025-10-24,store,paypal,620.81
6334,183,2025-02-19,online,paypal,1427.31
6335,469,2025-10-09,online,paypal,42.92
6336,198,2025-03-21,store,card,203.24
6337,379,2024-06-08,store,card,65.19
6338,381,2024-09-16,store,applepay,73.19
6339,1351,2024-01-15,online,applepay,1728.01
6340,1090,2024-12-28,store,card,211.93
6341,463,2024-09-05,store,applepay,1856.72
6342,1120,2024-06-06,store,paypal,53.2
6343,1176,2024-02-26,store,applepay,3315.46
6344,1363,2025-06-04,store,giftcard,2627.7
6345,489,2025-10-06,store,card,431.63
6346,1272,2024-04-08,online,paypal,814.62
6347,13,2025-02-04,store,giftcard,1247.64
6348,616,2023-12-29,online,card,52.17
6349,1147,2025-08-15,online,paypal,46.0
6350,1159,2024-12-30,store,paypal,135.55
6351,1427,2024-05-30,online,giftcard,1788.05
6352,596,2025-03-25,store,applepay,82.75
6353,1324,2024-12-28,online,paypal,2189.86
6354,1105,2024-04-06,store,giftcard,88.56
6355,777,2025-09-24,store,paypal,64.71
6356,1048,2025-10-12,store,applepay,79.68
6357,517,2024-12-28,online,applepay,287.02
6358,1185,2024-04-27,online,giftcard,236.35
6359,1152,2024-01-13,store,applepay,1624.74
6360,739,2025-06-04,store,giftcard,300.0
6361,579,2025-09-08,online,giftcard,4487.16
6362,46,2024-10-18,store,paypal,100.15
6363,681,2024-09-14,store,card,217.13
6364,1206,2025-03-18,online,paypal,1419.32
6365,652,2025-03-09,store,paypal,52.28
6366,1026,2024-04-26,store,paypal,1245.04
6367,975,2024-04-15,online,applepay,1268.92
6368,387,2025-04-16,online,applepay,3392.91
6369,874,2024-01-08,online,applepay,7971.5
6370,1473,2025-08-23,online,applepay,234.74
6371,642,2024-04-07,online,giftcard,30.41
6372,1458,2024-02-24,online,giftcard,4787.56
6373,1474,2025-09-24,online,applepay,444.7
6374,486,2023-11-23,online,giftcard,97.58
6375,1104,2024-09-30,store,applepay,42.1
6376,279,2025-06-11,online,giftcard,122.37
6377,1430,2024-06-14,online,applepay,6372.15
6378,617,2024-09-11,store,paypal,57.63
6379,1499,2024-09-27,online,applepay,129.62
6380,181,2023-11-09,online,card,2865.5
6381,30,2024-01-25,store,paypal,109.61
6382,1140,2024-09-01,store,card,4231.97
6383,718,2024-05-29,store,paypal,8220.37
6384,985,2025-04-03,online,card,2033.89
6385,827,2025-06-12,store,card,103.46
6386,962,2024-07-22,online,giftcard,85.27
6387,811,2024-03-28,online,card,64.81
6388,1470,2025-05-29,online,applepay,126.8
6389,1055,2023-12-04,online,giftcard,4124.24
6390,763,2025-09-18,store,giftcard,145.96
6391,422,2024-07-01,online,applepay,3652.69
6392,1383,2025-04-03,online,applepay,2380.03
6393,14,2025-08-14,online,card,1925.88
6394,1172,2024-01-28,online,applepay,1834.35
6395,625,2024-05-19,online,applepay,60.12
6396,1018,2025-03-14,store,paypal,40.98
6397,244,2024-05-03,online,applepay,255.89
6398,1395,2023-11-22,online,paypal,217.86
6399,245,2024-08-15,online,paypal,1330.39
6400,63,2024-04-26,store,card,87.11
6401,43,2024-02-12,online,card,149.07
6402,507,2025-05-11,store,giftcard,34.6
6403,1170,2025-03-26,store,giftcard,1803.04
6404,429,2025-07-03,online,card,33.23
6405,155,2024-03-27,online,giftcard,174.69
6406,629,2024-03-04,online,card,55.55
6407,1163,2025-08-10,online,card,4012.46
6408,987,2025-07-10,store,paypal,71.82
6409,1304,2024-01-01,store,card,78.8
6410,774,2025-07-23,store,paypal,204.39
6411,722,2024-12-03,online,giftcard,87.48
6412,658,2024-12-14,store,giftcard,31.27
6413,766,2025-07-21,store,card,285.68
6414,709,2024-12-03,store,card,2579.36
6415,1488,2024-01-08,store,applepay,54.47
6416,1,2025-01-06,online,card,3155.23
6417,991,2023-11-18,online,applepay,27.15
6418,1450,2024-08-18,store,card,222.02
6419,26,2024-06-23,online,giftcard,199.58
6420,179,2024-09-25,online,paypal,68.76
6421,1242,2025-04-09,store,card,105.65
6422,1315,2025-09-13,store,card,47.41
6423,1381,2024-08-08,store,applepay,196.47
6424,1113,2024-05-20,online,applepay,153.93
6425,225,2024-11-13,online,card,959.17
6426,1046,2024-06-29,store,applepay,898.21
6427,678,2025-06-06,online,applepay,1922.53
6428,405,2024-10-01,store,card,122.69
6429,407,2025-05-04,store,paypal,87.87
6430,263,2024-10-01,online,card,77.56
6431,775,2024-05-03,store,applepay,26.52
6432,254,2023-12-21,store,card,198.21
6433,1324,2024-11-04,online,applepay,3167.86
6434,1398,2025-05-23,store,paypal,252.38
6435,35,2024-06-01,store,applepay,39.51
6436,1228,2025-08-18,online,giftcard,175.81
6437,1141,2025-05-07,online,applepay,46.02
6438,47,2023-12-13,online,giftcard,68.17
6439,105,2024-04-08,online,card,75.79
6440,915,2025-08-20,store,applepay,3587.92
6441,1118,2024-07-01,online,applepay,2370.97
6442,848,2025-06-01,online,paypal,525.85
6443,992,2024-04-18,online,card,1834.75
6444,844,2025-09-18,online,giftcard,3806.49
6445,1251,2025-10-15,store,giftcard,4615.79
6446,1456,2025-05-06,online,applepay,80.36
6447,976,2025-01-20,online,card,63.25
6448,838,2023-12-19,store,card,223.33
6449,626,2025-08-27,online,applepay,58.15
6450,318,2025-05-04,store,card,57.03
6451,317,2024-09-06,store,paypal,3404.45
6452,1349,2025-03-11,store,card,55.5
6453,1230,2025-02-09,store,card,112.99
6454,1005,2024-07-17,store,giftcard,1349.19
6455,962,2025-02-15,online,card,34.29
6456,465,2024-04-02,store,applepay,66.02
6457,1366,2024-09-15,store,applepay,2264.4
6458,256,2024-01-16,online,paypal,190.21
6459,39,2025-03-01,online,applepay,1080.05
6460,881,2025-09-20,online,paypal,94.19
6461,844,2024-06-09,online,paypal,172.42
6462,42,2024-05-24,store,applepay,1015.43
6463,204,2024-09-08,store,paypal,138.14
6464,1448,2025-01-22,store,applepay,137.54
6465,1,2023-12-23,online,applepay,126.83
6466,516,2025-01-09,store,giftcard,81.2
6467,810,2025-01-28,store,giftcard,119.2
6468,1070,2025-07-30,store,card,4993.76
6469,195,2024-03-19,store,applepay,194.74
6470,1035,2025-02-18,online,applepay,1767.94
6471,714,2024-12-17,store,paypal,1945.72
6472,1101,2024-06-29,online,paypal,128.42
6473,738,2024-08-18,store,applepay,9042.43
6474,1002,2025-10-01,online,applepay,55.64
6475,1147,2024-12-18,online,giftcard,4161.62
6476,1489,2024-12-10,online,giftcard,61.99
6477,607,2024-03-20,online,giftcard,49.04
6478,607,2025-05-04,store,card,71.61
6479,940,2024-02-17,online,paypal,124.28
6480,958,2023-12-17,online,card,587.58
6481,1237,2025-09-18,store,card,833.09
6482,1152,2024-12-21,store,paypal,145.75
6483,1007,2024-09-09,online,giftcard,39.46
6484,654,2025-04-06,store,applepay,28.72
6485,1025,2024-09-28,store,paypal,24.5
6486,361,2024-11-07,online,applepay,48.43
6487,1269,2023-11-24,online,giftcard,145.64
6488,1096,2025-07-25,online,paypal,3329.39
6489,1082,2025-03-12,store,paypal,97.71
6490,433,2025-09-02,online,paypal,151.79
6491,930,2024-01-20,store,giftcard,104.87
6492,1413,2024-06-04,online,paypal,63.04
6493,1267,2025-10-21,online,applepay,135.66
6494,156,2025-03-02,online,card,74.4
6495,355,2024-02-21,store,applepay,1699.98
6496,1271,2025-10-29,online,paypal,3610.04
6497,1128,2025-10-31,store,giftcard,717.49
6498,576,2025-02-16,online,card,45.76
6499,116,2025-05-03,online,applepay,895.41
6500,685,2024-10-25,online,paypal,166.09
6501,14,2025-09-24,store,applepay,65.8
6502,505,2024-05-14,store,paypal,154.75
6503,1266,2025-08-25,store,card,3114.68
6504,217,2024-04-02,store,paypal,10.0
6505,512,2025-08-13,store,giftcard,98.71
6506,415,2024-11-29,online,paypal,179.87
6507,1395,2025-06-27,online,paypal,610.1
6508,983,2025-03-05,online,card,192.66
6509,860,2025-04-29,store,giftcard,47.25
6510,36,2025-10-29,online,paypal,7074.12
6511,483,2024-05-22,online,giftcard,192.42
6512,1101,2025-05-04,store,paypal,112.74
6513,581,2025-04-09,online,paypal,199.69
6514,1328,2025-08-12,store,paypal,65.45
6515,816,2023-11-14,online,card,2648.9
6516,1047,2024-08-20,store,applepay,98.83
6517,1172,2023-12-05,store,applepay,142.61
6518,271,2024-04-19,store,giftcard,84.31
6519,1443,2025-09-21,online,applepay,144.12
6520,948,2024-08-30,online,paypal,99.8
6521,682,2024-02-11,store,giftcard,4883.67
6522,350,2024-09-17,online,applepay,208.8
6523,72,2024-03-26,online,applepay,1151.01
6524,15,2024-07-29,online,card,173.77
6525,1438,2024-09-14,online,paypal,4666.66
6526,1118,2024-01-06,store,paypal,655.69
6527,525,2025-01-10,online,applepay,24.03
6528,1132,2025-02-23,online,paypal,17.73
6529,312,2025-02-10,store,card,2753.88
6530,662,2024-10-19,store,paypal,81.28
6531,13,2024-04-18,online,card,24.7
6532,1425,2024-06-04,store,applepay,34.86
6533,988,2024-05-04,store,giftcard,1950.76
6534,374,2025-03-22,store,card,4010.15
6535,791,2024-09-14,store,applepay,156.95
6536,63,2024-02-10,online,paypal,126.39
6537,985,2025-06-15,online,giftcard,74.43
6538,1242,2025-10-13,online,card,13152.9
6539,419,2025-05-12,online,giftcard,21.73
6540,1029,2025-06-03,online,paypal,1058.55
6541,980,2025-06-28,online,giftcard,206.95
6542,277,2025-02-25,online,card,3859.87
6543,501,2024-03-03,online,card,178.86
6544,1028,2024-07-09,online,giftcard,94.12
6545,1401,2024-09-06,online,card,168.72
6546,985,2025-07-07,store,card,98.03
6547,76,2024-12-08,online,applepay,114.23
6548,1498,2025-09-11,store,card,41.13
6549,1295,2024-08-27,online,card,199.14
6550,1132,2025-03-19,store,applepay,184.98
6551,352,2024-04-23,online,applepay,114.69
6552,6,2025-09-24,store,card,16.19
6553,917,2024-04-07,store,applepay,139.52
6554,734,2023-12-17,store,paypal,135.5
6555,1372,2025-07-26,store,card,1042.92
6556,1102,2025-10-26,store,applepay,181.4
6557,14,2023-12-22,online,card,333.32
6558,353,2024-12-19,online,card,106.08
6559,344,2025-09-26,online,applepay,2358.42
6560,1001,2025-01-06,store,giftcard,95.2
6561,1014,2025-09-06,online,applepay,109.88
6562,22,2024-11-05,store,giftcard,176.67
6563,784,2023-12-21,online,paypal,136.3
6564,720,2025-09-12,online,paypal,15.39
6565,1052,2025-09-06,store,giftcard,180.33
6566,477,2023-12-27,online,applepay,48.31
6567,376,2024-05-12,store,giftcard,234.7
6568,263,2024-10-07,store,applepay,66.75
6569,221,2024-08-24,online,paypal,2112.02
6570,387,2025-09-04,store,applepay,111.87
6571,18,2023-11-26,online,giftcard,70.74
6572,1199,2023-11-12,online,applepay,83.28
6573,1103,2024-07-16,store,card,607.42
6574,346,2024-03-28,store,card,24.44
6575,801,2025-01-27,store,paypal,81.11
6576,1266,2023-12-13,store,card,26.99
6577,656,2024-12-03,store,paypal,34.84
6578,1178,2025-04-29,online,card,99.08
6579,486,2024-06-02,store,paypal,139.81
6580,2,2024-01-07,store,giftcard,133.58
6581,360,2025-06-13,online,applepay,1715.82
6582,673,2023-11-11,store,applepay,17010.81
6583,170,2025-10-24,online,card,2598.38
6584,904,2024-02-22,online,applepay,499.16
6585,1263,2025-05-31,online,card,235.09
6586,1030,2024-12-24,store,card,2941.78
6587,992,2024-08-28,online,applepay,70.76
6588,25,2025-10-22,online,paypal,119.71
6589,1215,2024-07-05,store,paypal,82.07
6590,1105,2023-12-09,online,giftcard,226.53
6591,349,2024-09-12,store,paypal,831.33
6592,418,2024-02-25,store,paypal,30.0
6593,856,2023-12-28,online,card,188.78
6594,360,2024-06-13,online,applepay,154.7
6595,729,2025-08-02,store,paypal,229.31
6596,411,2025-03-21,store,card,38.87
6597,794,2025-05-26,online,applepay,153.9
6598,1062,2025-08-25,online,card,81.71
6599,1021,2025-07-21,online,card,87.75
6600,56,2024-07-14,online,paypal,173.22
6601,88,2025-07-08,online,applepay,1808.63
6602,590,2024-03-03,online,applepay,338.37
6603,562,2025-08-22,store,applepay,200.98
6604,441,2025-04-13,online,applepay,70.37
6605,1129,2024-06-29,store,applepay,47.38
6606,1241,2025-05-31,online,applepay,682.66
6607,1371,2025-05-08,store,applepay,195.63
6608,1345,2025-04-26,store,applepay,27.8
6609,6,2024-07-10,online,giftcard,6579.18
6610,857,2024-11-01,store,card,78.77
6611,852,2025-03-14,online,giftcard,204.62
6612,177,2024-06-11,store,card,37.55
6613,934,2025-08-11,online,paypal,574.78
6614,606,2024-07-05,online,giftcard,149.51
6615,894,2024-09-26,store,card,163.58
6616,1303,2024-08-03,store,card,207.05
6617,1095,2024-03-22,store,applepay,111.1
6618,1114,2025-04-28,online,applepay,324.27
6619,892,2025-05-29,online,applepay,1329.64
6620,1213,2025-07-02,store,applepay,41.36
6621,27,2025-10-05,store,paypal,82.26
6622,1228,2024-08-25,online,giftcard,58.42
6623,1233,2025-01-21,online,paypal,60.0
6624,81,2024-10-15,online,paypal,813.99
6625,440,2025-09-07,online,card,27.16
6626,419,2025-05-12,store,giftcard,2717.78
6627,1245,2024-09-25,online,card,52.74
6628,294,2023-11-14,online,giftcard,337.2
6629,634,2025-07-23,online,giftcard,1988.75
6630,1214,2025-07-04,store,paypal,9420.91
6631,778,2024-10-09,online,paypal,3811.71
6632,159,2024-11-18,online,applepay,560.54
6633,29,2025-11-02,online,applepay,56.34
6634,821,2024-11-09,store,applepay,102.83
6635,1015,2024-02-03,store,paypal,5540.48
6636,604,2024-01-07,store,card,239.3
6637,624,2024-10-20,store,card,114.7
6638,695,2024-09-14,online,giftcard,185.41
6639,202,2025-01-21,online,giftcard,102.32
6640,203,2024-05-27,store,paypal,53.68
6641,1424,2024-05-28,store,applepay,69.58
6642,1228,2024-04-19,online,giftcard,129.37
6643,615,2024-09-23,online,applepay,44.29
6644,760,2024-04-13,online,paypal,2207.11
6645,760,2024-09-16,online,applepay,2382.14
6646,1270,2025-10-30,online,applepay,204.64
6647,800,2024-01-30,store,applepay,199.8
6648,828,2025-01-02,store,paypal,36.5
6649,213,2025-05-15,online,applepay,224.11
6650,1305,2023-12-25,store,applepay,118.67
6651,222,2025-09-07,store,card,52.1
6652,686,2025-11-07,store,card,2670.56
6653,1164,2024-05-25,online,applepay,42.07
6654,443,2024-04-16,store,card,80.81
6655,381,2025-02-06,store,paypal,4327.92
6656,708,2024-01-25,store,giftcard,69.99
6657,225,2023-12-02,store,giftcard,2343.47
6658,97,2025-05-28,store,card,280.54
6659,64,2024-05-16,store,paypal,2267.72
6660,304,2024-10-09,online,giftcard,21.75
6661,572,2025-07-23,online,paypal,6687.72
6662,1117,2025-03-24,store,giftcard,267.68
6663,676,2024-07-31,online,card,792.53
6664,817,2025-05-20,online,giftcard,118.05
6665,1331,2025-07-14,store,giftcard,4852.44
6666,1498,2024-06-21,online,applepay,2592.72
6667,1451,2024-09-22,store,applepay,168.77
6668,1006,2024-07-29,online,giftcard,169.32
6669,739,2025-01-29,online,giftcard,64.47
6670,1312,2025-08-02,online,card,2644.17
6671,1315,2024-07-14,store,paypal,220.44
6672,685,2023-12-25,store,applepay,168.16
6673,402,2025-07-30,store,giftcard,779.34
6674,964,2025-09-25,store,card,45.19
6675,955,2024-10-20,online,applepay,123.51
6676,700,2025-03-11,store,applepay,5673.45
6677,641,2025-01-03,store,paypal,29.57
6678,808,2025-10-05,store,card,100.7
6679,1146,2024-08-29,online,card,3013.25
6680,553,2024-12-17,store,giftcard,78.26
6681,43,2024-08-24,online,card,2385.42
6682,115,2025-03-06,online,paypal,30.91
6683,427,2024-11-15,online,card,79.85
6684,1387,2024-10-17,store,card,265.71
6685,684,2024-12-28,online,paypal,30.49
6686,860,2025-07-25,store,card,310.05
6687,1055,2024-06-22,store,paypal,80.5
6688,480,2024-05-06,store,giftcard,847.53
6689,1454,2024-12-30,online,giftcard,2444.42
6690,1237,2024-09-11,online,paypal,164.84
6691,279,2025-06-06,online,card,194.74
6692,48,2025-11-08,store,applepay,54.32
6693,833,2024-08-02,online,applepay,76.97
6694,1122,2024-04-18,online,card,1053.19
6695,980,2024-08-20,store,paypal,100.13
6696,1417,2023-11-11,online,applepay,149.96
6697,1108,2024-07-06,store,applepay,806.19
6698,733,2024-05-20,online,giftcard,1294.51
6699,1290,2025-01-28,online,applepay,3172.56
6700,308,2024-02-06,store,paypal,1332.51
6701,1122,2025-03-01,online,applepay,118.0
6702,1224,2024-07-24,store,giftcard,1252.19
6703,816,2025-10-09,online,card,119.48
6704,487,2025-02-03,store,giftcard,257.07
6705,949,2024-12-25,online,giftcard,13642.38
6706,1475,2025-01-20,store,paypal,183.72
6707,46,2025-02-08,store,paypal,2699.32
6708,551,2024-05-25,store,giftcard,35.01
6709,1493,2025-10-19,store,card,182.84
6710,161,2024-12-13,online,giftcard,1435.25
6711,1403,2024-01-30,online,giftcard,281.98
6712,524,2024-11-12,online,card,121.81
6713,1158,2024-12-16,store,paypal,150.05
6714,361,2023-11-27,store,applepay,2950.09
6715,975,2025-06-10,online,applepay,1576.92
6716,1249,2025-02-10,store,giftcard,165.13
6717,1293,2024-08-15,online,paypal,24.93
6718,321,2024-06-22,store,card,181.12
6719,1099,2025-02-26,store,applepay,575.32
6720,999,2025-09-08,store,paypal,235.88
6721,540,2024-12-29,online,applepay,2188.56
6722,933,2023-11-15,store,paypal,48.02
6723,1117,2024-03-26,online,card,85.85
6724,783,2024-06-03,store,giftcard,146.86
6725,1241,2024-05-12,online,card,169.59
6726,726,2024-04-01,online,applepay,3523.29
6727,554,2023-11-21,online,paypal,136.59
6728,916,2024-09-05,online,applepay,43.58
6729,550,2024-03-13,online,giftcard,57.66
6730,706,2025-10-16,online,applepay,1793.85
6731,413,2025-05-20,store,giftcard,50.96
6732,1024,2025-07-31,online,card,5512.39
6733,932,2025-04-09,store,paypal,100.64
6734,381,2025-02-24,store,applepay,189.7
6735,648,2024-01-30,online,card,74.92
6736,1413,2025-10-17,online,applepay,91.19
6737,849,2025-02-07,store,giftcard,60.98
6738,1081,2024-12-09,store,applepay,228.73
6739,708,2024-03-29,online,paypal,3854.29
6740,1028,2024-04-24,store,applepay,77.49
6741,564,2024-05-29,store,paypal,1823.98
6742,138,2024-06-30,store,card,876.27
6743,990,2024-02-03,store,paypal,3224.49
6744,879,2024-02-11,store,giftcard,210.42
6745,85,2024-01-29,online,paypal,263.65
6746,375,2025-03-25,store,giftcard,103.35
6747,165,2024-06-28,online,giftcard,2728.94
6748,1450,2024-02-22,online,applepay,45.54
6749,775,2024-09-06,store,card,967.76
6750,1075,2024-03-19,store,paypal,2285.62
6751,626,2024-05-23,store,applepay,68.81
6752,137,2024-08-15,online,paypal,144.46
6753,1,2023-12-18,store,applepay,213.98
6754,131,2024-08-24,online,applepay,893.1
6755,969,2024-10-11,online,card,249.67
6756,1210,2023-12-24,store,card,145.99
6757,1068,2024-07-07,store,giftcard,144.58
6758,987,2024-02-23,online,applepay,1910.0
6759,1001,2025-10-01,store,applepay,5094.31
6760,1081,2024-09-07,online,card,680.77
6761,421,2025-06-05,store,applepay,69.03
6762,222,2025-08-18,store,giftcard,3739.88
6763,1356,2024-12-06,online,paypal,63.93
6764,819,2025-01-24,online,card,87.61
6765,1329,2025-07-26,store,giftcard,58.95
6766,470,2025-02-12,online,paypal,115.87
6767,801,2024-05-26,online,card,73.2
6768,1047,2025-09-22,online,giftcard,137.21
6769,1194,2024-12-27,online,paypal,10.72
6770,1272,2025-07-31,online,paypal,99.75
6771,973,2025-10-07,online,applepay,168.88
6772,1389,2023-11-25,store,giftcard,10587.56
6773,794,2025-01-09,store,card,56.72
6774,545,2025-05-28,online,card,173.35
6775,1403,2024-10-13,store,giftcard,1975.5
6776,1399,2024-07-20,online,giftcard,51.0
6777,152,2024-09-13,store,paypal,1743.32
6778,1360,2024-07-05,store,applepay,955.25
6779,785,2025-07-02,online,giftcard,31.12
6780,1297,2024-10-21,online,paypal,2657.13
6781,707,2025-01-01,online,applepay,76.47
6782,974,2024-12-19,online,giftcard,53.93
6783,1045,2025-08-08,online,paypal,1502.93
6784,1327,2024-01-14,online,applepay,65.61
6785,909,2025-01-07,store,applepay,738.77
6786,665,2024-06-05,online,applepay,159.01
6787,241,2025-03-08,store,applepay,4273.96
6788,558,2024-04-25,store,giftcard,50.45
6789,1065,2024-12-20,store,paypal,81.96
6790,1192,2024-05-11,online,applepay,46.63
6791,1350,2025-04-18,online,card,80.04
6792,392,2025-03-20,online,applepay,2690.75
6793,1095,2024-08-29,store,card,95.25
6794,1316,2024-07-08,store,applepay,53.12
6795,346,2024-07-13,store,applepay,608.3
6796,37,2024-05-10,online,card,5120.16
6797,378,2025-08-05,store,applepay,305.82
6798,934,2024-04-28,store,card,155.22
6799,246,2023-12-21,store,paypal,243.03
6800,1351,2024-11-12,online,card,185.27
6801,1481,2024-03-15,store,giftcard,220.74
6802,1291,2025-03-14,online,paypal,702.64
6803,873,2023-12-04,store,paypal,3191.01
6804,440,2024-11-14,store,giftcard,95.58
6805,1123,2025-04-27,store,giftcard,42.97
6806,792,2025-08-03,online,card,159.39
6807,292,2024-11-22,store,giftcard,103.71
6808,741,2025-05-03,online,applepay,9.92
6809,1094,2024-02-22,store,card,1133.9
6810,852,2024-08-24,store,paypal,206.81
6811,1439,2024-12-25,online,card,111.77
6812,1369,2025-08-10,online,card,1171.98
6813,231,2023-12-23,online,paypal,251.78
6814,1379,2024-07-28,store,card,5536.72
6815,1206,2025-10-20,store,card,138.21
6816,1233,2023-12-21,store,card,235.6
6817,793,2025-05-15,online,paypal,233.91
6818,1233,2025-04-10,online,giftcard,206.83
6819,926,2024-11-18,store,giftcard,227.79
6820,346,2025-10-21,online,applepay,76.63
6821,1449,2024-08-20,online,giftcard,110.88
6822,1111,2025-01-18,online,applepay,5572.35
6823,718,2025-04-29,store,applepay,209.06
6824,861,2025-05-29,store,card,1360.49
6825,245,2024-10-22,online,paypal,3475.15
6826,132,2024-11-13,online,giftcard,56.62
6827,811,2024-04-06,online,applepay,60.24
6828,1490,2024-02-16,store,applepay,94.43
6829,694,2025-04-14,store,giftcard,175.55
6830,471,2023-12-31,online,card,1118.0
6831,948,2024-07-08,store,giftcard,2850.63
6832,575,2024-12-27,store,card,301.71
6833,68,2024-08-02,online,applepay,2779.86
6834,967,2024-12-27,store,card,220.8
6835,775,2025-07-01,online,applepay,11.27
6836,422,2025-06-14,online,applepay,259.67
6837,93,2025-10-10,online,paypal,79.18
6838,1253,2025-10-14,store,applepay,52.11
6839,1381,2024-06-20,store,paypal,72.99
6840,1300,2024-09-27,store,giftcard,52.18
6841,24,2025-08-24,online,paypal,34.39
6842,170,2024-08-04,store,paypal,59.73
6843,1244,2024-09-01,online,paypal,89.26
6844,524,2024-08-28,online,card,4895.13
6845,866,2024-03-31,online,card,68.0
6846,145,2024-07-06,store,applepay,237.76
6847,336,2023-11-10,online,applepay,14.78
6848,1255,2025-10-29,store,paypal,68.13
6849,977,2024-06-03,store,giftcard,168.07
6850,991,2025-07-07,online,paypal,122.28
6851,1305,2025-05-04,store,applepay,222.1
6852,334,2025-01-29,online,card,28.13
6853,970,2024-12-24,online,applepay,41.01
6854,105,2025-08-15,store,card,5221.71
6855,1152,2024-12-23,online,giftcard,87.9
6856,864,2025-09-02,online,paypal,236.73
6857,342,2024-01-07,store,paypal,29.44
6858,1267,2024-11-24,store,applepay,77.79
6859,835,2025-03-19,store,giftcard,11.98
6860,488,2025-08-14,store,giftcard,1876.71
6861,1216,2024-12-08,online,paypal,225.05
6862,324,2024-02-09,online,applepay,706.95
6863,486,2025-03-05,online,applepay,734.59
6864,684,2025-06-06,online,giftcard,3945.25
6865,568,2025-04-22,store,applepay,61.61
6866,709,2025-06-29,store,applepay,2035.1
6867,1296,2025-06-12,store,paypal,188.21
6868,600,2024-10-09,store,paypal,2055.14
6869,164,2024-01-20,online,card,2699.34
6870,1021,2023-12-08,online,applepay,1486.62
6871,1329,2024-07-22,online,paypal,3831.13
6872,1099,2025-08-10,store,applepay,98.68
6873,1074,2024-03-20,online,paypal,50.94
6874,110,2025-08-03,store,applepay,2795.02
6875,291,2025-07-26,store,applepay,202.64
6876,825,2025-01-15,online,applepay,1075.73
6877,1225,2024-07-18,online,giftcard,4905.54
6878,1105,2025-01-27,store,paypal,93.75
6879,755,2025-08-23,store,giftcard,2776.95
6880,175,2023-11-21,store,giftcard,143.05
6881,432,2024-01-11,store,paypal,87.25
6882,1144,2025-06-11,store,giftcard,204.0
6883,382,2023-11-25,store,applepay,64.27
6884,356,2024-04-25,online,applepay,184.12
6885,860,2025-02-16,online,giftcard,3262.2
6886,652,2024-04-14,store,giftcard,6195.58
6887,1187,2023-12-22,online,applepay,246.93
6888,533,2024-03-08,store,giftcard,11502.73
6889,390,2024-07-26,online,giftcard,2981.31
6890,1390,2023-12-30,online,giftcard,89.34
6891,1323,2025-01-06,online,applepay,2216.5
6892,1416,2025-08-21,online,giftcard,136.03
6893,965,2024-04-25,online,applepay,104.59
6894,474,2024-04-22,store,card,153.45
6895,443,2025-02-20,online,applepay,146.68
6896,1357,2024-05-22,store,applepay,132.95
6897,17,2024-04-19,store,paypal,54.43
6898,1482,2024-06-02,online,giftcard,198.56
6899,912,2025-06-16,store,applepay,73.93
6900,871,2025-05-18,online,paypal,28.78
6901,1201,2024-12-22,store,applepay,102.18
6902,1332,2024-10-22,store,card,215.03
6903,1482,2024-09-27,online,giftcard,52.82
6904,513,2025-05-11,store,giftcard,99.06
6905,480,2024-09-25,store,card,3547.31
6906,189,2025-08-29,online,applepay,1234.88
6907,1154,2024-12-02,online,card,146.9
6908,635,2025-02-26,online,applepay,70.09
6909,449,2024-04-30,store,card,1961.67
6910,909,2024-05-22,store,card,122.77
6911,178,2024-12-26,online,paypal,3954.92
6912,568,2025-09-10,online,paypal,217.57
6913,1276,2024-07-28,store,paypal,78.75
6914,381,2024-05-31,store,applepay,188.11
6915,992,2025-01-01,store,card,1260.46
6916,275,2025-10-10,online,giftcard,2248.08
6917,208,2024-10-30,store,giftcard,298.55
6918,329,2025-05-05,online,giftcard,32.17
6919,705,2024-02-18,online,applepay,147.87
6920,1328,2024-09-08,online,applepay,4813.71
6921,1116,2025-09-20,online,applepay,35.75
6922,456,2024-10-19,online,giftcard,1056.87
6923,1403,2024-03-20,store,applepay,2970.25
6924,957,2024-10-26,online,card,670.68
6925,1133,2025-03-13,online,paypal,3354.87
6926,830,2025-09-29,online,paypal,11.71
6927,837,2024-11-12,store,paypal,3298.18
6928,21,2025-07-13,store,applepay,27.38
6929,131,2023-11-09,online,paypal,6511.35
6930,1122,2024-06-09,online,applepay,51.95
6931,1042,2025-01-11,online,card,208.14
6932,399,2024-01-21,store,giftcard,187.29
6933,1160,2024-07-04,online,giftcard,2841.09
6934,626,2025-10-19,store,card,98.41
6935,65,2025-03-05,store,paypal,58.95
6936,839,2025-11-01,online,applepay,222.68
6937,391,2024-02-14,online,paypal,47.88
6938,1224,2024-03-15,store,applepay,4412.54
6939,203,2025-10-12,store,giftcard,139.66
6940,462,2025-07-01,store,applepay,106.37
6941,788,2025-06-04,store,paypal,81.0
6942,638,2024-05-04,store,paypal,88.59
6943,821,2025-02-03,online,card,1691.03
6944,59,2024-05-15,online,card,207.22
6945,1458,2025-10-20,store,giftcard,45.29
6946,1437,2025-09-06,online,giftcard,2228.05
6947,409,2024-08-24,online,applepay,296.3
6948,413,2024-10-20,store,paypal,95.06
6949,1328,2025-06-10,online,giftcard,2929.45
6950,1329,2024-12-13,store,applepay,3187.71
6951,815,2025-08-30,store,paypal,4238.08
6952,996,2025-08-06,store,applepay,539.15
6953,1030,2024-05-14,online,card,172.21
6954,579,2024-11-02,online,card,220.29
6955,115,2024-09-25,online,giftcard,72.12
6956,725,2025-08-11,store,paypal,104.4
6957,1111,2025-11-07,online,applepay,137.63
6958,1380,2025-05-02,store,card,80.04
6959,637,2025-06-17,store,giftcard,80.82
6960,1466,2025-05-06,store,giftcard,1937.24
6961,55,2025-03-24,store,giftcard,2318.71
6962,1127,2024-02-15,store,giftcard,3990.0
6963,1259,2025-06-29,online,giftcard,54.0
6964,580,2023-12-27,online,card,15.02
6965,1346,2025-10-21,online,applepay,1900.81
6966,169,2025-01-31,store,applepay,3276.76
6967,32,2024-02-06,store,card,1890.72
6968,949,2023-12-12,online,applepay,148.68
6969,109,2025-02-05,store,giftcard,27.14
6970,1337,2025-08-23,online,giftcard,38.13
6971,1421,2024-05-02,store,paypal,4956.74
6972,593,2024-11-05,online,applepay,246.62
6973,383,2024-03-30,store,card,85.79
6974,732,2023-11-19,online,paypal,144.05
6975,558,2024-12-01,store,giftcard,50.2
6976,745,2024-12-17,store,paypal,995.91
6977,11,2025-06-12,store,giftcard,148.57
6978,229,2024-11-21,store,applepay,52.76
6979,395,2023-12-03,online,paypal,157.84
6980,1221,2025-02-02,online,card,42.84
6981,1057,2024-05-01,online,giftcard,50.53
6982,696,2024-09-15,store,applepay,2092.38
6983,790,2025-10-31,store,giftcard,746.53
6984,388,2025-03-31,online,applepay,1780.15
6985,583,2024-12-13,online,paypal,160.99
6986,107,2025-10-18,store,paypal,53.49
6987,587,2025-04-17,store,giftcard,227.32
6988,780,2025-08-27,online,paypal,2030.8
6989,563,2024-04-07,online,applepay,1537.64
6990,1147,2025-08-13,online,applepay,618.15
6991,1048,2024-02-07,store,paypal,201.17
6992,1303,2025-09-17,online,applepay,49.94
6993,1270,2025-02-04,online,paypal,2429.85
6994,138,2025-04-08,store,giftcard,2568.26
6995,189,2025-01-01,store,card,152.94
6996,1092,2024-11-27,store,applepay,3588.23
6997,1453,2024-04-01,online,paypal,54.78
6998,1177,2024-12-07,online,giftcard,151.01
6999,273,2024-07-25,store,giftcard,44.57
7000,858,2024-12-18,store,giftcard,2246.32
7001,1270,2024-03-05,online,paypal,29.78
7002,1176,2024-07-02,online,applepay,30.0
7003,980,2025-02-13,online,paypal,3313.36
7004,12,2025-05-17,online,applepay,54.49
7005,111,2024-06-05,online,card,104.06
7006,457,2024-03-29,store,card,152.91
7007,1244,2024-02-27,online,giftcard,91.61
7008,1408,2024-05-18,online,card,300.0
7009,1194,2024-01-23,online,paypal,4567.45
7010,903,2024-01-16,store,paypal,191.64
7011,848,2023-11-29,online,paypal,272.75
7012,452,2023-12-11,online,card,201.42
7013,398,2025-08-14,online,applepay,4027.9
7014,957,2024-08-10,online,card,21.54
7015,320,2024-10-23,store,card,102.58
7016,902,2025-03-10,online,giftcard,441.46
7017,188,2024-11-12,online,card,71.58
7018,482,2025-07-12,online,giftcard,141.45
7019,217,2024-01-01,store,paypal,5734.96
7020,183,2023-12-28,store,giftcard,54.45
7021,689,2024-10-09,store,applepay,84.72
7022,476,2024-12-12,online,giftcard,3088.18
7023,1427,2025-08-13,store,applepay,723.01
7024,1262,2024-02-06,store,paypal,26.47
7025,1418,2025-04-04,store,paypal,163.09
7026,511,2025-08-02,online,applepay,52.65
7027,444,2025-07-12,store,giftcard,58.95
7028,1024,2023-11-21,online,applepay,1791.56
7029,1363,2024-02-16,online,card,140.33
7030,1190,2025-06-17,online,paypal,192.18
7031,939,2024-07-23,online,applepay,226.84
7032,1233,2024-06-21,online,giftcard,696.91
7033,729,2024-10-09,store,applepay,1313.01
7034,621,2023-12-21,store,card,158.36
7035,411,2025-07-05,online,applepay,188.2
7036,750,2024-11-19,online,applepay,1924.42
7037,48,2024-06-25,store,applepay,305.15
7038,660,2024-07-09,store,applepay,3870.19
7039,49,2025-02-13,store,giftcard,751.66
7040,170,2024-08-23,store,paypal,197.13
7041,558,2024-04-15,online,applepay,85.43
7042,70,2025-10-27,online,paypal,36.75
7043,163,2025-06-18,store,paypal,41.88
7044,412,2025-02-17,store,paypal,235.99
7045,568,2025-01-15,online,card,167.7
7046,1319,2024-03-09,store,giftcard,3664.17
7047,692,2024-04-22,online,applepay,190.66
7048,604,2025-06-01,store,card,2472.95
7049,127,2024-02-09,store,giftcard,29.17
7050,147,2025-02-10,online,giftcard,183.88
7051,1289,2025-08-29,online,card,155.06
7052,988,2024-12-13,store,applepay,167.3
7053,1053,2025-04-28,store,giftcard,3847.42
7054,963,2025-05-31,online,card,49.22
7055,168,2025-01-18,store,paypal,228.43
7056,1026,2024-03-04,online,card,73.87
7057,26,2025-04-14,store,card,2183.94
7058,1468,2024-03-13,online,card,168.91
7059,1165,2025-01-13,online,giftcard,5312.82
7060,1414,2023-11-17,store,card,85.32
7061,87,2024-10-20,store,giftcard,759.61
7062,165,2025-07-31,online,card,70.37
7063,784,2024-11-09,online,paypal,69.94
7064,1153,2025-06-13,online,paypal,128.83
7065,282,2024-01-17,online,paypal,74.0
7066,277,2025-03-21,online,giftcard,58.15
7067,91,2025-04-22,online,card,4675.78
7068,1193,2024-05-27,store,giftcard,5266.95
7069,1363,2025-05-08,online,giftcard,19.69
7070,1487,2023-12-17,online,card,136.77
7071,141,2024-08-05,online,paypal,172.63
7072,442,2024-04-03,store,applepay,175.22
7073,420,2024-05-05,store,paypal,81.39
7074,1426,2024-07-20,online,applepay,103.35
7075,651,2025-01-03,store,card,4650.87
7076,463,2024-11-03,online,applepay,215.28
7077,466,2024-01-29,online,applepay,53.25
7078,163,2024-08-29,store,giftcard,22.13
7079,979,2025-06-15,online,paypal,8.62
7080,321,2025-09-27,online,giftcard,56.81
7081,856,2024-04-26,online,card,667.67
7082,241,2024-09-25,online,applepay,2763.49
7083,1465,2024-05-30,store,giftcard,19.51
7084,68,2024-12-20,online,applepay,39.95
7085,594,2024-08-29,online,applepay,786.34
7086,455,2025-06-07,store,paypal,41.67
7087,16,2025-03-28,store,paypal,2402.65
7088,649,2025-03-20,online,paypal,3205.47
7089,868,2024-10-15,online,applepay,3739.58
7090,1219,2025-02-06,online,paypal,35.99
7091,1418,2023-12-25,store,card,329.9
7092,1346,2024-04-07,store,applepay,195.95
7093,307,2025-06-07,store,giftcard,223.37
7094,402,2023-11-25,online,paypal,4907.16
7095,534,2025-03-26,online,giftcard,2134.67
7096,58,2024-08-01,store,card,1787.0
7097,1103,2024-06-02,store,card,40.0
7098,1176,2024-09-23,store,applepay,159.55
7099,1225,2023-11-30,store,giftcard,176.73
7100,1302,2024-05-09,store,applepay,5706.84
7101,660,2025-04-07,store,giftcard,58.87
7102,602,2025-10-15,store,card,169.64
7103,111,2024-02-23,online,giftcard,78.03
7104,403,2024-10-29,store,giftcard,216.75
7105,409,2025-03-27,online,applepay,301.68
7106,806,2025-06-19,online,applepay,707.75
7107,826,2025-05-21,online,applepay,2114.93
7108,918,2025-04-25,store,paypal,153.9
7109,157,2024-06-07,online,card,114.19
7110,696,2025-04-08,store,paypal,3887.95
7111,445,2025-06-21,online,paypal,198.11
7112,1025,2023-12-14,store,paypal,99.26
7113,1482,2024-11-19,store,applepay,91.32
7114,1111,2025-03-11,online,paypal,123.24
7115,105,2024-01-02,store,paypal,128.11
7116,1346,2024-06-21,online,giftcard,123.15
7117,441,2025-04-24,online,card,129.22
7118,1215,2024-02-09,store,giftcard,252.03
7119,871,2024-07-04,online,applepay,3586.98
7120,1113,2024-07-14,online,giftcard,83.48
7121,636,2024-04-18,store,card,120.89
7122,1430,2024-05-31,store,applepay,66.96
7123,364,2024-07-23,store,card,281.29
7124,1379,2024-12-10,store,paypal,92.31
7125,1128,2025-07-21,online,card,3087.32
7126,1038,2024-03-20,store,card,8.12
7127,1150,2024-04-25,store,giftcard,195.1
7128,1372,2025-09-16,store,applepay,1748.59
7129,508,2025-10-30,store,paypal,189.37
7130,1396,2024-07-09,online,card,42.67
7131,1363,2025-09-24,store,paypal,1038.8
7132,639,2025-05-02,online,applepay,1234.58
7133,276,2025-11-08,online,card,4299.86
7134,712,2024-12-10,store,card,203.1
7135,481,2025-04-21,store,giftcard,3204.3
7136,1215,2023-12-10,store,paypal,4433.41
7137,1148,2024-02-04,store,paypal,68.28
7138,161,2025-06-24,store,card,47.91
7139,1025,2023-11-14,store,paypal,245.15
7140,623,2025-07-01,online,applepay,115.82
7141,526,2024-02-24,store,giftcard,237.03
7142,910,2025-03-11,store,card,77.25
7143,890,2025-07-14,online,paypal,1218.16
7144,549,2024-03-19,store,applepay,114.51
7145,256,2025-06-25,store,card,306.28
7146,722,2025-05-11,online,paypal,83.02
7147,1290,2025-10-22,store,paypal,76.97
7148,386,2025-01-17,store,card,81.06
7149,36,2024-06-02,store,applepay,287.34
7150,257,2025-09-29,online,applepay,69.49
7151,932,2025-04-07,online,giftcard,32.16
7152,914,2024-06-13,online,applepay,153.89
7153,171,2025-02-06,online,giftcard,2753.25
7154,937,2025-05-27,online,giftcard,253.37
7155,1168,2023-11-15,store,giftcard,135.54
7156,1348,2025-05-05,store,card,100.47
7157,1343,2024-10-16,store,paypal,123.83
7158,276,2023-11-26,store,paypal,153.15
7159,1298,2024-03-05,store,card,51.17
7160,1158,2025-05-10,online,giftcard,4803.15
7161,1337,2024-06-07,store,giftcard,129.24
7162,1381,2025-08-23,store,paypal,138.98
7163,761,2025-04-26,store,card,55.61
7164,1448,2025-04-01,store,card,50.49
7165,373,2024-06-04,store,paypal,139.48
7166,762,2025-07-26,store,giftcard,2382.9
7167,1059,2024-07-28,store,card,3521.49
7168,1027,2025-09-01,online,giftcard,182.07
7169,103,2024-06-21,store,giftcard,636.83
7170,107,2023-12-23,store,card,52.75
7171,294,2024-02-11,online,giftcard,224.64
7172,617,2024-03-18,store,giftcard,2228.06
7173,312,2025-07-03,store,card,1419.2
7174,235,2024-11-13,store,paypal,79.84
7175,64,2024-09-19,online,applepay,52.82
7176,1264,2025-06-21,store,paypal,806.72
7177,1432,2025-08-14,online,applepay,229.04
7178,1216,2024-07-22,online,card,2568.98
7179,982,2024-11-10,online,paypal,216.06
7180,1400,2025-06-20,online,giftcard,2027.23
7181,419,2024-05-17,store,giftcard,124.81
7182,534,2025-02-15,online,paypal,112.14
7183,665,2025-05-27,store,card,35.82
7184,1273,2025-02-11,online,applepay,161.18
7185,678,2024-01-17,store,applepay,6671.38
7186,1358,2023-12-18,online,giftcard,158.46
7187,142,2023-11-15,store,card,113.12
7188,626,2025-05-26,store,giftcard,57.26
7189,640,2024-10-07,online,card,220.97
7190,335,2024-05-12,store,giftcard,18.56
7191,653,2025-05-28,online,applepay,84.64
7192,1490,2024-03-19,store,paypal,57.7
7193,472,2024-10-08,store,card,1218.36
7194,1179,2023-12-27,online,paypal,3223.12
7195,1247,2024-02-19,online,paypal,66.88
7196,1162,2025-06-16,online,applepay,157.76
7197,863,2024-03-06,online,applepay,30.05
7198,218,2025-08-27,store,paypal,148.59
7199,1452,2025-03-07,store,applepay,94.99
7200,1339,2024-05-29,online,card,63.0
7201,36,2024-10-12,store,card,44.71
7202,586,2024-04-14,store,giftcard,161.35
7203,369,2024-08-26,online,giftcard,160.45
7204,459,2025-01-15,online,card,151.6
7205,835,2024-12-03,online,giftcard,116.06
7206,11,2025-09-29,store,paypal,44.98
7207,807,2025-06-28,online,giftcard,219.97
7208,1158,2025-05-23,store,paypal,4191.37
7209,613,2024-05-12,online,card,73.11
7210,681,2025-01-22,online,card,94.17
7211,863,2025-03-29,store,paypal,35.01
7212,88,2025-11-08,store,applepay,32.98
7213,856,2024-06-03,online,paypal,188.66
7214,18,2025-02-16,online,giftcard,3542.45
7215,1144,2023-12-12,online,applepay,2233.39
7216,1278,2025-06-05,online,paypal,52.86
7217,769,2024-09-02,store,giftcard,207.39
7218,505,2024-03-06,online,card,53.34
7219,279,2024-12-23,store,card,4184.62
7220,224,2024-05-05,store,applepay,198.52
7221,1067,2024-06-21,store,giftcard,38.32
7222,850,2024-08-22,store,paypal,41.87
7223,303,2024-10-21,store,giftcard,55.56
7224,1391,2025-05-23,store,card,155.6
7225,1021,2024-08-28,store,giftcard,1602.36
7226,752,2025-04-11,store,paypal,161.93
7227,1205,2024-01-31,store,giftcard,37.37
7228,1423,2024-03-25,store,card,125.12
7229,1190,2024-03-15,online,giftcard,195.6
7230,500,2024-05-23,store,giftcard,82.01
7231,1478,2023-12-14,online,card,696.55
7232,677,2025-01-31,store,card,1705.92
7233,774,2024-02-05,online,giftcard,10.0
7234,722,2024-10-18,store,card,4682.06
7235,1243,2024-09-30,store,paypal,94.5
7236,533,2024-01-18,store,card,228.98
7237,471,2025-01-24,online,applepay,222.97
7238,1345,2025-09-23,online,applepay,2790.71
7239,467,2024-02-05,store,card,45.81
7240,380,2024-03-23,online,applepay,19.31
7241,1165,2025-09-11,online,paypal,26.66
7242,825,2025-02-18,online,applepay,30.05
7243,1222,2024-12-08,online,applepay,89.52
7244,560,2024-03-21,online,applepay,221.72
7245,479,2025-07-31,store,giftcard,130.81
7246,1094,2025-11-04,store,giftcard,187.84
7247,1302,2024-03-03,store,applepay,68.35
7248,1171,2025-07-16,store,paypal,70.38
7249,1087,2024-07-30,online,applepay,2419.43
7250,956,2025-06-06,store,applepay,42.64
7251,1067,2023-11-18,online,applepay,4084.89
7252,1491,2024-12-10,online,paypal,3245.12
7253,417,2025-02-15,store,card,18.63
7254,340,2025-05-06,store,applepay,1706.66
7255,375,2024-03-22,store,applepay,24.03
7256,43,2024-12-22,online,applepay,150.76
7257,107,2024-11-13,store,giftcard,64.1
7258,933,2023-12-21,online,giftcard,6374.44
7259,928,2025-01-02,online,giftcard,121.17
7260,156,2024-07-02,online,giftcard,118.79
7261,192,2024-12-24,store,card,48.39
7262,68,2025-01-31,store,giftcard,3315.48
7263,511,2024-07-26,store,paypal,154.48
7264,376,2024-01-06,store,applepay,165.27
7265,490,2024-12-04,store,card,1364.3
7266,206,2024-04-09,store,card,26.7
7267,498,2025-08-03,online,giftcard,268.14
7268,554,2025-03-19,online,card,2011.77
7269,324,2025-10-02,online,card,213.11
7270,943,2025-07-22,store,applepay,725.8
7271,534,2024-01-30,store,paypal,36.11
7272,682,2024-10-30,online,giftcard,101.51
7273,1134,2023-11-18,online,applepay,1993.45
7274,1286,2025-01-21,store,giftcard,178.08
7275,799,2023-12-03,online,applepay,244.15
7276,1427,2024-10-04,online,giftcard,65.67
7277,200,2024-03-22,store,paypal,2404.77
7278,420,2025-11-06,store,applepay,39.43
7279,651,2025-07-09,online,paypal,155.47
7280,1011,2025-03-09,store,applepay,167.09
7281,1103,2024-09-05,store,applepay,81.56
7282,379,2025-01-13,store,paypal,180.48
7283,1379,2024-12-08,store,applepay,181.06
7284,1378,2024-06-21,store,card,59.71
7285,916,2025-02-01,online,card,22.59
7286,224,2025-10-17,store,card,27.67
7287,677,2025-06-19,online,applepay,1552.51
7288,406,2025-03-07,online,paypal,6116.65
7289,346,2025-04-07,store,card,205.95
7290,780,2023-11-26,online,giftcard,2132.13
7291,861,2024-07-31,online,card,91.61
7292,156,2024-02-26,online,paypal,80.55
7293,1079,2024-04-22,online,card,171.27
7294,1355,2025-06-16,online,card,126.4
7295,774,2025-01-13,store,card,181.17
7296,284,2025-01-02,online,giftcard,16.79
7297,1254,2024-07-19,store,paypal,154.46
7298,743,2025-06-22,store,giftcard,245.21
7299,934,2024-12-09,online,giftcard,2291.59
7300,770,2023-12-14,store,card,5597.44
7301,303,2024-09-30,store,applepay,158.85
7302,1296,2024-06-19,store,paypal,5159.32
7303,1305,2024-03-20,store,giftcard,59.55
7304,329,2025-08-02,store,paypal,1003.89
7305,322,2025-05-27,store,card,124.09
7306,770,2024-06-02,online,paypal,140.58
7307,431,2024-09-28,online,giftcard,3749.09
7308,1267,2024-06-24,online,paypal,162.17
7309,346,2024-07-08,store,card,79.15
7310,1289,2025-06-06,store,paypal,128.37
7311,1440,2025-08-02,online,card,2488.2
7312,1279,2024-05-19,store,giftcard,54.28
7313,876,2024-06-30,store,applepay,1119.88
7314,46,2025-03-27,online,card,1891.28
7315,1286,2025-02-08,online,paypal,25.17
7316,525,2025-02-18,online,applepay,2125.81
7317,976,2024-10-07,store,applepay,101.54
7318,79,2023-12-30,store,card,1069.73
7319,937,2024-03-28,store,giftcard,149.16
7320,660,2025-09-23,store,paypal,261.52
7321,656,2025-09-24,online,applepay,241.03
7322,333,2025-06-10,online,card,75.54
7323,1006,2025-01-14,online,paypal,4991.21
7324,244,2025-08-14,online,applepay,150.85
7325,25,2025-02-20,store,giftcard,129.13
7326,266,2024-08-02,online,card,139.65
7327,921,2024-12-29,online,giftcard,85.53
7328,697,2024-08-11,online,paypal,3278.66
7329,401,2024-12-05,store,giftcard,300.0
7330,1122,2025-04-28,store,applepay,27.27
7331,928,2025-06-16,store,applepay,29.6
7332,1339,2024-07-25,store,paypal,22.37
7333,1249,2024-09-26,store,applepay,1670.26
7334,567,2024-12-31,online,card,642.43
7335,993,2025-02-14,online,card,82.59
7336,558,2025-02-24,store,card,171.67
7337,420,2024-04-13,online,applepay,2303.36
7338,417,2025-02-13,store,card,2778.46
7339,486,2025-04-24,store,applepay,157.93
7340,1165,2025-03-07,online,card,58.54
7341,435,2024-05-12,online,card,160.15
7342,1336,2024-12-26,online,applepay,7192.2
7343,987,2023-11-18,online,card,228.98
7344,1425,2025-06-06,store,applepay,148.03
7345,1048,2024-10-02,store,giftcard,158.82
7346,1447,2025-05-16,store,giftcard,22.06
7347,243,2024-11-26,store,applepay,27.09
7348,270,2025-09-21,store,giftcard,1919.27
7349,831,2025-10-15,store,card,62.92
7350,1418,2024-11-22,online,giftcard,38.86
7351,1252,2025-01-10,online,paypal,26.37
7352,87,2025-02-22,store,paypal,963.72
7353,296,2025-07-13,store,card,75.74
7354,580,2025-06-01,store,applepay,110.6
7355,333,2024-01-15,online,card,3750.54
7356,957,2024-10-22,online,paypal,3430.99
7357,492,2023-12-15,store,giftcard,5336.21
7358,731,2024-04-05,online,giftcard,1644.3
7359,347,2024-06-11,store,paypal,46.83
7360,1266,2024-03-13,online,card,227.59
7361,308,2024-04-03,online,card,53.51
7362,1247,2025-10-03,store,card,3394.55
7363,1002,2024-12-24,online,giftcard,3552.34
7364,94,2024-05-26,online,card,113.01
7365,746,2024-07-15,store,applepay,4170.53
7366,379,2024-11-16,online,applepay,3601.29
7367,173,2025-08-21,online,card,108.91
7368,1462,2025-03-05,store,paypal,78.72
7369,869,2024-01-15,online,paypal,663.02
7370,751,2024-04-27,online,applepay,44.23
7371,213,2025-03-15,online,paypal,60.01
7372,146,2025-08-27,online,paypal,217.23
7373,542,2024-04-11,online,giftcard,87.45
7374,746,2024-04-25,store,card,2329.51
7375,166,2024-11-26,online,giftcard,100.19
7376,918,2025-05-19,online,applepay,95.13
7377,51,2024-02-23,online,paypal,4283.61
7378,518,2024-04-07,store,card,136.82
7379,537,2024-04-05,store,paypal,73.46
7380,431,2024-03-13,store,card,75.17
7381,276,2025-02-01,store,paypal,4482.88
7382,923,2025-05-23,store,giftcard,877.26
7383,432,2024-09-23,online,paypal,20.02
7384,1272,2023-11-18,online,applepay,97.52
7385,2,2025-06-29,store,applepay,3068.23
7386,301,2025-06-25,online,card,810.31
7387,1158,2025-02-16,store,applepay,124.12
7388,175,2025-04-06,online,giftcard,253.16
7389,562,2024-04-01,online,giftcard,244.16
7390,716,2025-05-04,store,giftcard,225.66
7391,372,2025-09-19,online,applepay,134.63
7392,152,2025-11-05,store,paypal,55.96
7393,150,2025-05-16,store,card,170.3
7394,50,2025-06-11,store,giftcard,109.24
7395,263,2025-05-21,online,paypal,51.81
7396,1273,2024-11-23,online,giftcard,2138.44
7397,586,2024-04-22,online,card,3225.55
7398,1206,2024-11-27,store,giftcard,172.14
7399,1240,2024-03-01,store,paypal,232.84
7400,494,2024-12-11,online,giftcard,230.9
7401,597,2024-05-03,online,giftcard,201.27
7402,132,2025-01-06,store,applepay,231.4
7403,1225,2024-01-28,store,paypal,84.38
7404,413,2024-04-09,online,card,141.7
7405,457,2025-10-23,online,giftcard,10708.51
7406,299,2024-02-19,online,applepay,161.18
7407,1268,2025-02-27,store,giftcard,28.5
7408,1133,2025-08-16,store,paypal,1482.23
7409,1138,2024-10-20,store,giftcard,2448.57
7410,364,2025-09-25,store,applepay,66.1
7411,244,2024-09-23,store,applepay,1924.77
7412,717,2024-03-04,online,giftcard,92.15
7413,1418,2025-09-01,online,applepay,68.9
7414,169,2024-04-22,store,applepay,439.65
7415,288,2024-10-09,online,giftcard,132.67
7416,1385,2025-09-16,online,applepay,32.18
7417,826,2024-04-20,store,card,177.09
7418,1156,2025-03-21,online,giftcard,144.49
7419,282,2024-03-11,online,applepay,1309.85
7420,1358,2024-08-06,store,giftcard,93.79
7421,666,2024-07-29,online,giftcard,58.06
7422,657,2025-04-15,online,card,92.42
7423,427,2024-09-16,online,applepay,3156.05
7424,987,2023-12-24,store,card,1454.06
7425,1352,2025-05-08,store,giftcard,72.05
7426,456,2024-10-08,online,giftcard,3416.91
7427,760,2024-01-28,store,paypal,92.32
7428,804,2025-07-01,store,card,2161.07
7429,812,2025-04-08,store,card,61.6
7430,718,2024-11-24,store,card,186.0
7431,230,2024-02-02,store,card,49.13
7432,613,2025-02-24,store,giftcard,26.78
7433,525,2024-04-09,online,giftcard,262.34
7434,232,2024-12-01,store,applepay,2475.08
7435,288,2023-12-08,store,paypal,6860.74
7436,226,2025-04-08,store,giftcard,1107.48
7437,569,2025-08-30,online,card,236.11
7438,841,2025-09-12,online,giftcard,96.76
7439,717,2023-11-13,store,paypal,164.9
7440,348,2025-04-12,online,paypal,3107.87
7441,828,2024-02-12,store,giftcard,141.79
7442,959,2024-05-14,online,giftcard,62.23
7443,1376,2025-07-23,store,paypal,31.8
7444,358,2023-12-06,store,card,88.25
7445,1052,2024-06-13,online,giftcard,56.57
7446,2,2024-04-15,online,giftcard,64.64
7447,1313,2024-08-16,store,applepay,90.84
7448,997,2025-07-24,online,paypal,178.44
7449,242,2024-02-12,store,card,73.78
7450,61,2025-08-21,store,giftcard,700.0
7451,850,2023-12-13,online,paypal,213.16
7452,589,2024-07-14,store,applepay,111.18
7453,435,2025-11-07,online,paypal,180.64
7454,583,2024-01-16,online,giftcard,273.78
7455,196,2024-09-22,store,card,218.25
7456,975,2024-12-28,online,applepay,15.26
7457,256,2025-04-27,online,applepay,187.59
7458,564,2025-08-24,store,card,33.35
7459,637,2024-05-09,store,applepay,75.36
7460,1078,2024-05-12,store,applepay,3603.12
7461,1466,2024-06-28,online,card,192.8
7462,1369,2025-08-26,store,card,188.57
7463,31,2024-07-23,store,paypal,165.56
7464,899,2025-04-24,online,applepay,873.7
7465,761,2025-02-27,online,applepay,93.16
7466,2,2025-05-23,online,card,71.6
7467,1312,2024-11-18,online,paypal,97.15
7468,1346,2024-03-13,online,card,195.5
7469,1437,2025-07-18,store,paypal,88.71
7470,312,2024-11-08,store,paypal,1689.92
7471,773,2024-05-22,online,applepay,107.91
7472,1345,2025-03-06,online,giftcard,89.34
7473,238,2024-02-26,online,card,93.38
7474,1362,2025-05-09,online,giftcard,5857.43
7475,9,2025-11-01,store,paypal,1362.02
7476,773,2023-11-22,online,card,210.99
7477,1323,2024-06-04,store,card,27.25
7478,927,2024-08-22,online,card,3610.95
7479,44,2024-09-09,store,card,223.87
7480,208,2024-03-05,online,applepay,78.22
7481,521,2025-08-17,online,paypal,4389.52
7482,52,2025-10-23,store,card,11.27
7483,976,2023-12-15,store,applepay,187.09
7484,521,2024-11-16,store,card,1099.88
7485,1459,2025-07-25,online,paypal,375.42
7486,616,2024-01-22,online,card,2806.49
7487,1192,2024-12-08,online,giftcard,736.28
7488,791,2024-09-13,store,card,90.26
7489,127,2024-01-20,store,giftcard,176.5
7490,422,2025-06-05,store,giftcard,326.54
7491,500,2025-07-02,store,card,109.42
7492,61,2025-09-13,store,applepay,2764.22
7493,1014,2024-10-10,store,giftcard,122.93
7494,1452,2025-03-27,store,paypal,129.34
7495,1162,2025-01-21,store,card,1481.03
7496,23,2025-11-08,online,applepay,252.05
7497,887,2025-02-09,online,giftcard,86.22
7498,366,2025-10-28,online,applepay,107.73
7499,424,2025-05-12,online,paypal,3496.45
7500,584,2025-07-27,online,giftcard,2758.38
7501,864,2024-04-17,store,card,99.63
7502,155,2024-05-21,online,paypal,4377.11
7503,454,2024-04-21,online,card,232.24
7504,1347,2025-04-26,store,applepay,1581.44
7505,142,2023-12-24,store,applepay,220.08
7506,252,2025-05-28,store,card,63.47
7507,720,2024-10-21,store,applepay,2446.56
7508,1088,2023-12-21,store,card,3828.85
7509,1064,2024-10-19,store,applepay,3972.62
7510,1287,2025-10-01,store,applepay,28.21
7511,1461,2023-12-12,online,giftcard,66.38
7512,1244,2024-03-29,store,applepay,2356.68
7513,875,2024-06-01,online,giftcard,158.28
7514,349,2025-04-17,online,card,217.44
7515,975,2025-02-15,online,paypal,52.43
7516,583,2024-09-28,store,paypal,164.63
7517,301,2025-09-14,online,applepay,6039.34
7518,961,2025-04-09,store,paypal,237.47
7519,768,2025-03-12,online,giftcard,76.17
7520,452,2024-12-17,store,card,1465.12
7521,687,2025-09-02,store,paypal,71.49
7522,198,2024-03-10,store,applepay,3668.79
7523,1396,2024-07-21,online,giftcard,73.37
7524,1417,2025-09-04,online,giftcard,74.04
7525,1052,2024-07-29,store,applepay,181.71
7526,303,2025-03-27,online,card,1994.76
7527,528,2025-01-14,online,card,40.26
7528,1072,2025-03-04,online,giftcard,159.07
7529,1186,2024-09-11,online,giftcard,77.56
7530,1180,2024-07-04,store,paypal,46.63
7531,1059,2025-02-12,online,giftcard,223.57
7532,289,2024-10-24,online,applepay,132.99
7533,428,2025-03-24,store,applepay,109.71
7534,627,2025-02-13,store,applepay,95.55
7535,1464,2024-04-09,store,giftcard,134.12
7536,517,2024-03-11,online,giftcard,17.07
7537,582,2024-10-22,online,card,145.63
7538,1005,2025-07-30,online,applepay,15.94
7539,486,2024-03-23,store,card,17.2
7540,1333,2024-06-17,store,giftcard,164.66
7541,352,2024-07-04,store,paypal,1307.95
7542,172,2024-07-13,online,card,195.98
7543,941,2024-08-25,store,paypal,3113.91
7544,644,2023-11-25,online,paypal,4049.51
7545,1466,2025-02-28,store,giftcard,232.15
7546,1255,2025-10-25,store,giftcard,216.27
7547,367,2024-08-14,online,paypal,6.47
7548,708,2025-08-09,store,applepay,107.47
7549,647,2025-09-20,online,applepay,1242.07
7550,49,2025-01-22,online,card,69.19
7551,811,2025-06-24,store,applepay,56.75
7552,750,2024-09-05,store,card,130.61
7553,732,2025-06-10,online,giftcard,220.78
7554,1088,2024-02-02,store,card,132.15
7555,1246,2023-12-23,online,paypal,776.12
7556,823,2024-12-27,store,paypal,22.28
7557,369,2024-09-27,store,paypal,114.3
7558,408,2024-12-27,store,giftcard,20.0
7559,1359,2024-10-19,online,card,265.29
7560,942,2024-10-17,online,applepay,124.72
7561,628,2023-12-15,store,paypal,177.01
7562,1437,2025-04-26,online,applepay,68.12
7563,12,2025-03-09,online,giftcard,2153.85
7564,356,2024-10-03,online,giftcard,3539.03
7565,1092,2024-01-10,online,giftcard,76.42
7566,246,2024-09-04,online,applepay,180.57
7567,1373,2025-11-02,online,paypal,3668.0
7568,477,2025-02-27,online,paypal,620.38
7569,662,2024-04-18,online,paypal,94.86
7570,466,2024-01-20,store,giftcard,76.21
7571,1183,2024-05-04,online,applepay,20.38
7572,45,2025-10-28,online,card,4620.77
7573,1225,2025-01-02,store,paypal,2459.07
7574,1273,2025-02-02,store,card,1846.11
7575,173,2025-09-05,online,applepay,184.4
7576,38,2024-02-10,store,applepay,3319.67
7577,569,2025-11-07,online,giftcard,2144.33
7578,1478,2024-06-28,store,card,84.45
7579,1299,2023-11-28,store,applepay,2247.34
7580,1074,2024-10-04,online,giftcard,1572.29
7581,164,2024-11-16,online,paypal,3850.64
7582,100,2023-11-21,online,giftcard,95.58
7583,358,2024-04-15,online,giftcard,161.96
7584,1347,2024-09-18,store,card,61.45
7585,871,2024-09-17,store,giftcard,200.57
7586,1365,2024-07-31,store,paypal,187.97
7587,44,2025-03-12,online,giftcard,176.65
7588,190,2024-07-06,online,paypal,89.96
7589,883,2025-05-16,online,card,9378.81
7590,1233,2024-05-04,online,card,82.05
7591,434,2025-02-14,store,giftcard,1287.37
7592,138,2025-10-24,online,giftcard,95.8
7593,769,2023-12-09,store,card,99.46
7594,631,2025-08-18,online,card,123.75
7595,809,2025-02-22,online,applepay,145.96
7596,964,2024-11-20,store,card,8961.45
7597,661,2024-08-26,online,card,3206.39
7598,1214,2024-06-21,store,giftcard,500.0
7599,233,2025-06-19,store,applepay,140.14
7600,933,2025-05-03,online,paypal,173.86
7601,535,2024-07-19,store,paypal,166.61
7602,1291,2025-09-14,store,giftcard,822.51
7603,1227,2025-06-12,online,applepay,4496.57
7604,95,2023-12-22,online,giftcard,2259.79
7605,343,2024-06-14,store,card,189.51
7606,1015,2025-10-26,online,giftcard,32.62
7607,271,2025-01-22,store,applepay,4571.02
7608,171,2024-08-09,online,giftcard,38.33
7609,803,2025-10-21,online,applepay,97.51
7610,676,2025-09-01,online,paypal,70.76
7611,1489,2024-10-15,online,applepay,58.99
7612,209,2024-07-30,store,paypal,159.01
7613,22,2023-12-01,store,applepay,35.32
7614,1010,2025-11-01,online,paypal,214.94
7615,672,2024-05-18,online,giftcard,221.57
7616,1396,2023-11-17,store,applepay,142.55
7617,240,2024-03-15,store,giftcard,33.25
7618,634,2024-02-16,online,card,190.66
7619,1168,2024-07-07,online,paypal,2416.22
7620,594,2024-01-31,online,applepay,636.64
7621,643,2024-07-02,store,paypal,805.13
7622,753,2024-06-03,online,giftcard,2058.89
7623,466,2024-03-30,online,giftcard,63.98
7624,316,2025-01-10,store,paypal,208.95
7625,158,2024-12-23,store,card,1392.9
7626,1472,2025-08-01,store,applepay,858.14
7627,45,2024-08-16,online,applepay,295.89
7628,282,2025-06-06,online,giftcard,46.31
7629,1018,2024-05-08,store,paypal,392.64
7630,850,2023-12-30,online,card,158.23
7631,399,2025-09-03,online,card,105.5
7632,686,2025-03-30,store,paypal,195.21
7633,304,2024-03-04,online,giftcard,99.97
7634,1447,2025-01-23,online,card,86.4
7635,608,2025-11-06,store,applepay,131.05
7636,732,2025-07-15,store,applepay,31.63
7637,1478,2024-10-04,store,card,161.03
7638,688,2024-02-18,store,paypal,108.63
7639,782,2024-06-17,store,applepay,85.33
7640,704,2025-10-10,online,paypal,107.9
7641,1090,2025-09-01,store,giftcard,1121.16
7642,504,2024-04-25,store,card,1812.18
7643,1348,2025-03-26,store,card,88.89
7644,1122,2023-12-08,online,applepay,140.59
7645,1387,2025-05-11,store,applepay,5132.92
7646,1161,2024-05-24,store,paypal,4025.21
7647,1061,2025-02-03,store,giftcard,99.32
7648,416,2025-02-03,store,paypal,195.03
7649,563,2024-11-03,online,applepay,1933.14
7650,276,2025-02-16,online,paypal,1388.82
7651,894,2024-04-12,online,card,161.11
7652,701,2025-03-07,online,paypal,99.68
7653,20,2025-03-26,online,applepay,214.06
7654,1008,2025-07-23,online,card,44.1
7655,1141,2025-04-12,online,card,74.91
7656,332,2024-03-22,online,giftcard,66.26
7657,1029,2025-06-21,online,giftcard,158.08
7658,1313,2024-04-14,store,card,118.4
7659,1293,2025-02-19,store,paypal,1852.86
7660,80,2024-09-14,store,paypal,107.32
7661,1385,2024-01-04,store,paypal,96.59
7662,1017,2024-01-18,store,card,27.84
7663,34,2024-03-23,online,paypal,3131.36
7664,1041,2024-02-07,store,giftcard,4252.56
7665,538,2025-07-28,online,applepay,89.54
7666,80,2025-06-09,online,card,88.6
7667,1236,2025-09-09,store,giftcard,170.12
7668,228,2025-04-28,store,paypal,10.0
7669,1242,2023-12-21,online,applepay,72.81
7670,598,2024-12-07,store,giftcard,4065.68
7671,1439,2025-08-23,online,applepay,1524.68
7672,101,2025-09-23,store,applepay,2056.11
7673,879,2024-08-19,online,paypal,16.56
7674,1095,2024-02-09,online,card,1267.42
7675,388,2025-10-14,store,card,260.85
7676,1046,2024-07-17,online,card,47.72
7677,98,2025-04-03,store,giftcard,2490.85
7678,139,2025-08-19,online,giftcard,4446.02
7679,768,2024-05-18,store,card,48.15
7680,1210,2025-10-17,store,applepay,12730.46
7681,720,2025-11-07,online,card,119.66
7682,416,2024-03-13,online,applepay,125.91
7683,1126,2025-04-11,online,giftcard,5698.15
7684,913,2024-07-10,online,paypal,187.64
7685,862,2024-01-14,store,applepay,2136.15
7686,1240,2025-05-08,online,giftcard,744.41
7687,306,2025-10-05,store,card,197.82
7688,141,2025-08-10,online,paypal,88.89
7689,1310,2024-06-02,online,card,3622.11
7690,76,2025-10-24,store,giftcard,204.79
7691,260,2025-05-16,store,applepay,155.52
7692,879,2023-11-16,store,applepay,48.82
7693,565,2025-02-07,store,paypal,102.26
7694,1224,2025-08-17,store,paypal,249.88
7695,172,2024-01-24,store,paypal,54.43
7696,1371,2025-06-21,online,giftcard,209.78
7697,432,2025-09-18,online,paypal,2298.87
7698,1186,2023-11-11,online,applepay,3938.29
7699,371,2025-04-08,online,card,164.53
7700,11,2025-09-17,store,giftcard,255.92
7701,121,2024-04-05,online,giftcard,4019.12
7702,1066,2024-11-28,online,paypal,17.22
7703,1148,2024-02-16,online,applepay,191.71
7704,226,2024-02-08,store,paypal,64.74
7705,1235,2025-08-29,store,paypal,3363.65
7706,748,2025-03-06,store,card,164.64
7707,753,2024-03-16,store,giftcard,234.21
7708,39,2025-01-10,online,applepay,193.7
7709,166,2025-01-20,online,giftcard,14.53
7710,73,2023-12-07,online,card,166.89
7711,268,2023-12-09,online,card,123.74
7712,482,2024-12-24,store,giftcard,108.23
7713,560,2025-04-22,online,paypal,100.16
7714,1069,2023-12-21,store,paypal,88.76
7715,1459,2024-01-04,online,giftcard,267.72
7716,199,2025-03-06,online,paypal,105.0
7717,990,2025-02-15,online,paypal,36.44
7718,130,2024-12-05,store,giftcard,779.88
7719,303,2024-10-30,store,card,49.69
7720,1230,2024-06-24,store,paypal,46.21
7721,781,2025-09-27,online,applepay,40.56
7722,511,2024-12-21,store,paypal,64.04
7723,1447,2025-05-07,online,card,84.44
7724,933,2025-09-21,store,card,3065.3
7725,623,2024-01-09,online,giftcard,1031.4
7726,857,2025-03-04,online,card,82.09
7727,1187,2025-10-31,online,paypal,161.22
7728,145,2025-05-23,online,giftcard,260.88
7729,328,2025-10-19,store,paypal,61.7
7730,1176,2024-05-10,store,applepay,126.92
7731,284,2024-11-08,online,card,103.14
7732,1466,2025-02-16,store,card,71.42
7733,115,2023-12-16,online,card,6592.33
7734,1099,2025-01-03,online,paypal,790.45
7735,1484,2024-12-09,online,card,71.46
7736,1456,2024-02-20,online,card,127.41
7737,1251,2024-11-29,online,giftcard,86.53
7738,864,2025-04-06,store,card,75.24
7739,712,2024-03-21,store,card,75.31
7740,601,2024-04-08,online,applepay,30.09
7741,1335,2025-06-27,store,card,11.58
7742,509,2025-06-21,online,applepay,44.55
7743,15,2025-02-20,store,card,900.38
7744,370,2025-02-23,online,giftcard,2722.83
7745,1033,2025-01-10,online,card,207.29
7746,1291,2024-12-04,store,card,256.51
7747,495,2024-12-03,store,applepay,100.57
7748,999,2024-11-16,store,applepay,201.01
7749,879,2024-12-13,online,paypal,181.46
7750,650,2025-09-05,online,paypal,320.31
7751,1400,2025-05-20,store,card,114.36
7752,1460,2024-03-08,online,applepay,1951.79
7753,1082,2023-11-30,online,card,241.53
7754,836,2025-07-22,online,applepay,46.89
7755,851,2025-08-24,store,card,1697.6
7756,233,2024-11-14,online,paypal,161.86
7757,775,2024-01-12,store,giftcard,73.03
7758,1415,2024-12-03,store,paypal,157.63
7759,11,2025-10-03,store,giftcard,211.08
7760,629,2024-10-10,store,giftcard,136.54
7761,1048,2024-08-04,online,applepay,283.93
7762,1460,2024-11-03,store,card,225.16
7763,1287,2024-06-08,online,paypal,51.33
7764,769,2024-01-01,store,card,22.29
7765,1203,2023-12-06,store,applepay,57.45
7766,1472,2024-04-09,store,applepay,189.29
7767,150,2025-10-25,store,card,3403.95
7768,1078,2024-03-16,online,card,51.59
7769,570,2024-11-14,online,applepay,218.27
7770,927,2024-06-28,store,paypal,60.99
7771,254,2023-11-14,online,applepay,24.12
7772,1477,2025-10-08,online,paypal,11.34
7773,42,2025-07-02,online,applepay,2533.64
7774,40,2024-06-10,online,card,153.86
7775,749,2024-09-11,online,applepay,22.46
7776,374,2025-10-12,store,card,175.38
7777,1422,2025-06-04,online,giftcard,193.83
7778,1150,2024-12-02,online,applepay,299.56
7779,878,2025-10-26,online,card,327.39
7780,1246,2025-10-13,online,card,58.88
7781,1303,2024-06-19,online,applepay,74.52
7782,1202,2025-10-09,store,applepay,127.27
7783,1256,2023-11-15,store,card,101.85
7784,788,2025-06-22,store,giftcard,125.98
7785,301,2024-03-18,store,paypal,1942.25
7786,489,2024-05-24,online,card,23.16
7787,1329,2024-04-16,store,giftcard,111.76
7788,996,2024-07-26,store,paypal,215.99
7789,507,2023-11-13,online,card,1697.8
7790,481,2025-08-24,store,paypal,141.75
7791,1412,2023-12-31,store,applepay,85.75
7792,634,2024-02-28,online,applepay,2376.42
7793,1321,2025-09-20,online,giftcard,72.46
7794,20,2024-10-17,store,paypal,185.88
7795,122,2024-11-08,store,card,38.27
7796,7,2024-06-20,store,card,123.96
7797,1216,2024-01-09,store,applepay,69.81
7798,187,2025-07-09,online,paypal,4882.81
7799,1427,2024-10-09,online,applepay,72.76
7800,64,2024-05-23,online,card,278.37
7801,647,2024-10-12,store,giftcard,5403.05
7802,989,2024-01-08,online,paypal,248.76
7803,666,2025-05-20,online,paypal,76.01
7804,302,2025-09-10,store,card,114.63
7805,614,2024-04-04,store,paypal,160.21
7806,666,2024-10-10,store,applepay,97.81
7807,267,2024-04-20,store,paypal,77.36
7808,305,2023-12-29,store,applepay,64.4
7809,1385,2025-05-11,store,paypal,1312.97
7810,574,2025-07-07,online,giftcard,205.51
7811,689,2024-08-05,store,paypal,61.67
7812,235,2024-03-10,store,giftcard,54.88
7813,600,2025-10-12,store,paypal,54.66
7814,768,2024-04-15,online,paypal,194.19
7815,202,2024-07-04,online,giftcard,2395.5
7816,695,2024-03-03,online,paypal,71.4
7817,1261,2025-03-14,online,applepay,69.51
7818,1046,2024-01-27,online,card,223.36
7819,1273,2024-07-20,store,card,60.28
7820,1279,2025-05-04,store,giftcard,1167.88
7821,1126,2024-09-14,store,card,4853.94
7822,1313,2023-12-22,online,giftcard,175.05
7823,870,2025-01-08,online,paypal,209.45
7824,1434,2024-11-26,store,card,112.2
7825,490,2024-03-23,online,applepay,2758.49
7826,66,2024-11-02,online,giftcard,162.08
7827,487,2025-06-25,online,applepay,180.66
7828,1231,2024-01-03,store,giftcard,143.02
7829,168,2025-06-30,store,giftcard,4018.95
7830,1470,2025-11-01,online,applepay,154.79
7831,1079,2025-03-12,online,applepay,159.0
7832,1229,2024-04-28,store,card,270.02
7833,879,2024-09-08,store,applepay,3043.65
7834,1471,2024-07-26,store,card,82.14
7835,955,2025-05-03,store,applepay,251.36
7836,512,2025-04-13,online,card,311.14
7837,1229,2024-07-17,online,giftcard,2276.74
7838,299,2025-03-27,online,card,186.53
7839,1141,2024-09-23,store,applepay,5009.73
7840,844,2023-11-23,online,paypal,68.83
7841,1131,2025-08-03,store,card,151.45
7842,933,2024-03-09,store,giftcard,77.39
7843,369,2024-03-04,store,card,56.72
7844,341,2025-02-15,online,paypal,3931.16
7845,622,2024-08-21,store,applepay,178.36
7846,86,2025-06-13,store,paypal,91.99
7847,200,2024-12-20,store,card,777.11
7848,465,2024-04-30,online,giftcard,134.57
7849,536,2025-07-07,online,giftcard,165.26
7850,930,2024-05-06,store,paypal,3608.45
7851,485,2025-03-26,online,card,171.0
7852,1418,2025-07-24,store,paypal,2910.3
7853,792,2024-11-06,store,card,2143.15
7854,1333,2023-12-27,online,applepay,10.67
7855,1165,2024-07-06,online,giftcard,35.14
7856,496,2025-04-01,online,giftcard,1926.32
7857,326,2025-10-27,store,card,210.98
7858,677,2025-04-25,store,applepay,228.14
7859,1338,2024-09-02,store,card,209.19
7860,1410,2025-09-10,online,card,1716.81
7861,200,2025-07-09,online,paypal,73.66
7862,837,2025-08-18,online,paypal,108.7
7863,983,2025-01-20,store,paypal,160.73
7864,148,2024-02-16,store,paypal,120.84
7865,1440,2024-06-11,store,card,186.42
7866,1220,2024-08-27,online,paypal,51.98
7867,1029,2025-07-08,online,applepay,71.05
7868,624,2024-01-20,store,paypal,103.11
7869,240,2024-01-18,online,paypal,548.03
7870,1197,2024-03-02,store,applepay,60.5
7871,22,2025-11-01,store,card,104.92
7872,787,2024-08-25,online,applepay,117.71
7873,984,2024-01-21,store,paypal,132.94
7874,670,2024-12-08,store,card,12.79
7875,938,2024-11-21,online,card,5516.44
7876,656,2024-10-03,online,applepay,246.86
7877,1471,2024-01-06,store,paypal,2590.64
7878,921,2025-03-12,store,paypal,80.51
7879,1184,2025-02-15,store,paypal,8858.14
7880,486,2023-12-27,online,card,99.59
7881,266,2024-10-13,store,applepay,167.81
7882,270,2024-08-21,store,applepay,4602.95
7883,1471,2024-10-14,store,applepay,147.4
7884,800,2025-05-27,online,paypal,223.8
7885,426,2024-08-17,store,card,38.1
7886,202,2024-05-24,store,paypal,2911.09
7887,1166,2024-12-22,online,giftcard,20.1
7888,271,2024-11-22,store,applepay,1502.6
7889,795,2025-07-09,online,paypal,3729.41
7890,1290,2024-02-18,online,paypal,4218.28
7891,237,2024-10-08,store,giftcard,4574.55
7892,482,2025-03-24,online,card,64.02
7893,532,2024-05-01,online,card,116.54
7894,986,2025-08-23,store,giftcard,196.24
7895,1049,2024-05-18,store,applepay,240.12
7896,1281,2024-08-16,online,card,74.83
7897,570,2025-10-18,online,paypal,134.69
7898,258,2024-01-09,store,applepay,159.2
7899,1015,2024-10-05,online,card,1354.67
7900,1342,2024-12-11,store,paypal,213.9
7901,4,2024-04-14,online,applepay,48.62
7902,1044,2024-07-31,store,giftcard,53.48
7903,318,2024-02-03,store,card,96.08
7904,58,2025-08-15,store,applepay,26.47
7905,1344,2024-10-21,online,applepay,2624.61
7906,162,2025-06-09,store,card,250.75
7907,905,2023-12-30,online,paypal,110.56
7908,1348,2024-09-19,store,paypal,73.7
7909,341,2024-07-21,online,paypal,3964.63
7910,739,2024-02-14,store,paypal,71.17
7911,1088,2024-08-12,online,card,2571.12
7912,570,2024-10-25,online,applepay,58.01
7913,712,2024-07-31,store,applepay,4223.19
7914,72,2024-08-16,store,card,157.29
7915,1097,2024-05-06,online,card,179.62
7916,788,2024-10-05,online,paypal,233.06
7917,1229,2024-09-22,online,applepay,20.64
7918,491,2024-07-14,online,card,152.69
7919,636,2024-06-22,store,giftcard,182.69
7920,490,2025-11-02,online,paypal,55.1
7921,694,2023-11-23,online,applepay,205.64
7922,757,2024-04-02,store,card,114.86
7923,818,2024-05-06,store,giftcard,70.54
7924,31,2024-06-01,store,card,12.45
7925,590,2025-01-01,online,giftcard,102.45
7926,407,2025-01-17,online,giftcard,128.17
7927,303,2025-09-03,store,card,3058.26
7928,889,2023-12-18,store,applepay,4026.47
7929,288,2025-08-18,store,giftcard,218.98
7930,662,2025-01-22,online,paypal,154.23
7931,1461,2024-10-10,store,giftcard,101.98
7932,52,2024-06-27,store,paypal,200.4
7933,1480,2024-01-19,store,card,56.03
7934,1083,2024-12-11,online,paypal,139.86
7935,990,2024-09-25,online,paypal,79.67
7936,856,2024-10-05,online,card,117.36
7937,603,2025-02-28,store,card,4172.2
7938,285,2025-10-18,online,giftcard,74.78
7939,148,2024-01-02,online,card,241.69
7940,175,2025-07-08,online,card,187.17
7941,692,2025-08-01,store,paypal,2698.64
7942,686,2024-10-09,store,applepay,62.05
7943,938,2024-12-04,online,card,41.99
7944,664,2025-06-20,online,card,3661.04
7945,1140,2024-05-07,online,card,2219.87
7946,467,2025-03-01,online,card,59.37
7947,1078,2024-03-27,store,applepay,226.76
7948,130,2024-05-17,online,giftcard,559.87
7949,209,2025-09-26,online,applepay,145.91
7950,292,2024-12-27,online,giftcard,313.98
7951,416,2025-11-04,store,giftcard,131.64
7952,867,2023-11-27,online,applepay,10697.46
7953,1437,2025-06-27,online,applepay,239.61
7954,669,2025-04-08,store,paypal,152.89
7955,1252,2025-04-15,online,paypal,123.4
7956,1119,2024-09-07,online,applepay,3410.22
7957,649,2024-08-13,online,paypal,140.47
7958,20,2025-08-20,store,card,217.5
7959,22,2024-04-06,store,card,243.52
7960,615,2025-03-06,online,paypal,3173.37
7961,719,2024-04-08,online,applepay,693.01
7962,724,2024-09-11,online,card,168.83
7963,651,2025-04-15,online,paypal,3818.71
7964,399,2025-09-30,online,card,222.13
7965,939,2023-12-04,online,giftcard,165.04
7966,690,2024-08-07,online,card,3665.79
7967,185,2024-05-14,online,giftcard,96.27
7968,156,2024-05-01,store,paypal,632.54
7969,1496,2025-10-01,online,paypal,884.18
7970,1471,2024-02-24,store,giftcard,207.99
7971,533,2024-10-09,store,giftcard,189.7
7972,384,2024-05-01,online,paypal,280.24
7973,352,2023-12-07,store,card,3237.68
7974,1473,2024-05-19,store,paypal,224.1
7975,997,2025-01-10,store,giftcard,837.35
7976,1335,2024-10-18,online,paypal,47.78
7977,85,2024-04-05,store,card,2553.81
7978,878,2024-12-05,store,paypal,25.04
7979,374,2024-10-13,online,giftcard,562.84
7980,160,2025-11-07,online,paypal,167.08
7981,360,2024-04-24,online,giftcard,67.61
7982,1167,2024-06-26,online,applepay,48.38
7983,1150,2025-04-18,store,applepay,91.66
7984,227,2024-05-17,online,giftcard,259.75
7985,1354,2024-04-19,store,paypal,3735.3
7986,1255,2025-03-17,online,applepay,2476.54
7987,1119,2025-04-22,online,card,2631.12
7988,530,2024-01-11,store,applepay,8652.0
7989,888,2025-06-27,online,applepay,128.03
7990,985,2024-10-05,online,giftcard,122.77
7991,797,2024-10-02,online,paypal,146.78
7992,959,2024-05-05,store,paypal,172.4
7993,919,2024-07-31,store,applepay,88.51
7994,290,2023-11-18,online,giftcard,152.97
7995,371,2025-06-11,online,giftcard,211.59
7996,825,2023-12-28,store,giftcard,205.85
7997,1248,2024-07-07,online,paypal,85.79
7998,319,2024-06-18,online,applepay,90.32
7999,324,2024-01-18,store,paypal,121.5
8000,918,2024-02-06,store,giftcard,839.52
