order_item_id,order_id,brand,category,price,discount,sale_flag
1,1,Zara,Lingerie,46.07,0.0,0
2,2,Chanel,Swimwear,835.05,0.0,0
3,2,Chanel,Swimwear,413.68,0.0,0
4,2,Chanel,Jeans,1938.62,0.0,0
5,3,H&M,Beauty,10.0,3.01,1
6,3,H&M,Jeans,62.0,0.0,0
7,3,H&M,Dresses,68.02,0.0,0
8,4,Girlfriend Collective,Lingerie,69.35,0.0,0
9,4,Girlfriend Collective,Tops,38.57,0.0,0
10,4,Girlfriend Collective,Home,91.78,30.2,1
11,5,Urban Outfitters,Tops,108.16,0.0,0
12,5,Urban Outfitters,Footwear,77.77,0.0,0
13,5,Urban Outfitters,Lingerie,38.03,0.0,0
14,6,H&M,Swimwear,32.78,8.77,1
15,7,Zara,Activewear,130.03,0.0,0
16,7,Zara,Swimwear,59.5,0.0,0
17,7,Zara,Home,27.77,6.71,1
18,8,Prada,Jeans,1528.57,0.0,0
19,9,Under Armour,Bags,82.54,0.0,0
20,9,Under Armour,Swimwear,119.27,0.0,0
21,9,Under Armour,Footwear,112.33,0.0,0
22,10,Girlfriend Collective,Swimwear,76.73,21.46,1
23,10,Girlfriend Collective,Footwear,99.81,0.0,0
24,10,Girlfriend Collective,Accessories,86.56,5.23,1
25,11,Loewe,Tops,941.13,0.0,0
26,11,Loewe,Activewear,1028.66,0.0,0
27,12,H&M,Footwear,85.91,11.12,1
28,12,H&M,Activewear,78.67,23.07,1
29,13,Chanel,Footwear,959.29,0.0,0
30,13,Chanel,Bags,10000.0,0.0,0
31,13,Chanel,Dresses,2046.09,0.0,0
32,14,H&M,Footwear,87.16,0.0,0
33,15,Prada,Home,904.63,0.0,0
34,16,H&M,Tops,83.71,0.0,0
35,16,H&M,Jeans,43.92,0.0,0
36,16,H&M,Jeans,34.07,9.18,1
37,17,Zara,Accessories,49.67,7.49,1
38,17,Zara,Lingerie,15.7,0.0,0
39,18,H&M,Accessories,54.91,0.0,0
40,18,H&M,Jeans,36.46,0.0,0
41,18,H&M,Bags,72.65,0.0,0
42,19,Zara,Accessories,90.57,0.0,0
43,19,Zara,Dresses,70.12,12.21,1
44,20,Shein,Beauty,30.7,4.34,1
45,20,Shein,Lingerie,21.69,0.0,0
46,20,Shein,Lingerie,22.29,1.41,1
47,21,Zara,Dresses,25.98,1.72,1
48,21,Zara,Jeans,84.55,0.0,0
49,21,Zara,Tops,88.5,0.0,0
50,22,Urban Outfitters,Activewear,88.72,0.0,0
51,22,Urban Outfitters,Activewear,100.94,0.0,0
52,23,Chanel,Tops,912.62,0.0,0
53,23,Chanel,Swimwear,505.19,51.07,1
54,23,Chanel,Activewear,1018.9,0.0,0
55,24,Urban Outfitters,Dresses,66.34,0.0,0
56,25,H&M,Accessories,63.91,10.49,1
57,25,H&M,Footwear,80.61,0.0,0
58,25,H&M,Swimwear,48.8,5.35,1
59,26,Zara,Outerwear,10.0,0.0,0
60,26,Zara,Home,101.71,15.67,1
61,26,Zara,Footwear,71.96,0.0,0
62,27,Girlfriend Collective,Tops,86.81,0.0,0
63,27,Girlfriend Collective,Activewear,67.24,21.46,1
64,28,Chanel,Beauty,788.62,0.0,0
65,28,Chanel,Beauty,1207.42,0.0,0
66,28,Chanel,Lingerie,522.38,0.0,0
67,29,Under Armour,Beauty,71.83,15.26,1
68,30,Chanel,Jeans,1399.55,0.0,0
69,30,Chanel,Beauty,771.69,0.0,0
70,30,Chanel,Footwear,1124.88,0.0,0
71,31,Shein,Home,29.73,4.33,1
72,32,Urban Outfitters,Home,101.86,0.0,0
73,32,Urban Outfitters,Dresses,102.05,5.9,1
74,32,Urban Outfitters,Lingerie,112.01,0.0,0
75,33,Zara,Footwear,50.09,14.22,1
76,34,Zara,Bags,73.36,0.0,0
77,34,Zara,Activewear,76.57,13.21,1
78,35,Zara,Activewear,54.57,0.0,0
79,35,Zara,Jeans,60.23,0.0,0
80,35,Zara,Lingerie,38.01,0.0,0
81,36,Urban Outfitters,Lingerie,65.36,0.0,0
82,37,Girlfriend Collective,Lingerie,73.38,0.0,0
83,37,Girlfriend Collective,Beauty,44.9,0.0,0
84,37,Girlfriend Collective,Swimwear,107.24,20.06,1
85,38,Loewe,Swimwear,939.1,0.0,0
86,39,Shein,Outerwear,21.89,0.0,0
87,39,Shein,Bags,16.95,2.34,1
88,40,Prada,Dresses,1882.7,0.0,0
89,40,Prada,Jeans,1721.62,0.0,0
90,41,Urban Outfitters,Tops,40.28,9.15,1
91,41,Urban Outfitters,Bags,122.52,18.04,1
92,42,H&M,Bags,70.99,0.0,0
93,42,H&M,Swimwear,71.6,0.0,0
94,42,H&M,Lingerie,72.17,0.0,0
95,43,Gucci,Lingerie,978.76,0.0,0
96,43,Gucci,Jeans,852.32,0.0,0
97,44,Shein,Bags,20.79,0.0,0
98,44,Shein,Dresses,21.78,0.0,0
99,44,Shein,Tops,26.89,0.0,0
100,45,Urban Outfitters,Swimwear,54.85,0.0,0
101,45,Urban Outfitters,Bags,23.05,5.22,1
102,46,Urban Outfitters,Lingerie,30.7,9.66,1
103,46,Urban Outfitters,Lingerie,37.74,0.0,0
104,46,Urban Outfitters,Tops,20.0,1.33,1
105,47,Prada,Lingerie,918.59,0.0,0
106,47,Prada,Footwear,899.47,0.0,0
107,47,Prada,Dresses,1327.64,0.0,0
108,48,Girlfriend Collective,Home,77.48,0.0,0
109,48,Girlfriend Collective,Jeans,40.03,0.0,0
110,48,Girlfriend Collective,Footwear,82.49,0.0,0
111,49,Shein,Dresses,21.76,0.0,0
112,49,Shein,Dresses,13.79,0.0,0
113,50,Shein,Swimwear,24.66,2.78,1
114,50,Shein,Dresses,31.35,0.0,0
115,51,Chanel,Home,782.3,0.0,0
116,51,Chanel,Footwear,500.0,0.0,0
117,51,Chanel,Lingerie,634.0,0.0,0
118,52,Urban Outfitters,Lingerie,37.17,5.1,1
119,53,H&M,Dresses,64.42,0.0,0
120,53,H&M,Lingerie,10.0,0.0,0
121,53,H&M,Tops,72.45,0.0,0
122,54,Girlfriend Collective,Outerwear,92.33,0.0,0
123,54,Girlfriend Collective,Outerwear,94.9,0.0,0
124,54,Girlfriend Collective,Footwear,80.25,0.0,0
125,55,Urban Outfitters,Lingerie,30.44,0.0,0
126,55,Urban Outfitters,Activewear,20.0,0.0,0
127,55,Urban Outfitters,Beauty,97.78,0.0,0
128,56,Urban Outfitters,Bags,63.84,0.0,0
129,56,Urban Outfitters,Footwear,55.15,0.0,0
130,56,Urban Outfitters,Home,81.64,16.84,1
131,57,Zara,Footwear,37.07,0.0,0
132,57,Zara,Dresses,60.88,0.0,0
133,57,Zara,Tops,91.68,0.0,0
134,58,Zara,Outerwear,63.61,0.0,0
135,59,Urban Outfitters,Activewear,71.88,0.0,0
136,59,Urban Outfitters,Activewear,37.6,0.0,0
137,60,Gucci,Dresses,1716.73,0.0,0
138,61,Zara,Home,56.53,0.0,0
139,61,Zara,Footwear,80.82,25.18,1
140,62,Chanel,Accessories,667.79,0.0,0
141,62,Chanel,Dresses,941.93,310.56,1
142,63,Urban Outfitters,Dresses,50.07,0.0,0
143,64,Under Armour,Beauty,99.03,0.0,0
144,64,Under Armour,Activewear,58.71,7.81,1
145,65,Zara,Outerwear,43.83,14.79,1
146,66,Under Armour,Footwear,105.49,0.0,0
147,66,Under Armour,Lingerie,122.97,8.78,1
148,66,Under Armour,Footwear,83.91,0.0,0
149,67,Urban Outfitters,Tops,61.71,4.08,1
150,67,Urban Outfitters,Accessories,117.67,26.93,1
151,67,Urban Outfitters,Beauty,95.93,0.0,0
152,68,Shein,Home,40.34,0.0,0
153,69,Under Armour,Home,81.63,0.0,0
154,70,Urban Outfitters,Jeans,120.51,0.0,0
155,71,Urban Outfitters,Beauty,35.12,0.0,0
156,71,Urban Outfitters,Bags,109.29,0.0,0
157,71,Urban Outfitters,Bags,28.71,5.56,1
158,72,Girlfriend Collective,Swimwear,102.04,30.13,1
159,73,Gucci,Bags,2278.48,0.0,0
160,73,Gucci,Activewear,887.21,0.0,0
161,73,Gucci,Jeans,1662.19,0.0,0
162,74,Zara,Lingerie,91.88,0.0,0
163,74,Zara,Lingerie,54.66,0.0,0
164,74,Zara,Home,46.19,11.49,1
165,75,Under Armour,Footwear,148.34,0.0,0
166,75,Under Armour,Jeans,58.84,0.0,0
167,76,Chanel,Accessories,436.21,0.0,0
168,76,Chanel,Beauty,625.57,0.0,0
169,76,Chanel,Jeans,1806.52,0.0,0
170,77,Girlfriend Collective,Swimwear,112.3,0.0,0
171,77,Girlfriend Collective,Lingerie,95.72,0.0,0
172,78,Under Armour,Outerwear,56.17,0.0,0
173,78,Under Armour,Home,105.42,0.0,0
174,78,Under Armour,Dresses,66.0,0.0,0
175,79,Prada,Footwear,999.65,0.0,0
176,80,H&M,Tops,30.22,7.88,1
177,80,H&M,Beauty,64.33,0.0,0
178,81,Urban Outfitters,Beauty,109.58,10.05,1
179,82,Prada,Outerwear,3488.64,0.0,0
180,83,H&M,Tops,81.04,25.57,1
181,83,H&M,Accessories,56.93,0.0,0
182,83,H&M,Dresses,16.54,4.83,1
183,84,Urban Outfitters,Swimwear,20.0,0.0,0
184,84,Urban Outfitters,Footwear,73.28,13.0,1
185,85,Chanel,Accessories,630.45,0.0,0
186,85,Chanel,Footwear,725.26,44.5,1
187,86,Under Armour,Dresses,56.48,15.22,1
188,86,Under Armour,Bags,53.73,0.0,0
189,86,Under Armour,Lingerie,111.8,21.44,1
190,87,Girlfriend Collective,Swimwear,55.17,0.0,0
191,87,Girlfriend Collective,Bags,48.23,0.0,0
192,88,Shein,Outerwear,36.52,9.44,1
193,88,Shein,Home,16.44,0.0,0
194,89,Girlfriend Collective,Jeans,69.13,0.0,0
195,89,Girlfriend Collective,Outerwear,93.5,0.0,0
196,89,Girlfriend Collective,Tops,63.89,0.0,0
197,90,Prada,Outerwear,3882.07,0.0,0
198,90,Prada,Outerwear,3321.34,0.0,0
199,91,Loewe,Jeans,1397.26,0.0,0
200,91,Loewe,Jeans,828.62,0.0,0
201,91,Loewe,Bags,1616.77,0.0,0
202,92,Loewe,Lingerie,657.65,0.0,0
203,93,Gucci,Beauty,842.26,0.0,0
204,94,Under Armour,Tops,30.0,0.0,0
205,94,Under Armour,Tops,124.89,21.18,1
206,95,Shein,Accessories,34.08,0.0,0
207,95,Shein,Swimwear,31.02,0.0,0
208,95,Shein,Outerwear,19.65,0.0,0
209,96,Loewe,Tops,1693.03,0.0,0
210,96,Loewe,Beauty,895.76,0.0,0
211,96,Loewe,Lingerie,668.01,0.0,0
212,97,Zara,Outerwear,94.56,0.0,0
213,98,Chanel,Activewear,1187.99,0.0,0
214,98,Chanel,Home,1196.77,0.0,0
215,98,Chanel,Swimwear,974.53,51.2,1
216,99,H&M,Beauty,43.34,0.0,0
217,100,Zara,Lingerie,62.15,20.61,1
218,101,Chanel,Dresses,1568.57,0.0,0
219,102,Prada,Jeans,700.0,0.0,0
220,102,Prada,Beauty,646.61,0.0,0
221,102,Prada,Bags,1736.91,0.0,0
222,103,Zara,Outerwear,61.32,0.0,0
223,104,Loewe,Outerwear,3550.69,0.0,0
224,104,Loewe,Bags,1967.72,0.0,0
225,105,Girlfriend Collective,Jeans,85.93,0.0,0
226,106,Loewe,Outerwear,3884.91,0.0,0
227,106,Loewe,Dresses,1907.77,0.0,0
228,106,Loewe,Bags,1500.0,298.97,1
229,107,Girlfriend Collective,Jeans,88.18,0.0,0
230,107,Girlfriend Collective,Lingerie,30.0,7.87,1
231,108,Urban Outfitters,Dresses,48.77,0.0,0
232,108,Urban Outfitters,Accessories,43.77,0.0,0
233,108,Urban Outfitters,Dresses,141.16,0.0,0
234,109,Urban Outfitters,Beauty,98.79,20.79,1
235,109,Urban Outfitters,Dresses,107.14,0.0,0
236,109,Urban Outfitters,Beauty,43.87,9.49,1
237,110,Chanel,Beauty,684.82,0.0,0
238,111,Chanel,Tops,1698.81,0.0,0
239,112,Urban Outfitters,Beauty,52.3,0.0,0
240,112,Urban Outfitters,Bags,40.81,0.0,0
241,112,Urban Outfitters,Tops,26.97,0.0,0
242,113,H&M,Beauty,60.03,0.0,0
243,113,H&M,Swimwear,88.51,19.81,1
244,113,H&M,Tops,72.64,0.0,0
245,114,Loewe,Tops,1140.51,0.0,0
246,114,Loewe,Jeans,1824.76,437.57,1
247,114,Loewe,Dresses,1353.58,0.0,0
248,115,H&M,Lingerie,55.38,16.13,1
249,115,H&M,Footwear,72.72,0.0,0
250,115,H&M,Accessories,37.21,0.0,0
251,116,Prada,Tops,1473.77,0.0,0
252,117,Zara,Jeans,10.0,0.0,0
253,117,Zara,Jeans,14.18,0.0,0
254,118,H&M,Lingerie,67.67,0.0,0
255,118,H&M,Tops,34.15,0.0,0
256,118,H&M,Tops,80.95,26.54,1
257,119,Chanel,Home,558.21,0.0,0
258,119,Chanel,Beauty,822.95,0.0,0
259,120,Loewe,Home,593.13,61.69,1
260,120,Loewe,Lingerie,969.31,0.0,0
261,120,Loewe,Outerwear,3504.43,0.0,0
262,121,H&M,Dresses,111.83,0.0,0
263,121,H&M,Swimwear,70.65,19.86,1
264,121,H&M,Activewear,73.64,0.0,0
265,122,Chanel,Bags,9231.15,0.0,0
266,122,Chanel,Tops,1824.95,0.0,0
267,123,Urban Outfitters,Lingerie,69.88,0.0,0
268,123,Urban Outfitters,Tops,50.25,3.3,1
269,124,Gucci,Swimwear,795.16,0.0,0
270,124,Gucci,Home,811.02,0.0,0
271,125,Zara,Footwear,36.07,3.0,1
272,125,Zara,Dresses,10.0,1.74,1
273,125,Zara,Accessories,82.05,0.0,0
274,126,H&M,Jeans,58.79,13.69,1
275,126,H&M,Accessories,60.57,0.0,0
276,127,Loewe,Footwear,831.43,0.0,0
277,128,H&M,Bags,98.0,0.0,0
278,128,H&M,Activewear,21.14,0.0,0
279,129,Under Armour,Activewear,100.33,30.81,1
280,129,Under Armour,Activewear,61.78,0.0,0
281,129,Under Armour,Outerwear,106.13,18.94,1
282,130,Urban Outfitters,Lingerie,20.0,0.0,0
283,131,Loewe,Bags,2110.93,0.0,0
284,132,Under Armour,Home,30.0,0.0,0
285,132,Under Armour,Bags,64.43,14.02,1
286,133,H&M,Activewear,39.73,0.0,0
287,133,H&M,Tops,52.62,0.0,0
288,134,Prada,Lingerie,1037.69,193.48,1
289,134,Prada,Home,845.89,0.0,0
290,134,Prada,Beauty,745.92,0.0,0
291,135,Urban Outfitters,Footwear,24.71,0.0,0
292,135,Urban Outfitters,Accessories,85.73,0.0,0
293,135,Urban Outfitters,Swimwear,108.4,0.0,0
294,136,Chanel,Swimwear,836.91,0.0,0
295,137,H&M,Bags,60.43,0.0,0
296,137,H&M,Footwear,50.47,10.98,1
297,138,Loewe,Swimwear,894.11,0.0,0
298,139,Shein,Swimwear,17.28,0.0,0
299,139,Shein,Tops,28.71,4.41,1
300,140,Chanel,Swimwear,630.23,0.0,0
301,140,Chanel,Lingerie,1132.18,0.0,0
302,140,Chanel,Home,592.36,0.0,0
303,141,H&M,Jeans,57.65,0.0,0
304,141,H&M,Dresses,40.27,3.37,1
305,142,Prada,Beauty,1074.18,187.94,1
306,142,Prada,Swimwear,528.34,0.0,0
307,142,Prada,Footwear,1125.67,0.0,0
308,143,Zara,Activewear,17.32,0.0,0
309,144,Under Armour,Beauty,91.65,0.0,0
310,144,Under Armour,Lingerie,117.43,0.0,0
311,144,Under Armour,Swimwear,139.51,0.0,0
312,145,Zara,Activewear,61.8,0.0,0
313,145,Zara,Tops,84.33,11.41,1
314,146,Zara,Home,65.31,0.0,0
315,147,Zara,Footwear,62.11,0.0,0
316,148,Zara,Home,72.32,10.49,1
317,148,Zara,Jeans,38.76,0.0,0
318,148,Zara,Jeans,23.06,0.0,0
319,149,Loewe,Bags,1835.8,0.0,0
320,150,Girlfriend Collective,Bags,48.25,0.0,0
321,150,Girlfriend Collective,Beauty,91.85,20.17,1
322,151,Chanel,Jeans,1023.05,0.0,0
323,152,Urban Outfitters,Bags,102.41,0.0,0
324,153,Under Armour,Outerwear,66.24,4.97,1
325,154,Zara,Lingerie,107.61,0.0,0
326,154,Zara,Beauty,72.33,0.0,0
327,155,Urban Outfitters,Outerwear,71.83,0.0,0
328,156,Zara,Home,43.18,0.0,0
329,156,Zara,Outerwear,55.61,14.93,1
330,157,Prada,Dresses,1505.64,0.0,0
331,157,Prada,Bags,1610.59,0.0,0
332,157,Prada,Footwear,902.97,0.0,0
333,158,H&M,Outerwear,60.8,0.0,0
334,158,H&M,Bags,97.02,0.0,0
335,158,H&M,Activewear,52.37,8.62,1
336,159,Prada,Lingerie,594.79,0.0,0
337,159,Prada,Home,1139.44,0.0,0
338,160,Zara,Beauty,54.47,0.0,0
339,160,Zara,Beauty,68.94,0.0,0
340,160,Zara,Jeans,52.64,0.0,0
341,161,H&M,Bags,33.39,0.0,0
342,161,H&M,Lingerie,80.15,0.0,0
343,162,Prada,Beauty,1049.96,0.0,0
344,162,Prada,Footwear,862.91,0.0,0
345,162,Prada,Tops,891.83,0.0,0
346,163,Shein,Jeans,44.8,0.0,0
347,163,Shein,Outerwear,15.1,0.0,0
348,163,Shein,Footwear,13.81,1.9,1
349,164,Gucci,Dresses,1629.5,0.0,0
350,165,Prada,Outerwear,2666.04,0.0,0
351,165,Prada,Dresses,1663.46,0.0,0
352,165,Prada,Jeans,1399.65,287.56,1
353,166,Shein,Dresses,43.2,8.68,1
354,167,Urban Outfitters,Dresses,41.41,0.0,0
355,168,Shein,Jeans,24.6,0.0,0
356,168,Shein,Swimwear,25.14,0.0,0
357,169,H&M,Activewear,83.65,21.6,1
358,170,Zara,Accessories,90.31,0.0,0
359,171,Gucci,Tops,1059.28,0.0,0
360,171,Gucci,Beauty,879.58,0.0,0
361,172,Loewe,Dresses,1650.47,0.0,0
362,173,Loewe,Lingerie,1135.7,0.0,0
363,174,H&M,Outerwear,87.6,0.0,0
364,174,H&M,Footwear,12.43,2.49,1
365,174,H&M,Activewear,80.26,0.0,0
366,175,Under Armour,Activewear,68.82,0.0,0
367,175,Under Armour,Swimwear,75.47,20.2,1
368,175,Under Armour,Swimwear,121.68,0.0,0
369,176,Urban Outfitters,Jeans,77.85,0.0,0
370,177,Under Armour,Dresses,72.08,0.0,0
371,177,Under Armour,Dresses,91.8,0.0,0
372,178,Gucci,Outerwear,3459.39,0.0,0
373,178,Gucci,Dresses,2302.32,0.0,0
374,178,Gucci,Accessories,771.57,0.0,0
375,179,Zara,Outerwear,54.34,0.0,0
376,179,Zara,Activewear,44.0,0.0,0
377,180,H&M,Bags,49.69,0.0,0
378,180,H&M,Bags,98.11,0.0,0
379,180,H&M,Dresses,53.98,9.09,1
380,181,H&M,Footwear,92.49,28.04,1
381,182,Prada,Bags,2531.3,0.0,0
382,182,Prada,Lingerie,763.93,0.0,0
383,182,Prada,Accessories,401.95,0.0,0
384,183,Under Armour,Bags,76.04,9.52,1
385,184,H&M,Tops,98.72,0.0,0
386,184,H&M,Beauty,47.9,4.97,1
387,184,H&M,Beauty,14.18,0.0,0
388,185,Girlfriend Collective,Bags,59.96,0.0,0
389,185,Girlfriend Collective,Outerwear,40.55,0.0,0
390,185,Girlfriend Collective,Swimwear,70.54,0.0,0
391,186,Loewe,Accessories,699.46,0.0,0
392,187,H&M,Swimwear,60.5,0.0,0
393,188,Urban Outfitters,Home,210.58,0.0,0
394,188,Urban Outfitters,Lingerie,97.67,0.0,0
395,189,Under Armour,Swimwear,30.0,3.87,1
396,190,Gucci,Footwear,1139.07,0.0,0
397,190,Gucci,Tops,1438.61,0.0,0
398,191,Gucci,Footwear,546.04,0.0,0
399,191,Gucci,Footwear,1373.16,0.0,0
400,191,Gucci,Footwear,836.17,0.0,0
401,192,Girlfriend Collective,Dresses,73.63,0.0,0
402,192,Girlfriend Collective,Outerwear,107.99,10.9,1
403,192,Girlfriend Collective,Footwear,69.29,17.14,1
404,193,H&M,Lingerie,46.79,6.78,1
405,193,H&M,Accessories,70.23,0.0,0
406,194,Chanel,Footwear,895.73,0.0,0
407,195,Girlfriend Collective,Accessories,97.96,23.57,1
408,195,Girlfriend Collective,Swimwear,77.14,9.99,1
409,196,Girlfriend Collective,Home,68.63,0.0,0
410,197,H&M,Bags,88.69,0.0,0
411,197,H&M,Dresses,57.96,0.0,0
412,197,H&M,Swimwear,56.9,0.0,0
413,198,Urban Outfitters,Lingerie,89.39,0.0,0
414,198,Urban Outfitters,Swimwear,34.64,1.93,1
415,199,Zara,Bags,48.77,0.0,0
416,199,Zara,Swimwear,108.34,0.0,0
417,199,Zara,Lingerie,107.2,0.0,0
418,200,Urban Outfitters,Jeans,86.67,0.0,0
419,201,Shein,Beauty,27.53,4.78,1
420,202,Chanel,Accessories,443.44,0.0,0
421,203,Zara,Bags,47.08,0.0,0
422,203,Zara,Accessories,64.22,0.0,0
423,204,Zara,Outerwear,53.05,0.0,0
424,205,Loewe,Tops,700.0,0.0,0
425,205,Loewe,Footwear,776.54,0.0,0
426,206,Girlfriend Collective,Accessories,67.65,0.0,0
427,207,Under Armour,Dresses,62.52,0.0,0
428,207,Under Armour,Swimwear,120.89,0.0,0
429,207,Under Armour,Activewear,97.39,0.0,0
430,208,Gucci,Activewear,409.39,0.0,0
431,208,Gucci,Jeans,1062.46,0.0,0
432,208,Gucci,Outerwear,3597.47,0.0,0
433,209,Under Armour,Dresses,169.2,0.0,0
434,209,Under Armour,Bags,69.85,0.0,0
435,209,Under Armour,Jeans,93.73,0.0,0
436,210,Girlfriend Collective,Tops,77.04,0.0,0
437,210,Girlfriend Collective,Tops,70.33,0.0,0
438,210,Girlfriend Collective,Activewear,91.04,0.0,0
439,211,Loewe,Dresses,1209.61,0.0,0
440,211,Loewe,Bags,1933.32,0.0,0
441,211,Loewe,Outerwear,3149.99,0.0,0
442,212,Prada,Bags,1990.93,0.0,0
443,213,Zara,Bags,56.37,0.0,0
444,214,Prada,Jeans,1433.4,0.0,0
445,215,Urban Outfitters,Swimwear,92.58,0.0,0
446,215,Urban Outfitters,Home,188.88,12.4,1
447,215,Urban Outfitters,Jeans,33.3,0.0,0
448,216,Urban Outfitters,Outerwear,52.6,0.0,0
449,216,Urban Outfitters,Dresses,101.72,20.84,1
450,216,Urban Outfitters,Jeans,95.45,0.0,0
451,217,Urban Outfitters,Jeans,111.82,0.0,0
452,217,Urban Outfitters,Footwear,40.73,0.0,0
453,217,Urban Outfitters,Dresses,69.71,0.0,0
454,218,Loewe,Activewear,867.46,49.35,1
455,218,Loewe,Beauty,916.61,0.0,0
456,218,Loewe,Dresses,1398.71,0.0,0
457,219,H&M,Accessories,95.77,0.0,0
458,219,H&M,Dresses,43.98,0.0,0
459,219,H&M,Lingerie,97.56,25.91,1
460,220,H&M,Activewear,99.65,30.75,1
461,220,H&M,Outerwear,64.44,0.0,0
462,220,H&M,Jeans,63.43,0.0,0
463,221,Chanel,Accessories,400.71,0.0,0
464,222,Loewe,Lingerie,815.38,0.0,0
465,223,H&M,Jeans,37.26,0.0,0
466,223,H&M,Beauty,59.93,9.89,1
467,224,H&M,Tops,92.51,0.0,0
468,225,Loewe,Lingerie,581.43,0.0,0
469,225,Loewe,Tops,1441.59,0.0,0
470,225,Loewe,Accessories,473.17,0.0,0
471,226,Loewe,Tops,1302.44,0.0,0
472,226,Loewe,Jeans,1540.25,0.0,0
473,226,Loewe,Bags,2245.34,0.0,0
474,227,Zara,Tops,11.24,0.0,0
475,227,Zara,Outerwear,56.27,0.0,0
476,228,Girlfriend Collective,Swimwear,71.67,0.0,0
477,228,Girlfriend Collective,Footwear,62.4,0.0,0
478,229,H&M,Tops,32.87,2.0,1
479,230,Urban Outfitters,Tops,20.0,0.0,0
480,230,Urban Outfitters,Bags,65.14,0.0,0
481,231,Shein,Outerwear,49.57,4.98,1
482,232,Under Armour,Swimwear,97.52,0.0,0
483,233,Zara,Beauty,53.83,8.0,1
484,233,Zara,Beauty,89.04,0.0,0
485,234,Under Armour,Footwear,156.14,11.6,1
486,235,Girlfriend Collective,Lingerie,76.68,0.0,0
487,235,Girlfriend Collective,Tops,74.08,0.0,0
488,236,Zara,Beauty,24.35,0.0,0
489,237,H&M,Jeans,116.8,32.85,1
490,237,H&M,Dresses,73.39,8.25,1
491,238,Girlfriend Collective,Jeans,117.5,23.18,1
492,238,Girlfriend Collective,Home,90.15,0.0,0
493,238,Girlfriend Collective,Beauty,121.03,0.0,0
494,239,Under Armour,Bags,85.51,0.0,0
495,239,Under Armour,Outerwear,79.29,0.0,0
496,240,Gucci,Jeans,1502.82,0.0,0
497,240,Gucci,Dresses,971.87,148.23,1
498,240,Gucci,Beauty,818.47,0.0,0
499,241,Under Armour,Swimwear,86.48,16.47,1
500,241,Under Armour,Bags,116.52,0.0,0
501,241,Under Armour,Beauty,59.59,0.0,0
502,242,Under Armour,Dresses,34.08,0.0,0
503,242,Under Armour,Dresses,108.66,0.0,0
504,242,Under Armour,Dresses,102.79,0.0,0
505,243,Zara,Swimwear,58.81,16.01,1
506,244,Prada,Dresses,1325.67,0.0,0
507,245,Gucci,Lingerie,715.59,0.0,0
508,245,Gucci,Jeans,1632.17,0.0,0
509,246,Urban Outfitters,Tops,89.89,0.0,0
510,247,Urban Outfitters,Beauty,154.34,0.0,0
511,247,Urban Outfitters,Home,154.93,0.0,0
512,248,Gucci,Jeans,1640.18,0.0,0
513,249,Chanel,Tops,1258.3,0.0,0
514,250,Urban Outfitters,Swimwear,62.55,8.77,1
515,250,Urban Outfitters,Jeans,61.39,0.0,0
516,250,Urban Outfitters,Dresses,20.0,1.91,1
517,251,H&M,Lingerie,26.44,3.66,1
518,251,H&M,Tops,66.95,0.0,0
519,252,Prada,Lingerie,886.49,0.0,0
520,252,Prada,Outerwear,3451.52,586.43,1
521,252,Prada,Lingerie,737.64,0.0,0
522,253,Chanel,Tops,2061.46,0.0,0
523,253,Chanel,Swimwear,675.03,0.0,0
524,253,Chanel,Accessories,564.43,0.0,0
525,254,Urban Outfitters,Tops,71.34,19.11,1
526,254,Urban Outfitters,Footwear,42.01,0.0,0
527,255,Loewe,Beauty,1057.19,0.0,0
528,255,Loewe,Home,604.97,0.0,0
529,255,Loewe,Beauty,941.28,0.0,0
530,256,Girlfriend Collective,Home,102.57,0.0,0
531,256,Girlfriend Collective,Bags,96.17,10.56,1
532,257,Gucci,Outerwear,4300.59,0.0,0
533,257,Gucci,Tops,1294.18,0.0,0
534,258,Girlfriend Collective,Swimwear,62.45,4.32,1
535,259,H&M,Bags,68.44,0.0,0
536,260,Gucci,Outerwear,4256.08,0.0,0
537,260,Gucci,Lingerie,956.56,0.0,0
538,260,Gucci,Bags,2312.44,0.0,0
539,261,Prada,Swimwear,779.06,0.0,0
540,262,Loewe,Home,655.66,0.0,0
541,263,Zara,Footwear,46.93,0.0,0
542,263,Zara,Activewear,57.94,0.0,0
543,264,Prada,Footwear,1038.6,0.0,0
544,264,Prada,Dresses,1292.26,0.0,0
545,265,Zara,Accessories,70.92,0.0,0
546,265,Zara,Accessories,53.82,0.0,0
547,265,Zara,Bags,59.81,0.0,0
548,266,Urban Outfitters,Home,52.74,0.0,0
549,267,Shein,Accessories,32.51,9.03,1
550,268,Loewe,Beauty,586.09,0.0,0
551,268,Loewe,Accessories,671.85,0.0,0
552,268,Loewe,Home,952.54,0.0,0
553,269,H&M,Swimwear,65.99,0.0,0
554,269,H&M,Home,32.35,0.0,0
555,270,Chanel,Accessories,1019.73,0.0,0
556,270,Chanel,Dresses,1365.74,205.34,1
557,270,Chanel,Swimwear,661.18,0.0,0
558,271,Under Armour,Swimwear,129.24,0.0,0
559,271,Under Armour,Jeans,120.52,38.22,1
560,272,Prada,Home,921.68,0.0,0
561,272,Prada,Dresses,1562.11,0.0,0
562,273,H&M,Dresses,16.3,0.0,0
563,273,H&M,Home,17.77,2.7,1
564,273,H&M,Home,27.48,0.0,0
565,274,Shein,Home,25.31,0.0,0
566,274,Shein,Home,29.4,0.0,0
567,274,Shein,Dresses,41.94,0.0,0
568,275,Urban Outfitters,Home,163.24,0.0,0
569,276,H&M,Bags,53.52,3.93,1
570,277,Prada,Bags,2435.33,0.0,0
571,277,Prada,Home,599.12,0.0,0
572,277,Prada,Home,514.49,0.0,0
573,278,Urban Outfitters,Jeans,61.43,0.0,0
574,278,Urban Outfitters,Swimwear,98.07,11.16,1
575,279,Loewe,Dresses,1664.72,0.0,0
576,279,Loewe,Dresses,776.55,0.0,0
577,280,Under Armour,Footwear,154.37,0.0,0
578,281,Urban Outfitters,Jeans,82.81,0.0,0
579,282,Prada,Jeans,1102.79,0.0,0
580,283,Under Armour,Tops,78.83,0.0,0
581,284,Loewe,Bags,1896.68,0.0,0
582,284,Loewe,Jeans,1651.27,0.0,0
583,285,Girlfriend Collective,Home,92.04,0.0,0
584,286,Zara,Footwear,10.0,0.0,0
585,286,Zara,Bags,65.41,0.0,0
586,287,Chanel,Beauty,1121.28,0.0,0
587,287,Chanel,Swimwear,848.44,0.0,0
588,287,Chanel,Swimwear,751.88,0.0,0
589,288,Gucci,Tops,1597.43,0.0,0
590,288,Gucci,Jeans,968.11,0.0,0
591,288,Gucci,Activewear,405.36,0.0,0
592,289,Gucci,Footwear,741.67,0.0,0
593,289,Gucci,Bags,2305.04,0.0,0
594,289,Gucci,Footwear,1005.88,0.0,0
595,290,Urban Outfitters,Dresses,105.11,0.0,0
596,291,Zara,Dresses,85.64,28.75,1
597,291,Zara,Jeans,10.0,3.38,1
598,292,Shein,Footwear,22.0,6.99,1
599,293,H&M,Lingerie,10.0,0.0,0
600,294,Zara,Bags,37.67,0.0,0
601,294,Zara,Bags,83.35,20.01,1
602,295,Zara,Beauty,42.25,0.0,0
603,295,Zara,Lingerie,64.8,0.0,0
604,295,Zara,Beauty,96.77,0.0,0
605,296,Gucci,Accessories,439.23,0.0,0
606,296,Gucci,Bags,2430.85,714.17,1
607,296,Gucci,Outerwear,3159.23,0.0,0
608,297,Loewe,Outerwear,2952.2,0.0,0
609,297,Loewe,Accessories,786.4,0.0,0
610,298,H&M,Swimwear,42.87,0.0,0
611,298,H&M,Dresses,88.83,0.0,0
612,298,H&M,Jeans,66.35,0.0,0
613,299,Girlfriend Collective,Beauty,99.46,0.0,0
614,299,Girlfriend Collective,Outerwear,33.59,0.0,0
615,300,Girlfriend Collective,Footwear,97.15,32.81,1
616,300,Girlfriend Collective,Tops,95.31,0.0,0
617,301,H&M,Beauty,10.0,2.17,1
618,302,Gucci,Beauty,874.81,0.0,0
619,302,Gucci,Beauty,704.99,0.0,0
620,302,Gucci,Footwear,936.28,0.0,0
621,303,Zara,Tops,34.73,5.6,1
622,303,Zara,Bags,28.5,7.78,1
623,303,Zara,Beauty,30.77,0.0,0
624,304,Gucci,Outerwear,3745.69,0.0,0
625,304,Gucci,Activewear,697.1,0.0,0
626,304,Gucci,Tops,1639.26,0.0,0
627,305,Zara,Accessories,55.0,7.33,1
628,305,Zara,Bags,55.48,6.0,1
629,305,Zara,Beauty,58.18,0.0,0
630,306,Under Armour,Dresses,83.9,27.69,1
631,306,Under Armour,Swimwear,57.91,0.0,0
632,306,Under Armour,Activewear,135.13,0.0,0
633,307,H&M,Beauty,82.45,0.0,0
634,307,H&M,Tops,111.45,0.0,0
635,308,Zara,Swimwear,48.27,0.0,0
636,308,Zara,Swimwear,57.34,0.0,0
637,308,Zara,Tops,69.13,0.0,0
638,309,H&M,Footwear,43.19,9.57,1
639,310,Loewe,Activewear,895.71,0.0,0
640,311,H&M,Tops,115.44,0.0,0
641,311,H&M,Footwear,44.26,0.0,0
642,312,Zara,Tops,75.05,0.0,0
643,312,Zara,Activewear,51.55,0.0,0
644,313,Girlfriend Collective,Dresses,85.82,5.85,1
645,313,Girlfriend Collective,Accessories,98.88,0.0,0
646,313,Girlfriend Collective,Jeans,73.5,21.37,1
647,314,H&M,Tops,94.51,0.0,0
648,314,H&M,Accessories,44.33,0.0,0
649,314,H&M,Accessories,38.67,8.89,1
650,315,Urban Outfitters,Lingerie,34.61,0.0,0
651,315,Urban Outfitters,Beauty,129.58,0.0,0
652,316,Under Armour,Dresses,105.89,27.95,1
653,317,Girlfriend Collective,Footwear,78.32,0.0,0
654,317,Girlfriend Collective,Bags,68.09,6.22,1
655,318,Shein,Swimwear,17.58,0.0,0
656,318,Shein,Outerwear,39.09,0.0,0
657,319,Urban Outfitters,Footwear,93.85,0.0,0
658,319,Urban Outfitters,Swimwear,57.98,0.0,0
659,319,Urban Outfitters,Jeans,131.54,26.59,1
660,320,Shein,Beauty,17.36,0.0,0
661,321,Girlfriend Collective,Home,45.73,0.0,0
662,321,Girlfriend Collective,Home,113.29,0.0,0
663,321,Girlfriend Collective,Lingerie,78.04,0.0,0
664,322,Shein,Bags,24.17,0.0,0
665,323,Loewe,Activewear,926.43,0.0,0
666,323,Loewe,Lingerie,711.74,0.0,0
667,323,Loewe,Home,912.93,0.0,0
668,324,Urban Outfitters,Footwear,100.88,15.88,1
669,325,Shein,Beauty,20.8,0.0,0
670,326,Zara,Jeans,90.08,11.58,1
671,326,Zara,Footwear,59.97,0.0,0
672,327,H&M,Dresses,80.15,20.3,1
673,327,H&M,Beauty,49.65,0.0,0
674,328,Shein,Footwear,16.28,0.0,0
675,329,Prada,Dresses,1582.33,0.0,0
676,330,Under Armour,Footwear,135.38,0.0,0
677,330,Under Armour,Beauty,88.08,5.62,1
678,330,Under Armour,Lingerie,117.01,24.65,1
679,331,H&M,Jeans,85.65,0.0,0
680,331,H&M,Bags,70.85,5.27,1
681,332,Under Armour,Swimwear,93.54,0.0,0
682,332,Under Armour,Bags,111.92,29.52,1
683,332,Under Armour,Home,146.23,0.0,0
684,333,Under Armour,Lingerie,112.41,0.0,0
685,333,Under Armour,Activewear,83.51,0.0,0
686,333,Under Armour,Activewear,105.49,0.0,0
687,334,Under Armour,Outerwear,68.5,0.0,0
688,334,Under Armour,Dresses,104.8,0.0,0
689,335,Under Armour,Swimwear,118.14,0.0,0
690,335,Under Armour,Bags,52.52,0.0,0
691,336,Shein,Tops,44.31,5.32,1
692,336,Shein,Dresses,7.63,0.0,0
693,337,Gucci,Dresses,1575.67,0.0,0
694,338,Shein,Footwear,29.89,0.0,0
695,338,Shein,Outerwear,36.28,8.39,1
696,338,Shein,Home,29.09,0.0,0
697,339,Shein,Accessories,32.31,0.0,0
698,339,Shein,Beauty,14.73,3.63,1
699,340,Zara,Activewear,77.84,0.0,0
700,340,Zara,Lingerie,62.52,0.0,0
701,340,Zara,Home,27.86,0.0,0
702,341,Prada,Home,719.99,0.0,0
703,341,Prada,Bags,2096.95,0.0,0
704,342,Under Armour,Outerwear,82.54,0.0,0
705,343,Shein,Accessories,27.85,0.0,0
706,343,Shein,Home,21.58,0.0,0
707,344,Loewe,Footwear,949.65,0.0,0
708,345,Zara,Dresses,75.56,0.0,0
709,345,Zara,Bags,24.59,5.43,1
710,346,Zara,Swimwear,105.29,31.37,1
711,346,Zara,Bags,73.38,8.05,1
712,346,Zara,Outerwear,63.24,8.68,1
713,347,H&M,Tops,54.84,16.89,1
714,347,H&M,Accessories,41.51,3.45,1
715,347,H&M,Accessories,66.13,0.0,0
716,348,H&M,Outerwear,47.97,0.0,0
717,349,Girlfriend Collective,Lingerie,48.22,12.78,1
718,349,Girlfriend Collective,Outerwear,95.01,33.0,1
719,350,Girlfriend Collective,Swimwear,86.03,0.0,0
720,351,Urban Outfitters,Home,28.68,6.99,1
721,352,Urban Outfitters,Accessories,106.77,34.16,1
722,353,Loewe,Home,906.7,0.0,0
723,354,Prada,Outerwear,3623.58,0.0,0
724,355,Chanel,Activewear,951.27,0.0,0
725,355,Chanel,Swimwear,1068.06,0.0,0
726,355,Chanel,Dresses,1446.5,0.0,0
727,356,Urban Outfitters,Activewear,91.1,0.0,0
728,356,Urban Outfitters,Tops,77.26,19.96,1
729,357,Gucci,Accessories,677.32,84.79,1
730,358,Urban Outfitters,Dresses,84.14,0.0,0
731,359,Urban Outfitters,Jeans,78.04,4.32,1
732,359,Urban Outfitters,Jeans,121.17,0.0,0
733,360,H&M,Beauty,57.75,0.0,0
734,361,Zara,Beauty,18.64,0.0,0
735,362,Urban Outfitters,Bags,94.95,4.88,1
736,362,Urban Outfitters,Activewear,88.83,0.0,0
737,363,H&M,Tops,40.46,0.0,0
738,363,H&M,Activewear,68.14,0.0,0
739,364,Gucci,Jeans,1773.05,0.0,0
740,364,Gucci,Accessories,397.04,0.0,0
741,364,Gucci,Footwear,854.4,0.0,0
742,365,Loewe,Activewear,769.69,0.0,0
743,366,H&M,Footwear,38.0,4.33,1
744,366,H&M,Dresses,60.61,0.0,0
745,366,H&M,Beauty,62.34,0.0,0
746,367,Urban Outfitters,Bags,74.47,0.0,0
747,367,Urban Outfitters,Home,105.22,0.0,0
748,367,Urban Outfitters,Jeans,78.99,0.0,0
749,368,Girlfriend Collective,Jeans,78.26,0.0,0
750,368,Girlfriend Collective,Home,87.55,0.0,0
751,368,Girlfriend Collective,Bags,41.82,2.31,1
752,369,Under Armour,Activewear,33.63,0.0,0
753,369,Under Armour,Activewear,106.46,29.56,1
754,369,Under Armour,Outerwear,30.0,5.36,1
755,370,H&M,Outerwear,51.72,8.42,1
756,370,H&M,Tops,45.22,12.1,1
757,371,Zara,Tops,97.63,0.0,0
758,371,Zara,Beauty,45.81,0.0,0
759,371,Zara,Activewear,15.93,0.0,0
760,372,Zara,Beauty,23.16,0.0,0
761,373,Zara,Tops,107.3,21.19,1
762,373,Zara,Tops,57.22,0.0,0
763,373,Zara,Activewear,10.0,1.02,1
764,374,Under Armour,Home,43.95,0.0,0
765,374,Under Armour,Home,129.49,22.95,1
766,375,Shein,Beauty,29.48,9.1,1
767,375,Shein,Dresses,35.81,0.0,0
768,376,Zara,Accessories,12.08,0.0,0
769,376,Zara,Jeans,54.74,0.0,0
770,377,Urban Outfitters,Outerwear,87.42,0.0,0
771,378,Urban Outfitters,Bags,137.13,0.0,0
772,378,Urban Outfitters,Lingerie,96.94,0.0,0
773,379,Zara,Tops,43.4,8.69,1
774,380,Loewe,Home,1038.44,0.0,0
775,380,Loewe,Outerwear,3039.86,0.0,0
776,381,Prada,Accessories,727.51,0.0,0
777,382,Loewe,Footwear,920.24,0.0,0
778,382,Loewe,Beauty,734.92,0.0,0
779,382,Loewe,Beauty,531.89,0.0,0
780,383,Urban Outfitters,Beauty,75.12,0.0,0
781,383,Urban Outfitters,Home,107.44,0.0,0
782,384,Loewe,Outerwear,3832.22,0.0,0
783,385,H&M,Beauty,36.44,0.0,0
784,386,Under Armour,Accessories,115.34,20.54,1
785,387,Chanel,Dresses,1175.87,0.0,0
786,387,Chanel,Footwear,881.32,0.0,0
787,387,Chanel,Home,784.8,0.0,0
788,388,Loewe,Tops,1615.18,0.0,0
789,388,Loewe,Swimwear,662.31,0.0,0
790,389,Zara,Home,10.0,1.96,1
791,390,Under Armour,Jeans,104.03,28.61,1
792,391,Urban Outfitters,Dresses,33.75,0.0,0
793,391,Urban Outfitters,Dresses,68.17,0.0,0
794,391,Urban Outfitters,Dresses,138.22,0.0,0
795,392,Urban Outfitters,Dresses,72.56,9.42,1
796,392,Urban Outfitters,Beauty,50.22,0.0,0
797,392,Urban Outfitters,Dresses,51.39,14.78,1
798,393,Urban Outfitters,Lingerie,72.13,0.0,0
799,393,Urban Outfitters,Beauty,95.57,0.0,0
800,394,Girlfriend Collective,Lingerie,67.89,10.65,1
801,394,Girlfriend Collective,Dresses,75.64,23.54,1
802,395,Girlfriend Collective,Outerwear,73.52,0.0,0
803,395,Girlfriend Collective,Footwear,57.26,0.0,0
804,395,Girlfriend Collective,Beauty,58.1,0.0,0
805,396,H&M,Footwear,10.0,1.58,1
806,396,H&M,Home,57.61,0.0,0
807,396,H&M,Activewear,80.46,0.0,0
808,397,Urban Outfitters,Beauty,77.31,0.0,0
809,397,Urban Outfitters,Home,117.69,0.0,0
810,398,Prada,Home,811.84,0.0,0
811,398,Prada,Bags,2716.35,0.0,0
812,398,Prada,Beauty,616.0,0.0,0
813,399,Loewe,Beauty,1120.83,0.0,0
814,399,Loewe,Activewear,973.31,0.0,0
815,400,Urban Outfitters,Tops,30.15,9.91,1
816,400,Urban Outfitters,Outerwear,58.07,7.39,1
817,400,Urban Outfitters,Beauty,69.78,6.33,1
818,401,Gucci,Activewear,1028.38,0.0,0
819,401,Gucci,Dresses,1477.43,0.0,0
820,402,Gucci,Outerwear,3374.93,0.0,0
821,403,Shein,Activewear,22.99,0.0,0
822,403,Shein,Lingerie,20.71,0.0,0
823,403,Shein,Accessories,17.13,0.0,0
824,404,Under Armour,Accessories,74.04,0.0,0
825,405,Under Armour,Lingerie,41.66,7.02,1
826,405,Under Armour,Bags,106.69,0.0,0
827,405,Under Armour,Activewear,100.67,0.0,0
828,406,Zara,Home,15.38,2.25,1
829,406,Zara,Home,13.12,4.58,1
830,406,Zara,Bags,52.15,0.0,0
831,407,Chanel,Tops,1314.82,0.0,0
832,407,Chanel,Jeans,899.12,0.0,0
833,408,Loewe,Bags,1842.19,0.0,0
834,409,Under Armour,Accessories,30.0,0.0,0
835,409,Under Armour,Accessories,96.94,0.0,0
836,410,Chanel,Home,797.24,0.0,0
837,411,Shein,Tops,17.34,0.0,0
838,411,Shein,Bags,24.32,0.0,0
839,411,Shein,Jeans,30.94,0.0,0
840,412,Zara,Activewear,10.0,0.0,0
841,412,Zara,Footwear,27.99,0.0,0
842,412,Zara,Dresses,97.88,0.0,0
843,413,Girlfriend Collective,Tops,69.16,23.67,1
844,414,Loewe,Footwear,895.57,0.0,0
845,414,Loewe,Beauty,1439.49,0.0,0
846,414,Loewe,Tops,1326.3,0.0,0
847,415,Chanel,Beauty,893.15,0.0,0
848,416,Prada,Accessories,566.3,0.0,0
849,416,Prada,Bags,2177.17,0.0,0
850,416,Prada,Dresses,2077.79,0.0,0
851,417,Under Armour,Bags,46.27,0.0,0
852,417,Under Armour,Lingerie,100.03,19.53,1
853,417,Under Armour,Home,105.02,0.0,0
854,418,Shein,Swimwear,5.46,1.6,1
855,418,Shein,Accessories,22.51,0.0,0
856,418,Shein,Swimwear,15.41,0.0,0
857,419,Loewe,Jeans,1290.72,0.0,0
858,420,Gucci,Tops,1773.28,0.0,0
859,421,Under Armour,Dresses,129.93,0.0,0
860,422,Loewe,Accessories,711.04,0.0,0
861,423,Shein,Outerwear,28.92,0.0,0
862,423,Shein,Jeans,25.35,0.0,0
863,423,Shein,Swimwear,33.13,0.0,0
864,424,Girlfriend Collective,Activewear,78.74,7.28,1
865,425,Under Armour,Jeans,68.67,0.0,0
866,425,Under Armour,Dresses,67.95,0.0,0
867,426,Urban Outfitters,Outerwear,102.32,0.0,0
868,427,Girlfriend Collective,Beauty,118.79,0.0,0
869,427,Girlfriend Collective,Home,98.11,0.0,0
870,428,Prada,Accessories,470.51,0.0,0
871,428,Prada,Activewear,627.5,0.0,0
872,429,H&M,Dresses,47.47,0.0,0
873,429,H&M,Outerwear,38.46,11.13,1
874,429,H&M,Tops,38.32,13.17,1
875,430,Gucci,Jeans,1476.91,0.0,0
876,431,Under Armour,Lingerie,107.51,0.0,0
877,431,Under Armour,Outerwear,108.9,0.0,0
878,431,Under Armour,Jeans,83.52,0.0,0
879,432,Gucci,Swimwear,844.48,0.0,0
880,432,Gucci,Bags,2436.76,0.0,0
881,432,Gucci,Tops,1398.23,0.0,0
882,433,Shein,Outerwear,22.75,6.09,1
883,433,Shein,Home,24.9,0.0,0
884,433,Shein,Lingerie,23.22,0.0,0
885,434,Loewe,Swimwear,453.13,0.0,0
886,434,Loewe,Swimwear,429.19,0.0,0
887,435,Loewe,Footwear,515.09,0.0,0
888,435,Loewe,Dresses,955.1,0.0,0
889,436,Under Armour,Home,56.76,0.0,0
890,437,Girlfriend Collective,Jeans,77.69,0.0,0
891,437,Girlfriend Collective,Beauty,118.72,0.0,0
892,437,Girlfriend Collective,Home,81.6,4.42,1
893,438,Chanel,Footwear,911.66,0.0,0
894,438,Chanel,Swimwear,889.58,0.0,0
895,438,Chanel,Lingerie,912.3,0.0,0
896,439,H&M,Swimwear,57.21,0.0,0
897,440,Shein,Dresses,12.22,0.0,0
898,440,Shein,Activewear,31.15,0.0,0
899,441,Urban Outfitters,Activewear,65.83,15.76,1
900,441,Urban Outfitters,Activewear,50.81,0.0,0
901,442,Prada,Tops,1805.39,0.0,0
902,442,Prada,Bags,2077.42,0.0,0
903,443,Shein,Jeans,22.2,0.0,0
904,443,Shein,Dresses,29.52,0.0,0
905,443,Shein,Dresses,16.35,0.0,0
906,444,Loewe,Jeans,1847.22,0.0,0
907,445,Urban Outfitters,Footwear,65.15,0.0,0
908,445,Urban Outfitters,Swimwear,100.55,0.0,0
909,446,Zara,Home,68.38,0.0,0
910,446,Zara,Home,84.44,9.02,1
911,447,Urban Outfitters,Tops,83.15,9.12,1
912,447,Urban Outfitters,Beauty,78.52,0.0,0
913,448,Under Armour,Home,114.23,31.45,1
914,448,Under Armour,Swimwear,66.41,0.0,0
915,448,Under Armour,Jeans,127.92,10.54,1
916,449,Shein,Beauty,17.03,4.32,1
917,450,Urban Outfitters,Outerwear,110.57,0.0,0
918,450,Urban Outfitters,Activewear,28.25,0.0,0
919,451,Shein,Outerwear,31.14,0.0,0
920,452,Urban Outfitters,Home,72.65,0.0,0
921,453,Loewe,Beauty,579.03,0.0,0
922,453,Loewe,Dresses,1819.99,0.0,0
923,453,Loewe,Outerwear,3448.5,0.0,0
924,454,Girlfriend Collective,Tops,87.36,0.0,0
925,455,Zara,Bags,92.41,16.46,1
926,455,Zara,Outerwear,25.28,4.02,1
927,456,Shein,Jeans,43.42,2.85,1
928,457,Urban Outfitters,Dresses,115.16,0.0,0
929,457,Urban Outfitters,Bags,105.27,0.0,0
930,457,Urban Outfitters,Dresses,37.66,2.04,1
931,458,Shein,Home,32.98,0.0,0
932,458,Shein,Lingerie,10.15,0.0,0
933,459,Under Armour,Dresses,128.71,35.11,1
934,460,Zara,Dresses,86.86,18.58,1
935,460,Zara,Outerwear,40.16,0.0,0
936,461,H&M,Swimwear,14.27,0.0,0
937,461,H&M,Footwear,97.46,0.0,0
938,462,H&M,Swimwear,111.8,0.0,0
939,462,H&M,Tops,57.29,7.58,1
940,463,Loewe,Home,1051.8,0.0,0
941,464,Zara,Accessories,26.79,0.0,0
942,464,Zara,Accessories,125.56,0.0,0
943,464,Zara,Jeans,23.65,5.24,1
944,465,Under Armour,Swimwear,30.0,0.0,0
945,465,Under Armour,Outerwear,129.78,0.0,0
946,465,Under Armour,Dresses,50.25,3.2,1
947,466,Girlfriend Collective,Jeans,73.2,0.0,0
948,466,Girlfriend Collective,Beauty,109.35,0.0,0
949,467,Girlfriend Collective,Lingerie,102.91,0.0,0
950,467,Girlfriend Collective,Dresses,72.23,0.0,0
951,467,Girlfriend Collective,Outerwear,127.16,0.0,0
952,468,Loewe,Tops,1105.38,0.0,0
953,468,Loewe,Home,768.83,0.0,0
954,468,Loewe,Outerwear,3195.38,0.0,0
955,469,Loewe,Beauty,791.66,0.0,0
956,469,Loewe,Activewear,775.73,0.0,0
957,470,Zara,Accessories,55.54,6.64,1
958,470,Zara,Footwear,39.21,7.59,1
959,470,Zara,Jeans,88.24,0.0,0
960,471,Loewe,Beauty,849.14,0.0,0
961,472,Gucci,Lingerie,909.76,0.0,0
962,472,Gucci,Dresses,1867.84,0.0,0
963,472,Gucci,Beauty,665.18,0.0,0
964,473,Girlfriend Collective,Accessories,84.2,25.09,1
965,473,Girlfriend Collective,Tops,99.63,28.0,1
966,474,Gucci,Dresses,873.3,0.0,0
967,475,H&M,Bags,78.19,0.0,0
968,475,H&M,Footwear,81.6,0.0,0
969,475,H&M,Tops,18.04,0.0,0
970,476,Prada,Swimwear,841.83,0.0,0
971,477,H&M,Tops,49.09,8.13,1
972,478,Loewe,Accessories,823.99,0.0,0
973,478,Loewe,Bags,2352.12,0.0,0
974,478,Loewe,Activewear,906.08,0.0,0
975,479,Girlfriend Collective,Footwear,103.36,0.0,0
976,480,Zara,Footwear,86.33,0.0,0
977,480,Zara,Accessories,102.0,25.52,1
978,480,Zara,Lingerie,68.97,0.0,0
979,481,Loewe,Footwear,823.41,0.0,0
980,481,Loewe,Tops,832.91,0.0,0
981,481,Loewe,Beauty,825.47,0.0,0
982,482,Chanel,Dresses,1438.28,0.0,0
983,482,Chanel,Home,601.43,0.0,0
984,483,Zara,Footwear,55.37,0.0,0
985,483,Zara,Bags,85.19,0.0,0
986,484,Gucci,Activewear,601.54,0.0,0
987,484,Gucci,Bags,1934.84,0.0,0
988,484,Gucci,Swimwear,926.71,0.0,0
989,485,Under Armour,Swimwear,124.8,0.0,0
990,485,Under Armour,Home,99.91,15.84,1
991,486,Under Armour,Dresses,129.13,19.99,1
992,487,Zara,Accessories,59.18,17.65,1
993,487,Zara,Home,138.07,46.75,1
994,487,Zara,Accessories,43.46,0.0,0
995,488,Chanel,Lingerie,850.04,0.0,0
996,488,Chanel,Jeans,1254.85,200.24,1
997,488,Chanel,Activewear,854.85,0.0,0
998,489,Gucci,Home,884.8,0.0,0
999,489,Gucci,Home,792.66,0.0,0
1000,490,Urban Outfitters,Home,211.88,17.67,1
1001,490,Urban Outfitters,Beauty,59.62,16.42,1
1002,490,Urban Outfitters,Jeans,53.02,15.9,1
1003,491,Loewe,Outerwear,3585.27,0.0,0
1004,491,Loewe,Jeans,1419.42,0.0,0
1005,491,Loewe,Swimwear,905.05,0.0,0
1006,492,Girlfriend Collective,Accessories,37.41,10.24,1
1007,493,Urban Outfitters,Beauty,124.47,0.0,0
1008,493,Urban Outfitters,Jeans,42.61,6.88,1
1009,493,Urban Outfitters,Activewear,76.25,0.0,0
1010,494,Girlfriend Collective,Tops,107.04,10.58,1
1011,494,Girlfriend Collective,Dresses,70.4,3.75,1
1012,495,Girlfriend Collective,Activewear,82.79,0.0,0
1013,496,H&M,Dresses,77.03,0.0,0
1014,496,H&M,Footwear,78.92,0.0,0
1015,497,Gucci,Footwear,824.19,0.0,0
1016,497,Gucci,Dresses,1385.89,0.0,0
1017,497,Gucci,Dresses,1441.05,0.0,0
1018,498,Urban Outfitters,Outerwear,58.53,14.91,1
1019,499,Prada,Beauty,778.38,0.0,0
1020,499,Prada,Swimwear,979.46,0.0,0
1021,499,Prada,Beauty,1002.05,0.0,0
1022,500,Shein,Lingerie,15.88,0.0,0
1023,500,Shein,Tops,43.52,0.0,0
1024,501,Zara,Lingerie,67.23,6.44,1
1025,501,Zara,Bags,62.94,3.43,1
1026,501,Zara,Swimwear,47.01,0.0,0
1027,502,Urban Outfitters,Outerwear,48.74,6.53,1
1028,503,H&M,Bags,40.12,0.0,0
1029,503,H&M,Outerwear,80.82,0.0,0
1030,503,H&M,Beauty,51.84,0.0,0
1031,504,Shein,Accessories,39.3,0.0,0
1032,504,Shein,Beauty,30.3,4.85,1
1033,505,H&M,Swimwear,17.9,0.0,0
1034,505,H&M,Tops,30.34,0.0,0
1035,506,Chanel,Tops,1764.16,0.0,0
1036,506,Chanel,Outerwear,3176.07,0.0,0
1037,506,Chanel,Accessories,571.26,0.0,0
1038,507,Girlfriend Collective,Bags,32.41,0.0,0
1039,507,Girlfriend Collective,Bags,60.67,6.31,1
1040,508,Zara,Dresses,39.88,0.0,0
1041,508,Zara,Bags,58.8,16.02,1
1042,509,H&M,Bags,20.08,2.29,1
1043,510,H&M,Accessories,77.56,0.0,0
1044,510,H&M,Tops,91.92,5.23,1
1045,511,Zara,Dresses,37.59,4.97,1
1046,512,Prada,Activewear,892.65,0.0,0
1047,512,Prada,Jeans,1336.1,0.0,0
1048,512,Prada,Accessories,469.78,0.0,0
1049,513,Shein,Bags,20.03,0.0,0
1050,513,Shein,Home,26.72,0.0,0
1051,514,Under Armour,Activewear,77.45,19.39,1
1052,514,Under Armour,Jeans,91.32,0.0,0
1053,514,Under Armour,Tops,168.98,31.7,1
1054,515,H&M,Accessories,76.47,0.0,0
1055,515,H&M,Bags,20.62,0.0,0
1056,515,H&M,Beauty,66.75,0.0,0
1057,516,Zara,Accessories,85.64,0.0,0
1058,517,Shein,Beauty,24.79,0.0,0
1059,518,H&M,Swimwear,102.15,0.0,0
1060,518,H&M,Home,34.4,0.0,0
1061,519,Shein,Accessories,21.45,0.0,0
1062,519,Shein,Dresses,9.83,0.0,0
1063,519,Shein,Accessories,25.24,0.0,0
1064,520,Urban Outfitters,Home,77.36,0.0,0
1065,520,Urban Outfitters,Outerwear,108.87,0.0,0
1066,520,Urban Outfitters,Dresses,69.27,0.0,0
1067,521,Girlfriend Collective,Dresses,97.89,0.0,0
1068,521,Girlfriend Collective,Swimwear,99.95,18.31,1
1069,522,Prada,Activewear,909.03,0.0,0
1070,523,Zara,Dresses,43.79,0.0,0
1071,523,Zara,Accessories,32.45,0.0,0
1072,524,Loewe,Swimwear,752.74,0.0,0
1073,525,Prada,Beauty,1058.27,0.0,0
1074,525,Prada,Tops,1995.36,191.58,1
1075,526,Zara,Accessories,38.91,13.31,1
1076,526,Zara,Lingerie,97.84,0.0,0
1077,526,Zara,Lingerie,67.29,0.0,0
1078,527,Urban Outfitters,Swimwear,71.09,8.48,1
1079,527,Urban Outfitters,Swimwear,23.11,5.15,1
1080,528,Loewe,Dresses,2500.0,0.0,0
1081,529,H&M,Swimwear,28.64,0.0,0
1082,529,H&M,Lingerie,112.99,0.0,0
1083,529,H&M,Bags,76.71,0.0,0
1084,530,Girlfriend Collective,Outerwear,61.45,18.57,1
1085,531,Zara,Beauty,38.63,13.34,1
1086,532,Loewe,Dresses,1500.77,0.0,0
1087,533,H&M,Activewear,119.41,0.0,0
1088,533,H&M,Tops,15.98,0.0,0
1089,534,Chanel,Footwear,833.92,0.0,0
1090,534,Chanel,Jeans,986.55,0.0,0
1091,535,H&M,Footwear,63.03,0.0,0
1092,535,H&M,Lingerie,53.51,0.0,0
1093,536,Zara,Swimwear,100.56,20.47,1
1094,537,H&M,Tops,61.05,0.0,0
1095,538,Zara,Activewear,82.28,0.0,0
1096,538,Zara,Home,48.51,0.0,0
1097,539,Urban Outfitters,Activewear,97.1,0.0,0
1098,539,Urban Outfitters,Beauty,93.73,0.0,0
1099,540,Under Armour,Outerwear,121.91,13.62,1
1100,540,Under Armour,Accessories,57.13,0.0,0
1101,540,Under Armour,Lingerie,104.28,0.0,0
1102,541,Urban Outfitters,Footwear,103.15,0.0,0
1103,541,Urban Outfitters,Dresses,61.83,0.0,0
1104,541,Urban Outfitters,Swimwear,87.31,0.0,0
1105,542,Urban Outfitters,Jeans,87.76,0.0,0
1106,543,Zara,Beauty,85.23,0.0,0
1107,544,H&M,Tops,76.37,0.0,0
1108,544,H&M,Bags,48.98,0.0,0
1109,544,H&M,Activewear,48.87,0.0,0
1110,545,Under Armour,Swimwear,114.36,0.0,0
1111,546,Chanel,Footwear,837.72,0.0,0
1112,546,Chanel,Activewear,777.65,154.12,1
1113,547,H&M,Jeans,46.99,0.0,0
1114,547,H&M,Accessories,42.33,2.39,1
1115,548,Shein,Tops,27.95,0.0,0
1116,548,Shein,Tops,18.83,0.0,0
1117,549,H&M,Home,57.21,0.0,0
1118,549,H&M,Footwear,56.29,0.0,0
1119,550,Girlfriend Collective,Outerwear,88.3,0.0,0
1120,550,Girlfriend Collective,Bags,77.76,0.0,0
1121,551,H&M,Tops,49.09,17.09,1
1122,552,H&M,Footwear,60.5,0.0,0
1123,552,H&M,Tops,37.78,0.0,0
1124,552,H&M,Outerwear,60.73,0.0,0
1125,553,Loewe,Outerwear,3578.46,0.0,0
1126,554,Chanel,Lingerie,944.68,0.0,0
1127,555,Gucci,Beauty,1075.16,0.0,0
1128,555,Gucci,Swimwear,1110.44,0.0,0
1129,556,Loewe,Home,623.6,0.0,0
1130,556,Loewe,Outerwear,3152.29,0.0,0
1131,557,Girlfriend Collective,Activewear,48.5,0.0,0
1132,557,Girlfriend Collective,Bags,94.89,5.12,1
1133,557,Girlfriend Collective,Bags,115.27,0.0,0
1134,558,Shein,Swimwear,18.31,0.0,0
1135,558,Shein,Outerwear,22.77,0.0,0
1136,558,Shein,Jeans,35.09,0.0,0
1137,559,Loewe,Bags,2573.59,0.0,0
1138,559,Loewe,Activewear,463.32,0.0,0
1139,560,Urban Outfitters,Outerwear,21.86,0.0,0
1140,560,Urban Outfitters,Beauty,44.04,8.29,1
1141,560,Urban Outfitters,Home,156.4,8.6,1
1142,561,H&M,Swimwear,72.48,0.0,0
1143,561,H&M,Dresses,63.87,0.0,0
1144,561,H&M,Footwear,49.74,0.0,0
1145,562,Under Armour,Bags,86.19,0.0,0
1146,563,Chanel,Activewear,831.48,0.0,0
1147,563,Chanel,Jeans,2217.78,0.0,0
1148,564,H&M,Beauty,63.03,5.25,1
1149,565,Under Armour,Dresses,60.33,0.0,0
1150,566,Urban Outfitters,Activewear,97.82,0.0,0
1151,567,Zara,Footwear,47.26,0.0,0
1152,568,H&M,Home,70.76,0.0,0
1153,568,H&M,Home,34.9,5.04,1
1154,568,H&M,Jeans,68.32,21.86,1
1155,569,Urban Outfitters,Jeans,43.34,0.0,0
1156,570,Under Armour,Lingerie,75.32,23.5,1
1157,570,Under Armour,Dresses,139.39,7.7,1
1158,571,Under Armour,Jeans,89.97,0.0,0
1159,572,Urban Outfitters,Footwear,38.14,0.0,0
1160,572,Urban Outfitters,Beauty,73.77,0.0,0
1161,572,Urban Outfitters,Bags,99.2,15.45,1
1162,573,Zara,Home,100.79,0.0,0
1163,573,Zara,Accessories,85.65,0.0,0
1164,573,Zara,Jeans,61.17,0.0,0
1165,574,Shein,Dresses,16.66,5.61,1
1166,574,Shein,Dresses,31.31,0.0,0
1167,574,Shein,Beauty,5.0,0.0,0
1168,575,Loewe,Footwear,666.47,0.0,0
1169,575,Loewe,Outerwear,3522.9,0.0,0
1170,576,Urban Outfitters,Lingerie,120.4,0.0,0
1171,576,Urban Outfitters,Outerwear,45.32,2.38,1
1172,577,Chanel,Outerwear,3308.16,0.0,0
1173,577,Chanel,Jeans,1144.37,0.0,0
1174,577,Chanel,Dresses,1053.28,0.0,0
1175,578,Zara,Dresses,77.5,10.99,1
1176,578,Zara,Footwear,70.34,0.0,0
1177,578,Zara,Tops,50.12,0.0,0
1178,579,Loewe,Outerwear,3297.58,0.0,0
1179,579,Loewe,Accessories,558.81,0.0,0
1180,579,Loewe,Outerwear,3796.82,0.0,0
1181,580,Gucci,Accessories,483.21,0.0,0
1182,580,Gucci,Outerwear,3818.6,0.0,0
1183,580,Gucci,Outerwear,3113.95,0.0,0
1184,581,Chanel,Outerwear,3613.27,0.0,0
1185,582,Shein,Lingerie,33.12,0.0,0
1186,582,Shein,Swimwear,33.03,9.4,1
1187,583,Under Armour,Footwear,159.81,0.0,0
1188,583,Under Armour,Home,109.56,0.0,0
1189,583,Under Armour,Accessories,87.76,0.0,0
1190,584,Loewe,Accessories,519.24,0.0,0
1191,585,Under Armour,Jeans,30.0,0.0,0
1192,585,Under Armour,Outerwear,121.58,36.9,1
1193,586,Urban Outfitters,Bags,47.46,0.0,0
1194,586,Urban Outfitters,Tops,84.08,0.0,0
1195,586,Urban Outfitters,Dresses,53.72,0.0,0
1196,587,Chanel,Dresses,1515.19,0.0,0
1197,588,Under Armour,Home,30.0,0.0,0
1198,588,Under Armour,Activewear,134.63,0.0,0
1199,588,Under Armour,Jeans,69.98,0.0,0
1200,589,Girlfriend Collective,Dresses,83.07,7.97,1
1201,590,Zara,Tops,97.11,0.0,0
1202,590,Zara,Accessories,94.48,8.18,1
1203,591,Prada,Outerwear,3640.43,0.0,0
1204,591,Prada,Bags,2360.31,0.0,0
1205,591,Prada,Dresses,1735.7,0.0,0
1206,592,Zara,Beauty,92.12,18.74,1
1207,592,Zara,Activewear,63.85,0.0,0
1208,592,Zara,Outerwear,71.51,0.0,0
1209,593,Girlfriend Collective,Accessories,145.73,0.0,0
1210,593,Girlfriend Collective,Bags,46.45,0.0,0
1211,594,Shein,Lingerie,19.78,0.0,0
1212,595,Girlfriend Collective,Lingerie,94.47,0.0,0
1213,595,Girlfriend Collective,Jeans,117.35,0.0,0
1214,595,Girlfriend Collective,Outerwear,104.57,10.2,1
1215,596,Loewe,Accessories,464.94,0.0,0
1216,596,Loewe,Beauty,693.36,0.0,0
1217,596,Loewe,Home,1029.42,0.0,0
1218,597,Gucci,Outerwear,3058.93,0.0,0
1219,597,Gucci,Beauty,932.89,0.0,0
1220,597,Gucci,Lingerie,886.51,0.0,0
1221,598,Chanel,Lingerie,750.62,0.0,0
1222,598,Chanel,Accessories,643.44,0.0,0
1223,598,Chanel,Home,940.49,0.0,0
1224,599,Loewe,Footwear,913.52,0.0,0
1225,599,Loewe,Dresses,1727.16,0.0,0
1226,600,Loewe,Lingerie,866.04,0.0,0
1227,601,Gucci,Beauty,788.12,0.0,0
1228,601,Gucci,Footwear,847.61,0.0,0
1229,601,Gucci,Accessories,598.45,0.0,0
1230,602,Zara,Beauty,45.65,0.0,0
1231,602,Zara,Home,86.98,25.59,1
1232,603,Girlfriend Collective,Dresses,58.3,17.08,1
1233,603,Girlfriend Collective,Footwear,94.74,0.0,0
1234,603,Girlfriend Collective,Swimwear,150.0,0.0,0
1235,604,Zara,Lingerie,59.83,0.0,0
1236,605,Girlfriend Collective,Jeans,76.72,0.0,0
1237,605,Girlfriend Collective,Accessories,87.89,0.0,0
1238,605,Girlfriend Collective,Lingerie,66.67,18.98,1
1239,606,Urban Outfitters,Lingerie,60.79,0.0,0
1240,607,Loewe,Accessories,328.73,0.0,0
1241,607,Loewe,Jeans,700.0,0.0,0
1242,608,Urban Outfitters,Swimwear,89.47,0.0,0
1243,609,Girlfriend Collective,Footwear,110.37,0.0,0
1244,610,H&M,Home,60.59,0.0,0
1245,610,H&M,Tops,75.31,5.41,1
1246,610,H&M,Lingerie,99.23,0.0,0
1247,611,Loewe,Home,633.63,0.0,0
1248,611,Loewe,Swimwear,653.05,0.0,0
1249,611,Loewe,Outerwear,4171.22,0.0,0
1250,612,Under Armour,Footwear,107.94,0.0,0
1251,612,Under Armour,Activewear,95.46,6.36,1
1252,612,Under Armour,Swimwear,109.69,0.0,0
1253,613,H&M,Home,10.91,2.84,1
1254,613,H&M,Jeans,10.0,0.85,1
1255,614,Zara,Tops,92.68,7.19,1
1256,614,Zara,Activewear,63.75,0.0,0
1257,615,Prada,Tops,1910.12,0.0,0
1258,616,Shein,Footwear,24.09,0.0,0
1259,616,Shein,Outerwear,13.14,2.23,1
1260,617,H&M,Activewear,47.56,0.0,0
1261,617,H&M,Activewear,60.59,0.0,0
1262,617,H&M,Footwear,24.16,0.0,0
1263,618,Shein,Swimwear,9.48,1.46,1
1264,618,Shein,Home,20.11,0.0,0
1265,618,Shein,Outerwear,20.97,6.79,1
1266,619,Gucci,Dresses,1017.72,0.0,0
1267,620,Chanel,Bags,8000.0,0.0,0
1268,620,Chanel,Bags,10000.0,0.0,0
1269,620,Chanel,Outerwear,3382.13,0.0,0
1270,621,Zara,Accessories,64.33,0.0,0
1271,621,Zara,Accessories,79.9,0.0,0
1272,621,Zara,Activewear,45.8,0.0,0
1273,622,Girlfriend Collective,Swimwear,89.59,0.0,0
1274,623,Gucci,Activewear,624.2,0.0,0
1275,623,Gucci,Home,406.34,0.0,0
1276,623,Gucci,Accessories,494.78,0.0,0
1277,624,Loewe,Outerwear,3065.73,0.0,0
1278,624,Loewe,Bags,2406.22,0.0,0
1279,624,Loewe,Swimwear,720.71,0.0,0
1280,625,H&M,Outerwear,55.61,0.0,0
1281,626,Gucci,Footwear,961.14,0.0,0
1282,626,Gucci,Lingerie,1119.92,0.0,0
1283,627,H&M,Beauty,83.25,0.0,0
1284,627,H&M,Jeans,70.39,0.0,0
1285,627,H&M,Bags,42.0,2.57,1
1286,628,Urban Outfitters,Dresses,77.59,0.0,0
1287,628,Urban Outfitters,Swimwear,73.91,0.0,0
1288,628,Urban Outfitters,Bags,87.23,24.41,1
1289,629,H&M,Jeans,82.09,19.32,1
1290,629,H&M,Activewear,74.55,4.59,1
1291,629,H&M,Swimwear,103.47,0.0,0
1292,630,Under Armour,Tops,43.17,0.0,0
1293,631,Girlfriend Collective,Swimwear,98.74,0.0,0
1294,631,Girlfriend Collective,Activewear,109.48,0.0,0
1295,632,Under Armour,Activewear,51.23,0.0,0
1296,633,Girlfriend Collective,Jeans,45.7,10.61,1
1297,633,Girlfriend Collective,Footwear,75.84,0.0,0
1298,634,Loewe,Lingerie,752.94,120.84,1
1299,634,Loewe,Jeans,950.56,0.0,0
1300,635,Gucci,Home,959.81,0.0,0
1301,635,Gucci,Lingerie,973.71,0.0,0
1302,635,Gucci,Accessories,572.91,0.0,0
1303,636,Gucci,Dresses,1127.95,0.0,0
1304,636,Gucci,Lingerie,1279.18,0.0,0
1305,636,Gucci,Beauty,1374.95,0.0,0
1306,637,Girlfriend Collective,Swimwear,60.93,0.0,0
1307,637,Girlfriend Collective,Outerwear,88.28,19.65,1
1308,637,Girlfriend Collective,Footwear,99.84,27.99,1
1309,638,Shein,Home,12.18,3.29,1
1310,639,Shein,Dresses,22.88,0.0,0
1311,639,Shein,Bags,24.95,0.0,0
1312,639,Shein,Accessories,25.97,7.75,1
1313,640,Girlfriend Collective,Jeans,74.43,0.0,0
1314,640,Girlfriend Collective,Footwear,71.64,0.0,0
1315,640,Girlfriend Collective,Accessories,105.67,0.0,0
1316,641,Prada,Tops,2261.39,0.0,0
1317,641,Prada,Outerwear,4165.92,0.0,0
1318,642,Prada,Tops,1355.92,0.0,0
1319,642,Prada,Jeans,2204.34,0.0,0
1320,643,Shein,Home,22.95,0.0,0
1321,643,Shein,Dresses,14.03,0.0,0
1322,644,H&M,Bags,30.99,0.0,0
1323,644,H&M,Bags,80.38,0.0,0
1324,645,Chanel,Jeans,700.0,0.0,0
1325,645,Chanel,Swimwear,903.37,0.0,0
1326,645,Chanel,Lingerie,823.91,0.0,0
1327,646,Shein,Swimwear,30.72,0.0,0
1328,647,Shein,Tops,27.92,0.0,0
1329,647,Shein,Lingerie,14.71,0.0,0
1330,648,Urban Outfitters,Jeans,61.11,20.38,1
1331,649,Under Armour,Footwear,97.52,13.21,1
1332,649,Under Armour,Outerwear,117.01,0.0,0
1333,649,Under Armour,Activewear,105.07,0.0,0
1334,650,Loewe,Outerwear,3576.99,0.0,0
1335,650,Loewe,Swimwear,694.08,0.0,0
1336,650,Loewe,Tops,1454.69,0.0,0
1337,651,Urban Outfitters,Footwear,96.56,32.11,1
1338,652,Under Armour,Outerwear,66.14,0.0,0
1339,652,Under Armour,Bags,114.28,0.0,0
1340,653,Prada,Home,452.37,0.0,0
1341,653,Prada,Dresses,1819.9,0.0,0
1342,654,Zara,Outerwear,64.64,0.0,0
1343,654,Zara,Beauty,62.8,0.0,0
1344,655,H&M,Swimwear,89.95,0.0,0
1345,655,H&M,Beauty,49.58,0.0,0
1346,655,H&M,Tops,35.3,0.0,0
1347,656,H&M,Activewear,65.12,0.0,0
1348,656,H&M,Bags,69.47,20.44,1
1349,657,Zara,Swimwear,91.75,0.0,0
1350,658,H&M,Lingerie,75.4,7.8,1
1351,658,H&M,Home,51.67,0.0,0
1352,658,H&M,Beauty,75.32,0.0,0
1353,659,Under Armour,Outerwear,107.82,0.0,0
1354,660,Gucci,Lingerie,745.07,0.0,0
1355,660,Gucci,Outerwear,3805.18,0.0,0
1356,661,Loewe,Activewear,959.98,0.0,0
1357,661,Loewe,Jeans,1069.31,0.0,0
1358,662,Chanel,Jeans,1402.72,0.0,0
1359,662,Chanel,Bags,8488.22,0.0,0
1360,662,Chanel,Tops,1889.26,0.0,0
1361,663,H&M,Outerwear,37.07,0.0,0
1362,663,H&M,Accessories,29.38,0.0,0
1363,664,Loewe,Bags,2206.14,0.0,0
1364,664,Loewe,Beauty,819.1,0.0,0
1365,665,Zara,Swimwear,51.12,12.15,1
1366,666,Girlfriend Collective,Home,74.45,12.19,1
1367,667,Girlfriend Collective,Activewear,47.16,0.0,0
1368,667,Girlfriend Collective,Jeans,42.65,0.0,0
1369,667,Girlfriend Collective,Home,68.65,19.93,1
1370,668,Zara,Activewear,76.13,0.0,0
1371,668,Zara,Tops,32.61,0.0,0
1372,668,Zara,Dresses,79.0,0.0,0
1373,669,Shein,Activewear,31.35,0.0,0
1374,670,Gucci,Beauty,908.41,0.0,0
1375,670,Gucci,Dresses,1599.51,0.0,0
1376,671,H&M,Lingerie,64.41,0.0,0
1377,671,H&M,Home,58.64,0.0,0
1378,671,H&M,Activewear,59.13,0.0,0
1379,672,Under Armour,Outerwear,104.49,0.0,0
1380,673,Loewe,Bags,2290.86,0.0,0
1381,673,Loewe,Dresses,1274.03,0.0,0
1382,673,Loewe,Swimwear,853.98,0.0,0
1383,674,H&M,Home,78.22,0.0,0
1384,674,H&M,Swimwear,73.06,0.0,0
1385,675,Urban Outfitters,Bags,63.29,0.0,0
1386,676,Shein,Dresses,5.0,0.5,1
1387,676,Shein,Lingerie,26.23,2.42,1
1388,676,Shein,Bags,24.35,0.0,0
1389,677,Gucci,Accessories,619.88,0.0,0
1390,677,Gucci,Jeans,1387.84,356.26,1
1391,678,Zara,Swimwear,77.64,0.0,0
1392,679,Loewe,Footwear,754.6,0.0,0
1393,680,Urban Outfitters,Accessories,20.0,1.08,1
1394,681,Zara,Tops,27.61,0.0,0
1395,682,H&M,Accessories,83.04,0.0,0
1396,682,H&M,Dresses,46.08,0.0,0
1397,682,H&M,Home,47.96,0.0,0
1398,683,Girlfriend Collective,Lingerie,86.67,0.0,0
1399,683,Girlfriend Collective,Outerwear,83.85,0.0,0
1400,684,Urban Outfitters,Footwear,91.97,0.0,0
1401,685,H&M,Jeans,83.04,5.82,1
1402,685,H&M,Outerwear,31.0,0.0,0
1403,686,Shein,Lingerie,18.84,0.0,0
1404,687,Girlfriend Collective,Footwear,125.58,0.0,0
1405,688,Prada,Lingerie,420.47,0.0,0
1406,688,Prada,Lingerie,668.48,0.0,0
1407,689,Under Armour,Home,104.57,10.82,1
1408,690,Gucci,Beauty,610.96,0.0,0
1409,690,Gucci,Lingerie,535.31,0.0,0
1410,690,Gucci,Lingerie,507.7,0.0,0
1411,691,Zara,Activewear,77.01,22.41,1
1412,692,Urban Outfitters,Footwear,66.7,22.74,1
1413,693,Girlfriend Collective,Outerwear,92.87,0.0,0
1414,693,Girlfriend Collective,Activewear,54.7,0.0,0
1415,694,Shein,Footwear,14.82,0.0,0
1416,694,Shein,Activewear,23.77,0.0,0
1417,694,Shein,Outerwear,23.91,0.0,0
1418,695,Chanel,Beauty,627.85,0.0,0
1419,695,Chanel,Beauty,682.57,0.0,0
1420,696,Gucci,Home,937.38,0.0,0
1421,696,Gucci,Swimwear,972.62,0.0,0
1422,697,Zara,Tops,39.06,6.18,1
1423,697,Zara,Tops,84.37,0.0,0
1424,697,Zara,Dresses,80.61,0.0,0
1425,698,H&M,Beauty,48.04,0.0,0
1426,698,H&M,Home,25.49,0.0,0
1427,699,Prada,Lingerie,746.48,0.0,0
1428,699,Prada,Jeans,1307.54,0.0,0
1429,700,Shein,Home,8.64,2.34,1
1430,700,Shein,Dresses,24.59,0.0,0
1431,700,Shein,Tops,30.44,0.0,0
1432,701,Prada,Activewear,853.48,0.0,0
1433,701,Prada,Footwear,1041.27,0.0,0
1434,702,Under Armour,Accessories,106.89,0.0,0
1435,702,Under Armour,Beauty,64.21,6.93,1
1436,702,Under Armour,Jeans,81.28,0.0,0
1437,703,H&M,Activewear,60.39,0.0,0
1438,703,H&M,Jeans,23.37,0.0,0
1439,703,H&M,Outerwear,13.11,0.0,0
1440,704,Urban Outfitters,Dresses,77.62,0.0,0
1441,704,Urban Outfitters,Dresses,92.04,7.1,1
1442,704,Urban Outfitters,Jeans,74.1,0.0,0
1443,705,Gucci,Beauty,903.96,0.0,0
1444,706,Prada,Activewear,1029.3,0.0,0
1445,706,Prada,Outerwear,3703.87,0.0,0
1446,706,Prada,Jeans,1715.52,0.0,0
1447,707,Zara,Outerwear,49.91,0.0,0
1448,708,Chanel,Dresses,1332.82,0.0,0
1449,708,Chanel,Footwear,977.63,0.0,0
1450,709,H&M,Accessories,79.89,17.62,1
1451,709,H&M,Footwear,43.62,0.0,0
1452,709,H&M,Outerwear,93.48,24.3,1
1453,710,Under Armour,Outerwear,122.09,15.66,1
1454,711,H&M,Footwear,79.93,0.0,0
1455,711,H&M,Beauty,89.57,0.0,0
1456,711,H&M,Footwear,63.61,0.0,0
1457,712,Zara,Footwear,43.36,0.0,0
1458,712,Zara,Jeans,10.0,0.0,0
1459,713,Under Armour,Bags,56.32,0.0,0
1460,714,Urban Outfitters,Outerwear,82.0,0.0,0
1461,715,Girlfriend Collective,Tops,75.16,0.0,0
1462,715,Girlfriend Collective,Swimwear,79.48,14.13,1
1463,716,Zara,Outerwear,15.95,0.0,0
1464,717,H&M,Tops,34.82,0.0,0
1465,717,H&M,Jeans,46.61,0.0,0
1466,718,Urban Outfitters,Jeans,64.73,6.58,1
1467,718,Urban Outfitters,Dresses,61.0,18.75,1
1468,718,Urban Outfitters,Dresses,109.81,0.0,0
1469,719,Urban Outfitters,Dresses,81.2,0.0,0
1470,719,Urban Outfitters,Home,79.76,15.29,1
1471,720,Gucci,Accessories,821.5,0.0,0
1472,721,Prada,Home,1003.11,0.0,0
1473,721,Prada,Accessories,566.63,0.0,0
1474,721,Prada,Bags,2387.49,0.0,0
1475,722,Prada,Activewear,825.65,0.0,0
1476,723,Loewe,Activewear,819.86,0.0,0
1477,723,Loewe,Tops,2096.94,0.0,0
1478,723,Loewe,Dresses,2004.1,0.0,0
1479,724,Zara,Accessories,10.0,0.0,0
1480,724,Zara,Tops,62.12,0.0,0
1481,725,Urban Outfitters,Dresses,111.31,0.0,0
1482,725,Urban Outfitters,Footwear,83.05,0.0,0
1483,725,Urban Outfitters,Beauty,83.49,0.0,0
1484,726,H&M,Accessories,83.98,0.0,0
1485,726,H&M,Bags,50.18,0.0,0
1486,726,H&M,Accessories,49.97,0.0,0
1487,727,Zara,Dresses,114.8,0.0,0
1488,727,Zara,Swimwear,36.56,0.0,0
1489,727,Zara,Home,95.27,0.0,0
1490,728,Gucci,Swimwear,772.33,0.0,0
1491,728,Gucci,Dresses,1389.21,0.0,0
1492,729,Under Armour,Home,72.32,0.0,0
1493,729,Under Armour,Tops,93.08,0.0,0
1494,729,Under Armour,Dresses,148.0,0.0,0
1495,730,Prada,Footwear,1031.76,0.0,0
1496,730,Prada,Beauty,394.9,0.0,0
1497,730,Prada,Swimwear,625.97,0.0,0
1498,731,H&M,Outerwear,47.42,0.0,0
1499,731,H&M,Dresses,58.9,0.0,0
1500,732,Zara,Dresses,44.86,4.19,1
1501,732,Zara,Accessories,71.37,0.0,0
1502,732,Zara,Bags,79.31,0.0,0
1503,733,H&M,Tops,50.82,17.44,1
1504,733,H&M,Dresses,103.47,0.0,0
1505,734,Urban Outfitters,Jeans,71.69,0.0,0
1506,735,Loewe,Lingerie,593.08,0.0,0
1507,736,Shein,Activewear,11.15,0.0,0
1508,736,Shein,Outerwear,7.18,0.0,0
1509,737,Girlfriend Collective,Beauty,90.16,0.0,0
1510,738,H&M,Beauty,86.95,11.31,1
1511,738,H&M,Beauty,90.28,0.0,0
1512,739,Chanel,Dresses,845.51,0.0,0
1513,740,Girlfriend Collective,Swimwear,104.7,0.0,0
1514,740,Girlfriend Collective,Tops,81.87,0.0,0
1515,741,Zara,Bags,28.58,7.41,1
1516,741,Zara,Accessories,11.2,0.0,0
1517,741,Zara,Beauty,53.74,0.0,0
1518,742,H&M,Swimwear,107.87,0.0,0
1519,742,H&M,Footwear,52.89,0.0,0
1520,742,H&M,Tops,31.4,7.08,1
1521,743,Urban Outfitters,Outerwear,93.3,0.0,0
1522,744,Loewe,Accessories,544.04,0.0,0
1523,745,Zara,Lingerie,28.68,0.0,0
1524,746,Shein,Accessories,33.4,0.0,0
1525,747,Girlfriend Collective,Beauty,68.03,0.0,0
1526,747,Girlfriend Collective,Footwear,80.37,0.0,0
1527,747,Girlfriend Collective,Accessories,30.9,5.29,1
1528,748,Zara,Accessories,74.15,0.0,0
1529,749,Girlfriend Collective,Dresses,106.21,0.0,0
1530,749,Girlfriend Collective,Accessories,51.77,0.0,0
1531,749,Girlfriend Collective,Activewear,103.31,0.0,0
1532,750,Girlfriend Collective,Dresses,50.16,0.0,0
1533,750,Girlfriend Collective,Tops,109.88,0.0,0
1534,750,Girlfriend Collective,Jeans,70.45,0.0,0
1535,751,H&M,Beauty,87.96,0.0,0
1536,751,H&M,Activewear,48.96,0.0,0
1537,751,H&M,Bags,81.5,0.0,0
1538,752,Loewe,Footwear,767.78,0.0,0
1539,753,Under Armour,Activewear,96.1,0.0,0
1540,753,Under Armour,Activewear,107.4,0.0,0
1541,754,Prada,Activewear,797.22,0.0,0
1542,755,Chanel,Swimwear,713.32,0.0,0
1543,755,Chanel,Dresses,1611.41,0.0,0
1544,756,Urban Outfitters,Tops,70.42,0.0,0
1545,756,Urban Outfitters,Home,222.91,0.0,0
1546,756,Urban Outfitters,Accessories,67.39,0.0,0
1547,757,Gucci,Jeans,1486.05,0.0,0
1548,758,Shein,Footwear,5.0,0.61,1
1549,758,Shein,Activewear,33.01,0.0,0
1550,758,Shein,Beauty,26.3,0.0,0
1551,759,Gucci,Outerwear,3622.5,0.0,0
1552,759,Gucci,Bags,2669.38,0.0,0
1553,760,Gucci,Swimwear,446.88,0.0,0
1554,761,Chanel,Home,612.53,0.0,0
1555,761,Chanel,Outerwear,3361.78,0.0,0
1556,762,Gucci,Jeans,1485.2,0.0,0
1557,762,Gucci,Accessories,713.4,0.0,0
1558,762,Gucci,Tops,2375.79,0.0,0
1559,763,Under Armour,Footwear,95.73,0.0,0
1560,763,Under Armour,Accessories,30.0,0.0,0
1561,764,Under Armour,Footwear,124.71,0.0,0
1562,764,Under Armour,Bags,69.55,0.0,0
1563,764,Under Armour,Bags,93.02,29.69,1
1564,765,Zara,Activewear,46.2,10.74,1
1565,766,Urban Outfitters,Beauty,114.7,0.0,0
1566,766,Urban Outfitters,Activewear,80.05,0.0,0
1567,766,Urban Outfitters,Beauty,98.12,23.34,1
1568,767,Under Armour,Home,51.41,0.0,0
1569,767,Under Armour,Tops,112.63,0.0,0
1570,767,Under Armour,Activewear,133.42,38.58,1
1571,768,Chanel,Jeans,1580.8,367.92,1
1572,768,Chanel,Outerwear,3788.58,0.0,0
1573,769,Under Armour,Activewear,69.32,15.65,1
1574,770,H&M,Footwear,64.35,0.0,0
1575,771,H&M,Bags,46.3,9.85,1
1576,772,Under Armour,Accessories,147.98,0.0,0
1577,772,Under Armour,Home,104.32,0.0,0
1578,772,Under Armour,Activewear,80.0,0.0,0
1579,773,Zara,Lingerie,46.94,0.0,0
1580,773,Zara,Jeans,65.34,0.0,0
1581,774,Zara,Activewear,68.12,0.0,0
1582,774,Zara,Swimwear,25.85,0.0,0
1583,774,Zara,Bags,43.13,11.95,1
1584,775,Shein,Bags,27.86,0.0,0
1585,775,Shein,Dresses,5.0,0.0,0
1586,775,Shein,Outerwear,10.55,3.25,1
1587,776,Gucci,Activewear,788.81,0.0,0
1588,777,H&M,Lingerie,64.84,16.31,1
1589,777,H&M,Jeans,76.35,12.89,1
1590,778,Shein,Bags,38.45,0.0,0
1591,778,Shein,Home,39.72,0.0,0
1592,778,Shein,Bags,14.95,0.0,0
1593,779,Shein,Footwear,10.23,0.0,0
1594,779,Shein,Bags,22.71,0.0,0
1595,779,Shein,Accessories,39.42,0.0,0
1596,780,Loewe,Beauty,455.04,0.0,0
1597,780,Loewe,Outerwear,4022.78,1051.16,1
1598,781,Prada,Footwear,1080.67,0.0,0
1599,782,Gucci,Swimwear,733.66,0.0,0
1600,782,Gucci,Dresses,1493.09,0.0,0
1601,782,Gucci,Footwear,794.0,0.0,0
1602,783,Gucci,Home,927.11,0.0,0
1603,783,Gucci,Activewear,877.16,0.0,0
1604,784,H&M,Footwear,58.59,0.0,0
1605,784,H&M,Bags,49.33,0.0,0
1606,784,H&M,Bags,67.3,18.5,1
1607,785,Prada,Outerwear,3054.04,0.0,0
1608,785,Prada,Dresses,959.09,0.0,0
1609,785,Prada,Lingerie,1046.32,0.0,0
1610,786,Chanel,Dresses,1887.57,0.0,0
1611,787,Gucci,Jeans,1615.92,0.0,0
1612,788,Shein,Home,41.61,0.0,0
1613,788,Shein,Home,32.02,0.0,0
1614,788,Shein,Dresses,21.77,0.0,0
1615,789,Gucci,Tops,1598.79,0.0,0
1616,789,Gucci,Footwear,1177.85,213.38,1
1617,789,Gucci,Swimwear,820.08,0.0,0
1618,790,Under Armour,Dresses,118.33,0.0,0
1619,790,Under Armour,Dresses,106.81,0.0,0
1620,790,Under Armour,Swimwear,122.08,24.91,1
1621,791,Gucci,Accessories,812.22,0.0,0
1622,791,Gucci,Bags,1927.72,0.0,0
1623,791,Gucci,Beauty,434.41,0.0,0
1624,792,Under Armour,Home,60.72,0.0,0
1625,792,Under Armour,Tops,41.56,0.0,0
1626,792,Under Armour,Tops,119.61,0.0,0
1627,793,Zara,Jeans,49.22,0.0,0
1628,793,Zara,Lingerie,62.64,0.0,0
1629,794,Gucci,Footwear,946.71,0.0,0
1630,794,Gucci,Jeans,973.73,0.0,0
1631,794,Gucci,Activewear,812.46,0.0,0
1632,795,Gucci,Footwear,812.3,0.0,0
1633,795,Gucci,Footwear,1079.45,0.0,0
1634,795,Gucci,Activewear,809.97,0.0,0
1635,796,Zara,Footwear,71.46,22.39,1
1636,797,H&M,Home,61.67,3.99,1
1637,797,H&M,Accessories,38.16,10.73,1
1638,797,H&M,Dresses,21.39,2.19,1
1639,798,Gucci,Bags,1969.0,0.0,0
1640,799,Zara,Swimwear,78.45,0.0,0
1641,800,H&M,Accessories,61.35,0.0,0
1642,800,H&M,Footwear,58.53,0.0,0
1643,801,Loewe,Outerwear,4120.95,0.0,0
1644,801,Loewe,Beauty,906.69,0.0,0
1645,801,Loewe,Bags,1872.93,635.43,1
1646,802,Zara,Jeans,110.49,0.0,0
1647,803,Chanel,Tops,1482.87,0.0,0
1648,804,Girlfriend Collective,Accessories,123.78,40.96,1
1649,805,Prada,Jeans,1874.17,208.45,1
1650,806,Girlfriend Collective,Tops,76.8,0.0,0
1651,807,Loewe,Swimwear,644.22,0.0,0
1652,808,H&M,Activewear,75.86,26.28,1
1653,808,H&M,Bags,80.58,0.0,0
1654,809,Prada,Tops,1482.81,0.0,0
1655,809,Prada,Outerwear,3994.5,0.0,0
1656,809,Prada,Swimwear,432.87,0.0,0
1657,810,Urban Outfitters,Activewear,30.84,6.3,1
1658,810,Urban Outfitters,Activewear,26.68,0.0,0
1659,810,Urban Outfitters,Home,123.21,0.0,0
1660,811,Zara,Home,62.03,0.0,0
1661,812,Gucci,Footwear,827.38,0.0,0
1662,813,Gucci,Beauty,958.84,104.87,1
1663,813,Gucci,Tops,1059.66,0.0,0
1664,814,Urban Outfitters,Lingerie,105.56,0.0,0
1665,815,Urban Outfitters,Bags,130.31,0.0,0
1666,816,Gucci,Swimwear,624.26,0.0,0
1667,816,Gucci,Jeans,1652.67,0.0,0
1668,816,Gucci,Swimwear,1003.78,0.0,0
1669,817,H&M,Accessories,91.86,0.0,0
1670,817,H&M,Jeans,47.45,16.25,1
1671,818,H&M,Outerwear,94.49,0.0,0
1672,818,H&M,Dresses,88.59,0.0,0
1673,819,Prada,Activewear,698.33,0.0,0
1674,819,Prada,Activewear,866.71,0.0,0
1675,819,Prada,Home,1119.52,0.0,0
1676,820,Gucci,Swimwear,738.44,0.0,0
1677,820,Gucci,Jeans,1066.88,0.0,0
1678,821,Prada,Jeans,758.74,0.0,0
1679,821,Prada,Accessories,419.67,0.0,0
1680,821,Prada,Tops,1682.76,0.0,0
1681,822,Loewe,Bags,2668.35,0.0,0
1682,822,Loewe,Home,584.35,0.0,0
1683,823,Chanel,Outerwear,3698.14,0.0,0
1684,823,Chanel,Lingerie,826.5,0.0,0
1685,823,Chanel,Accessories,585.86,0.0,0
1686,824,Urban Outfitters,Beauty,118.23,0.0,0
1687,825,Prada,Activewear,510.51,0.0,0
1688,826,H&M,Lingerie,83.77,0.0,0
1689,826,H&M,Activewear,63.61,0.0,0
1690,826,H&M,Outerwear,79.55,0.0,0
1691,827,Under Armour,Lingerie,94.21,0.0,0
1692,827,Under Armour,Bags,66.89,0.0,0
1693,827,Under Armour,Swimwear,72.98,0.0,0
1694,828,Prada,Footwear,1176.32,0.0,0
1695,828,Prada,Accessories,553.83,0.0,0
1696,828,Prada,Dresses,1254.62,0.0,0
1697,829,Gucci,Swimwear,1098.67,0.0,0
1698,830,Prada,Bags,2251.53,0.0,0
1699,830,Prada,Accessories,544.54,0.0,0
1700,830,Prada,Outerwear,3304.76,0.0,0
1701,831,Urban Outfitters,Footwear,175.43,14.09,1
1702,831,Urban Outfitters,Activewear,22.84,0.0,0
1703,832,H&M,Bags,36.04,0.0,0
1704,832,H&M,Accessories,73.86,0.0,0
1705,832,H&M,Accessories,38.05,3.13,1
1706,833,H&M,Footwear,72.41,0.0,0
1707,834,Chanel,Footwear,752.71,0.0,0
1708,835,Loewe,Home,1225.74,0.0,0
1709,835,Loewe,Tops,1472.35,0.0,0
1710,835,Loewe,Tops,1493.3,0.0,0
1711,836,Loewe,Home,1160.29,0.0,0
1712,837,Shein,Outerwear,30.47,0.0,0
1713,838,Chanel,Outerwear,3024.39,0.0,0
1714,838,Chanel,Activewear,830.59,0.0,0
1715,838,Chanel,Beauty,1056.05,0.0,0
1716,839,Prada,Footwear,1157.7,0.0,0
1717,840,Prada,Home,715.61,0.0,0
1718,841,Girlfriend Collective,Activewear,101.32,0.0,0
1719,841,Girlfriend Collective,Footwear,122.24,0.0,0
1720,842,Loewe,Tops,1778.85,0.0,0
1721,842,Loewe,Outerwear,3349.29,0.0,0
1722,843,Urban Outfitters,Dresses,20.0,1.54,1
1723,843,Urban Outfitters,Beauty,94.54,0.0,0
1724,843,Urban Outfitters,Jeans,26.64,0.0,0
1725,844,H&M,Dresses,34.31,0.0,0
1726,844,H&M,Lingerie,60.05,0.0,0
1727,845,Urban Outfitters,Activewear,20.0,0.0,0
1728,846,Urban Outfitters,Activewear,58.15,6.85,1
1729,846,Urban Outfitters,Activewear,66.37,9.23,1
1730,846,Urban Outfitters,Lingerie,64.29,0.0,0
1731,847,Urban Outfitters,Lingerie,47.9,0.0,0
1732,847,Urban Outfitters,Accessories,76.13,0.0,0
1733,847,Urban Outfitters,Outerwear,55.75,0.0,0
1734,848,Under Armour,Home,98.13,30.22,1
1735,849,Loewe,Home,802.24,0.0,0
1736,849,Loewe,Dresses,731.8,0.0,0
1737,849,Loewe,Activewear,709.9,0.0,0
1738,850,Zara,Bags,52.37,0.0,0
1739,851,Loewe,Tops,1838.17,0.0,0
1740,852,Urban Outfitters,Jeans,113.5,17.74,1
1741,852,Urban Outfitters,Lingerie,64.44,0.0,0
1742,852,Urban Outfitters,Home,71.07,0.0,0
1743,853,Zara,Outerwear,84.92,0.0,0
1744,853,Zara,Outerwear,27.6,0.0,0
1745,854,Gucci,Lingerie,736.26,0.0,0
1746,854,Gucci,Lingerie,1212.19,0.0,0
1747,854,Gucci,Lingerie,559.8,0.0,0
1748,855,Chanel,Activewear,754.6,0.0,0
1749,855,Chanel,Jeans,1341.5,0.0,0
1750,855,Chanel,Beauty,783.83,0.0,0
1751,856,H&M,Lingerie,56.83,0.0,0
1752,856,H&M,Accessories,82.57,0.0,0
1753,857,Prada,Dresses,1055.2,0.0,0
1754,858,Urban Outfitters,Outerwear,80.79,0.0,0
1755,859,Shein,Swimwear,14.98,0.0,0
1756,860,Chanel,Jeans,1644.12,568.11,1
1757,861,Urban Outfitters,Lingerie,46.44,0.0,0
1758,862,Girlfriend Collective,Jeans,150.0,0.0,0
1759,862,Girlfriend Collective,Dresses,62.23,0.0,0
1760,863,Prada,Jeans,1287.8,0.0,0
1761,863,Prada,Tops,1487.56,0.0,0
1762,863,Prada,Dresses,1853.47,0.0,0
1763,864,Shein,Lingerie,23.71,0.0,0
1764,865,Girlfriend Collective,Footwear,79.2,0.0,0
1765,865,Girlfriend Collective,Swimwear,118.31,0.0,0
1766,865,Girlfriend Collective,Dresses,72.43,0.0,0
1767,866,Shein,Bags,26.62,4.56,1
1768,867,Gucci,Home,851.29,0.0,0
1769,867,Gucci,Dresses,2500.0,0.0,0
1770,867,Gucci,Beauty,775.16,0.0,0
1771,868,Shein,Bags,12.82,0.0,0
1772,869,Urban Outfitters,Bags,66.31,5.39,1
1773,870,Shein,Beauty,36.32,0.0,0
1774,870,Shein,Tops,28.99,2.23,1
1775,871,Chanel,Tops,1417.64,199.72,1
1776,871,Chanel,Footwear,724.78,0.0,0
1777,871,Chanel,Beauty,602.73,0.0,0
1778,872,Chanel,Activewear,817.97,0.0,0
1779,873,H&M,Bags,24.73,5.99,1
1780,874,Zara,Dresses,68.77,0.0,0
1781,874,Zara,Activewear,23.85,0.0,0
1782,874,Zara,Jeans,53.5,0.0,0
1783,875,H&M,Lingerie,59.86,15.0,1
1784,876,Loewe,Home,712.41,0.0,0
1785,876,Loewe,Home,615.25,182.77,1
1786,876,Loewe,Outerwear,3098.57,0.0,0
1787,877,Girlfriend Collective,Home,100.54,0.0,0
1788,877,Girlfriend Collective,Jeans,70.2,0.0,0
1789,877,Girlfriend Collective,Dresses,86.88,0.0,0
1790,878,H&M,Footwear,47.2,12.84,1
1791,878,H&M,Home,55.68,0.0,0
1792,878,H&M,Outerwear,81.78,0.0,0
1793,879,Gucci,Activewear,300.0,0.0,0
1794,879,Gucci,Bags,1912.08,0.0,0
1795,880,Urban Outfitters,Activewear,108.42,18.04,1
1796,881,Urban Outfitters,Bags,84.67,0.0,0
1797,881,Urban Outfitters,Lingerie,89.16,0.0,0
1798,882,Chanel,Lingerie,532.86,51.05,1
1799,883,Urban Outfitters,Tops,104.01,0.0,0
1800,883,Urban Outfitters,Outerwear,92.16,0.0,0
1801,883,Urban Outfitters,Jeans,38.94,0.0,0
1802,884,Prada,Activewear,789.08,0.0,0
1803,885,Under Armour,Tops,83.44,5.8,1
1804,885,Under Armour,Swimwear,97.78,26.02,1
1805,886,Zara,Beauty,93.95,15.44,1
1806,887,Gucci,Activewear,769.06,0.0,0
1807,888,Girlfriend Collective,Lingerie,74.75,0.0,0
1808,888,Girlfriend Collective,Beauty,48.46,0.0,0
1809,889,Girlfriend Collective,Beauty,54.61,0.0,0
1810,889,Girlfriend Collective,Bags,102.61,0.0,0
1811,890,Shein,Jeans,26.45,0.0,0
1812,890,Shein,Outerwear,17.86,0.0,0
1813,890,Shein,Home,23.09,6.73,1
1814,891,Urban Outfitters,Activewear,49.98,0.0,0
1815,891,Urban Outfitters,Beauty,25.56,0.0,0
1816,891,Urban Outfitters,Accessories,60.81,0.0,0
1817,892,Loewe,Footwear,1025.97,0.0,0
1818,892,Loewe,Accessories,677.6,0.0,0
1819,893,Zara,Lingerie,48.04,14.99,1
1820,894,Under Armour,Footwear,121.9,0.0,0
1821,894,Under Armour,Accessories,103.4,8.54,1
1822,895,Loewe,Accessories,496.13,0.0,0
1823,895,Loewe,Footwear,823.12,0.0,0
1824,895,Loewe,Beauty,965.65,0.0,0
1825,896,Loewe,Home,486.49,0.0,0
1826,897,Loewe,Lingerie,623.77,0.0,0
1827,897,Loewe,Accessories,544.34,0.0,0
1828,897,Loewe,Jeans,2261.04,0.0,0
1829,898,Gucci,Footwear,715.23,0.0,0
1830,898,Gucci,Swimwear,755.51,0.0,0
1831,899,H&M,Tops,18.37,0.0,0
1832,900,Zara,Activewear,62.55,0.0,0
1833,901,Under Armour,Bags,135.55,0.0,0
1834,901,Under Armour,Outerwear,102.69,0.0,0
1835,902,Zara,Swimwear,104.46,0.0,0
1836,903,Chanel,Home,1088.18,0.0,0
1837,903,Chanel,Dresses,966.37,0.0,0
1838,904,Gucci,Accessories,813.72,0.0,0
1839,905,Under Armour,Bags,48.08,0.0,0
1840,905,Under Armour,Bags,102.68,0.0,0
1841,906,Loewe,Dresses,1743.31,0.0,0
1842,906,Loewe,Outerwear,3880.74,0.0,0
1843,907,Loewe,Outerwear,3595.65,0.0,0
1844,907,Loewe,Footwear,906.62,0.0,0
1845,908,Loewe,Outerwear,3118.33,0.0,0
1846,908,Loewe,Swimwear,770.97,0.0,0
1847,909,Loewe,Beauty,954.8,0.0,0
1848,910,Loewe,Tops,1836.62,0.0,0
1849,910,Loewe,Bags,2215.45,0.0,0
1850,911,Prada,Tops,1880.24,0.0,0
1851,911,Prada,Outerwear,3208.37,0.0,0
1852,911,Prada,Accessories,391.11,0.0,0
1853,912,Shein,Accessories,25.44,0.0,0
1854,912,Shein,Jeans,14.53,0.0,0
1855,912,Shein,Swimwear,18.38,2.47,1
1856,913,Gucci,Swimwear,588.36,0.0,0
1857,913,Gucci,Jeans,1491.13,0.0,0
1858,914,Zara,Jeans,83.75,0.0,0
1859,915,H&M,Home,51.86,0.0,0
1860,916,Under Armour,Beauty,124.93,0.0,0
1861,916,Under Armour,Dresses,93.43,0.0,0
1862,917,Loewe,Jeans,1001.62,0.0,0
1863,918,Gucci,Activewear,917.39,67.73,1
1864,919,Gucci,Bags,1940.18,0.0,0
1865,919,Gucci,Bags,2072.2,0.0,0
1866,919,Gucci,Lingerie,865.54,0.0,0
1867,920,Under Armour,Jeans,63.26,0.0,0
1868,921,Chanel,Dresses,1319.73,0.0,0
1869,921,Chanel,Activewear,807.6,0.0,0
1870,921,Chanel,Lingerie,695.02,0.0,0
1871,922,Urban Outfitters,Home,20.0,1.04,1
1872,922,Urban Outfitters,Outerwear,89.57,0.0,0
1873,923,H&M,Home,49.86,13.8,1
1874,923,H&M,Dresses,84.9,0.0,0
1875,924,Shein,Home,26.13,0.0,0
1876,924,Shein,Dresses,39.93,0.0,0
1877,925,Gucci,Footwear,741.02,0.0,0
1878,925,Gucci,Footwear,861.96,0.0,0
1879,926,H&M,Accessories,62.14,0.0,0
1880,926,H&M,Footwear,24.02,0.0,0
1881,927,Urban Outfitters,Home,65.52,0.0,0
1882,928,Gucci,Beauty,799.81,0.0,0
1883,928,Gucci,Tops,1731.93,0.0,0
1884,929,Under Armour,Activewear,94.43,15.81,1
1885,930,Zara,Accessories,44.29,13.24,1
1886,930,Zara,Outerwear,34.68,6.8,1
1887,931,Loewe,Bags,2474.52,0.0,0
1888,932,H&M,Home,64.44,0.0,0
1889,932,H&M,Jeans,49.61,16.52,1
1890,933,H&M,Beauty,56.15,13.43,1
1891,933,H&M,Lingerie,84.54,0.0,0
1892,934,Shein,Home,11.47,0.0,0
1893,934,Shein,Lingerie,34.14,0.0,0
1894,935,Shein,Activewear,17.83,0.0,0
1895,936,Gucci,Footwear,537.18,0.0,0
1896,936,Gucci,Home,681.33,0.0,0
1897,936,Gucci,Footwear,870.05,0.0,0
1898,937,Gucci,Bags,1625.12,0.0,0
1899,938,Urban Outfitters,Lingerie,85.45,0.0,0
1900,939,Girlfriend Collective,Outerwear,92.68,15.47,1
1901,939,Girlfriend Collective,Outerwear,99.61,0.0,0
1902,939,Girlfriend Collective,Tops,150.0,0.0,0
1903,940,Shein,Bags,29.35,0.0,0
1904,940,Shein,Footwear,21.79,0.0,0
1905,940,Shein,Lingerie,8.44,0.0,0
1906,941,Shein,Home,21.63,0.0,0
1907,942,Gucci,Home,626.49,0.0,0
1908,942,Gucci,Outerwear,4095.05,0.0,0
1909,943,H&M,Accessories,65.06,12.33,1
1910,943,H&M,Bags,92.64,0.0,0
1911,943,H&M,Jeans,85.74,0.0,0
1912,944,Urban Outfitters,Home,163.49,0.0,0
1913,945,Shein,Dresses,26.35,3.9,1
1914,946,Shein,Accessories,17.1,0.0,0
1915,946,Shein,Accessories,30.09,0.0,0
1916,946,Shein,Jeans,25.24,0.0,0
1917,947,Under Armour,Tops,71.22,0.0,0
1918,947,Under Armour,Home,84.78,0.0,0
1919,947,Under Armour,Bags,98.98,6.97,1
1920,948,Loewe,Dresses,700.0,0.0,0
1921,949,Urban Outfitters,Bags,66.01,0.0,0
1922,950,Chanel,Dresses,1535.41,0.0,0
1923,950,Chanel,Jeans,1330.2,0.0,0
1924,950,Chanel,Activewear,569.04,0.0,0
1925,951,Girlfriend Collective,Activewear,57.24,0.0,0
1926,951,Girlfriend Collective,Activewear,73.69,0.0,0
1927,951,Girlfriend Collective,Jeans,90.58,0.0,0
1928,952,H&M,Bags,53.34,14.1,1
1929,952,H&M,Swimwear,10.0,1.1,1
1930,953,Under Armour,Footwear,64.07,0.0,0
1931,954,Urban Outfitters,Swimwear,48.59,11.58,1
1932,955,Under Armour,Accessories,99.52,10.99,1
1933,955,Under Armour,Outerwear,98.41,0.0,0
1934,955,Under Armour,Outerwear,120.8,0.0,0
1935,956,H&M,Beauty,51.9,0.0,0
1936,956,H&M,Activewear,51.62,3.23,1
1937,956,H&M,Home,83.41,0.0,0
1938,957,Prada,Activewear,1067.28,0.0,0
1939,957,Prada,Footwear,1172.64,0.0,0
1940,957,Prada,Beauty,1012.05,0.0,0
1941,958,Shein,Jeans,43.85,0.0,0
1942,959,Chanel,Accessories,548.76,0.0,0
1943,959,Chanel,Bags,9096.49,0.0,0
1944,960,H&M,Tops,29.9,0.0,0
1945,961,Loewe,Outerwear,3452.06,0.0,0
1946,962,H&M,Beauty,70.69,12.51,1
1947,963,Urban Outfitters,Outerwear,38.75,0.0,0
1948,964,Zara,Dresses,105.82,0.0,0
1949,965,Zara,Dresses,82.21,0.0,0
1950,966,H&M,Bags,71.22,18.34,1
1951,966,H&M,Dresses,59.77,0.0,0
1952,966,H&M,Tops,68.72,12.35,1
1953,967,Loewe,Tops,1515.59,0.0,0
1954,967,Loewe,Home,1202.94,0.0,0
1955,967,Loewe,Activewear,648.12,0.0,0
1956,968,Zara,Tops,46.39,0.0,0
1957,968,Zara,Lingerie,77.65,0.0,0
1958,969,Chanel,Tops,1240.6,0.0,0
1959,969,Chanel,Lingerie,588.96,0.0,0
1960,969,Chanel,Swimwear,829.21,0.0,0
1961,970,Shein,Footwear,16.56,0.0,0
1962,970,Shein,Accessories,33.9,0.0,0
1963,970,Shein,Outerwear,31.05,7.82,1
1964,971,Loewe,Lingerie,709.59,0.0,0
1965,972,Girlfriend Collective,Swimwear,53.49,0.0,0
1966,972,Girlfriend Collective,Tops,81.8,0.0,0
1967,973,Under Armour,Jeans,75.95,0.0,0
1968,973,Under Armour,Jeans,134.42,0.0,0
1969,973,Under Armour,Home,80.61,0.0,0
1970,974,Under Armour,Tops,91.81,0.0,0
1971,974,Under Armour,Beauty,110.41,0.0,0
1972,974,Under Armour,Beauty,102.15,0.0,0
1973,975,Shein,Swimwear,9.23,0.0,0
1974,975,Shein,Beauty,48.25,0.0,0
1975,976,Chanel,Activewear,986.35,0.0,0
1976,977,Chanel,Dresses,1631.75,0.0,0
1977,977,Chanel,Home,664.61,0.0,0
1978,977,Chanel,Accessories,593.71,0.0,0
1979,978,H&M,Outerwear,39.62,4.19,1
1980,979,Zara,Accessories,108.68,0.0,0
1981,980,Chanel,Footwear,852.45,0.0,0
1982,980,Chanel,Outerwear,3935.09,0.0,0
1983,981,Girlfriend Collective,Bags,49.63,0.0,0
1984,982,Prada,Swimwear,1000.09,0.0,0
1985,982,Prada,Home,631.18,0.0,0
1986,983,Shein,Dresses,34.2,0.0,0
1987,983,Shein,Dresses,5.0,1.34,1
1988,984,Shein,Activewear,42.23,0.0,0
1989,984,Shein,Tops,34.36,0.0,0
1990,985,Girlfriend Collective,Tops,59.68,0.0,0
1991,986,H&M,Bags,25.18,0.0,0
1992,987,Zara,Home,50.76,0.0,0
1993,988,Prada,Outerwear,3857.75,0.0,0
1994,989,Loewe,Activewear,654.44,0.0,0
1995,990,Gucci,Jeans,1976.12,0.0,0
1996,990,Gucci,Outerwear,4043.66,0.0,0
1997,990,Gucci,Beauty,1042.04,0.0,0
1998,991,Gucci,Dresses,1438.27,0.0,0
1999,992,Urban Outfitters,Accessories,86.84,18.02,1
2000,992,Urban Outfitters,Beauty,137.83,0.0,0
2001,992,Urban Outfitters,Bags,101.86,18.42,1
2002,993,H&M,Footwear,48.65,0.0,0
2003,993,H&M,Activewear,53.36,0.0,0
2004,993,H&M,Dresses,45.17,3.43,1
2005,994,Girlfriend Collective,Footwear,109.98,0.0,0
2006,994,Girlfriend Collective,Dresses,81.46,0.0,0
2007,994,Girlfriend Collective,Jeans,102.61,0.0,0
2008,995,Zara,Jeans,22.79,0.0,0
2009,995,Zara,Tops,61.83,0.0,0
2010,996,Under Armour,Lingerie,78.37,0.0,0
2011,996,Under Armour,Jeans,70.87,0.0,0
2012,997,Zara,Bags,36.67,0.0,0
2013,997,Zara,Jeans,40.65,0.0,0
2014,998,Girlfriend Collective,Jeans,73.4,0.0,0
2015,998,Girlfriend Collective,Bags,104.82,0.0,0
2016,998,Girlfriend Collective,Lingerie,101.24,24.1,1
2017,999,Prada,Tops,1204.81,0.0,0
2018,999,Prada,Footwear,842.39,0.0,0
2019,1000,Urban Outfitters,Activewear,97.17,0.0,0
2020,1000,Urban Outfitters,Bags,97.07,0.0,0
2021,1000,Urban Outfitters,Accessories,72.39,0.0,0
2022,1001,Under Armour,Bags,38.16,0.0,0
2023,1001,Under Armour,Lingerie,131.75,9.21,1
2024,1002,Shein,Outerwear,37.41,0.0,0
2025,1002,Shein,Outerwear,20.45,0.0,0
2026,1003,Prada,Swimwear,1053.58,0.0,0
2027,1003,Prada,Home,864.85,0.0,0
2028,1004,Shein,Bags,34.93,0.0,0
2029,1004,Shein,Swimwear,18.84,0.0,0
2030,1004,Shein,Outerwear,15.6,0.0,0
2031,1005,Shein,Activewear,22.69,0.0,0
2032,1005,Shein,Outerwear,27.54,4.14,1
2033,1006,Zara,Beauty,61.29,0.0,0
2034,1006,Zara,Jeans,65.71,0.0,0
2035,1007,Chanel,Footwear,905.63,0.0,0
2036,1007,Chanel,Lingerie,821.88,0.0,0
2037,1007,Chanel,Home,957.76,0.0,0
2038,1008,Under Armour,Footwear,114.9,28.06,1
2039,1008,Under Armour,Footwear,50.28,9.82,1
2040,1008,Under Armour,Lingerie,59.02,0.0,0
2041,1009,Girlfriend Collective,Dresses,44.24,0.0,0
2042,1009,Girlfriend Collective,Accessories,71.26,7.6,1
2043,1010,Loewe,Lingerie,895.78,0.0,0
2044,1010,Loewe,Lingerie,619.66,0.0,0
2045,1010,Loewe,Tops,1733.73,0.0,0
2046,1011,Urban Outfitters,Footwear,20.0,2.09,1
2047,1011,Urban Outfitters,Tops,75.24,5.35,1
2048,1012,Gucci,Beauty,790.23,0.0,0
2049,1012,Gucci,Beauty,773.37,0.0,0
2050,1012,Gucci,Dresses,1647.6,0.0,0
2051,1013,Urban Outfitters,Activewear,42.46,0.0,0
2052,1014,Prada,Tops,746.97,0.0,0
2053,1015,Gucci,Activewear,477.24,0.0,0
2054,1015,Gucci,Jeans,2113.15,0.0,0
2055,1016,H&M,Accessories,106.46,20.0,1
2056,1017,Zara,Activewear,65.19,0.0,0
2057,1018,Zara,Dresses,70.06,0.0,0
2058,1019,Chanel,Lingerie,881.49,0.0,0
2059,1019,Chanel,Swimwear,838.89,0.0,0
2060,1020,Gucci,Footwear,875.12,0.0,0
2061,1020,Gucci,Swimwear,782.56,0.0,0
2062,1020,Gucci,Lingerie,300.0,0.0,0
2063,1021,Zara,Activewear,110.89,17.3,1
2064,1021,Zara,Activewear,89.56,0.0,0
2065,1022,Loewe,Lingerie,306.65,0.0,0
2066,1022,Loewe,Bags,2052.07,0.0,0
2067,1022,Loewe,Accessories,829.51,0.0,0
2068,1023,Urban Outfitters,Bags,50.53,0.0,0
2069,1023,Urban Outfitters,Accessories,75.7,0.0,0
2070,1023,Urban Outfitters,Outerwear,82.93,0.0,0
2071,1024,Zara,Beauty,43.97,0.0,0
2072,1024,Zara,Activewear,124.3,0.0,0
2073,1024,Zara,Footwear,39.53,4.69,1
2074,1025,Zara,Outerwear,48.18,0.0,0
2075,1025,Zara,Jeans,41.29,0.0,0
2076,1025,Zara,Jeans,48.32,6.93,1
2077,1026,Prada,Tops,1120.08,0.0,0
2078,1026,Prada,Outerwear,3062.59,0.0,0
2079,1026,Prada,Jeans,1243.51,0.0,0
2080,1027,Gucci,Jeans,1262.15,0.0,0
2081,1027,Gucci,Swimwear,1050.78,0.0,0
2082,1028,Zara,Footwear,31.67,0.0,0
2083,1029,Urban Outfitters,Tops,92.57,0.0,0
2084,1030,Under Armour,Bags,93.29,9.57,1
2085,1030,Under Armour,Home,50.03,12.11,1
2086,1031,H&M,Bags,18.47,0.0,0
2087,1031,H&M,Beauty,39.13,0.0,0
2088,1032,Loewe,Footwear,1301.46,0.0,0
2089,1032,Loewe,Home,841.23,0.0,0
2090,1032,Loewe,Outerwear,3174.78,0.0,0
2091,1033,H&M,Activewear,55.07,19.19,1
2092,1034,Urban Outfitters,Footwear,95.66,18.77,1
2093,1034,Urban Outfitters,Activewear,33.63,0.0,0
2094,1035,Prada,Jeans,1840.95,0.0,0
2095,1035,Prada,Accessories,534.02,0.0,0
2096,1035,Prada,Activewear,872.87,0.0,0
2097,1036,Urban Outfitters,Footwear,65.3,0.0,0
2098,1036,Urban Outfitters,Jeans,95.55,0.0,0
2099,1037,Prada,Outerwear,3791.71,0.0,0
2100,1038,Prada,Dresses,1057.69,0.0,0
2101,1038,Prada,Swimwear,707.26,0.0,0
2102,1039,Shein,Outerwear,18.57,0.0,0
2103,1040,Zara,Swimwear,92.65,0.0,0
2104,1040,Zara,Swimwear,78.33,16.16,1
2105,1040,Zara,Bags,89.68,0.0,0
2106,1041,Girlfriend Collective,Footwear,53.45,10.96,1
2107,1041,Girlfriend Collective,Bags,114.1,0.0,0
2108,1042,Loewe,Accessories,631.33,0.0,0
2109,1043,Zara,Dresses,66.25,0.0,0
2110,1044,H&M,Tops,85.24,0.0,0
2111,1044,H&M,Accessories,101.18,0.0,0
2112,1045,Under Armour,Activewear,75.95,5.31,1
2113,1045,Under Armour,Outerwear,112.36,0.0,0
2114,1046,Loewe,Beauty,752.22,0.0,0
2115,1047,Girlfriend Collective,Bags,116.61,0.0,0
2116,1047,Girlfriend Collective,Lingerie,82.78,0.0,0
2117,1048,Girlfriend Collective,Lingerie,38.5,0.0,0
2118,1048,Girlfriend Collective,Lingerie,69.69,0.0,0
2119,1048,Girlfriend Collective,Activewear,91.24,0.0,0
2120,1049,Shein,Outerwear,32.14,0.0,0
2121,1049,Shein,Tops,11.12,0.0,0
2122,1049,Shein,Outerwear,8.73,0.82,1
2123,1050,Urban Outfitters,Dresses,63.7,0.0,0
2124,1051,Gucci,Lingerie,831.22,0.0,0
2125,1051,Gucci,Activewear,816.25,0.0,0
2126,1052,Loewe,Accessories,479.47,0.0,0
2127,1053,Urban Outfitters,Footwear,63.17,0.0,0
2128,1054,Urban Outfitters,Accessories,45.43,0.0,0
2129,1054,Urban Outfitters,Accessories,79.79,0.0,0
2130,1055,Shein,Footwear,20.57,0.0,0
2131,1055,Shein,Dresses,48.24,13.94,1
2132,1055,Shein,Jeans,27.28,0.0,0
2133,1056,Loewe,Bags,2329.95,0.0,0
2134,1057,Girlfriend Collective,Footwear,88.6,0.0,0
2135,1057,Girlfriend Collective,Tops,61.4,8.78,1
2136,1057,Girlfriend Collective,Tops,128.48,0.0,0
2137,1058,Prada,Jeans,1864.96,0.0,0
2138,1059,Under Armour,Swimwear,118.17,27.63,1
2139,1059,Under Armour,Dresses,82.25,0.0,0
2140,1059,Under Armour,Jeans,155.3,0.0,0
2141,1060,Girlfriend Collective,Outerwear,85.75,26.21,1
2142,1060,Girlfriend Collective,Jeans,66.02,0.0,0
2143,1060,Girlfriend Collective,Footwear,70.22,0.0,0
2144,1061,Urban Outfitters,Outerwear,62.92,0.0,0
2145,1062,Zara,Tops,107.03,24.22,1
2146,1063,Loewe,Jeans,2320.95,0.0,0
2147,1064,Under Armour,Bags,30.0,0.0,0
2148,1064,Under Armour,Beauty,67.48,0.0,0
2149,1064,Under Armour,Swimwear,70.78,0.0,0
2150,1065,Girlfriend Collective,Jeans,67.29,0.0,0
2151,1065,Girlfriend Collective,Dresses,77.12,23.32,1
2152,1066,Gucci,Beauty,952.84,0.0,0
2153,1066,Gucci,Bags,1749.98,0.0,0
2154,1067,Loewe,Home,989.61,0.0,0
2155,1067,Loewe,Outerwear,3563.67,0.0,0
2156,1067,Loewe,Footwear,872.44,0.0,0
2157,1068,Loewe,Home,760.44,0.0,0
2158,1069,Chanel,Footwear,798.74,0.0,0
2159,1069,Chanel,Bags,8876.16,0.0,0
2160,1069,Chanel,Activewear,1000.61,0.0,0
2161,1070,Prada,Lingerie,902.33,0.0,0
2162,1070,Prada,Accessories,629.69,0.0,0
2163,1070,Prada,Bags,2353.55,0.0,0
2164,1071,H&M,Tops,29.05,0.0,0
2165,1071,H&M,Dresses,49.02,0.0,0
2166,1072,Loewe,Activewear,827.11,0.0,0
2167,1072,Loewe,Beauty,724.2,0.0,0
2168,1072,Loewe,Beauty,712.08,0.0,0
2169,1073,H&M,Tops,82.48,24.45,1
2170,1074,Urban Outfitters,Outerwear,82.42,0.0,0
2171,1075,Under Armour,Beauty,136.79,0.0,0
2172,1075,Under Armour,Beauty,48.54,16.83,1
2173,1075,Under Armour,Swimwear,121.96,0.0,0
2174,1076,Loewe,Swimwear,1019.78,0.0,0
2175,1076,Loewe,Swimwear,976.46,0.0,0
2176,1077,Shein,Bags,5.0,0.44,1
2177,1078,Girlfriend Collective,Jeans,107.82,0.0,0
2178,1078,Girlfriend Collective,Home,104.75,8.3,1
2179,1079,H&M,Dresses,43.08,0.0,0
2180,1080,Gucci,Jeans,1418.67,0.0,0
2181,1080,Gucci,Footwear,855.8,0.0,0
2182,1081,Urban Outfitters,Outerwear,77.01,0.0,0
2183,1081,Urban Outfitters,Dresses,89.11,0.0,0
2184,1081,Urban Outfitters,Activewear,71.75,0.0,0
2185,1082,Loewe,Jeans,1724.46,0.0,0
2186,1083,Loewe,Footwear,918.81,281.2,1
2187,1083,Loewe,Dresses,1304.25,0.0,0
2188,1083,Loewe,Activewear,698.69,0.0,0
2189,1084,Loewe,Activewear,488.74,0.0,0
2190,1084,Loewe,Swimwear,702.69,0.0,0
2191,1084,Loewe,Footwear,709.46,0.0,0
2192,1085,Urban Outfitters,Lingerie,125.07,0.0,0
2193,1086,Urban Outfitters,Footwear,29.76,0.0,0
2194,1087,Under Armour,Dresses,120.35,0.0,0
2195,1087,Under Armour,Bags,104.42,0.0,0
2196,1087,Under Armour,Home,87.35,0.0,0
2197,1088,Zara,Accessories,115.01,0.0,0
2198,1088,Zara,Tops,33.98,0.0,0
2199,1088,Zara,Jeans,17.89,0.0,0
2200,1089,Shein,Dresses,45.13,0.0,0
2201,1089,Shein,Dresses,44.04,0.0,0
2202,1090,H&M,Footwear,29.48,2.3,1
2203,1090,H&M,Swimwear,58.43,0.0,0
2204,1091,H&M,Footwear,47.62,0.0,0
2205,1091,H&M,Jeans,28.8,0.0,0
2206,1092,H&M,Swimwear,48.15,0.0,0
2207,1092,H&M,Home,107.62,0.0,0
2208,1093,H&M,Tops,82.56,0.0,0
2209,1093,H&M,Dresses,56.91,0.0,0
2210,1094,H&M,Tops,101.24,19.55,1
2211,1094,H&M,Footwear,10.0,0.0,0
2212,1094,H&M,Outerwear,76.17,25.28,1
2213,1095,Zara,Lingerie,48.36,0.0,0
2214,1095,Zara,Beauty,82.7,0.0,0
2215,1095,Zara,Activewear,34.21,0.0,0
2216,1096,Loewe,Beauty,758.75,0.0,0
2217,1097,Under Armour,Accessories,92.22,23.06,1
2218,1098,H&M,Accessories,43.34,0.0,0
2219,1098,H&M,Outerwear,62.16,19.07,1
2220,1098,H&M,Home,21.13,0.0,0
2221,1099,Loewe,Lingerie,1014.49,0.0,0
2222,1099,Loewe,Home,815.02,0.0,0
2223,1100,H&M,Activewear,88.64,0.0,0
2224,1101,H&M,Outerwear,95.61,0.0,0
2225,1102,Chanel,Tops,1224.77,0.0,0
2226,1102,Chanel,Activewear,1321.07,0.0,0
2227,1102,Chanel,Home,814.16,0.0,0
2228,1103,Loewe,Beauty,655.13,0.0,0
2229,1103,Loewe,Bags,2032.42,0.0,0
2230,1104,Urban Outfitters,Beauty,81.53,0.0,0
2231,1105,Urban Outfitters,Accessories,24.64,1.25,1
2232,1105,Urban Outfitters,Jeans,58.64,18.57,1
2233,1106,Zara,Outerwear,63.16,8.45,1
2234,1107,Gucci,Dresses,1858.05,0.0,0
2235,1107,Gucci,Outerwear,3303.26,0.0,0
2236,1107,Gucci,Activewear,769.63,0.0,0
2237,1108,Zara,Activewear,78.64,0.0,0
2238,1108,Zara,Tops,59.71,0.0,0
2239,1109,Zara,Swimwear,54.14,0.0,0
2240,1109,Zara,Dresses,52.14,0.0,0
2241,1109,Zara,Swimwear,105.33,0.0,0
2242,1110,Gucci,Dresses,1449.97,0.0,0
2243,1111,Zara,Beauty,65.18,0.0,0
2244,1112,Loewe,Jeans,2251.41,0.0,0
2245,1113,H&M,Jeans,59.05,8.38,1
2246,1114,Under Armour,Accessories,126.5,0.0,0
2247,1114,Under Armour,Lingerie,30.0,0.0,0
2248,1114,Under Armour,Accessories,98.9,0.0,0
2249,1115,H&M,Footwear,59.79,0.0,0
2250,1115,H&M,Swimwear,53.65,0.0,0
2251,1116,Chanel,Lingerie,711.1,0.0,0
2252,1117,Zara,Swimwear,70.79,0.0,0
2253,1117,Zara,Dresses,55.97,0.0,0
2254,1118,Zara,Activewear,56.37,0.0,0
2255,1119,Loewe,Dresses,1013.0,0.0,0
2256,1119,Loewe,Lingerie,469.22,0.0,0
2257,1120,Loewe,Dresses,1509.8,0.0,0
2258,1120,Loewe,Lingerie,789.45,0.0,0
2259,1120,Loewe,Activewear,910.51,233.73,1
2260,1121,Loewe,Activewear,1127.48,0.0,0
2261,1121,Loewe,Dresses,1840.29,0.0,0
2262,1122,H&M,Footwear,84.75,0.0,0
2263,1122,H&M,Swimwear,30.18,0.0,0
2264,1122,H&M,Home,35.09,8.36,1
2265,1123,Zara,Activewear,43.7,0.0,0
2266,1124,Zara,Bags,103.05,19.05,1
2267,1124,Zara,Jeans,71.98,19.27,1
2268,1125,Prada,Jeans,1962.86,0.0,0
2269,1125,Prada,Bags,2236.32,0.0,0
2270,1126,Under Armour,Accessories,80.59,22.51,1
2271,1126,Under Armour,Dresses,106.15,8.76,1
2272,1126,Under Armour,Home,114.08,0.0,0
2273,1127,Zara,Swimwear,87.43,0.0,0
2274,1127,Zara,Bags,12.93,0.0,0
2275,1127,Zara,Bags,45.97,0.0,0
2276,1128,Zara,Accessories,53.21,0.0,0
2277,1128,Zara,Dresses,60.21,0.0,0
2278,1129,Zara,Swimwear,54.29,0.0,0
2279,1129,Zara,Swimwear,38.6,0.0,0
2280,1129,Zara,Lingerie,58.26,0.0,0
2281,1130,Under Armour,Jeans,106.79,6.97,1
2282,1131,Under Armour,Footwear,121.16,0.0,0
2283,1132,Shein,Jeans,34.93,6.89,1
2284,1133,Chanel,Swimwear,560.61,0.0,0
2285,1134,Chanel,Dresses,1565.1,0.0,0
2286,1134,Chanel,Bags,9112.81,0.0,0
2287,1134,Chanel,Footwear,1365.3,381.8,1
2288,1135,H&M,Home,67.71,0.0,0
2289,1136,Chanel,Dresses,1171.09,0.0,0
2290,1136,Chanel,Beauty,1280.19,0.0,0
2291,1137,Loewe,Accessories,300.0,0.0,0
2292,1137,Loewe,Beauty,443.88,0.0,0
2293,1138,H&M,Lingerie,70.73,0.0,0
2294,1139,Urban Outfitters,Jeans,91.35,25.48,1
2295,1140,Shein,Swimwear,24.51,0.0,0
2296,1141,H&M,Activewear,17.29,0.0,0
2297,1141,H&M,Footwear,28.67,7.66,1
2298,1142,Shein,Activewear,19.71,0.0,0
2299,1143,Shein,Footwear,31.91,0.0,0
2300,1144,Under Armour,Beauty,87.61,0.0,0
2301,1145,Urban Outfitters,Swimwear,23.06,0.0,0
2302,1145,Urban Outfitters,Tops,20.0,0.0,0
2303,1145,Urban Outfitters,Swimwear,49.05,3.4,1
2304,1146,Prada,Swimwear,814.23,0.0,0
2305,1146,Prada,Swimwear,877.46,0.0,0
2306,1147,Under Armour,Bags,151.83,0.0,0
2307,1147,Under Armour,Swimwear,37.76,10.02,1
2308,1148,Zara,Beauty,68.82,17.82,1
2309,1149,Under Armour,Beauty,75.46,0.0,0
2310,1149,Under Armour,Accessories,112.29,0.0,0
2311,1149,Under Armour,Activewear,83.18,0.0,0
2312,1150,Zara,Outerwear,68.23,21.29,1
2313,1150,Zara,Outerwear,92.97,0.0,0
2314,1151,Shein,Outerwear,30.15,0.0,0
2315,1151,Shein,Jeans,11.47,0.0,0
2316,1152,Under Armour,Outerwear,125.73,38.93,1
2317,1153,Shein,Outerwear,14.02,0.0,0
2318,1153,Shein,Lingerie,27.48,0.0,0
2319,1154,Chanel,Activewear,866.63,0.0,0
2320,1154,Chanel,Swimwear,924.17,0.0,0
2321,1155,Urban Outfitters,Tops,66.78,0.0,0
2322,1155,Urban Outfitters,Tops,91.62,0.0,0
2323,1155,Urban Outfitters,Tops,40.97,0.0,0
2324,1156,Loewe,Footwear,681.54,0.0,0
2325,1157,Prada,Accessories,426.42,0.0,0
2326,1158,H&M,Bags,72.28,0.0,0
2327,1158,H&M,Swimwear,31.27,10.72,1
2328,1158,H&M,Lingerie,34.27,8.69,1
2329,1159,Urban Outfitters,Activewear,98.82,17.0,1
2330,1159,Urban Outfitters,Home,117.06,8.8,1
2331,1160,Loewe,Bags,1698.23,0.0,0
2332,1161,Loewe,Tops,1995.06,0.0,0
2333,1162,Gucci,Swimwear,878.12,0.0,0
2334,1163,Chanel,Bags,8961.28,0.0,0
2335,1163,Chanel,Outerwear,2845.47,0.0,0
2336,1164,Loewe,Beauty,1041.07,0.0,0
2337,1164,Loewe,Lingerie,871.17,0.0,0
2338,1164,Loewe,Tops,1812.41,0.0,0
2339,1165,Prada,Lingerie,925.95,0.0,0
2340,1165,Prada,Outerwear,3503.57,0.0,0
2341,1165,Prada,Swimwear,928.33,0.0,0
2342,1166,Zara,Jeans,82.98,0.0,0
2343,1166,Zara,Lingerie,37.62,0.0,0
2344,1166,Zara,Activewear,42.88,0.0,0
2345,1167,H&M,Tops,44.52,0.0,0
2346,1167,H&M,Jeans,52.32,0.0,0
2347,1168,Girlfriend Collective,Activewear,56.18,0.0,0
2348,1168,Girlfriend Collective,Accessories,73.81,0.0,0
2349,1169,Gucci,Tops,1453.8,0.0,0
2350,1169,Gucci,Tops,1683.5,0.0,0
2351,1170,Urban Outfitters,Dresses,50.78,0.0,0
2352,1170,Urban Outfitters,Accessories,38.4,7.17,1
2353,1170,Urban Outfitters,Home,194.04,65.16,1
2354,1171,Shein,Swimwear,28.85,0.0,0
2355,1171,Shein,Lingerie,26.29,6.26,1
2356,1172,Girlfriend Collective,Outerwear,63.63,0.0,0
2357,1172,Girlfriend Collective,Dresses,77.84,24.82,1
2358,1172,Girlfriend Collective,Swimwear,61.7,0.0,0
2359,1173,Zara,Swimwear,60.89,0.0,0
2360,1173,Zara,Jeans,62.84,0.0,0
2361,1173,Zara,Activewear,94.55,0.0,0
2362,1174,H&M,Bags,51.98,0.0,0
2363,1174,H&M,Lingerie,67.37,0.0,0
2364,1175,Gucci,Lingerie,986.63,0.0,0
2365,1175,Gucci,Home,888.74,0.0,0
2366,1176,Gucci,Lingerie,1141.82,0.0,0
2367,1176,Gucci,Accessories,839.16,0.0,0
2368,1176,Gucci,Accessories,677.55,0.0,0
2369,1177,H&M,Outerwear,13.61,3.88,1
2370,1177,H&M,Accessories,45.64,0.0,0
2371,1177,H&M,Activewear,48.68,10.69,1
2372,1178,Under Armour,Jeans,95.35,0.0,0
2373,1179,Shein,Accessories,16.35,0.0,0
2374,1180,Girlfriend Collective,Swimwear,104.31,0.0,0
2375,1181,Gucci,Beauty,941.45,0.0,0
2376,1182,Under Armour,Footwear,91.67,0.0,0
2377,1183,Prada,Jeans,1070.04,0.0,0
2378,1183,Prada,Tops,2077.91,0.0,0
2379,1183,Prada,Tops,1347.09,0.0,0
2380,1184,Loewe,Lingerie,713.38,0.0,0
2381,1184,Loewe,Swimwear,593.54,0.0,0
2382,1184,Loewe,Accessories,777.86,0.0,0
2383,1185,Girlfriend Collective,Swimwear,69.36,0.0,0
2384,1186,Girlfriend Collective,Tops,64.46,0.0,0
2385,1187,Gucci,Footwear,525.45,0.0,0
2386,1187,Gucci,Outerwear,3652.94,0.0,0
2387,1187,Gucci,Accessories,725.09,0.0,0
2388,1188,Girlfriend Collective,Tops,75.05,0.0,0
2389,1189,H&M,Swimwear,94.71,0.0,0
2390,1189,H&M,Accessories,59.03,3.93,1
2391,1189,H&M,Swimwear,92.59,6.89,1
2392,1190,H&M,Accessories,28.59,0.0,0
2393,1191,Shein,Dresses,8.5,0.0,0
2394,1191,Shein,Tops,54.87,0.0,0
2395,1191,Shein,Beauty,35.76,0.0,0
2396,1192,Girlfriend Collective,Home,59.38,0.0,0
2397,1193,H&M,Bags,58.79,0.0,0
2398,1193,H&M,Accessories,71.93,19.01,1
2399,1194,Gucci,Beauty,858.15,0.0,0
2400,1194,Gucci,Footwear,925.94,268.15,1
2401,1195,Loewe,Lingerie,562.28,0.0,0
2402,1196,H&M,Beauty,80.25,0.0,0
2403,1196,H&M,Activewear,84.99,15.82,1
2404,1196,H&M,Jeans,66.61,0.0,0
2405,1197,Zara,Dresses,89.52,0.0,0
2406,1197,Zara,Bags,26.42,8.05,1
2407,1198,Girlfriend Collective,Accessories,48.76,13.41,1
2408,1199,Urban Outfitters,Lingerie,74.52,0.0,0
2409,1199,Urban Outfitters,Dresses,101.29,18.66,1
2410,1199,Urban Outfitters,Swimwear,79.67,0.0,0
2411,1200,Prada,Tops,1710.29,0.0,0
2412,1200,Prada,Outerwear,3699.84,0.0,0
2413,1201,Shein,Activewear,5.0,0.0,0
2414,1202,Urban Outfitters,Dresses,65.25,0.0,0
2415,1202,Urban Outfitters,Home,171.72,0.0,0
2416,1202,Urban Outfitters,Swimwear,64.81,6.87,1
2417,1203,Prada,Swimwear,764.52,0.0,0
2418,1203,Prada,Beauty,859.06,0.0,0
2419,1203,Prada,Accessories,762.53,0.0,0
2420,1204,Gucci,Lingerie,658.12,0.0,0
2421,1204,Gucci,Activewear,1155.62,0.0,0
2422,1204,Gucci,Activewear,579.11,0.0,0
2423,1205,Urban Outfitters,Activewear,63.86,0.0,0
2424,1205,Urban Outfitters,Home,83.84,23.95,1
2425,1206,Chanel,Bags,10000.0,0.0,0
2426,1207,Zara,Swimwear,59.09,0.0,0
2427,1207,Zara,Tops,67.25,0.0,0
2428,1208,H&M,Jeans,24.96,3.86,1
2429,1209,Loewe,Beauty,689.55,0.0,0
2430,1209,Loewe,Swimwear,1182.08,0.0,0
2431,1209,Loewe,Beauty,930.6,0.0,0
2432,1210,Under Armour,Dresses,103.77,0.0,0
2433,1211,Loewe,Tops,1839.98,0.0,0
2434,1211,Loewe,Beauty,760.94,0.0,0
2435,1211,Loewe,Lingerie,1015.48,0.0,0
2436,1212,H&M,Footwear,35.76,0.0,0
2437,1213,Loewe,Home,1196.37,0.0,0
2438,1213,Loewe,Outerwear,3214.43,0.0,0
2439,1213,Loewe,Lingerie,783.85,0.0,0
2440,1214,Shein,Beauty,42.26,0.0,0
2441,1214,Shein,Tops,26.62,0.0,0
2442,1215,Loewe,Swimwear,1140.92,0.0,0
2443,1216,Under Armour,Jeans,86.26,20.24,1
2444,1216,Under Armour,Accessories,111.42,0.0,0
2445,1216,Under Armour,Dresses,87.04,0.0,0
2446,1217,Girlfriend Collective,Accessories,65.13,0.0,0
2447,1217,Girlfriend Collective,Lingerie,55.35,0.0,0
2448,1218,Prada,Footwear,1164.14,0.0,0
2449,1219,Gucci,Footwear,777.17,0.0,0
2450,1219,Gucci,Accessories,310.54,0.0,0
2451,1219,Gucci,Beauty,621.82,0.0,0
2452,1220,Prada,Footwear,1174.01,0.0,0
2453,1220,Prada,Accessories,670.5,0.0,0
2454,1220,Prada,Beauty,930.93,0.0,0
2455,1221,Zara,Jeans,13.31,0.0,0
2456,1221,Zara,Footwear,80.15,0.0,0
2457,1221,Zara,Swimwear,66.59,0.0,0
2458,1222,Zara,Outerwear,73.23,9.08,1
2459,1222,Zara,Beauty,40.73,0.0,0
2460,1222,Zara,Outerwear,19.58,0.0,0
2461,1223,Shein,Outerwear,14.48,3.68,1
2462,1224,Chanel,Jeans,1061.94,0.0,0
2463,1224,Chanel,Accessories,570.67,0.0,0
2464,1225,Loewe,Home,556.65,0.0,0
2465,1226,Zara,Dresses,86.73,0.0,0
2466,1226,Zara,Footwear,18.66,0.0,0
2467,1226,Zara,Bags,39.85,0.0,0
2468,1227,Girlfriend Collective,Beauty,54.75,0.0,0
2469,1227,Girlfriend Collective,Activewear,30.0,4.26,1
2470,1228,Loewe,Bags,2233.19,0.0,0
2471,1229,Under Armour,Footwear,91.62,0.0,0
2472,1229,Under Armour,Tops,97.91,15.59,1
2473,1229,Under Armour,Outerwear,106.17,14.66,1
2474,1230,Zara,Home,106.89,25.21,1
2475,1231,Chanel,Dresses,1573.76,0.0,0
2476,1231,Chanel,Bags,9490.05,0.0,0
2477,1231,Chanel,Tops,1091.7,0.0,0
2478,1232,Shein,Tops,25.54,0.0,0
2479,1233,Girlfriend Collective,Home,80.23,0.0,0
2480,1234,Gucci,Outerwear,4187.25,0.0,0
2481,1235,Zara,Footwear,59.48,0.0,0
2482,1236,Loewe,Swimwear,765.68,0.0,0
2483,1236,Loewe,Swimwear,659.44,0.0,0
2484,1236,Loewe,Jeans,1159.57,0.0,0
2485,1237,Under Armour,Home,139.62,0.0,0
2486,1237,Under Armour,Footwear,30.0,0.0,0
2487,1238,Under Armour,Lingerie,30.0,0.0,0
2488,1238,Under Armour,Home,108.57,0.0,0
2489,1239,Loewe,Tops,1828.64,531.19,1
2490,1240,H&M,Jeans,66.92,0.0,0
2491,1241,H&M,Footwear,38.5,0.0,0
2492,1242,Under Armour,Beauty,114.28,16.11,1
2493,1243,Under Armour,Bags,95.94,32.52,1
2494,1243,Under Armour,Accessories,107.14,0.0,0
2495,1243,Under Armour,Bags,51.31,0.0,0
2496,1244,Gucci,Footwear,1004.66,0.0,0
2497,1245,Zara,Swimwear,51.48,15.14,1
2498,1246,Zara,Jeans,64.77,6.02,1
2499,1247,Girlfriend Collective,Accessories,37.22,0.0,0
2500,1248,Zara,Activewear,57.96,0.0,0
2501,1249,Under Armour,Accessories,110.04,0.0,0
2502,1249,Under Armour,Beauty,105.67,0.0,0
2503,1250,Urban Outfitters,Home,91.42,0.0,0
2504,1250,Urban Outfitters,Beauty,61.28,0.0,0
2505,1251,Prada,Footwear,882.79,0.0,0
2506,1252,Prada,Activewear,667.61,0.0,0
2507,1252,Prada,Tops,720.21,0.0,0
2508,1252,Prada,Home,742.5,0.0,0
2509,1253,H&M,Activewear,21.48,6.15,1
2510,1253,H&M,Lingerie,54.15,0.0,0
2511,1253,H&M,Tops,54.77,0.0,0
2512,1254,Gucci,Dresses,1467.43,0.0,0
2513,1255,Zara,Jeans,47.92,4.79,1
2514,1255,Zara,Footwear,58.55,0.0,0
2515,1255,Zara,Lingerie,65.83,0.0,0
2516,1256,Under Armour,Outerwear,61.83,0.0,0
2517,1256,Under Armour,Home,86.76,0.0,0
2518,1257,Gucci,Activewear,903.59,0.0,0
2519,1257,Gucci,Footwear,998.27,0.0,0
2520,1258,Zara,Lingerie,24.75,0.0,0
2521,1258,Zara,Bags,74.41,16.47,1
2522,1259,H&M,Beauty,83.84,0.0,0
2523,1260,Zara,Footwear,62.49,20.96,1
2524,1260,Zara,Activewear,61.83,3.61,1
2525,1260,Zara,Dresses,61.55,9.81,1
2526,1261,H&M,Outerwear,74.82,0.0,0
2527,1262,Shein,Home,28.56,0.0,0
2528,1263,Zara,Accessories,107.89,0.0,0
2529,1263,Zara,Activewear,51.62,17.72,1
2530,1263,Zara,Accessories,62.62,0.0,0
2531,1264,Urban Outfitters,Jeans,107.81,0.0,0
2532,1264,Urban Outfitters,Dresses,95.31,9.03,1
2533,1265,Girlfriend Collective,Outerwear,90.63,12.07,1
2534,1266,Girlfriend Collective,Tops,120.2,0.0,0
2535,1267,Chanel,Dresses,889.19,0.0,0
2536,1267,Chanel,Jeans,1297.07,0.0,0
2537,1268,H&M,Dresses,101.93,0.0,0
2538,1269,Gucci,Tops,1404.71,0.0,0
2539,1270,H&M,Dresses,85.09,8.87,1
2540,1270,H&M,Lingerie,60.84,0.0,0
2541,1271,Girlfriend Collective,Bags,52.54,0.0,0
2542,1271,Girlfriend Collective,Lingerie,80.99,0.0,0
2543,1271,Girlfriend Collective,Tops,101.59,0.0,0
2544,1272,Shein,Tops,12.68,0.0,0
2545,1272,Shein,Beauty,30.89,0.0,0
2546,1272,Shein,Swimwear,35.07,9.8,1
2547,1273,H&M,Swimwear,57.65,0.0,0
2548,1274,Prada,Beauty,300.0,0.0,0
2549,1274,Prada,Jeans,1037.49,0.0,0
2550,1274,Prada,Jeans,1708.46,507.36,1
2551,1275,Chanel,Home,832.79,0.0,0
2552,1276,H&M,Lingerie,101.51,0.0,0
2553,1276,H&M,Dresses,80.13,14.91,1
2554,1276,H&M,Outerwear,51.69,17.09,1
2555,1277,Urban Outfitters,Activewear,87.65,0.0,0
2556,1278,H&M,Tops,52.61,0.0,0
2557,1278,H&M,Lingerie,38.32,4.57,1
2558,1279,Zara,Tops,47.19,0.0,0
2559,1279,Zara,Accessories,94.83,0.0,0
2560,1279,Zara,Tops,96.63,0.0,0
2561,1280,Under Armour,Footwear,129.68,0.0,0
2562,1281,Chanel,Tops,1912.41,0.0,0
2563,1281,Chanel,Tops,1492.29,0.0,0
2564,1282,Shein,Lingerie,19.92,3.64,1
2565,1282,Shein,Footwear,38.82,0.0,0
2566,1283,Zara,Jeans,10.0,0.0,0
2567,1284,H&M,Swimwear,115.49,9.88,1
2568,1285,Zara,Accessories,10.0,0.0,0
2569,1285,Zara,Bags,45.69,0.0,0
2570,1285,Zara,Bags,25.33,5.19,1
2571,1286,Gucci,Footwear,1049.05,0.0,0
2572,1286,Gucci,Lingerie,1169.5,311.01,1
2573,1286,Gucci,Home,720.44,0.0,0
2574,1287,Urban Outfitters,Activewear,48.15,12.7,1
2575,1288,Gucci,Footwear,544.56,0.0,0
2576,1288,Gucci,Bags,2246.92,0.0,0
2577,1289,Chanel,Tops,1608.06,0.0,0
2578,1290,Urban Outfitters,Accessories,115.26,0.0,0
2579,1290,Urban Outfitters,Tops,50.39,11.0,1
2580,1290,Urban Outfitters,Activewear,51.02,0.0,0
2581,1291,Prada,Outerwear,3313.69,0.0,0
2582,1291,Prada,Accessories,706.13,0.0,0
2583,1292,Under Armour,Home,85.63,0.0,0
2584,1293,Loewe,Accessories,735.37,0.0,0
2585,1293,Loewe,Footwear,1050.66,0.0,0
2586,1294,H&M,Bags,75.0,0.0,0
2587,1294,H&M,Outerwear,25.53,7.01,1
2588,1294,H&M,Lingerie,52.39,14.69,1
2589,1295,Under Armour,Activewear,43.33,0.0,0
2590,1295,Under Armour,Footwear,114.37,0.0,0
2591,1296,Gucci,Beauty,498.82,0.0,0
2592,1296,Gucci,Accessories,725.71,0.0,0
2593,1297,Girlfriend Collective,Bags,66.3,0.0,0
2594,1298,Urban Outfitters,Home,85.82,0.0,0
2595,1298,Urban Outfitters,Accessories,50.07,0.0,0
2596,1298,Urban Outfitters,Activewear,51.37,0.0,0
2597,1299,Under Armour,Activewear,129.38,0.0,0
2598,1300,Zara,Swimwear,90.11,0.0,0
2599,1300,Zara,Outerwear,43.05,0.0,0
2600,1300,Zara,Lingerie,82.04,0.0,0
2601,1301,Zara,Beauty,52.24,5.97,1
2602,1301,Zara,Swimwear,58.43,0.0,0
2603,1302,H&M,Jeans,97.34,0.0,0
2604,1303,H&M,Dresses,72.17,18.43,1
2605,1303,H&M,Lingerie,67.11,0.0,0
2606,1303,H&M,Lingerie,74.22,0.0,0
2607,1304,Loewe,Home,549.57,0.0,0
2608,1305,Gucci,Swimwear,1011.36,0.0,0
2609,1306,Zara,Bags,27.17,0.0,0
2610,1307,Loewe,Bags,2304.25,0.0,0
2611,1307,Loewe,Jeans,1528.1,0.0,0
2612,1308,Urban Outfitters,Bags,77.96,0.0,0
2613,1308,Urban Outfitters,Activewear,77.62,0.0,0
2614,1309,H&M,Beauty,33.49,3.26,1
2615,1309,H&M,Beauty,69.1,0.0,0
2616,1309,H&M,Jeans,40.46,0.0,0
2617,1310,Chanel,Lingerie,899.15,0.0,0
2618,1310,Chanel,Bags,8580.82,0.0,0
2619,1311,Under Armour,Home,165.82,53.3,1
2620,1312,Shein,Bags,25.94,0.0,0
2621,1313,Urban Outfitters,Home,80.5,0.0,0
2622,1313,Urban Outfitters,Footwear,30.65,0.0,0
2623,1313,Urban Outfitters,Dresses,72.31,0.0,0
2624,1314,Shein,Lingerie,29.43,0.0,0
2625,1315,Urban Outfitters,Home,87.15,0.0,0
2626,1316,Zara,Outerwear,55.44,10.16,1
2627,1316,Zara,Swimwear,62.15,0.0,0
2628,1316,Zara,Jeans,21.33,7.04,1
2629,1317,Zara,Jeans,41.22,14.03,1
2630,1317,Zara,Outerwear,91.35,0.0,0
2631,1317,Zara,Home,21.09,0.0,0
2632,1318,H&M,Accessories,60.37,0.0,0
2633,1318,H&M,Bags,78.23,0.0,0
2634,1319,Girlfriend Collective,Dresses,79.4,0.0,0
2635,1320,Shein,Beauty,20.01,0.0,0
2636,1320,Shein,Home,13.19,0.0,0
2637,1320,Shein,Activewear,23.94,0.0,0
2638,1321,Zara,Tops,62.34,0.0,0
2639,1322,Shein,Tops,27.11,0.0,0
2640,1322,Shein,Outerwear,27.09,0.0,0
2641,1322,Shein,Jeans,24.44,0.0,0
2642,1323,Shein,Activewear,26.24,0.0,0
2643,1324,Urban Outfitters,Bags,79.97,0.0,0
2644,1325,Chanel,Swimwear,802.78,0.0,0
2645,1325,Chanel,Beauty,1051.09,223.16,1
2646,1325,Chanel,Accessories,716.36,0.0,0
2647,1326,Zara,Outerwear,44.65,0.0,0
2648,1326,Zara,Activewear,55.93,0.0,0
2649,1327,Girlfriend Collective,Swimwear,150.0,0.0,0
2650,1327,Girlfriend Collective,Swimwear,68.15,0.0,0
2651,1328,Shein,Accessories,20.36,0.0,0
2652,1328,Shein,Footwear,35.27,0.0,0
2653,1328,Shein,Footwear,21.94,0.0,0
2654,1329,Girlfriend Collective,Lingerie,53.23,0.0,0
2655,1329,Girlfriend Collective,Beauty,66.13,0.0,0
2656,1329,Girlfriend Collective,Activewear,53.88,0.0,0
2657,1330,H&M,Dresses,78.19,0.0,0
2658,1330,H&M,Activewear,110.79,0.0,0
2659,1331,Urban Outfitters,Accessories,76.69,0.0,0
2660,1332,Under Armour,Footwear,95.33,0.0,0
2661,1332,Under Armour,Accessories,106.22,0.0,0
2662,1333,Gucci,Swimwear,866.81,0.0,0
2663,1333,Gucci,Jeans,1270.96,414.53,1
2664,1334,Urban Outfitters,Tops,88.39,0.0,0
2665,1334,Urban Outfitters,Outerwear,20.13,5.96,1
2666,1335,Prada,Bags,2262.95,0.0,0
2667,1335,Prada,Lingerie,1293.33,0.0,0
2668,1336,Zara,Lingerie,17.05,1.52,1
2669,1336,Zara,Outerwear,10.0,0.0,0
2670,1336,Zara,Jeans,32.53,0.0,0
2671,1337,Chanel,Dresses,1628.41,0.0,0
2672,1338,Loewe,Home,526.15,0.0,0
2673,1339,H&M,Outerwear,64.41,17.95,1
2674,1340,Chanel,Outerwear,3720.55,0.0,0
2675,1340,Chanel,Lingerie,374.24,0.0,0
2676,1341,Zara,Dresses,35.23,11.39,1
2677,1341,Zara,Outerwear,20.43,0.0,0
2678,1341,Zara,Beauty,44.23,0.0,0
2679,1342,H&M,Swimwear,90.61,0.0,0
2680,1342,H&M,Home,40.79,0.0,0
2681,1342,H&M,Jeans,56.69,4.18,1
2682,1343,Loewe,Outerwear,2849.96,0.0,0
2683,1344,Girlfriend Collective,Dresses,70.23,5.85,1
2684,1344,Girlfriend Collective,Tops,88.61,11.11,1
2685,1345,Urban Outfitters,Lingerie,63.61,0.0,0
2686,1345,Urban Outfitters,Tops,29.18,0.0,0
2687,1345,Urban Outfitters,Beauty,75.48,26.04,1
2688,1346,H&M,Swimwear,99.41,0.0,0
2689,1346,H&M,Swimwear,88.5,0.0,0
2690,1346,H&M,Footwear,33.21,0.0,0
2691,1347,Girlfriend Collective,Outerwear,81.9,0.0,0
2692,1347,Girlfriend Collective,Outerwear,82.0,0.0,0
2693,1348,Prada,Dresses,1516.65,0.0,0
2694,1349,Shein,Lingerie,28.93,0.0,0
2695,1349,Shein,Beauty,21.24,0.0,0
2696,1349,Shein,Bags,17.94,0.0,0
2697,1350,Girlfriend Collective,Beauty,102.51,0.0,0
2698,1350,Girlfriend Collective,Bags,53.74,5.78,1
2699,1350,Girlfriend Collective,Swimwear,80.73,0.0,0
2700,1351,Shein,Beauty,23.51,0.0,0
2701,1352,Prada,Footwear,911.52,0.0,0
2702,1352,Prada,Tops,1228.97,0.0,0
2703,1353,Zara,Footwear,94.43,0.0,0
2704,1354,Prada,Beauty,643.38,0.0,0
2705,1354,Prada,Dresses,1811.43,0.0,0
2706,1354,Prada,Bags,1721.64,0.0,0
2707,1355,Shein,Outerwear,24.83,0.0,0
2708,1356,Zara,Swimwear,35.75,7.53,1
2709,1357,Girlfriend Collective,Bags,77.5,0.0,0
2710,1358,Girlfriend Collective,Home,80.69,0.0,0
2711,1358,Girlfriend Collective,Beauty,98.99,0.0,0
2712,1358,Girlfriend Collective,Swimwear,41.25,0.0,0
2713,1359,Gucci,Lingerie,636.52,0.0,0
2714,1359,Gucci,Swimwear,944.68,0.0,0
2715,1359,Gucci,Home,827.37,0.0,0
2716,1360,Under Armour,Bags,75.23,22.71,1
2717,1361,Shein,Dresses,9.49,0.0,0
2718,1362,Zara,Activewear,65.69,0.0,0
2719,1363,Zara,Activewear,73.23,0.0,0
2720,1364,Loewe,Swimwear,736.24,0.0,0
2721,1364,Loewe,Jeans,1563.27,0.0,0
2722,1364,Loewe,Activewear,922.44,0.0,0
2723,1365,Zara,Tops,69.3,0.0,0
2724,1366,Zara,Tops,19.58,4.04,1
2725,1367,H&M,Swimwear,79.45,0.0,0
2726,1368,H&M,Dresses,45.79,0.0,0
2727,1368,H&M,Footwear,83.95,0.0,0
2728,1368,H&M,Outerwear,67.3,17.99,1
2729,1369,Girlfriend Collective,Dresses,100.8,0.0,0
2730,1369,Girlfriend Collective,Bags,103.93,0.0,0
2731,1369,Girlfriend Collective,Beauty,72.11,10.42,1
2732,1370,H&M,Home,66.39,0.0,0
2733,1371,Loewe,Footwear,1112.38,0.0,0
2734,1372,Urban Outfitters,Footwear,62.0,15.92,1
2735,1373,Urban Outfitters,Dresses,89.1,21.76,1
2736,1374,Chanel,Activewear,1192.0,0.0,0
2737,1374,Chanel,Bags,9579.94,0.0,0
2738,1374,Chanel,Accessories,792.85,0.0,0
2739,1375,H&M,Tops,10.0,0.0,0
2740,1375,H&M,Activewear,42.73,0.0,0
2741,1375,H&M,Activewear,63.7,0.0,0
2742,1376,Zara,Bags,76.03,0.0,0
2743,1376,Zara,Activewear,82.98,0.0,0
2744,1376,Zara,Swimwear,32.01,0.0,0
2745,1377,Under Armour,Beauty,105.17,0.0,0
2746,1377,Under Armour,Dresses,148.29,0.0,0
2747,1377,Under Armour,Lingerie,120.6,0.0,0
2748,1378,Under Armour,Tops,77.39,0.0,0
2749,1378,Under Armour,Jeans,57.22,4.35,1
2750,1379,Prada,Swimwear,718.41,0.0,0
2751,1379,Prada,Accessories,312.93,107.44,1
2752,1379,Prada,Tops,1128.09,0.0,0
2753,1380,Loewe,Footwear,672.34,0.0,0
2754,1380,Loewe,Dresses,1979.31,0.0,0
2755,1381,Girlfriend Collective,Bags,47.06,0.0,0
2756,1382,H&M,Beauty,68.59,0.0,0
2757,1382,H&M,Dresses,69.2,0.0,0
2758,1382,H&M,Accessories,65.9,0.0,0
2759,1383,Zara,Bags,20.56,0.0,0
2760,1383,Zara,Dresses,37.13,0.0,0
2761,1383,Zara,Home,57.95,0.0,0
2762,1384,Prada,Beauty,830.74,0.0,0
2763,1384,Prada,Tops,1951.78,0.0,0
2764,1385,Prada,Jeans,1806.63,0.0,0
2765,1386,Chanel,Home,847.84,203.17,1
2766,1387,Zara,Bags,48.43,14.44,1
2767,1388,Under Armour,Lingerie,59.13,0.0,0
2768,1388,Under Armour,Tops,104.56,20.46,1
2769,1388,Under Armour,Swimwear,108.7,27.9,1
2770,1389,H&M,Dresses,30.36,0.0,0
2771,1389,H&M,Footwear,42.56,2.97,1
2772,1390,H&M,Tops,20.45,0.0,0
2773,1390,H&M,Dresses,64.46,0.0,0
2774,1391,Zara,Home,23.53,0.0,0
2775,1392,H&M,Jeans,68.45,4.1,1
2776,1392,H&M,Accessories,77.43,0.0,0
2777,1392,H&M,Tops,71.89,14.03,1
2778,1393,Under Armour,Home,82.51,0.0,0
2779,1393,Under Armour,Jeans,171.16,0.0,0
2780,1394,Under Armour,Activewear,69.67,0.0,0
2781,1394,Under Armour,Footwear,96.48,12.26,1
2782,1394,Under Armour,Dresses,101.12,0.0,0
2783,1395,Zara,Swimwear,58.23,18.66,1
2784,1395,Zara,Tops,14.7,0.0,0
2785,1396,Gucci,Lingerie,472.61,0.0,0
2786,1396,Gucci,Jeans,998.64,0.0,0
2787,1396,Gucci,Activewear,1046.31,0.0,0
2788,1397,Under Armour,Footwear,102.04,0.0,0
2789,1398,Urban Outfitters,Swimwear,58.56,0.0,0
2790,1398,Urban Outfitters,Bags,81.63,17.5,1
2791,1399,Under Armour,Footwear,118.66,0.0,0
2792,1400,Loewe,Tops,1409.66,0.0,0
2793,1400,Loewe,Bags,2005.75,0.0,0
2794,1400,Loewe,Home,896.06,0.0,0
2795,1401,Shein,Accessories,19.12,4.19,1
2796,1401,Shein,Lingerie,22.38,7.41,1
2797,1402,Urban Outfitters,Outerwear,101.28,0.0,0
2798,1402,Urban Outfitters,Lingerie,100.26,12.04,1
2799,1402,Urban Outfitters,Dresses,101.11,0.0,0
2800,1403,Girlfriend Collective,Tops,75.9,22.13,1
2801,1403,Girlfriend Collective,Beauty,52.75,0.0,0
2802,1403,Girlfriend Collective,Jeans,51.39,0.0,0
2803,1404,Shein,Home,32.08,0.0,0
2804,1404,Shein,Jeans,29.39,0.0,0
2805,1405,Urban Outfitters,Lingerie,107.43,0.0,0
2806,1405,Urban Outfitters,Tops,73.39,12.87,1
2807,1406,H&M,Home,73.38,0.0,0
2808,1407,Girlfriend Collective,Footwear,99.38,13.39,1
2809,1407,Girlfriend Collective,Dresses,84.37,0.0,0
2810,1407,Girlfriend Collective,Jeans,75.79,0.0,0
2811,1408,Chanel,Beauty,666.19,0.0,0
2812,1408,Chanel,Activewear,720.29,0.0,0
2813,1408,Chanel,Tops,1815.89,304.71,1
2814,1409,Gucci,Activewear,647.43,0.0,0
2815,1410,Zara,Tops,28.28,0.0,0
2816,1411,H&M,Outerwear,58.42,0.0,0
2817,1411,H&M,Activewear,68.09,0.0,0
2818,1411,H&M,Lingerie,54.7,0.0,0
2819,1412,Gucci,Footwear,1122.73,0.0,0
2820,1413,Shein,Tops,19.72,6.69,1
2821,1414,Urban Outfitters,Swimwear,70.59,15.11,1
2822,1414,Urban Outfitters,Bags,84.27,0.0,0
2823,1415,Chanel,Home,1081.4,0.0,0
2824,1416,Shein,Footwear,48.02,0.0,0
2825,1416,Shein,Tops,24.43,0.0,0
2826,1416,Shein,Accessories,18.41,0.0,0
2827,1417,H&M,Beauty,69.81,0.0,0
2828,1418,Zara,Footwear,42.12,0.0,0
2829,1418,Zara,Jeans,80.03,0.0,0
2830,1419,Under Armour,Jeans,98.75,0.0,0
2831,1419,Under Armour,Home,76.43,0.0,0
2832,1419,Under Armour,Activewear,34.98,0.0,0
2833,1420,Chanel,Lingerie,453.56,144.46,1
2834,1421,Zara,Swimwear,78.55,0.0,0
2835,1421,Zara,Swimwear,73.22,0.0,0
2836,1421,Zara,Jeans,57.71,0.0,0
2837,1422,Urban Outfitters,Jeans,28.39,0.0,0
2838,1423,Loewe,Footwear,583.49,0.0,0
2839,1423,Loewe,Swimwear,1049.13,0.0,0
2840,1424,Prada,Dresses,763.68,0.0,0
2841,1425,Zara,Activewear,67.61,0.0,0
2842,1426,Gucci,Jeans,1827.36,0.0,0
2843,1426,Gucci,Swimwear,1026.23,0.0,0
2844,1426,Gucci,Bags,1834.08,0.0,0
2845,1427,Loewe,Dresses,951.53,0.0,0
2846,1428,Zara,Home,46.26,0.0,0
2847,1428,Zara,Beauty,48.17,0.0,0
2848,1429,Shein,Dresses,23.39,0.0,0
2849,1429,Shein,Home,34.46,5.51,1
2850,1429,Shein,Accessories,28.27,2.36,1
2851,1430,Shein,Dresses,35.89,0.0,0
2852,1430,Shein,Lingerie,10.4,0.0,0
2853,1430,Shein,Jeans,28.18,0.0,0
2854,1431,Chanel,Activewear,815.61,0.0,0
2855,1431,Chanel,Activewear,1017.75,0.0,0
2856,1432,Prada,Outerwear,3622.46,0.0,0
2857,1432,Prada,Tops,2238.62,0.0,0
2858,1432,Prada,Jeans,1378.98,0.0,0
2859,1433,H&M,Activewear,10.0,0.0,0
2860,1433,H&M,Jeans,98.58,0.0,0
2861,1433,H&M,Jeans,89.48,0.0,0
2862,1434,H&M,Bags,64.06,0.0,0
2863,1434,H&M,Activewear,84.11,0.0,0
2864,1435,Urban Outfitters,Lingerie,52.98,0.0,0
2865,1435,Urban Outfitters,Home,75.14,6.61,1
2866,1436,H&M,Tops,41.56,0.0,0
2867,1437,H&M,Bags,46.0,0.0,0
2868,1437,H&M,Home,69.14,0.0,0
2869,1438,H&M,Swimwear,28.02,4.22,1
2870,1439,Urban Outfitters,Beauty,94.45,0.0,0
2871,1440,Loewe,Bags,2675.21,0.0,0
2872,1440,Loewe,Lingerie,1220.87,0.0,0
2873,1441,Gucci,Tops,1676.74,0.0,0
2874,1441,Gucci,Dresses,979.42,0.0,0
2875,1441,Gucci,Home,703.09,0.0,0
2876,1442,Prada,Lingerie,669.98,0.0,0
2877,1443,Loewe,Outerwear,2858.48,0.0,0
2878,1444,Girlfriend Collective,Jeans,74.05,5.51,1
2879,1444,Girlfriend Collective,Dresses,75.91,0.0,0
2880,1445,Urban Outfitters,Accessories,110.03,0.0,0
2881,1445,Urban Outfitters,Bags,82.46,0.0,0
2882,1446,Chanel,Dresses,1243.81,0.0,0
2883,1447,H&M,Outerwear,56.84,0.0,0
2884,1447,H&M,Outerwear,68.81,0.0,0
2885,1447,H&M,Accessories,40.7,0.0,0
2886,1448,Chanel,Accessories,600.22,0.0,0
2887,1448,Chanel,Beauty,805.95,0.0,0
2888,1448,Chanel,Bags,9655.37,0.0,0
2889,1449,Urban Outfitters,Dresses,117.57,0.0,0
2890,1450,Gucci,Jeans,1277.52,0.0,0
2891,1450,Gucci,Beauty,815.39,0.0,0
2892,1450,Gucci,Outerwear,3483.62,0.0,0
2893,1451,Loewe,Beauty,765.84,0.0,0
2894,1451,Loewe,Accessories,716.13,0.0,0
2895,1451,Loewe,Home,1067.55,0.0,0
2896,1452,Zara,Footwear,73.06,0.0,0
2897,1452,Zara,Home,61.62,0.0,0
2898,1452,Zara,Bags,53.7,0.0,0
2899,1453,Shein,Activewear,18.84,6.31,1
2900,1454,H&M,Beauty,94.17,0.0,0
2901,1454,H&M,Tops,43.66,0.0,0
2902,1455,Gucci,Home,819.88,0.0,0
2903,1455,Gucci,Bags,2322.22,0.0,0
2904,1456,Chanel,Footwear,710.99,0.0,0
2905,1456,Chanel,Activewear,523.22,0.0,0
2906,1456,Chanel,Bags,9291.85,0.0,0
2907,1457,Loewe,Swimwear,882.46,0.0,0
2908,1457,Loewe,Accessories,300.0,0.0,0
2909,1457,Loewe,Jeans,1466.29,0.0,0
2910,1458,H&M,Tops,83.54,0.0,0
2911,1458,H&M,Outerwear,58.68,0.0,0
2912,1458,H&M,Jeans,23.76,0.0,0
2913,1459,Gucci,Lingerie,885.42,0.0,0
2914,1459,Gucci,Bags,2359.54,0.0,0
2915,1460,Prada,Jeans,1190.22,0.0,0
2916,1460,Prada,Dresses,2033.68,0.0,0
2917,1461,H&M,Outerwear,91.73,0.0,0
2918,1461,H&M,Activewear,49.9,15.93,1
2919,1461,H&M,Dresses,112.81,0.0,0
2920,1462,Chanel,Bags,9720.09,0.0,0
2921,1463,H&M,Tops,62.55,15.24,1
2922,1463,H&M,Bags,52.47,0.0,0
2923,1463,H&M,Jeans,77.14,6.64,1
2924,1464,Loewe,Outerwear,3196.3,0.0,0
2925,1464,Loewe,Footwear,624.44,0.0,0
2926,1464,Loewe,Outerwear,4045.0,0.0,0
2927,1465,Zara,Beauty,116.16,0.0,0
2928,1465,Zara,Tops,34.19,3.7,1
2929,1465,Zara,Beauty,69.54,0.0,0
2930,1466,Gucci,Jeans,1723.22,0.0,0
2931,1466,Gucci,Bags,2568.16,0.0,0
2932,1466,Gucci,Accessories,727.73,0.0,0
2933,1467,Zara,Dresses,94.46,0.0,0
2934,1468,Gucci,Swimwear,571.6,0.0,0
2935,1468,Gucci,Footwear,905.19,0.0,0
2936,1469,H&M,Bags,50.67,0.0,0
2937,1470,Shein,Bags,24.86,0.0,0
2938,1470,Shein,Dresses,10.13,0.0,0
2939,1471,Loewe,Dresses,1517.66,0.0,0
2940,1471,Loewe,Accessories,589.36,0.0,0
2941,1471,Loewe,Home,1092.26,0.0,0
2942,1472,H&M,Lingerie,43.1,0.0,0
2943,1472,H&M,Swimwear,62.57,0.0,0
2944,1473,Under Armour,Bags,40.22,0.0,0
2945,1473,Under Armour,Jeans,94.33,0.0,0
2946,1473,Under Armour,Footwear,30.0,0.0,0
2947,1474,Zara,Beauty,85.24,0.0,0
2948,1475,Prada,Lingerie,746.87,0.0,0
2949,1475,Prada,Footwear,888.31,0.0,0
2950,1475,Prada,Footwear,1053.2,0.0,0
2951,1476,H&M,Tops,82.4,0.0,0
2952,1476,H&M,Tops,85.0,0.0,0
2953,1477,Urban Outfitters,Dresses,35.36,0.0,0
2954,1477,Urban Outfitters,Activewear,22.8,0.0,0
2955,1478,H&M,Dresses,72.86,0.0,0
2956,1478,H&M,Activewear,67.56,0.0,0
2957,1479,Loewe,Beauty,668.58,0.0,0
2958,1479,Loewe,Accessories,692.31,0.0,0
2959,1480,Urban Outfitters,Bags,112.68,0.0,0
2960,1480,Urban Outfitters,Jeans,81.6,27.82,1
2961,1481,Loewe,Swimwear,420.12,34.38,1
2962,1481,Loewe,Outerwear,3367.93,0.0,0
2963,1481,Loewe,Footwear,981.3,0.0,0
2964,1482,Zara,Accessories,45.62,4.79,1
2965,1482,Zara,Footwear,106.95,26.4,1
2966,1483,Prada,Dresses,2234.79,0.0,0
2967,1484,Urban Outfitters,Outerwear,23.77,2.87,1
2968,1484,Urban Outfitters,Beauty,88.21,0.0,0
2969,1485,Girlfriend Collective,Jeans,128.43,31.85,1
2970,1485,Girlfriend Collective,Accessories,47.07,11.69,1
2971,1486,Zara,Bags,28.87,0.0,0
2972,1486,Zara,Dresses,92.56,0.0,0
2973,1486,Zara,Bags,35.37,5.15,1
2974,1487,Loewe,Dresses,1686.11,0.0,0
2975,1487,Loewe,Home,1112.9,0.0,0
2976,1487,Loewe,Lingerie,914.15,0.0,0
2977,1488,Urban Outfitters,Lingerie,68.13,0.0,0
2978,1489,Under Armour,Swimwear,125.82,0.0,0
2979,1489,Under Armour,Tops,87.17,0.0,0
2980,1490,Zara,Jeans,10.0,0.0,0
2981,1490,Zara,Lingerie,73.36,0.0,0
2982,1491,Chanel,Jeans,1228.02,0.0,0
2983,1492,Loewe,Accessories,696.91,0.0,0
2984,1492,Loewe,Beauty,1117.51,0.0,0
2985,1492,Loewe,Lingerie,644.57,0.0,0
2986,1493,Zara,Bags,50.4,14.58,1
2987,1493,Zara,Jeans,26.88,0.0,0
2988,1494,Loewe,Lingerie,941.14,0.0,0
2989,1494,Loewe,Lingerie,854.96,0.0,0
2990,1494,Loewe,Accessories,703.55,0.0,0
2991,1495,Zara,Dresses,95.67,0.0,0
2992,1495,Zara,Footwear,48.24,0.0,0
2993,1495,Zara,Swimwear,96.24,0.0,0
2994,1496,Zara,Tops,23.09,5.22,1
2995,1497,Urban Outfitters,Outerwear,79.2,0.0,0
2996,1497,Urban Outfitters,Beauty,98.02,0.0,0
2997,1498,Chanel,Jeans,1441.41,0.0,0
2998,1499,Shein,Beauty,25.67,0.0,0
2999,1499,Shein,Accessories,43.0,0.0,0
3000,1499,Shein,Lingerie,6.99,0.0,0
3001,1500,Gucci,Footwear,695.18,0.0,0
3002,1500,Gucci,Outerwear,3198.79,0.0,0
3003,1501,Zara,Home,54.91,6.03,1
3004,1501,Zara,Home,56.5,0.0,0
3005,1502,Loewe,Dresses,1680.72,0.0,0
3006,1502,Loewe,Lingerie,605.14,0.0,0
3007,1503,Shein,Home,31.98,0.0,0
3008,1504,Shein,Jeans,31.73,0.0,0
3009,1505,Urban Outfitters,Dresses,23.86,0.0,0
3010,1506,Girlfriend Collective,Outerwear,113.54,0.0,0
3011,1506,Girlfriend Collective,Activewear,83.0,0.0,0
3012,1507,Gucci,Home,363.03,0.0,0
3013,1507,Gucci,Outerwear,3698.16,0.0,0
3014,1508,Prada,Outerwear,3221.87,0.0,0
3015,1508,Prada,Activewear,819.49,0.0,0
3016,1509,H&M,Beauty,29.36,0.0,0
3017,1509,H&M,Jeans,46.29,10.55,1
3018,1509,H&M,Accessories,44.91,11.99,1
3019,1510,Zara,Tops,52.61,0.0,0
3020,1511,H&M,Dresses,48.94,0.0,0
3021,1512,Shein,Footwear,9.33,2.23,1
3022,1512,Shein,Footwear,27.49,0.0,0
3023,1512,Shein,Jeans,21.49,0.0,0
3024,1513,H&M,Outerwear,38.71,0.0,0
3025,1513,H&M,Accessories,70.42,0.0,0
3026,1514,Prada,Home,597.54,0.0,0
3027,1515,Zara,Footwear,50.51,0.0,0
3028,1515,Zara,Swimwear,52.08,0.0,0
3029,1516,Under Armour,Beauty,30.0,0.0,0
3030,1516,Under Armour,Swimwear,41.64,0.0,0
3031,1516,Under Armour,Lingerie,63.98,0.0,0
3032,1517,Under Armour,Outerwear,30.0,0.0,0
3033,1518,H&M,Swimwear,44.31,0.0,0
3034,1519,Prada,Accessories,649.16,0.0,0
3035,1520,Prada,Outerwear,3346.65,0.0,0
3036,1521,Zara,Tops,42.88,0.0,0
3037,1522,Under Armour,Beauty,35.0,0.0,0
3038,1522,Under Armour,Swimwear,44.08,0.0,0
3039,1522,Under Armour,Swimwear,107.62,0.0,0
3040,1523,Under Armour,Accessories,105.84,0.0,0
3041,1523,Under Armour,Jeans,166.8,0.0,0
3042,1524,Urban Outfitters,Dresses,94.04,0.0,0
3043,1524,Urban Outfitters,Tops,47.61,0.0,0
3044,1525,Zara,Tops,95.07,28.0,1
3045,1525,Zara,Outerwear,32.5,0.0,0
3046,1526,Gucci,Jeans,1143.22,0.0,0
3047,1526,Gucci,Swimwear,424.82,0.0,0
3048,1526,Gucci,Activewear,890.42,48.86,1
3049,1527,Zara,Activewear,86.81,9.48,1
3050,1528,H&M,Dresses,55.28,0.0,0
3051,1528,H&M,Bags,48.32,0.0,0
3052,1528,H&M,Bags,68.94,0.0,0
3053,1529,Gucci,Activewear,690.64,0.0,0
3054,1529,Gucci,Jeans,1375.54,0.0,0
3055,1530,H&M,Activewear,84.91,0.0,0
3056,1531,Zara,Activewear,79.83,0.0,0
3057,1532,Under Armour,Dresses,62.69,0.0,0
3058,1532,Under Armour,Home,82.51,0.0,0
3059,1533,Chanel,Beauty,577.95,0.0,0
3060,1534,H&M,Accessories,89.74,0.0,0
3061,1534,H&M,Beauty,59.44,0.0,0
3062,1534,H&M,Home,76.21,0.0,0
3063,1535,Shein,Accessories,31.92,9.13,1
3064,1535,Shein,Jeans,24.75,0.0,0
3065,1536,Girlfriend Collective,Swimwear,78.93,0.0,0
3066,1537,Girlfriend Collective,Swimwear,113.91,0.0,0
3067,1537,Girlfriend Collective,Jeans,86.57,19.88,1
3068,1538,Urban Outfitters,Outerwear,82.35,0.0,0
3069,1538,Urban Outfitters,Home,183.92,0.0,0
3070,1538,Urban Outfitters,Bags,63.08,6.7,1
3071,1539,H&M,Dresses,67.78,0.0,0
3072,1540,Zara,Home,91.1,0.0,0
3073,1540,Zara,Tops,48.97,0.0,0
3074,1541,Prada,Outerwear,3743.35,0.0,0
3075,1541,Prada,Activewear,681.53,0.0,0
3076,1542,Chanel,Lingerie,1221.49,0.0,0
3077,1543,Zara,Bags,40.07,0.0,0
3078,1544,Under Armour,Jeans,118.77,36.48,1
3079,1545,Shein,Beauty,31.45,0.0,0
3080,1545,Shein,Lingerie,8.84,0.0,0
3081,1546,Gucci,Home,1231.54,0.0,0
3082,1547,Shein,Tops,16.4,0.0,0
3083,1547,Shein,Bags,34.64,0.0,0
3084,1548,Zara,Jeans,10.21,1.66,1
3085,1549,H&M,Activewear,80.53,0.0,0
3086,1549,H&M,Bags,81.58,0.0,0
3087,1550,Girlfriend Collective,Jeans,118.05,0.0,0
3088,1551,Zara,Bags,33.05,0.0,0
3089,1552,Zara,Lingerie,78.72,13.82,1
3090,1552,Zara,Footwear,26.19,0.0,0
3091,1553,Girlfriend Collective,Home,61.23,0.0,0
3092,1553,Girlfriend Collective,Lingerie,73.08,0.0,0
3093,1553,Girlfriend Collective,Footwear,68.11,0.0,0
3094,1554,Zara,Footwear,40.43,0.0,0
3095,1554,Zara,Accessories,39.74,4.9,1
3096,1555,Zara,Home,19.49,0.0,0
3097,1555,Zara,Tops,112.2,0.0,0
3098,1555,Zara,Footwear,43.35,0.0,0
3099,1556,H&M,Home,62.44,15.39,1
3100,1557,Under Armour,Home,58.95,0.0,0
3101,1558,Prada,Jeans,1734.53,0.0,0
3102,1559,Chanel,Jeans,1349.88,0.0,0
3103,1559,Chanel,Accessories,677.08,0.0,0
3104,1559,Chanel,Outerwear,3522.09,0.0,0
3105,1560,Zara,Tops,43.69,0.0,0
3106,1560,Zara,Jeans,56.87,0.0,0
3107,1560,Zara,Tops,31.3,5.21,1
3108,1561,Girlfriend Collective,Activewear,63.62,0.0,0
3109,1561,Girlfriend Collective,Footwear,98.51,0.0,0
3110,1562,Loewe,Home,681.58,0.0,0
3111,1562,Loewe,Lingerie,851.45,0.0,0
3112,1563,Girlfriend Collective,Lingerie,101.58,33.43,1
3113,1564,Zara,Outerwear,113.18,0.0,0
3114,1565,Girlfriend Collective,Activewear,97.65,0.0,0
3115,1565,Girlfriend Collective,Outerwear,51.66,0.0,0
3116,1565,Girlfriend Collective,Lingerie,69.06,0.0,0
3117,1566,Prada,Jeans,1468.12,0.0,0
3118,1566,Prada,Lingerie,956.11,0.0,0
3119,1567,Girlfriend Collective,Home,50.86,13.76,1
3120,1567,Girlfriend Collective,Tops,83.19,14.94,1
3121,1567,Girlfriend Collective,Tops,44.99,0.0,0
3122,1568,H&M,Home,12.36,1.87,1
3123,1569,Prada,Footwear,613.65,0.0,0
3124,1570,Zara,Activewear,26.68,0.0,0
3125,1570,Zara,Footwear,37.27,0.0,0
3126,1570,Zara,Accessories,43.99,0.0,0
3127,1571,H&M,Swimwear,53.64,0.0,0
3128,1571,H&M,Bags,16.56,0.0,0
3129,1572,Prada,Swimwear,1025.37,0.0,0
3130,1573,Gucci,Home,966.47,0.0,0
3131,1573,Gucci,Beauty,1099.09,0.0,0
3132,1574,Urban Outfitters,Activewear,56.99,0.0,0
3133,1575,Loewe,Jeans,1500.76,0.0,0
3134,1576,Chanel,Dresses,1447.97,0.0,0
3135,1577,Prada,Home,1050.21,0.0,0
3136,1577,Prada,Swimwear,925.71,0.0,0
3137,1578,Urban Outfitters,Beauty,86.46,23.92,1
3138,1579,Girlfriend Collective,Swimwear,93.6,23.05,1
3139,1579,Girlfriend Collective,Activewear,50.65,0.0,0
3140,1579,Girlfriend Collective,Jeans,62.4,0.0,0
3141,1580,Urban Outfitters,Home,154.56,52.7,1
3142,1580,Urban Outfitters,Lingerie,32.91,0.0,0
3143,1580,Urban Outfitters,Activewear,57.12,0.0,0
3144,1581,Zara,Tops,80.04,0.0,0
3145,1581,Zara,Home,64.1,0.0,0
3146,1581,Zara,Home,63.76,0.0,0
3147,1582,Girlfriend Collective,Lingerie,64.1,0.0,0
3148,1582,Girlfriend Collective,Footwear,30.0,0.0,0
3149,1583,Shein,Outerwear,34.01,0.0,0
3150,1583,Shein,Beauty,23.28,4.27,1
3151,1583,Shein,Jeans,31.31,0.0,0
3152,1584,Zara,Jeans,66.04,0.0,0
3153,1584,Zara,Accessories,110.68,0.0,0
3154,1585,Under Armour,Bags,66.37,3.39,1
3155,1585,Under Armour,Bags,89.84,0.0,0
3156,1586,Under Armour,Lingerie,66.84,0.0,0
3157,1586,Under Armour,Accessories,72.66,0.0,0
3158,1586,Under Armour,Activewear,59.24,0.0,0
3159,1587,Urban Outfitters,Outerwear,70.33,0.0,0
3160,1588,Urban Outfitters,Swimwear,165.48,0.0,0
3161,1588,Urban Outfitters,Accessories,143.72,0.0,0
3162,1588,Urban Outfitters,Swimwear,66.3,9.08,1
3163,1589,Prada,Jeans,1601.77,0.0,0
3164,1589,Prada,Jeans,1529.47,0.0,0
3165,1590,Urban Outfitters,Lingerie,115.0,0.0,0
3166,1590,Urban Outfitters,Swimwear,48.13,10.13,1
3167,1590,Urban Outfitters,Footwear,82.99,0.0,0
3168,1591,Prada,Footwear,772.1,0.0,0
3169,1592,Zara,Dresses,80.13,0.0,0
3170,1592,Zara,Activewear,75.42,24.71,1
3171,1592,Zara,Footwear,29.17,0.0,0
3172,1593,H&M,Home,64.12,0.0,0
3173,1593,H&M,Accessories,48.05,15.21,1
3174,1594,H&M,Accessories,51.58,0.0,0
3175,1594,H&M,Outerwear,10.0,0.0,0
3176,1595,Urban Outfitters,Tops,55.7,0.0,0
3177,1595,Urban Outfitters,Home,58.17,0.0,0
3178,1595,Urban Outfitters,Dresses,20.0,0.0,0
3179,1596,H&M,Activewear,58.13,0.0,0
3180,1596,H&M,Tops,59.45,19.36,1
3181,1596,H&M,Outerwear,94.6,21.62,1
3182,1597,Zara,Accessories,35.52,0.0,0
3183,1597,Zara,Footwear,40.69,13.51,1
3184,1598,H&M,Lingerie,81.83,0.0,0
3185,1598,H&M,Jeans,67.48,0.0,0
3186,1599,Loewe,Dresses,1257.07,0.0,0
3187,1600,Loewe,Beauty,688.71,0.0,0
3188,1600,Loewe,Outerwear,3002.99,0.0,0
3189,1600,Loewe,Accessories,761.35,0.0,0
3190,1601,Under Armour,Accessories,91.83,0.0,0
3191,1601,Under Armour,Activewear,130.56,0.0,0
3192,1601,Under Armour,Tops,179.57,0.0,0
3193,1602,Shein,Activewear,12.37,3.22,1
3194,1602,Shein,Tops,5.0,0.62,1
3195,1603,Loewe,Home,1075.71,0.0,0
3196,1604,Urban Outfitters,Outerwear,75.35,0.0,0
3197,1604,Urban Outfitters,Home,51.13,7.87,1
3198,1605,Zara,Beauty,86.29,0.0,0
3199,1605,Zara,Footwear,46.45,14.3,1
3200,1605,Zara,Accessories,77.16,15.49,1
3201,1606,Urban Outfitters,Footwear,20.0,0.0,0
3202,1607,Shein,Outerwear,35.92,0.0,0
3203,1608,Zara,Beauty,83.73,23.59,1
3204,1608,Zara,Bags,66.56,0.0,0
3205,1609,H&M,Outerwear,64.54,0.0,0
3206,1609,H&M,Bags,16.84,2.3,1
3207,1609,H&M,Activewear,108.1,12.91,1
3208,1610,Zara,Activewear,24.66,0.0,0
3209,1610,Zara,Home,75.18,22.38,1
3210,1610,Zara,Lingerie,60.47,0.0,0
3211,1611,Under Armour,Swimwear,104.7,30.19,1
3212,1612,H&M,Accessories,117.2,29.92,1
3213,1612,H&M,Jeans,66.87,17.22,1
3214,1612,H&M,Footwear,65.13,0.0,0
3215,1613,Urban Outfitters,Tops,72.18,15.83,1
3216,1613,Urban Outfitters,Footwear,33.06,0.0,0
3217,1613,Urban Outfitters,Activewear,43.66,0.0,0
3218,1614,Chanel,Home,995.22,0.0,0
3219,1614,Chanel,Lingerie,1225.73,0.0,0
3220,1615,Zara,Jeans,89.33,0.0,0
3221,1615,Zara,Outerwear,55.32,0.0,0
3222,1616,Loewe,Tops,1408.09,0.0,0
3223,1616,Loewe,Lingerie,1045.25,0.0,0
3224,1617,Under Armour,Footwear,30.0,0.0,0
3225,1617,Under Armour,Tops,91.19,0.0,0
3226,1617,Under Armour,Beauty,104.32,0.0,0
3227,1618,Under Armour,Beauty,94.68,0.0,0
3228,1618,Under Armour,Jeans,69.82,0.0,0
3229,1619,Girlfriend Collective,Lingerie,64.47,0.0,0
3230,1619,Girlfriend Collective,Footwear,58.98,0.0,0
3231,1619,Girlfriend Collective,Footwear,89.35,0.0,0
3232,1620,Gucci,Swimwear,820.28,0.0,0
3233,1621,Zara,Home,44.01,0.0,0
3234,1621,Zara,Lingerie,23.63,0.0,0
3235,1622,Shein,Activewear,6.02,0.0,0
3236,1622,Shein,Dresses,38.54,0.0,0
3237,1622,Shein,Lingerie,5.0,0.0,0
3238,1623,Gucci,Accessories,577.69,0.0,0
3239,1624,H&M,Activewear,43.5,0.0,0
3240,1624,H&M,Swimwear,61.88,0.0,0
3241,1624,H&M,Swimwear,35.71,2.66,1
3242,1625,Zara,Lingerie,58.37,17.29,1
3243,1625,Zara,Beauty,94.97,0.0,0
3244,1626,Urban Outfitters,Tops,52.73,0.0,0
3245,1626,Urban Outfitters,Swimwear,44.99,0.0,0
3246,1626,Urban Outfitters,Lingerie,67.07,19.91,1
3247,1627,Gucci,Tops,1919.84,0.0,0
3248,1627,Gucci,Home,835.6,251.38,1
3249,1627,Gucci,Activewear,878.46,0.0,0
3250,1628,H&M,Lingerie,104.14,12.97,1
3251,1629,Shein,Footwear,42.63,0.0,0
3252,1629,Shein,Home,40.94,0.0,0
3253,1629,Shein,Tops,21.7,0.0,0
3254,1630,H&M,Tops,65.28,0.0,0
3255,1630,H&M,Activewear,99.03,0.0,0
3256,1631,Loewe,Swimwear,727.79,0.0,0
3257,1631,Loewe,Accessories,659.15,0.0,0
3258,1631,Loewe,Dresses,1525.55,0.0,0
3259,1632,Zara,Lingerie,61.23,3.19,1
3260,1633,H&M,Outerwear,67.37,0.0,0
3261,1633,H&M,Dresses,67.88,0.0,0
3262,1633,H&M,Accessories,82.4,16.17,1
3263,1634,Gucci,Dresses,1853.91,0.0,0
3264,1635,Girlfriend Collective,Activewear,117.22,0.0,0
3265,1635,Girlfriend Collective,Bags,71.81,7.0,1
3266,1635,Girlfriend Collective,Accessories,71.66,0.0,0
3267,1636,H&M,Outerwear,49.05,3.66,1
3268,1637,Gucci,Accessories,621.44,0.0,0
3269,1637,Gucci,Lingerie,868.56,0.0,0
3270,1637,Gucci,Footwear,755.84,0.0,0
3271,1638,Urban Outfitters,Tops,46.36,0.0,0
3272,1638,Urban Outfitters,Tops,77.91,16.99,1
3273,1639,Loewe,Outerwear,3287.74,0.0,0
3274,1640,H&M,Dresses,41.32,0.0,0
3275,1640,H&M,Beauty,69.67,0.0,0
3276,1640,H&M,Swimwear,47.15,0.0,0
3277,1641,Loewe,Accessories,582.92,0.0,0
3278,1641,Loewe,Accessories,582.97,0.0,0
3279,1641,Loewe,Home,752.08,0.0,0
3280,1642,Zara,Outerwear,67.37,0.0,0
3281,1642,Zara,Bags,31.34,0.0,0
3282,1642,Zara,Footwear,42.85,11.23,1
3283,1643,Prada,Bags,2153.54,0.0,0
3284,1644,Gucci,Dresses,1843.07,0.0,0
3285,1644,Gucci,Outerwear,3559.21,0.0,0
3286,1644,Gucci,Activewear,492.28,0.0,0
3287,1645,Zara,Bags,86.42,0.0,0
3288,1645,Zara,Swimwear,80.75,9.71,1
3289,1646,Urban Outfitters,Dresses,115.98,6.09,1
3290,1646,Urban Outfitters,Lingerie,39.95,0.0,0
3291,1647,Loewe,Swimwear,566.07,0.0,0
3292,1648,Gucci,Outerwear,3319.0,0.0,0
3293,1649,Girlfriend Collective,Beauty,86.4,0.0,0
3294,1649,Girlfriend Collective,Jeans,30.0,8.32,1
3295,1649,Girlfriend Collective,Tops,70.68,18.17,1
3296,1650,Under Armour,Outerwear,46.93,0.0,0
3297,1651,Girlfriend Collective,Lingerie,72.69,0.0,0
3298,1651,Girlfriend Collective,Jeans,94.19,12.54,1
3299,1651,Girlfriend Collective,Tops,30.0,0.0,0
3300,1652,Gucci,Lingerie,1115.26,0.0,0
3301,1652,Gucci,Jeans,1437.81,0.0,0
3302,1653,Zara,Outerwear,78.42,0.0,0
3303,1654,Urban Outfitters,Swimwear,72.21,0.0,0
3304,1655,Shein,Accessories,35.37,5.82,1
3305,1655,Shein,Bags,31.75,6.79,1
3306,1655,Shein,Home,25.8,0.0,0
3307,1656,H&M,Activewear,59.56,0.0,0
3308,1656,H&M,Home,98.21,21.74,1
3309,1657,H&M,Bags,76.54,0.0,0
3310,1657,H&M,Tops,67.13,8.26,1
3311,1658,Gucci,Lingerie,583.91,0.0,0
3312,1659,Zara,Dresses,10.0,2.94,1
3313,1660,Prada,Accessories,809.96,0.0,0
3314,1660,Prada,Dresses,1294.14,384.47,1
3315,1660,Prada,Home,467.64,0.0,0
3316,1661,H&M,Swimwear,56.52,0.0,0
3317,1662,Urban Outfitters,Activewear,61.85,0.0,0
3318,1662,Urban Outfitters,Activewear,65.12,0.0,0
3319,1663,Shein,Beauty,15.31,0.0,0
3320,1664,Zara,Outerwear,13.78,0.0,0
3321,1664,Zara,Home,45.15,0.0,0
3322,1664,Zara,Home,69.53,9.14,1
3323,1665,Shein,Activewear,18.03,0.0,0
3324,1666,H&M,Bags,31.79,0.0,0
3325,1667,Chanel,Beauty,602.36,0.0,0
3326,1668,H&M,Jeans,81.73,18.18,1
3327,1669,Zara,Swimwear,41.35,0.0,0
3328,1669,Zara,Home,75.06,0.0,0
3329,1670,Urban Outfitters,Swimwear,73.87,0.0,0
3330,1670,Urban Outfitters,Activewear,38.67,0.0,0
3331,1671,Shein,Tops,29.27,0.0,0
3332,1671,Shein,Bags,22.74,0.0,0
3333,1672,Under Armour,Outerwear,87.57,0.0,0
3334,1672,Under Armour,Jeans,191.57,26.86,1
3335,1673,Urban Outfitters,Beauty,61.41,6.71,1
3336,1673,Urban Outfitters,Activewear,60.42,0.0,0
3337,1673,Urban Outfitters,Swimwear,91.14,0.0,0
3338,1674,H&M,Swimwear,66.43,0.0,0
3339,1674,H&M,Accessories,68.4,18.08,1
3340,1674,H&M,Jeans,105.54,10.55,1
3341,1675,Shein,Tops,25.69,0.0,0
3342,1675,Shein,Tops,29.55,1.64,1
3343,1676,Gucci,Home,1270.77,0.0,0
3344,1676,Gucci,Activewear,778.92,0.0,0
3345,1676,Gucci,Tops,1615.92,333.41,1
3346,1677,Zara,Tops,41.21,13.87,1
3347,1677,Zara,Accessories,18.53,0.0,0
3348,1678,H&M,Activewear,40.67,0.0,0
3349,1678,H&M,Beauty,28.46,0.0,0
3350,1679,Urban Outfitters,Home,49.7,0.0,0
3351,1679,Urban Outfitters,Dresses,24.94,0.0,0
3352,1679,Urban Outfitters,Accessories,108.73,0.0,0
3353,1680,H&M,Lingerie,10.0,0.0,0
3354,1681,Zara,Dresses,56.63,0.0,0
3355,1682,Loewe,Dresses,708.48,0.0,0
3356,1682,Loewe,Lingerie,771.26,0.0,0
3357,1682,Loewe,Home,934.39,0.0,0
3358,1683,Zara,Activewear,42.69,0.0,0
3359,1684,Shein,Activewear,30.15,0.0,0
3360,1684,Shein,Tops,22.4,0.0,0
3361,1685,Under Armour,Outerwear,70.3,0.0,0
3362,1685,Under Armour,Bags,72.27,4.78,1
3363,1685,Under Armour,Swimwear,90.24,28.37,1
3364,1686,Chanel,Jeans,2456.68,0.0,0
3365,1687,Loewe,Accessories,654.75,0.0,0
3366,1688,Urban Outfitters,Footwear,54.1,0.0,0
3367,1688,Urban Outfitters,Activewear,37.25,0.0,0
3368,1688,Urban Outfitters,Beauty,140.91,0.0,0
3369,1689,Loewe,Footwear,1043.42,0.0,0
3370,1690,H&M,Dresses,68.59,0.0,0
3371,1690,H&M,Jeans,88.99,0.0,0
3372,1690,H&M,Dresses,63.78,0.0,0
3373,1691,Girlfriend Collective,Footwear,48.92,0.0,0
3374,1691,Girlfriend Collective,Outerwear,60.68,0.0,0
3375,1691,Girlfriend Collective,Dresses,86.74,0.0,0
3376,1692,Zara,Accessories,35.66,0.0,0
3377,1692,Zara,Dresses,37.39,4.59,1
3378,1693,H&M,Home,57.74,0.0,0
3379,1693,H&M,Jeans,10.0,0.0,0
3380,1693,H&M,Accessories,54.0,4.15,1
3381,1694,H&M,Accessories,90.28,0.0,0
3382,1694,H&M,Activewear,78.61,0.0,0
3383,1694,H&M,Outerwear,56.91,0.0,0
3384,1695,Prada,Accessories,385.19,0.0,0
3385,1695,Prada,Outerwear,3917.35,0.0,0
3386,1696,Shein,Footwear,26.51,0.0,0
3387,1697,Urban Outfitters,Outerwear,120.94,26.31,1
3388,1698,Loewe,Jeans,1554.77,0.0,0
3389,1698,Loewe,Dresses,1400.39,0.0,0
3390,1698,Loewe,Bags,1972.01,0.0,0
3391,1699,Loewe,Accessories,784.9,0.0,0
3392,1699,Loewe,Footwear,881.0,0.0,0
3393,1699,Loewe,Jeans,1589.52,0.0,0
3394,1700,Prada,Swimwear,921.11,0.0,0
3395,1700,Prada,Lingerie,1045.8,0.0,0
3396,1701,Under Armour,Activewear,51.31,0.0,0
3397,1701,Under Armour,Accessories,88.9,0.0,0
3398,1701,Under Armour,Swimwear,111.61,0.0,0
3399,1702,Loewe,Activewear,1032.36,0.0,0
3400,1703,H&M,Accessories,77.94,0.0,0
3401,1703,H&M,Swimwear,40.57,3.37,1
3402,1703,H&M,Footwear,107.6,0.0,0
3403,1704,Zara,Lingerie,72.48,0.0,0
3404,1704,Zara,Accessories,48.13,0.0,0
3405,1705,Gucci,Beauty,842.97,0.0,0
3406,1706,Under Armour,Activewear,70.6,17.69,1
3407,1706,Under Armour,Outerwear,65.76,16.65,1
3408,1707,Under Armour,Lingerie,119.68,0.0,0
3409,1707,Under Armour,Tops,104.93,0.0,0
3410,1708,Shein,Dresses,35.76,0.0,0
3411,1709,Gucci,Outerwear,3465.12,0.0,0
3412,1709,Gucci,Dresses,1534.27,0.0,0
3413,1710,H&M,Tops,13.91,0.0,0
3414,1710,H&M,Accessories,51.64,17.24,1
3415,1711,Chanel,Swimwear,371.14,0.0,0
3416,1711,Chanel,Activewear,821.25,0.0,0
3417,1711,Chanel,Dresses,1552.64,0.0,0
3418,1712,H&M,Tops,61.84,0.0,0
3419,1712,H&M,Outerwear,71.22,0.0,0
3420,1713,H&M,Bags,28.48,0.0,0
3421,1713,H&M,Bags,48.78,0.0,0
3422,1713,H&M,Accessories,58.45,16.06,1
3423,1714,Gucci,Beauty,652.41,0.0,0
3424,1714,Gucci,Home,706.11,0.0,0
3425,1715,Prada,Footwear,874.98,0.0,0
3426,1715,Prada,Dresses,1550.36,0.0,0
3427,1716,Shein,Home,26.16,5.02,1
3428,1717,Urban Outfitters,Lingerie,62.5,0.0,0
3429,1717,Urban Outfitters,Bags,20.0,3.49,1
3430,1718,Gucci,Jeans,2007.38,0.0,0
3431,1718,Gucci,Beauty,440.83,0.0,0
3432,1719,Urban Outfitters,Swimwear,62.83,9.53,1
3433,1720,Prada,Dresses,1664.21,0.0,0
3434,1720,Prada,Jeans,1019.28,0.0,0
3435,1720,Prada,Tops,1378.25,0.0,0
3436,1721,Urban Outfitters,Tops,46.82,11.49,1
3437,1721,Urban Outfitters,Outerwear,84.86,23.8,1
3438,1721,Urban Outfitters,Accessories,20.84,0.0,0
3439,1722,Under Armour,Lingerie,34.52,0.0,0
3440,1722,Under Armour,Swimwear,87.25,0.0,0
3441,1723,Girlfriend Collective,Accessories,64.0,0.0,0
3442,1724,Urban Outfitters,Dresses,118.6,36.16,1
3443,1724,Urban Outfitters,Home,180.67,0.0,0
3444,1724,Urban Outfitters,Dresses,36.34,0.0,0
3445,1725,Prada,Dresses,1336.0,438.64,1
3446,1725,Prada,Activewear,739.6,0.0,0
3447,1726,Shein,Home,30.19,0.0,0
3448,1727,Shein,Swimwear,7.32,0.42,1
3449,1727,Shein,Dresses,46.15,0.0,0
3450,1728,Shein,Tops,12.04,1.93,1
3451,1729,Chanel,Swimwear,618.65,0.0,0
3452,1729,Chanel,Accessories,753.61,0.0,0
3453,1729,Chanel,Activewear,840.37,0.0,0
3454,1730,Shein,Dresses,38.75,2.14,1
3455,1731,Urban Outfitters,Bags,57.23,0.0,0
3456,1732,Shein,Swimwear,25.88,0.0,0
3457,1733,Loewe,Footwear,500.0,0.0,0
3458,1733,Loewe,Activewear,741.36,0.0,0
3459,1734,Shein,Jeans,7.37,0.0,0
3460,1734,Shein,Tops,18.51,0.0,0
3461,1735,Zara,Tops,69.8,19.96,1
3462,1735,Zara,Home,78.37,0.0,0
3463,1736,Gucci,Jeans,1647.99,114.37,1
3464,1736,Gucci,Tops,1407.83,0.0,0
3465,1737,Shein,Beauty,30.96,0.0,0
3466,1737,Shein,Activewear,38.58,0.0,0
3467,1738,Urban Outfitters,Activewear,73.93,0.0,0
3468,1738,Urban Outfitters,Bags,68.74,0.0,0
3469,1739,Chanel,Jeans,1296.18,0.0,0
3470,1739,Chanel,Lingerie,903.36,0.0,0
3471,1739,Chanel,Accessories,480.39,0.0,0
3472,1740,Zara,Outerwear,93.42,0.0,0
3473,1740,Zara,Accessories,67.63,0.0,0
3474,1740,Zara,Tops,33.49,0.0,0
3475,1741,Urban Outfitters,Home,157.89,23.92,1
3476,1742,Urban Outfitters,Footwear,53.16,0.0,0
3477,1743,Girlfriend Collective,Beauty,76.32,0.0,0
3478,1743,Girlfriend Collective,Swimwear,80.75,0.0,0
3479,1744,Zara,Footwear,80.37,0.0,0
3480,1744,Zara,Outerwear,32.4,9.28,1
3481,1744,Zara,Lingerie,71.14,0.0,0
3482,1745,Gucci,Lingerie,827.0,0.0,0
3483,1745,Gucci,Outerwear,3593.18,0.0,0
3484,1746,Urban Outfitters,Home,162.81,0.0,0
3485,1747,Chanel,Outerwear,3663.71,0.0,0
3486,1747,Chanel,Lingerie,618.9,0.0,0
3487,1748,Zara,Bags,69.64,11.89,1
3488,1749,Zara,Jeans,70.08,17.03,1
3489,1749,Zara,Dresses,101.13,7.33,1
3490,1749,Zara,Footwear,111.71,0.0,0
3491,1750,Loewe,Accessories,642.09,0.0,0
3492,1751,H&M,Swimwear,84.63,0.0,0
3493,1751,H&M,Activewear,92.31,9.48,1
3494,1752,Zara,Jeans,42.53,4.43,1
3495,1753,Loewe,Jeans,1149.65,0.0,0
3496,1753,Loewe,Bags,2155.32,0.0,0
3497,1754,Prada,Bags,2440.04,0.0,0
3498,1754,Prada,Activewear,924.49,0.0,0
3499,1755,Urban Outfitters,Footwear,41.66,0.0,0
3500,1756,Zara,Bags,85.5,27.79,1
3501,1756,Zara,Lingerie,10.0,0.84,1
3502,1757,Gucci,Activewear,728.99,0.0,0
3503,1757,Gucci,Swimwear,604.02,0.0,0
3504,1758,Gucci,Outerwear,4038.64,0.0,0
3505,1758,Gucci,Lingerie,1054.06,0.0,0
3506,1759,Chanel,Home,933.23,0.0,0
3507,1760,Loewe,Jeans,2029.21,0.0,0
3508,1760,Loewe,Jeans,1918.74,0.0,0
3509,1761,Shein,Outerwear,29.73,0.0,0
3510,1762,H&M,Home,18.87,0.0,0
3511,1762,H&M,Beauty,35.22,0.0,0
3512,1763,Under Armour,Footwear,113.74,0.0,0
3513,1763,Under Armour,Bags,85.19,0.0,0
3514,1764,Urban Outfitters,Swimwear,35.84,0.0,0
3515,1765,Urban Outfitters,Footwear,43.03,0.0,0
3516,1765,Urban Outfitters,Jeans,102.86,5.46,1
3517,1766,Zara,Footwear,71.1,0.0,0
3518,1767,Zara,Lingerie,56.01,0.0,0
3519,1767,Zara,Activewear,60.6,5.88,1
3520,1767,Zara,Activewear,41.53,2.16,1
3521,1768,H&M,Footwear,49.81,0.0,0
3522,1769,H&M,Activewear,52.71,0.0,0
3523,1769,H&M,Footwear,60.84,0.0,0
3524,1769,H&M,Tops,66.08,11.33,1
3525,1770,Girlfriend Collective,Activewear,92.09,0.0,0
3526,1771,Loewe,Accessories,521.1,0.0,0
3527,1771,Loewe,Tops,960.74,0.0,0
3528,1771,Loewe,Beauty,758.17,0.0,0
3529,1772,H&M,Tops,18.44,0.0,0
3530,1772,H&M,Lingerie,82.27,0.0,0
3531,1772,H&M,Lingerie,27.14,0.0,0
3532,1773,Zara,Accessories,73.06,14.2,1
3533,1773,Zara,Lingerie,66.41,0.0,0
3534,1774,Urban Outfitters,Outerwear,45.05,0.0,0
3535,1774,Urban Outfitters,Activewear,81.62,0.0,0
3536,1774,Urban Outfitters,Lingerie,53.83,0.0,0
3537,1775,Urban Outfitters,Home,147.86,28.76,1
3538,1776,Loewe,Bags,2051.09,0.0,0
3539,1776,Loewe,Swimwear,620.7,0.0,0
3540,1777,H&M,Home,31.07,7.34,1
3541,1778,H&M,Lingerie,43.68,11.9,1
3542,1778,H&M,Outerwear,54.96,0.0,0
3543,1778,H&M,Outerwear,55.42,5.53,1
3544,1779,Chanel,Footwear,1186.33,92.8,1
3545,1779,Chanel,Home,772.94,0.0,0
3546,1780,Zara,Swimwear,58.62,0.0,0
3547,1781,Zara,Jeans,45.1,0.0,0
3548,1781,Zara,Jeans,77.09,6.02,1
3549,1781,Zara,Activewear,81.2,0.0,0
3550,1782,Under Armour,Tops,30.0,0.0,0
3551,1782,Under Armour,Bags,62.99,0.0,0
3552,1782,Under Armour,Bags,48.73,0.0,0
3553,1783,Prada,Lingerie,765.75,0.0,0
3554,1784,H&M,Tops,64.91,12.34,1
3555,1784,H&M,Beauty,43.64,0.0,0
3556,1784,H&M,Outerwear,36.87,7.59,1
3557,1785,Prada,Jeans,1223.66,0.0,0
3558,1785,Prada,Home,732.95,0.0,0
3559,1785,Prada,Jeans,1751.5,0.0,0
3560,1786,Urban Outfitters,Beauty,73.64,0.0,0
3561,1787,Loewe,Footwear,931.24,0.0,0
3562,1787,Loewe,Lingerie,804.11,0.0,0
3563,1787,Loewe,Jeans,1549.38,0.0,0
3564,1788,Under Armour,Home,48.23,0.0,0
3565,1788,Under Armour,Accessories,69.54,21.9,1
3566,1789,Under Armour,Lingerie,77.83,0.0,0
3567,1790,Prada,Jeans,1243.19,0.0,0
3568,1791,Under Armour,Lingerie,184.92,9.99,1
3569,1792,Zara,Bags,102.19,17.68,1
3570,1792,Zara,Outerwear,71.78,0.0,0
3571,1792,Zara,Tops,97.12,0.0,0
3572,1793,Zara,Outerwear,62.06,0.0,0
3573,1793,Zara,Home,42.77,3.1,1
3574,1794,Shein,Swimwear,26.62,0.0,0
3575,1795,Prada,Dresses,1218.04,0.0,0
3576,1796,Chanel,Tops,2380.12,0.0,0
3577,1796,Chanel,Bags,8362.93,0.0,0
3578,1797,Shein,Beauty,18.28,0.0,0
3579,1798,Prada,Outerwear,3107.88,0.0,0
3580,1798,Prada,Home,891.03,0.0,0
3581,1799,Zara,Activewear,38.44,0.0,0
3582,1800,Girlfriend Collective,Beauty,84.16,29.03,1
3583,1801,H&M,Outerwear,63.87,0.0,0
3584,1801,H&M,Accessories,87.42,0.0,0
3585,1801,H&M,Home,64.03,9.91,1
3586,1802,Urban Outfitters,Bags,81.11,0.0,0
3587,1802,Urban Outfitters,Swimwear,108.08,0.0,0
3588,1803,Prada,Outerwear,3058.95,0.0,0
3589,1804,Prada,Bags,2403.71,0.0,0
3590,1805,H&M,Bags,44.86,0.0,0
3591,1806,Shein,Tops,60.0,0.0,0
3592,1807,Shein,Dresses,28.77,0.0,0
3593,1807,Shein,Activewear,32.56,0.0,0
3594,1808,Under Armour,Lingerie,168.27,0.0,0
3595,1808,Under Armour,Tops,71.76,22.41,1
3596,1809,Shein,Accessories,21.02,0.0,0
3597,1810,Zara,Accessories,46.9,0.0,0
3598,1810,Zara,Dresses,53.18,0.0,0
3599,1810,Zara,Lingerie,38.09,0.0,0
3600,1811,Urban Outfitters,Jeans,75.13,20.12,1
3601,1811,Urban Outfitters,Footwear,84.72,0.0,0
3602,1812,Under Armour,Bags,56.69,0.0,0
3603,1813,Shein,Beauty,22.53,0.0,0
3604,1813,Shein,Outerwear,28.35,5.71,1
3605,1813,Shein,Outerwear,31.38,0.0,0
3606,1814,Chanel,Swimwear,1011.25,0.0,0
3607,1815,Zara,Bags,60.46,18.93,1
3608,1815,Zara,Accessories,76.87,0.0,0
3609,1816,Prada,Swimwear,895.49,0.0,0
3610,1817,Zara,Home,57.89,17.54,1
3611,1817,Zara,Swimwear,96.82,0.0,0
3612,1818,H&M,Footwear,89.24,0.0,0
3613,1819,Prada,Home,498.58,0.0,0
3614,1820,Zara,Bags,65.45,0.0,0
3615,1820,Zara,Activewear,33.7,5.78,1
3616,1821,Chanel,Accessories,621.76,0.0,0
3617,1821,Chanel,Lingerie,632.23,0.0,0
3618,1822,Under Armour,Accessories,100.3,0.0,0
3619,1822,Under Armour,Footwear,138.17,0.0,0
3620,1822,Under Armour,Accessories,46.23,0.0,0
3621,1823,Shein,Home,13.21,0.0,0
3622,1824,H&M,Beauty,56.44,0.0,0
3623,1824,H&M,Beauty,46.11,0.0,0
3624,1825,Prada,Bags,2694.56,0.0,0
3625,1825,Prada,Swimwear,775.1,0.0,0
3626,1825,Prada,Swimwear,984.97,0.0,0
3627,1826,Urban Outfitters,Jeans,119.33,0.0,0
3628,1827,Under Armour,Tops,89.19,0.0,0
3629,1827,Under Armour,Lingerie,126.44,38.07,1
3630,1827,Under Armour,Dresses,100.9,0.0,0
3631,1828,H&M,Accessories,23.07,0.0,0
3632,1829,H&M,Tops,26.55,0.0,0
3633,1829,H&M,Lingerie,56.09,0.0,0
3634,1829,H&M,Lingerie,19.68,0.0,0
3635,1830,Loewe,Beauty,633.84,0.0,0
3636,1831,H&M,Lingerie,81.34,0.0,0
3637,1831,H&M,Bags,74.94,12.3,1
3638,1832,Gucci,Activewear,753.77,96.14,1
3639,1832,Gucci,Swimwear,632.03,0.0,0
3640,1833,Girlfriend Collective,Tops,64.8,0.0,0
3641,1834,Chanel,Accessories,747.1,0.0,0
3642,1835,Loewe,Beauty,900.8,0.0,0
3643,1835,Loewe,Footwear,1061.43,0.0,0
3644,1836,Shein,Lingerie,19.38,0.0,0
3645,1836,Shein,Jeans,30.68,0.0,0
3646,1837,H&M,Tops,75.91,5.03,1
3647,1837,H&M,Jeans,92.54,0.0,0
3648,1838,Prada,Tops,1899.23,0.0,0
3649,1839,Urban Outfitters,Jeans,94.19,0.0,0
3650,1839,Urban Outfitters,Accessories,83.41,0.0,0
3651,1840,Prada,Tops,1758.98,0.0,0
3652,1840,Prada,Bags,2457.25,0.0,0
3653,1841,Girlfriend Collective,Beauty,70.29,0.0,0
3654,1841,Girlfriend Collective,Accessories,46.49,0.0,0
3655,1842,Prada,Bags,1917.84,0.0,0
3656,1843,Under Armour,Activewear,71.7,0.0,0
3657,1844,Loewe,Activewear,838.85,0.0,0
3658,1844,Loewe,Outerwear,3129.55,0.0,0
3659,1845,Girlfriend Collective,Swimwear,54.72,0.0,0
3660,1845,Girlfriend Collective,Tops,87.72,4.67,1
3661,1846,Zara,Activewear,35.07,0.0,0
3662,1846,Zara,Lingerie,68.4,22.42,1
3663,1847,Zara,Swimwear,76.08,0.0,0
3664,1848,Prada,Tops,1114.51,0.0,0
3665,1848,Prada,Beauty,704.96,0.0,0
3666,1848,Prada,Jeans,1466.76,0.0,0
3667,1849,Shein,Outerwear,32.1,5.02,1
3668,1849,Shein,Outerwear,22.07,0.0,0
3669,1849,Shein,Home,25.28,0.0,0
3670,1850,Girlfriend Collective,Accessories,76.23,0.0,0
3671,1851,Shein,Lingerie,43.19,0.0,0
3672,1851,Shein,Activewear,34.74,0.0,0
3673,1851,Shein,Home,28.04,0.0,0
3674,1852,Zara,Accessories,56.4,0.0,0
3675,1853,Under Armour,Footwear,139.89,0.0,0
3676,1854,H&M,Outerwear,36.23,7.51,1
3677,1855,Under Armour,Tops,160.31,0.0,0
3678,1856,Loewe,Lingerie,828.75,0.0,0
3679,1856,Loewe,Footwear,811.14,0.0,0
3680,1856,Loewe,Lingerie,1058.19,0.0,0
3681,1857,Shein,Home,30.69,0.0,0
3682,1857,Shein,Swimwear,23.71,0.0,0
3683,1857,Shein,Bags,13.29,0.0,0
3684,1858,Shein,Outerwear,27.5,0.0,0
3685,1859,H&M,Lingerie,48.37,0.0,0
3686,1860,Loewe,Tops,963.35,307.35,1
3687,1860,Loewe,Outerwear,3661.09,1258.19,1
3688,1861,Prada,Home,821.46,0.0,0
3689,1861,Prada,Home,668.86,0.0,0
3690,1861,Prada,Tops,1777.39,0.0,0
3691,1862,Shein,Activewear,16.86,0.0,0
3692,1863,Zara,Swimwear,51.45,0.0,0
3693,1863,Zara,Lingerie,58.5,0.0,0
3694,1863,Zara,Beauty,46.49,0.0,0
3695,1864,Zara,Home,10.0,3.23,1
3696,1864,Zara,Lingerie,35.53,0.0,0
3697,1864,Zara,Jeans,81.5,8.54,1
3698,1865,Under Armour,Accessories,72.08,0.0,0
3699,1865,Under Armour,Lingerie,70.82,0.0,0
3700,1866,Loewe,Swimwear,843.5,0.0,0
3701,1866,Loewe,Beauty,823.29,0.0,0
3702,1866,Loewe,Accessories,605.11,0.0,0
3703,1867,Girlfriend Collective,Beauty,103.2,0.0,0
3704,1868,H&M,Accessories,72.18,0.0,0
3705,1868,H&M,Jeans,62.41,0.0,0
3706,1868,H&M,Home,41.98,0.0,0
3707,1869,Zara,Bags,37.15,0.0,0
3708,1869,Zara,Footwear,51.48,3.69,1
3709,1870,Prada,Tops,2355.49,0.0,0
3710,1871,Girlfriend Collective,Bags,57.76,0.0,0
3711,1872,Urban Outfitters,Beauty,58.32,3.7,1
3712,1872,Urban Outfitters,Lingerie,82.26,0.0,0
3713,1872,Urban Outfitters,Lingerie,119.6,0.0,0
3714,1873,Zara,Tops,46.52,12.54,1
3715,1873,Zara,Outerwear,47.95,0.0,0
3716,1874,Gucci,Accessories,592.78,162.98,1
3717,1874,Gucci,Accessories,461.32,0.0,0
3718,1875,Loewe,Home,717.13,0.0,0
3719,1876,Gucci,Dresses,1105.58,0.0,0
3720,1876,Gucci,Tops,1553.38,0.0,0
3721,1876,Gucci,Footwear,937.76,0.0,0
3722,1877,H&M,Accessories,63.09,8.0,1
3723,1877,H&M,Dresses,71.25,0.0,0
3724,1878,Shein,Dresses,40.65,0.0,0
3725,1878,Shein,Footwear,20.63,0.0,0
3726,1878,Shein,Outerwear,36.39,0.0,0
3727,1879,Zara,Dresses,84.63,0.0,0
3728,1879,Zara,Beauty,32.26,0.0,0
3729,1879,Zara,Tops,27.44,1.46,1
3730,1880,Shein,Dresses,27.49,0.0,0
3731,1880,Shein,Activewear,35.55,0.0,0
3732,1881,H&M,Tops,50.39,0.0,0
3733,1881,H&M,Accessories,47.71,0.0,0
3734,1881,H&M,Home,44.34,0.0,0
3735,1882,Chanel,Beauty,785.44,0.0,0
3736,1882,Chanel,Beauty,691.46,0.0,0
3737,1883,Urban Outfitters,Lingerie,65.11,0.0,0
3738,1884,Chanel,Lingerie,672.78,0.0,0
3739,1884,Chanel,Home,940.95,0.0,0
3740,1884,Chanel,Jeans,1531.82,0.0,0
3741,1885,Zara,Swimwear,10.0,0.0,0
3742,1886,H&M,Lingerie,68.98,0.0,0
3743,1886,H&M,Lingerie,67.09,23.06,1
3744,1886,H&M,Lingerie,118.01,0.0,0
3745,1887,H&M,Beauty,90.15,0.0,0
3746,1888,H&M,Swimwear,77.2,0.0,0
3747,1888,H&M,Swimwear,56.05,5.54,1
3748,1889,Girlfriend Collective,Lingerie,83.63,0.0,0
3749,1890,Gucci,Jeans,1185.05,0.0,0
3750,1890,Gucci,Activewear,859.44,0.0,0
3751,1890,Gucci,Beauty,1038.49,200.66,1
3752,1891,Shein,Home,33.26,0.0,0
3753,1891,Shein,Swimwear,28.5,0.0,0
3754,1891,Shein,Jeans,25.89,0.0,0
3755,1892,Gucci,Accessories,527.34,0.0,0
3756,1892,Gucci,Lingerie,659.08,0.0,0
3757,1893,Prada,Accessories,548.81,0.0,0
3758,1893,Prada,Accessories,570.98,0.0,0
3759,1894,Shein,Jeans,23.38,0.0,0
3760,1895,H&M,Swimwear,10.0,0.0,0
3761,1895,H&M,Activewear,61.49,0.0,0
3762,1896,Shein,Accessories,13.1,2.21,1
3763,1897,Shein,Home,23.25,0.0,0
3764,1898,Zara,Lingerie,50.46,0.0,0
3765,1899,Under Armour,Dresses,98.88,0.0,0
3766,1899,Under Armour,Home,145.85,8.55,1
3767,1899,Under Armour,Jeans,115.79,14.9,1
3768,1900,Gucci,Bags,2086.2,0.0,0
3769,1900,Gucci,Activewear,730.32,0.0,0
3770,1900,Gucci,Beauty,1037.42,0.0,0
3771,1901,Girlfriend Collective,Accessories,93.47,28.87,1
3772,1901,Girlfriend Collective,Footwear,75.46,0.0,0
3773,1901,Girlfriend Collective,Outerwear,83.8,0.0,0
3774,1902,H&M,Home,10.0,0.0,0
3775,1902,H&M,Outerwear,88.69,0.0,0
3776,1903,H&M,Beauty,45.63,0.0,0
3777,1904,Girlfriend Collective,Activewear,45.91,0.0,0
3778,1904,Girlfriend Collective,Footwear,51.78,0.0,0
3779,1904,Girlfriend Collective,Jeans,91.68,0.0,0
3780,1905,H&M,Bags,80.18,20.83,1
3781,1905,H&M,Tops,25.68,7.54,1
3782,1905,H&M,Accessories,85.02,0.0,0
3783,1906,Urban Outfitters,Bags,73.85,0.0,0
3784,1906,Urban Outfitters,Accessories,112.66,0.0,0
3785,1907,Zara,Footwear,57.8,0.0,0
3786,1908,Loewe,Tops,1252.08,0.0,0
3787,1908,Loewe,Beauty,492.36,0.0,0
3788,1908,Loewe,Accessories,493.28,0.0,0
3789,1909,H&M,Bags,65.24,0.0,0
3790,1909,H&M,Jeans,82.85,11.65,1
3791,1909,H&M,Activewear,68.4,0.0,0
3792,1910,H&M,Outerwear,73.87,0.0,0
3793,1910,H&M,Activewear,60.05,17.62,1
3794,1911,Chanel,Lingerie,688.11,0.0,0
3795,1912,Loewe,Home,1084.97,0.0,0
3796,1912,Loewe,Accessories,731.34,0.0,0
3797,1913,Prada,Lingerie,708.35,0.0,0
3798,1913,Prada,Beauty,785.41,0.0,0
3799,1913,Prada,Swimwear,649.64,0.0,0
3800,1914,Gucci,Home,922.73,0.0,0
3801,1915,Zara,Beauty,66.13,6.99,1
3802,1916,Urban Outfitters,Activewear,55.95,0.0,0
3803,1917,Gucci,Activewear,1167.44,0.0,0
3804,1918,H&M,Jeans,66.29,0.0,0
3805,1918,H&M,Accessories,65.53,0.0,0
3806,1918,H&M,Accessories,83.44,0.0,0
3807,1919,Zara,Activewear,41.92,0.0,0
3808,1919,Zara,Activewear,96.77,0.0,0
3809,1920,H&M,Jeans,31.35,2.45,1
3810,1920,H&M,Dresses,20.87,0.0,0
3811,1920,H&M,Activewear,78.41,0.0,0
3812,1921,H&M,Bags,84.27,0.0,0
3813,1921,H&M,Lingerie,60.65,0.0,0
3814,1922,Shein,Dresses,21.83,0.0,0
3815,1922,Shein,Home,15.54,0.0,0
3816,1923,Shein,Home,29.43,0.0,0
3817,1923,Shein,Activewear,25.91,0.0,0
3818,1923,Shein,Dresses,18.44,4.89,1
3819,1924,Zara,Jeans,111.81,0.0,0
3820,1925,Urban Outfitters,Bags,83.46,27.69,1
3821,1925,Urban Outfitters,Home,174.62,0.0,0
3822,1926,Loewe,Bags,2565.81,746.13,1
3823,1926,Loewe,Activewear,735.97,0.0,0
3824,1926,Loewe,Activewear,473.58,0.0,0
3825,1927,Zara,Outerwear,66.84,9.11,1
3826,1927,Zara,Beauty,26.64,0.0,0
3827,1927,Zara,Home,89.18,28.48,1
3828,1928,Urban Outfitters,Swimwear,99.73,18.55,1
3829,1928,Urban Outfitters,Footwear,71.77,0.0,0
3830,1929,H&M,Activewear,77.39,0.0,0
3831,1930,Prada,Accessories,614.83,0.0,0
3832,1930,Prada,Lingerie,922.61,0.0,0
3833,1931,H&M,Lingerie,46.86,0.0,0
3834,1932,Prada,Dresses,1616.14,0.0,0
3835,1932,Prada,Accessories,663.32,180.44,1
3836,1932,Prada,Footwear,612.16,82.41,1
3837,1933,Prada,Outerwear,3055.92,0.0,0
3838,1933,Prada,Home,892.37,0.0,0
3839,1934,H&M,Jeans,39.76,0.0,0
3840,1935,Shein,Swimwear,5.0,0.0,0
3841,1935,Shein,Outerwear,8.47,2.2,1
3842,1936,Gucci,Jeans,1890.51,0.0,0
3843,1937,Shein,Jeans,33.61,0.0,0
3844,1937,Shein,Home,20.89,0.0,0
3845,1937,Shein,Dresses,22.29,0.0,0
3846,1938,Zara,Beauty,40.68,0.0,0
3847,1938,Zara,Tops,58.77,0.0,0
3848,1938,Zara,Outerwear,33.72,6.97,1
3849,1939,Chanel,Lingerie,1330.91,0.0,0
3850,1939,Chanel,Outerwear,3194.42,0.0,0
3851,1940,H&M,Footwear,60.99,0.0,0
3852,1940,H&M,Lingerie,96.24,0.0,0
3853,1940,H&M,Activewear,42.38,0.0,0
3854,1941,Prada,Jeans,1497.95,0.0,0
3855,1941,Prada,Tops,1481.81,0.0,0
3856,1942,H&M,Jeans,95.28,16.73,1
3857,1942,H&M,Footwear,91.82,0.0,0
3858,1943,Shein,Swimwear,14.81,0.0,0
3859,1943,Shein,Footwear,23.74,0.0,0
3860,1943,Shein,Bags,11.11,0.0,0
3861,1944,Urban Outfitters,Tops,87.6,18.15,1
3862,1945,Shein,Footwear,24.26,4.0,1
3863,1946,Zara,Outerwear,37.8,0.0,0
3864,1946,Zara,Lingerie,10.05,0.0,0
3865,1947,Gucci,Activewear,922.61,0.0,0
3866,1948,Under Armour,Footwear,88.48,0.0,0
3867,1949,H&M,Accessories,72.31,22.75,1
3868,1950,Loewe,Beauty,1039.58,0.0,0
3869,1950,Loewe,Tops,1264.46,0.0,0
3870,1950,Loewe,Home,613.3,143.17,1
3871,1951,Loewe,Home,836.18,0.0,0
3872,1951,Loewe,Beauty,793.86,0.0,0
3873,1952,Prada,Lingerie,832.6,0.0,0
3874,1952,Prada,Bags,2553.85,0.0,0
3875,1953,Under Armour,Activewear,188.3,0.0,0
3876,1954,Shein,Bags,24.33,6.72,1
3877,1955,Loewe,Lingerie,716.13,0.0,0
3878,1956,Girlfriend Collective,Lingerie,78.15,0.0,0
3879,1956,Girlfriend Collective,Tops,96.64,33.32,1
3880,1957,Zara,Tops,23.84,0.0,0
3881,1957,Zara,Footwear,45.74,0.0,0
3882,1957,Zara,Jeans,89.07,0.0,0
3883,1958,Zara,Jeans,55.26,4.36,1
3884,1958,Zara,Beauty,47.78,0.0,0
3885,1959,Shein,Dresses,20.17,0.0,0
3886,1959,Shein,Swimwear,13.28,0.0,0
3887,1960,H&M,Home,52.24,12.11,1
3888,1960,H&M,Swimwear,76.01,0.0,0
3889,1960,H&M,Outerwear,73.98,13.03,1
3890,1961,Loewe,Tops,2427.81,0.0,0
3891,1961,Loewe,Home,823.61,0.0,0
3892,1962,Urban Outfitters,Outerwear,104.33,0.0,0
3893,1962,Urban Outfitters,Dresses,26.65,0.0,0
3894,1963,Urban Outfitters,Lingerie,69.42,23.6,1
3895,1964,H&M,Dresses,56.55,0.0,0
3896,1964,H&M,Jeans,12.64,0.0,0
3897,1964,H&M,Accessories,104.59,0.0,0
3898,1965,Girlfriend Collective,Tops,79.02,0.0,0
3899,1965,Girlfriend Collective,Activewear,43.83,11.72,1
3900,1965,Girlfriend Collective,Beauty,84.62,0.0,0
3901,1966,Prada,Bags,2572.59,0.0,0
3902,1967,Chanel,Footwear,804.7,0.0,0
3903,1967,Chanel,Beauty,648.69,0.0,0
3904,1968,Loewe,Footwear,780.73,0.0,0
3905,1968,Loewe,Beauty,933.78,0.0,0
3906,1968,Loewe,Bags,2688.23,0.0,0
3907,1969,Prada,Activewear,981.04,0.0,0
3908,1969,Prada,Footwear,705.73,0.0,0
3909,1969,Prada,Bags,2245.5,0.0,0
3910,1970,Under Armour,Home,126.84,0.0,0
3911,1970,Under Armour,Accessories,78.38,0.0,0
3912,1970,Under Armour,Swimwear,117.2,0.0,0
3913,1971,Zara,Jeans,64.6,0.0,0
3914,1972,H&M,Lingerie,43.69,0.0,0
3915,1973,Loewe,Lingerie,424.11,129.32,1
3916,1973,Loewe,Swimwear,878.45,0.0,0
3917,1973,Loewe,Dresses,1568.88,0.0,0
3918,1974,Under Armour,Tops,82.25,0.0,0
3919,1975,Urban Outfitters,Tops,41.57,0.0,0
3920,1975,Urban Outfitters,Bags,123.72,0.0,0
3921,1975,Urban Outfitters,Bags,74.34,0.0,0
3922,1976,Under Armour,Activewear,114.17,0.0,0
3923,1977,Girlfriend Collective,Tops,108.52,15.72,1
3924,1977,Girlfriend Collective,Bags,63.04,0.0,0
3925,1978,Loewe,Footwear,859.34,0.0,0
3926,1979,Urban Outfitters,Dresses,20.0,0.0,0
3927,1979,Urban Outfitters,Activewear,46.43,6.91,1
3928,1979,Urban Outfitters,Tops,66.89,0.0,0
3929,1980,Shein,Dresses,24.29,0.0,0
3930,1980,Shein,Lingerie,26.34,0.0,0
3931,1980,Shein,Swimwear,21.32,0.0,0
3932,1981,Shein,Swimwear,19.99,6.83,1
3933,1981,Shein,Dresses,11.56,0.0,0
3934,1981,Shein,Tops,31.15,0.0,0
3935,1982,Loewe,Tops,1716.37,0.0,0
3936,1982,Loewe,Bags,2545.83,0.0,0
3937,1983,Gucci,Beauty,798.58,0.0,0
3938,1983,Gucci,Lingerie,786.21,0.0,0
3939,1983,Gucci,Jeans,856.09,0.0,0
3940,1984,Urban Outfitters,Outerwear,68.71,0.0,0
3941,1984,Urban Outfitters,Lingerie,129.62,0.0,0
3942,1985,Chanel,Outerwear,3986.97,0.0,0
3943,1985,Chanel,Accessories,788.96,0.0,0
3944,1986,Zara,Swimwear,52.56,0.0,0
3945,1986,Zara,Footwear,65.01,0.0,0
3946,1987,Chanel,Lingerie,897.86,0.0,0
3947,1988,Zara,Accessories,101.93,0.0,0
3948,1988,Zara,Home,40.73,8.94,1
3949,1988,Zara,Footwear,100.02,0.0,0
3950,1989,Loewe,Activewear,828.21,0.0,0
3951,1990,H&M,Beauty,48.13,0.0,0
3952,1990,H&M,Activewear,64.03,0.0,0
3953,1991,Loewe,Outerwear,3745.14,0.0,0
3954,1991,Loewe,Home,959.3,0.0,0
3955,1992,Gucci,Footwear,924.96,0.0,0
3956,1992,Gucci,Dresses,1163.62,0.0,0
3957,1992,Gucci,Outerwear,2835.55,0.0,0
3958,1993,H&M,Footwear,69.57,6.85,1
3959,1994,Urban Outfitters,Dresses,122.2,0.0,0
3960,1994,Urban Outfitters,Dresses,115.44,32.2,1
3961,1994,Urban Outfitters,Beauty,36.3,0.0,0
3962,1995,Chanel,Outerwear,3523.81,1229.34,1
3963,1995,Chanel,Home,683.55,0.0,0
3964,1996,Girlfriend Collective,Activewear,92.78,0.0,0
3965,1997,Loewe,Footwear,910.89,0.0,0
3966,1997,Loewe,Lingerie,825.53,0.0,0
3967,1997,Loewe,Accessories,604.31,0.0,0
3968,1998,Urban Outfitters,Bags,94.66,25.93,1
3969,1998,Urban Outfitters,Accessories,77.36,0.0,0
3970,1999,Loewe,Accessories,705.53,0.0,0
3971,1999,Loewe,Jeans,1648.06,0.0,0
3972,1999,Loewe,Jeans,1152.65,0.0,0
3973,2000,Zara,Swimwear,37.33,11.94,1
3974,2000,Zara,Home,50.29,0.0,0
3975,2000,Zara,Swimwear,66.74,11.77,1
3976,2001,Urban Outfitters,Lingerie,78.04,7.41,1
3977,2001,Urban Outfitters,Outerwear,20.0,0.0,0
3978,2002,H&M,Activewear,51.94,15.97,1
3979,2003,Prada,Accessories,553.76,0.0,0
3980,2003,Prada,Accessories,401.3,0.0,0
3981,2004,Urban Outfitters,Accessories,63.51,13.99,1
3982,2005,Shein,Beauty,14.16,3.62,1
3983,2006,Shein,Tops,23.02,7.08,1
3984,2007,Loewe,Footwear,855.77,0.0,0
3985,2007,Loewe,Outerwear,3204.36,0.0,0
3986,2007,Loewe,Outerwear,3147.93,0.0,0
3987,2008,Zara,Activewear,51.28,0.0,0
3988,2008,Zara,Bags,85.29,0.0,0
3989,2008,Zara,Dresses,95.09,0.0,0
3990,2009,Chanel,Dresses,1505.87,0.0,0
3991,2009,Chanel,Outerwear,3551.98,0.0,0
3992,2009,Chanel,Jeans,1112.76,0.0,0
3993,2010,Under Armour,Lingerie,30.0,0.0,0
3994,2010,Under Armour,Dresses,68.77,17.64,1
3995,2011,Shein,Bags,16.29,0.0,0
3996,2011,Shein,Dresses,25.39,0.0,0
3997,2012,H&M,Home,73.19,0.0,0
3998,2012,H&M,Dresses,72.54,0.0,0
3999,2012,H&M,Dresses,15.6,0.0,0
4000,2013,Urban Outfitters,Accessories,151.53,12.3,1
4001,2013,Urban Outfitters,Bags,36.06,0.0,0
4002,2013,Urban Outfitters,Swimwear,62.61,0.0,0
4003,2014,Urban Outfitters,Footwear,66.19,0.0,0
4004,2015,Zara,Lingerie,36.86,0.0,0
4005,2015,Zara,Home,19.92,6.62,1
4006,2016,Urban Outfitters,Jeans,69.44,7.33,1
4007,2017,Loewe,Footwear,872.99,0.0,0
4008,2017,Loewe,Beauty,730.69,0.0,0
4009,2017,Loewe,Jeans,1685.38,0.0,0
4010,2018,Gucci,Accessories,593.86,0.0,0
4011,2019,H&M,Home,60.29,0.0,0
4012,2019,H&M,Tops,79.81,24.58,1
4013,2020,Prada,Jeans,703.92,0.0,0
4014,2020,Prada,Outerwear,3701.12,1285.64,1
4015,2020,Prada,Lingerie,1152.56,0.0,0
4016,2021,Shein,Beauty,37.44,12.66,1
4017,2022,H&M,Outerwear,64.44,0.0,0
4018,2023,Zara,Jeans,75.39,0.0,0
4019,2023,Zara,Accessories,69.2,0.0,0
4020,2023,Zara,Activewear,72.25,19.5,1
4021,2024,Girlfriend Collective,Jeans,45.97,4.86,1
4022,2024,Girlfriend Collective,Outerwear,112.64,0.0,0
4023,2025,Gucci,Outerwear,4069.61,0.0,0
4024,2026,Zara,Tops,91.03,0.0,0
4025,2026,Zara,Footwear,53.77,14.79,1
4026,2026,Zara,Beauty,72.71,0.0,0
4027,2027,Zara,Activewear,31.61,0.0,0
4028,2027,Zara,Footwear,82.46,0.0,0
4029,2028,Gucci,Dresses,1049.77,0.0,0
4030,2028,Gucci,Jeans,1043.87,0.0,0
4031,2028,Gucci,Beauty,907.44,0.0,0
4032,2029,Shein,Bags,19.95,0.0,0
4033,2029,Shein,Activewear,49.72,15.15,1
4034,2030,Prada,Accessories,571.33,0.0,0
4035,2030,Prada,Beauty,671.34,0.0,0
4036,2031,Gucci,Swimwear,983.45,0.0,0
4037,2031,Gucci,Jeans,2121.58,0.0,0
4038,2031,Gucci,Bags,2195.75,0.0,0
4039,2032,Shein,Jeans,23.87,0.0,0
4040,2033,Gucci,Activewear,792.36,0.0,0
4041,2033,Gucci,Beauty,768.66,0.0,0
4042,2033,Gucci,Footwear,500.0,0.0,0
4043,2034,Urban Outfitters,Accessories,52.64,0.0,0
4044,2035,Under Armour,Lingerie,92.07,0.0,0
4045,2036,H&M,Beauty,66.36,0.0,0
4046,2037,Prada,Beauty,1098.57,0.0,0
4047,2037,Prada,Dresses,1577.43,89.81,1
4048,2037,Prada,Bags,2389.72,0.0,0
4049,2038,Gucci,Dresses,901.59,0.0,0
4050,2039,Loewe,Tops,1061.51,0.0,0
4051,2039,Loewe,Accessories,586.89,0.0,0
4052,2039,Loewe,Activewear,825.89,0.0,0
4053,2040,Gucci,Outerwear,3745.27,0.0,0
4054,2040,Gucci,Accessories,573.04,0.0,0
4055,2040,Gucci,Outerwear,3049.49,0.0,0
4056,2041,Prada,Footwear,957.29,0.0,0
4057,2041,Prada,Activewear,724.7,0.0,0
4058,2042,H&M,Lingerie,63.63,0.0,0
4059,2042,H&M,Dresses,50.04,0.0,0
4060,2043,Chanel,Home,899.51,0.0,0
4061,2043,Chanel,Dresses,1483.28,0.0,0
4062,2044,Chanel,Activewear,710.09,0.0,0
4063,2044,Chanel,Lingerie,1216.35,0.0,0
4064,2044,Chanel,Accessories,640.9,0.0,0
4065,2045,Urban Outfitters,Activewear,59.2,0.0,0
4066,2045,Urban Outfitters,Home,84.47,0.0,0
4067,2045,Urban Outfitters,Activewear,55.56,7.31,1
4068,2046,Loewe,Bags,2518.22,0.0,0
4069,2046,Loewe,Beauty,946.66,0.0,0
4070,2047,Prada,Home,835.34,0.0,0
4071,2047,Prada,Dresses,1721.47,0.0,0
4072,2047,Prada,Lingerie,1103.72,0.0,0
4073,2048,H&M,Outerwear,48.17,0.0,0
4074,2049,H&M,Beauty,60.43,0.0,0
4075,2049,H&M,Tops,97.05,21.21,1
4076,2050,Urban Outfitters,Tops,57.38,0.0,0
4077,2050,Urban Outfitters,Lingerie,81.67,0.0,0
4078,2050,Urban Outfitters,Outerwear,76.47,25.73,1
4079,2051,Shein,Jeans,5.0,0.0,0
4080,2051,Shein,Footwear,24.95,4.43,1
4081,2052,Prada,Dresses,1234.27,0.0,0
4082,2052,Prada,Accessories,899.96,0.0,0
4083,2052,Prada,Bags,2724.64,0.0,0
4084,2053,Zara,Home,78.61,20.01,1
4085,2054,Loewe,Tops,1060.76,0.0,0
4086,2054,Loewe,Swimwear,418.89,0.0,0
4087,2054,Loewe,Outerwear,3777.94,0.0,0
4088,2055,Shein,Home,17.07,5.61,1
4089,2055,Shein,Accessories,27.06,0.0,0
4090,2056,Urban Outfitters,Activewear,20.0,0.0,0
4091,2056,Urban Outfitters,Swimwear,58.79,0.0,0
4092,2057,Shein,Beauty,23.45,0.0,0
4093,2058,Zara,Dresses,39.03,0.0,0
4094,2059,H&M,Activewear,51.3,0.0,0
4095,2059,H&M,Lingerie,50.76,0.0,0
4096,2060,H&M,Outerwear,60.41,0.0,0
4097,2060,H&M,Jeans,38.84,0.0,0
4098,2060,H&M,Beauty,43.08,0.0,0
4099,2061,H&M,Outerwear,53.39,0.0,0
4100,2061,H&M,Home,51.19,0.0,0
4101,2062,Urban Outfitters,Outerwear,42.5,0.0,0
4102,2062,Urban Outfitters,Activewear,56.12,0.0,0
4103,2062,Urban Outfitters,Footwear,79.86,27.72,1
4104,2063,Shein,Accessories,30.94,4.93,1
4105,2063,Shein,Outerwear,34.59,0.0,0
4106,2063,Shein,Bags,33.66,0.0,0
4107,2064,Urban Outfitters,Beauty,40.0,0.0,0
4108,2065,Urban Outfitters,Bags,91.75,5.77,1
4109,2066,Prada,Accessories,616.57,0.0,0
4110,2067,H&M,Swimwear,77.32,0.0,0
4111,2067,H&M,Tops,40.73,9.84,1
4112,2067,H&M,Accessories,47.37,0.0,0
4113,2068,Urban Outfitters,Jeans,20.0,3.45,1
4114,2068,Urban Outfitters,Swimwear,34.37,0.0,0
4115,2068,Urban Outfitters,Footwear,51.74,0.0,0
4116,2069,Zara,Jeans,74.72,16.2,1
4117,2069,Zara,Tops,39.33,0.0,0
4118,2069,Zara,Footwear,101.7,0.0,0
4119,2070,Loewe,Lingerie,867.99,0.0,0
4120,2070,Loewe,Outerwear,3576.27,0.0,0
4121,2070,Loewe,Outerwear,3290.83,0.0,0
4122,2071,Prada,Home,1057.77,0.0,0
4123,2072,Prada,Activewear,709.65,0.0,0
4124,2072,Prada,Jeans,1714.32,0.0,0
4125,2073,Gucci,Outerwear,3217.08,0.0,0
4126,2073,Gucci,Footwear,996.19,0.0,0
4127,2074,Under Armour,Jeans,103.1,0.0,0
4128,2075,Prada,Lingerie,479.29,0.0,0
4129,2076,H&M,Jeans,58.63,0.0,0
4130,2076,H&M,Dresses,42.35,0.0,0
4131,2077,Under Armour,Outerwear,56.43,0.0,0
4132,2077,Under Armour,Jeans,100.2,0.0,0
4133,2078,H&M,Footwear,100.08,0.0,0
4134,2079,Urban Outfitters,Dresses,117.21,0.0,0
4135,2079,Urban Outfitters,Activewear,98.1,0.0,0
4136,2079,Urban Outfitters,Home,127.98,0.0,0
4137,2080,Prada,Lingerie,454.01,0.0,0
4138,2080,Prada,Footwear,1266.36,0.0,0
4139,2081,Under Armour,Home,81.28,0.0,0
4140,2081,Under Armour,Outerwear,67.59,21.52,1
4141,2082,Under Armour,Home,75.92,0.0,0
4142,2083,Shein,Tops,18.57,0.0,0
4143,2083,Shein,Bags,20.42,3.79,1
4144,2083,Shein,Footwear,28.06,0.0,0
4145,2084,Shein,Accessories,22.88,2.67,1
4146,2084,Shein,Swimwear,28.24,6.39,1
4147,2085,Shein,Tops,30.07,0.0,0
4148,2085,Shein,Bags,40.34,0.0,0
4149,2085,Shein,Lingerie,5.0,1.17,1
4150,2086,Shein,Jeans,39.51,0.0,0
4151,2086,Shein,Swimwear,30.56,0.0,0
4152,2087,Loewe,Activewear,708.39,0.0,0
4153,2088,H&M,Jeans,91.12,0.0,0
4154,2088,H&M,Footwear,60.91,19.0,1
4155,2088,H&M,Dresses,39.9,0.0,0
4156,2089,Shein,Tops,35.42,0.0,0
4157,2089,Shein,Lingerie,35.03,0.0,0
4158,2089,Shein,Jeans,18.37,0.0,0
4159,2090,Zara,Activewear,40.93,0.0,0
4160,2091,Shein,Dresses,20.57,0.0,0
4161,2092,Zara,Tops,35.76,0.0,0
4162,2092,Zara,Lingerie,53.46,0.0,0
4163,2093,Zara,Outerwear,51.35,0.0,0
4164,2093,Zara,Jeans,47.21,0.0,0
4165,2094,Urban Outfitters,Jeans,53.38,0.0,0
4166,2094,Urban Outfitters,Beauty,100.89,10.37,1
4167,2094,Urban Outfitters,Accessories,49.84,0.0,0
4168,2095,Zara,Footwear,98.39,0.0,0
4169,2096,Under Armour,Tops,66.53,0.0,0
4170,2096,Under Armour,Tops,35.47,2.25,1
4171,2096,Under Armour,Beauty,74.78,0.0,0
4172,2097,Zara,Activewear,67.22,0.0,0
4173,2097,Zara,Dresses,74.34,0.0,0
4174,2097,Zara,Tops,71.7,0.0,0
4175,2098,H&M,Jeans,94.34,0.0,0
4176,2099,H&M,Footwear,40.27,0.0,0
4177,2099,H&M,Outerwear,59.2,10.94,1
4178,2099,H&M,Jeans,74.94,10.17,1
4179,2100,Gucci,Accessories,659.76,0.0,0
4180,2101,Shein,Outerwear,27.59,0.0,0
4181,2101,Shein,Activewear,19.63,0.0,0
4182,2102,Zara,Home,95.12,0.0,0
4183,2102,Zara,Beauty,39.8,0.0,0
4184,2102,Zara,Accessories,67.9,0.0,0
4185,2103,Shein,Bags,23.92,0.0,0
4186,2103,Shein,Dresses,5.0,1.43,1
4187,2103,Shein,Swimwear,37.96,9.87,1
4188,2104,Urban Outfitters,Home,78.06,0.0,0
4189,2105,H&M,Accessories,39.39,0.0,0
4190,2106,Urban Outfitters,Beauty,20.0,0.0,0
4191,2106,Urban Outfitters,Activewear,64.83,7.1,1
4192,2107,Under Armour,Jeans,53.28,0.0,0
4193,2108,Urban Outfitters,Dresses,75.59,22.96,1
4194,2108,Urban Outfitters,Outerwear,53.02,3.29,1
4195,2109,Gucci,Lingerie,837.82,0.0,0
4196,2110,Chanel,Activewear,1161.84,0.0,0
4197,2111,Shein,Jeans,25.95,0.0,0
4198,2112,Urban Outfitters,Activewear,36.84,0.0,0
4199,2112,Urban Outfitters,Accessories,113.84,0.0,0
4200,2112,Urban Outfitters,Footwear,20.0,0.0,0
4201,2113,H&M,Beauty,47.75,0.0,0
4202,2113,H&M,Footwear,65.9,11.76,1
4203,2114,Urban Outfitters,Footwear,84.94,7.93,1
4204,2115,Loewe,Activewear,716.64,0.0,0
4205,2116,Loewe,Lingerie,419.93,0.0,0
4206,2116,Loewe,Outerwear,3879.32,0.0,0
4207,2117,Zara,Lingerie,80.51,0.0,0
4208,2117,Zara,Dresses,47.09,8.1,1
4209,2118,Loewe,Jeans,1466.07,0.0,0
4210,2118,Loewe,Footwear,836.13,0.0,0
4211,2118,Loewe,Dresses,1101.02,0.0,0
4212,2119,Gucci,Accessories,668.6,0.0,0
4213,2119,Gucci,Lingerie,1021.83,0.0,0
4214,2120,Under Armour,Outerwear,60.9,0.0,0
4215,2121,H&M,Outerwear,39.69,0.0,0
4216,2122,Zara,Outerwear,10.0,0.0,0
4217,2123,Loewe,Home,965.67,0.0,0
4218,2123,Loewe,Footwear,843.0,0.0,0
4219,2124,Urban Outfitters,Activewear,20.36,0.0,0
4220,2125,Shein,Beauty,30.73,0.0,0
4221,2125,Shein,Activewear,18.28,4.45,1
4222,2125,Shein,Home,20.53,4.52,1
4223,2126,Chanel,Bags,9104.24,0.0,0
4224,2126,Chanel,Tops,1015.01,0.0,0
4225,2127,Prada,Accessories,346.29,0.0,0
4226,2127,Prada,Dresses,1684.35,0.0,0
4227,2127,Prada,Tops,2406.08,0.0,0
4228,2128,H&M,Swimwear,33.15,11.53,1
4229,2128,H&M,Accessories,78.08,0.0,0
4230,2129,Loewe,Jeans,1285.58,0.0,0
4231,2129,Loewe,Lingerie,927.54,0.0,0
4232,2129,Loewe,Dresses,2394.21,0.0,0
4233,2130,Girlfriend Collective,Lingerie,30.0,0.0,0
4234,2130,Girlfriend Collective,Lingerie,71.07,15.54,1
4235,2131,Under Armour,Dresses,75.04,0.0,0
4236,2132,Gucci,Lingerie,1159.69,0.0,0
4237,2133,H&M,Outerwear,47.63,0.0,0
4238,2133,H&M,Footwear,25.24,0.0,0
4239,2134,Zara,Home,64.43,0.0,0
4240,2134,Zara,Home,42.18,0.0,0
4241,2134,Zara,Outerwear,81.57,0.0,0
4242,2135,Zara,Footwear,95.75,0.0,0
4243,2136,Chanel,Activewear,765.58,0.0,0
4244,2136,Chanel,Dresses,1975.39,0.0,0
4245,2137,Shein,Footwear,25.15,0.0,0
4246,2137,Shein,Tops,15.21,0.0,0
4247,2138,Under Armour,Accessories,98.6,0.0,0
4248,2138,Under Armour,Bags,112.83,0.0,0
4249,2139,H&M,Tops,32.72,6.18,1
4250,2139,H&M,Dresses,47.78,0.0,0
4251,2139,H&M,Swimwear,50.13,0.0,0
4252,2140,Chanel,Dresses,1366.74,0.0,0
4253,2140,Chanel,Accessories,601.92,0.0,0
4254,2141,H&M,Bags,26.35,0.0,0
4255,2141,H&M,Bags,50.58,0.0,0
4256,2141,H&M,Activewear,66.04,0.0,0
4257,2142,Urban Outfitters,Home,204.45,0.0,0
4258,2143,Shein,Footwear,26.14,0.0,0
4259,2143,Shein,Lingerie,9.6,0.0,0
4260,2144,Under Armour,Footwear,91.73,0.0,0
4261,2145,Zara,Beauty,100.58,19.15,1
4262,2145,Zara,Footwear,106.05,0.0,0
4263,2146,Loewe,Swimwear,676.17,0.0,0
4264,2146,Loewe,Tops,969.14,0.0,0
4265,2147,Gucci,Activewear,942.06,0.0,0
4266,2147,Gucci,Jeans,1954.43,0.0,0
4267,2148,Zara,Beauty,86.86,0.0,0
4268,2149,H&M,Footwear,104.24,0.0,0
4269,2149,H&M,Dresses,33.68,0.0,0
4270,2149,H&M,Swimwear,61.65,0.0,0
4271,2150,H&M,Tops,42.42,0.0,0
4272,2150,H&M,Swimwear,73.12,0.0,0
4273,2150,H&M,Bags,95.11,0.0,0
4274,2151,H&M,Outerwear,16.0,1.42,1
4275,2151,H&M,Beauty,59.92,0.0,0
4276,2151,H&M,Activewear,50.67,11.69,1
4277,2152,Zara,Jeans,53.2,0.0,0
4278,2153,Shein,Bags,14.09,3.57,1
4279,2153,Shein,Footwear,23.03,0.0,0
4280,2154,H&M,Home,55.67,0.0,0
4281,2154,H&M,Beauty,98.02,0.0,0
4282,2154,H&M,Bags,98.76,15.75,1
4283,2155,Gucci,Bags,2048.45,0.0,0
4284,2155,Gucci,Lingerie,927.47,0.0,0
4285,2156,Zara,Tops,83.04,21.92,1
4286,2156,Zara,Jeans,48.09,0.0,0
4287,2157,Chanel,Activewear,697.73,0.0,0
4288,2157,Chanel,Activewear,1063.87,0.0,0
4289,2158,Under Armour,Activewear,158.69,0.0,0
4290,2158,Under Armour,Bags,133.99,34.57,1
4291,2159,H&M,Footwear,79.19,0.0,0
4292,2160,Loewe,Tops,1295.73,0.0,0
4293,2160,Loewe,Tops,1454.1,0.0,0
4294,2161,H&M,Jeans,54.29,0.0,0
4295,2162,Prada,Lingerie,992.36,0.0,0
4296,2162,Prada,Activewear,968.29,0.0,0
4297,2163,Urban Outfitters,Lingerie,69.12,9.34,1
4298,2164,Gucci,Activewear,1003.87,0.0,0
4299,2164,Gucci,Accessories,659.2,0.0,0
4300,2165,Gucci,Activewear,854.28,0.0,0
4301,2166,Urban Outfitters,Swimwear,118.06,19.82,1
4302,2167,Loewe,Beauty,823.56,0.0,0
4303,2167,Loewe,Tops,1274.16,0.0,0
4304,2168,Under Armour,Tops,77.41,19.35,1
4305,2168,Under Armour,Tops,82.65,0.0,0
4306,2168,Under Armour,Tops,105.64,0.0,0
4307,2169,Prada,Dresses,1095.79,0.0,0
4308,2169,Prada,Activewear,577.45,0.0,0
4309,2170,Shein,Beauty,37.81,0.0,0
4310,2170,Shein,Lingerie,31.11,0.0,0
4311,2171,Loewe,Home,710.12,46.67,1
4312,2172,Under Armour,Dresses,89.52,0.0,0
4313,2172,Under Armour,Swimwear,95.48,0.0,0
4314,2172,Under Armour,Swimwear,52.9,0.0,0
4315,2173,H&M,Lingerie,41.67,0.0,0
4316,2173,H&M,Beauty,59.85,16.27,1
4317,2173,H&M,Outerwear,46.34,0.0,0
4318,2174,Urban Outfitters,Accessories,81.94,0.0,0
4319,2175,Zara,Beauty,49.62,0.0,0
4320,2176,Prada,Outerwear,3887.03,0.0,0
4321,2176,Prada,Bags,2378.33,0.0,0
4322,2176,Prada,Home,1071.21,0.0,0
4323,2177,Chanel,Beauty,1148.09,0.0,0
4324,2178,Urban Outfitters,Lingerie,81.38,0.0,0
4325,2179,H&M,Dresses,53.46,0.0,0
4326,2179,H&M,Beauty,46.43,0.0,0
4327,2179,H&M,Bags,93.87,0.0,0
4328,2180,Urban Outfitters,Accessories,34.97,0.0,0
4329,2180,Urban Outfitters,Swimwear,78.36,0.0,0
4330,2181,Urban Outfitters,Accessories,60.47,0.0,0
4331,2182,H&M,Accessories,57.1,0.0,0
4332,2182,H&M,Jeans,81.74,0.0,0
4333,2182,H&M,Jeans,50.93,0.0,0
4334,2183,Urban Outfitters,Home,143.28,0.0,0
4335,2183,Urban Outfitters,Home,131.74,0.0,0
4336,2183,Urban Outfitters,Beauty,45.3,0.0,0
4337,2184,Zara,Lingerie,37.49,0.0,0
4338,2184,Zara,Lingerie,100.18,13.77,1
4339,2184,Zara,Activewear,44.9,0.0,0
4340,2185,Shein,Bags,32.07,0.0,0
4341,2185,Shein,Accessories,24.12,0.0,0
4342,2185,Shein,Bags,13.07,0.0,0
4343,2186,Loewe,Tops,1527.9,0.0,0
4344,2186,Loewe,Home,732.58,0.0,0
4345,2186,Loewe,Dresses,1512.09,0.0,0
4346,2187,Urban Outfitters,Activewear,86.64,0.0,0
4347,2187,Urban Outfitters,Lingerie,59.64,0.0,0
4348,2187,Urban Outfitters,Accessories,42.23,0.0,0
4349,2188,Girlfriend Collective,Swimwear,85.23,0.0,0
4350,2188,Girlfriend Collective,Beauty,50.21,0.0,0
4351,2189,Zara,Home,67.52,0.0,0
4352,2189,Zara,Bags,66.82,0.0,0
4353,2189,Zara,Footwear,47.28,0.0,0
4354,2190,Gucci,Activewear,1027.38,82.71,1
4355,2190,Gucci,Footwear,1177.17,0.0,0
4356,2190,Gucci,Beauty,786.81,0.0,0
4357,2191,Zara,Tops,77.07,0.0,0
4358,2191,Zara,Lingerie,74.19,0.0,0
4359,2191,Zara,Jeans,47.84,5.11,1
4360,2192,Girlfriend Collective,Accessories,128.18,8.02,1
4361,2193,Loewe,Jeans,1592.84,0.0,0
4362,2193,Loewe,Home,544.44,0.0,0
4363,2194,Zara,Beauty,20.17,0.0,0
4364,2194,Zara,Home,34.02,0.0,0
4365,2194,Zara,Home,55.89,13.56,1
4366,2195,Loewe,Footwear,1117.9,0.0,0
4367,2195,Loewe,Bags,1693.58,0.0,0
4368,2195,Loewe,Swimwear,994.61,0.0,0
4369,2196,Zara,Activewear,23.74,0.0,0
4370,2196,Zara,Outerwear,113.99,0.0,0
4371,2197,Loewe,Activewear,742.05,0.0,0
4372,2197,Loewe,Swimwear,771.84,0.0,0
4373,2197,Loewe,Swimwear,414.14,0.0,0
4374,2198,Girlfriend Collective,Bags,30.0,10.31,1
4375,2198,Girlfriend Collective,Swimwear,90.89,0.0,0
4376,2199,Urban Outfitters,Bags,28.75,5.82,1
4377,2199,Urban Outfitters,Outerwear,80.97,22.83,1
4378,2199,Urban Outfitters,Accessories,41.97,0.0,0
4379,2200,Shein,Accessories,24.63,0.0,0
4380,2200,Shein,Swimwear,15.7,0.9,1
4381,2200,Shein,Footwear,14.66,0.0,0
4382,2201,Under Armour,Bags,131.21,38.95,1
4383,2201,Under Armour,Bags,83.93,8.53,1
4384,2202,Chanel,Activewear,1106.64,0.0,0
4385,2202,Chanel,Jeans,1466.08,0.0,0
4386,2203,Girlfriend Collective,Beauty,54.96,0.0,0
4387,2203,Girlfriend Collective,Tops,46.53,15.25,1
4388,2204,Shein,Dresses,13.53,0.0,0
4389,2204,Shein,Jeans,23.22,0.0,0
4390,2205,Loewe,Beauty,939.28,0.0,0
4391,2206,Zara,Dresses,101.54,19.21,1
4392,2207,Gucci,Footwear,1359.17,0.0,0
4393,2207,Gucci,Dresses,986.03,0.0,0
4394,2207,Gucci,Footwear,1170.19,0.0,0
4395,2208,Shein,Outerwear,6.74,1.21,1
4396,2208,Shein,Accessories,42.89,0.0,0
4397,2209,Chanel,Footwear,793.85,0.0,0
4398,2209,Chanel,Activewear,835.87,0.0,0
4399,2209,Chanel,Footwear,1017.39,0.0,0
4400,2210,Girlfriend Collective,Tops,117.96,0.0,0
4401,2210,Girlfriend Collective,Dresses,110.11,0.0,0
4402,2211,Urban Outfitters,Footwear,23.96,0.0,0
4403,2211,Urban Outfitters,Beauty,28.4,5.29,1
4404,2212,Urban Outfitters,Dresses,51.04,0.0,0
4405,2212,Urban Outfitters,Activewear,44.4,0.0,0
4406,2212,Urban Outfitters,Dresses,54.31,0.0,0
4407,2213,Prada,Accessories,621.13,0.0,0
4408,2213,Prada,Accessories,558.78,0.0,0
4409,2214,H&M,Swimwear,68.55,23.49,1
4410,2214,H&M,Bags,54.35,0.0,0
4411,2215,Under Armour,Lingerie,102.58,0.0,0
4412,2216,Loewe,Footwear,865.29,0.0,0
4413,2216,Loewe,Home,738.66,0.0,0
4414,2216,Loewe,Outerwear,2500.0,0.0,0
4415,2217,Loewe,Home,817.81,0.0,0
4416,2217,Loewe,Beauty,729.82,0.0,0
4417,2217,Loewe,Activewear,511.51,0.0,0
4418,2218,Under Armour,Beauty,143.38,0.0,0
4419,2219,Shein,Accessories,35.31,0.0,0
4420,2220,Gucci,Dresses,1578.0,0.0,0
4421,2221,Gucci,Accessories,728.96,0.0,0
4422,2221,Gucci,Lingerie,731.6,0.0,0
4423,2222,Gucci,Outerwear,4004.24,0.0,0
4424,2222,Gucci,Swimwear,641.57,0.0,0
4425,2222,Gucci,Beauty,798.73,0.0,0
4426,2223,Loewe,Tops,1134.53,0.0,0
4427,2224,H&M,Dresses,41.12,0.0,0
4428,2224,H&M,Jeans,65.29,0.0,0
4429,2224,H&M,Beauty,59.79,0.0,0
4430,2225,Loewe,Dresses,1797.55,0.0,0
4431,2225,Loewe,Jeans,1081.83,0.0,0
4432,2226,Gucci,Swimwear,778.82,0.0,0
4433,2226,Gucci,Jeans,2213.51,0.0,0
4434,2226,Gucci,Swimwear,1127.98,0.0,0
4435,2227,Urban Outfitters,Bags,84.47,0.0,0
4436,2227,Urban Outfitters,Dresses,24.35,0.0,0
4437,2227,Urban Outfitters,Jeans,89.8,0.0,0
4438,2228,H&M,Outerwear,53.73,0.0,0
4439,2228,H&M,Home,76.72,0.0,0
4440,2228,H&M,Footwear,36.39,0.0,0
4441,2229,Shein,Jeans,26.22,7.41,1
4442,2230,Under Armour,Activewear,30.0,0.0,0
4443,2231,Zara,Swimwear,83.18,0.0,0
4444,2231,Zara,Tops,55.56,15.76,1
4445,2232,Zara,Home,124.09,0.0,0
4446,2232,Zara,Outerwear,57.92,0.0,0
4447,2232,Zara,Home,62.46,0.0,0
4448,2233,H&M,Swimwear,66.14,0.0,0
4449,2234,H&M,Dresses,54.85,7.36,1
4450,2234,H&M,Dresses,58.55,0.0,0
4451,2235,H&M,Beauty,36.49,0.0,0
4452,2235,H&M,Activewear,79.92,22.48,1
4453,2235,H&M,Beauty,108.32,0.0,0
4454,2236,Chanel,Accessories,300.0,0.0,0
4455,2236,Chanel,Activewear,537.12,0.0,0
4456,2236,Chanel,Beauty,811.57,0.0,0
4457,2237,Chanel,Tops,1516.11,0.0,0
4458,2237,Chanel,Lingerie,946.87,0.0,0
4459,2237,Chanel,Bags,8714.49,0.0,0
4460,2238,H&M,Dresses,22.65,0.0,0
4461,2239,Loewe,Dresses,1489.18,0.0,0
4462,2239,Loewe,Swimwear,671.58,0.0,0
4463,2240,Zara,Tops,67.54,0.0,0
4464,2240,Zara,Dresses,50.45,0.0,0
4465,2241,Gucci,Footwear,1028.67,0.0,0
4466,2241,Gucci,Accessories,716.1,0.0,0
4467,2242,Shein,Lingerie,24.14,4.3,1
4468,2243,Urban Outfitters,Dresses,86.03,0.0,0
4469,2243,Urban Outfitters,Swimwear,73.85,0.0,0
4470,2243,Urban Outfitters,Accessories,55.07,8.61,1
4471,2244,Gucci,Bags,1790.23,0.0,0
4472,2244,Gucci,Footwear,679.8,0.0,0
4473,2245,Zara,Bags,53.54,0.0,0
4474,2245,Zara,Jeans,77.61,0.0,0
4475,2245,Zara,Beauty,64.24,0.0,0
4476,2246,Shein,Accessories,37.39,6.63,1
4477,2246,Shein,Tops,8.01,0.0,0
4478,2247,Gucci,Dresses,700.0,0.0,0
4479,2247,Gucci,Beauty,855.26,0.0,0
4480,2248,Under Armour,Lingerie,102.0,0.0,0
4481,2249,Prada,Outerwear,3294.15,0.0,0
4482,2249,Prada,Accessories,447.19,0.0,0
4483,2250,Loewe,Accessories,685.08,0.0,0
4484,2251,Zara,Bags,57.32,0.0,0
4485,2252,Chanel,Dresses,2233.59,0.0,0
4486,2252,Chanel,Jeans,1197.69,0.0,0
4487,2252,Chanel,Home,712.67,0.0,0
4488,2253,Urban Outfitters,Accessories,65.4,0.0,0
4489,2254,H&M,Tops,75.64,0.0,0
4490,2254,H&M,Jeans,14.17,0.0,0
4491,2255,H&M,Outerwear,24.7,0.0,0
4492,2256,H&M,Bags,80.95,0.0,0
4493,2257,Shein,Swimwear,22.43,0.0,0
4494,2257,Shein,Beauty,23.36,0.0,0
4495,2258,Under Armour,Lingerie,107.72,0.0,0
4496,2258,Under Armour,Jeans,72.91,0.0,0
4497,2259,H&M,Swimwear,27.68,0.0,0
4498,2259,H&M,Accessories,50.27,0.0,0
4499,2260,Urban Outfitters,Activewear,67.76,0.0,0
4500,2260,Urban Outfitters,Home,20.0,0.0,0
4501,2261,Zara,Jeans,65.16,0.0,0
4502,2262,Gucci,Accessories,460.87,0.0,0
4503,2262,Gucci,Outerwear,2914.79,0.0,0
4504,2262,Gucci,Bags,2316.22,0.0,0
4505,2263,Under Armour,Swimwear,127.91,0.0,0
4506,2264,Under Armour,Home,76.82,21.44,1
4507,2265,H&M,Footwear,114.21,29.12,1
4508,2265,H&M,Dresses,26.65,0.0,0
4509,2266,Gucci,Dresses,1899.22,0.0,0
4510,2267,Under Armour,Outerwear,73.19,0.0,0
4511,2268,Girlfriend Collective,Footwear,77.63,0.0,0
4512,2268,Girlfriend Collective,Swimwear,101.86,0.0,0
4513,2268,Girlfriend Collective,Activewear,39.79,0.0,0
4514,2269,Zara,Home,30.86,7.39,1
4515,2269,Zara,Footwear,45.31,0.0,0
4516,2270,Gucci,Lingerie,992.26,0.0,0
4517,2271,Girlfriend Collective,Bags,102.56,0.0,0
4518,2271,Girlfriend Collective,Dresses,106.36,0.0,0
4519,2272,Gucci,Home,678.93,0.0,0
4520,2273,Zara,Home,78.13,0.0,0
4521,2274,H&M,Activewear,49.11,0.0,0
4522,2274,H&M,Activewear,83.02,23.37,1
4523,2275,Gucci,Tops,1825.25,0.0,0
4524,2275,Gucci,Home,810.36,0.0,0
4525,2275,Gucci,Lingerie,950.76,0.0,0
4526,2276,Under Armour,Lingerie,164.73,0.0,0
4527,2276,Under Armour,Home,75.7,14.77,1
4528,2276,Under Armour,Footwear,44.23,0.0,0
4529,2277,Under Armour,Activewear,138.89,32.85,1
4530,2278,H&M,Jeans,68.98,17.04,1
4531,2278,H&M,Tops,49.37,0.0,0
4532,2278,H&M,Outerwear,100.86,10.24,1
4533,2279,Chanel,Home,1053.21,0.0,0
4534,2279,Chanel,Accessories,394.37,0.0,0
4535,2279,Chanel,Jeans,1765.1,0.0,0
4536,2280,Loewe,Swimwear,518.05,0.0,0
4537,2281,Zara,Outerwear,68.31,23.61,1
4538,2281,Zara,Jeans,61.18,0.0,0
4539,2281,Zara,Footwear,37.43,8.62,1
4540,2282,Chanel,Dresses,1656.47,0.0,0
4541,2283,Loewe,Outerwear,3038.68,883.69,1
4542,2283,Loewe,Dresses,1636.98,0.0,0
4543,2284,Prada,Tops,1550.01,0.0,0
4544,2284,Prada,Jeans,1682.91,0.0,0
4545,2285,Under Armour,Accessories,75.91,0.0,0
4546,2286,Girlfriend Collective,Accessories,36.12,0.0,0
4547,2286,Girlfriend Collective,Jeans,107.3,0.0,0
4548,2287,Girlfriend Collective,Activewear,59.85,0.0,0
4549,2288,Under Armour,Lingerie,128.64,0.0,0
4550,2289,Under Armour,Dresses,77.88,0.0,0
4551,2290,Prada,Outerwear,3937.63,0.0,0
4552,2291,H&M,Beauty,77.87,21.29,1
4553,2291,H&M,Accessories,105.04,30.65,1
4554,2292,Zara,Footwear,48.23,16.26,1
4555,2292,Zara,Accessories,12.62,0.0,0
4556,2293,Under Armour,Outerwear,101.71,12.69,1
4557,2293,Under Armour,Jeans,71.94,0.0,0
4558,2294,Shein,Outerwear,20.35,6.03,1
4559,2294,Shein,Lingerie,36.36,0.0,0
4560,2295,Prada,Beauty,871.81,0.0,0
4561,2295,Prada,Lingerie,813.36,0.0,0
4562,2296,Shein,Lingerie,30.78,9.5,1
4563,2296,Shein,Footwear,35.0,6.56,1
4564,2297,H&M,Lingerie,77.02,0.0,0
4565,2297,H&M,Swimwear,50.6,0.0,0
4566,2297,H&M,Activewear,78.17,0.0,0
4567,2298,Under Armour,Accessories,98.02,0.0,0
4568,2298,Under Armour,Lingerie,167.11,0.0,0
4569,2299,Chanel,Home,657.49,0.0,0
4570,2299,Chanel,Tops,1254.86,0.0,0
4571,2300,Prada,Bags,2595.73,0.0,0
4572,2300,Prada,Tops,1185.34,0.0,0
4573,2300,Prada,Swimwear,736.14,0.0,0
4574,2301,Urban Outfitters,Accessories,64.05,0.0,0
4575,2301,Urban Outfitters,Tops,118.42,0.0,0
4576,2302,Chanel,Bags,9262.17,0.0,0
4577,2302,Chanel,Lingerie,735.11,0.0,0
4578,2303,Shein,Footwear,9.53,0.0,0
4579,2304,H&M,Footwear,77.62,0.0,0
4580,2304,H&M,Beauty,87.7,0.0,0
4581,2305,Urban Outfitters,Tops,35.53,9.37,1
4582,2305,Urban Outfitters,Jeans,74.39,0.0,0
4583,2306,Prada,Lingerie,1004.02,0.0,0
4584,2306,Prada,Bags,2361.02,0.0,0
4585,2306,Prada,Jeans,1705.45,0.0,0
4586,2307,Prada,Accessories,404.45,0.0,0
4587,2307,Prada,Outerwear,3700.12,0.0,0
4588,2308,Under Armour,Lingerie,59.21,16.26,1
4589,2308,Under Armour,Tops,131.91,0.0,0
4590,2309,Zara,Dresses,29.31,2.16,1
4591,2309,Zara,Bags,92.76,0.0,0
4592,2309,Zara,Lingerie,77.64,0.0,0
4593,2310,Gucci,Swimwear,1109.9,0.0,0
4594,2310,Gucci,Home,716.33,0.0,0
4595,2310,Gucci,Swimwear,692.2,0.0,0
4596,2311,Urban Outfitters,Jeans,66.11,7.16,1
4597,2311,Urban Outfitters,Activewear,91.96,0.0,0
4598,2312,Girlfriend Collective,Accessories,78.09,0.0,0
4599,2312,Girlfriend Collective,Accessories,82.6,0.0,0
4600,2313,Under Armour,Jeans,71.54,11.53,1
4601,2313,Under Armour,Accessories,162.85,43.03,1
4602,2313,Under Armour,Bags,30.0,0.0,0
4603,2314,Zara,Bags,13.55,0.0,0
4604,2314,Zara,Jeans,65.98,0.0,0
4605,2315,Loewe,Swimwear,609.22,0.0,0
4606,2315,Loewe,Swimwear,598.88,0.0,0
4607,2316,Zara,Footwear,16.93,0.0,0
4608,2316,Zara,Outerwear,87.89,0.0,0
4609,2317,Under Armour,Bags,121.17,0.0,0
4610,2318,Urban Outfitters,Accessories,41.11,0.0,0
4611,2318,Urban Outfitters,Tops,68.78,0.0,0
4612,2319,Urban Outfitters,Dresses,36.62,0.0,0
4613,2319,Urban Outfitters,Footwear,124.67,9.53,1
4614,2320,Girlfriend Collective,Tops,70.52,0.0,0
4615,2321,Under Armour,Home,111.97,19.34,1
4616,2321,Under Armour,Footwear,159.76,0.0,0
4617,2322,Chanel,Activewear,862.77,0.0,0
4618,2322,Chanel,Beauty,963.47,0.0,0
4619,2323,Loewe,Beauty,525.94,0.0,0
4620,2324,Girlfriend Collective,Tops,64.68,0.0,0
4621,2324,Girlfriend Collective,Outerwear,80.67,0.0,0
4622,2324,Girlfriend Collective,Home,110.65,7.52,1
4623,2325,Prada,Dresses,2035.02,0.0,0
4624,2326,Loewe,Swimwear,652.93,0.0,0
4625,2327,Gucci,Accessories,474.97,0.0,0
4626,2327,Gucci,Home,509.23,0.0,0
4627,2328,Under Armour,Accessories,38.94,0.0,0
4628,2328,Under Armour,Tops,30.0,0.0,0
4629,2328,Under Armour,Home,70.18,0.0,0
4630,2329,Chanel,Home,805.46,0.0,0
4631,2330,Shein,Lingerie,33.35,0.0,0
4632,2330,Shein,Beauty,51.85,0.0,0
4633,2330,Shein,Home,5.0,0.6,1
4634,2331,Under Armour,Bags,117.65,0.0,0
4635,2332,Zara,Beauty,77.27,16.27,1
4636,2332,Zara,Jeans,73.74,4.9,1
4637,2333,Under Armour,Tops,144.67,0.0,0
4638,2333,Under Armour,Bags,103.44,0.0,0
4639,2334,Urban Outfitters,Swimwear,34.24,0.0,0
4640,2334,Urban Outfitters,Bags,100.21,0.0,0
4641,2334,Urban Outfitters,Jeans,54.61,8.09,1
4642,2335,H&M,Beauty,51.26,13.67,1
4643,2335,H&M,Bags,36.15,0.0,0
4644,2335,H&M,Dresses,55.32,0.0,0
4645,2336,Shein,Bags,29.05,0.0,0
4646,2336,Shein,Dresses,14.12,0.0,0
4647,2337,H&M,Swimwear,79.52,0.0,0
4648,2337,H&M,Accessories,67.43,0.0,0
4649,2338,Zara,Swimwear,53.08,0.0,0
4650,2338,Zara,Beauty,55.39,4.75,1
4651,2338,Zara,Lingerie,53.07,0.0,0
4652,2339,Chanel,Dresses,1541.64,0.0,0
4653,2339,Chanel,Accessories,569.9,0.0,0
4654,2339,Chanel,Dresses,1539.49,0.0,0
4655,2340,Under Armour,Lingerie,79.98,16.78,1
4656,2341,Chanel,Swimwear,690.28,0.0,0
4657,2342,Zara,Lingerie,53.26,0.0,0
4658,2342,Zara,Outerwear,87.03,0.0,0
4659,2342,Zara,Home,79.69,0.0,0
4660,2343,Loewe,Lingerie,809.44,0.0,0
4661,2344,Under Armour,Bags,139.59,0.0,0
4662,2345,Shein,Dresses,21.86,1.64,1
4663,2345,Shein,Footwear,27.84,0.0,0
4664,2346,Zara,Tops,46.07,0.0,0
4665,2347,Urban Outfitters,Beauty,113.36,0.0,0
4666,2348,Girlfriend Collective,Beauty,66.03,0.0,0
4667,2348,Girlfriend Collective,Bags,114.67,0.0,0
4668,2349,Shein,Dresses,12.55,0.0,0
4669,2349,Shein,Lingerie,12.35,0.0,0
4670,2350,Shein,Accessories,31.49,0.0,0
4671,2351,Urban Outfitters,Home,159.32,0.0,0
4672,2352,H&M,Home,102.74,0.0,0
4673,2352,H&M,Jeans,81.87,0.0,0
4674,2352,H&M,Home,81.47,17.16,1
4675,2353,Chanel,Bags,8195.96,0.0,0
4676,2353,Chanel,Accessories,398.14,0.0,0
4677,2353,Chanel,Lingerie,670.17,0.0,0
4678,2354,Under Armour,Outerwear,117.98,0.0,0
4679,2354,Under Armour,Home,84.2,12.93,1
4680,2354,Under Armour,Jeans,103.13,0.0,0
4681,2355,H&M,Swimwear,113.13,0.0,0
4682,2356,Zara,Beauty,108.86,0.0,0
4683,2357,Chanel,Activewear,882.57,0.0,0
4684,2357,Chanel,Jeans,1949.85,0.0,0
4685,2358,Zara,Tops,62.03,0.0,0
4686,2358,Zara,Beauty,29.33,9.65,1
4687,2358,Zara,Swimwear,12.37,0.0,0
4688,2359,Under Armour,Jeans,49.04,0.0,0
4689,2360,Prada,Bags,2156.72,0.0,0
4690,2360,Prada,Home,1124.44,0.0,0
4691,2361,Zara,Beauty,82.12,0.0,0
4692,2362,Urban Outfitters,Outerwear,120.67,9.43,1
4693,2362,Urban Outfitters,Footwear,67.89,0.0,0
4694,2362,Urban Outfitters,Accessories,85.38,0.0,0
4695,2363,Chanel,Footwear,1201.91,0.0,0
4696,2363,Chanel,Lingerie,664.49,0.0,0
4697,2364,Girlfriend Collective,Accessories,111.17,0.0,0
4698,2365,Loewe,Activewear,616.75,0.0,0
4699,2365,Loewe,Outerwear,2801.26,0.0,0
4700,2365,Loewe,Outerwear,3704.44,0.0,0
4701,2366,Zara,Activewear,37.8,0.0,0
4702,2367,Under Armour,Lingerie,38.07,0.0,0
4703,2367,Under Armour,Lingerie,104.55,0.0,0
4704,2367,Under Armour,Outerwear,54.01,0.0,0
4705,2368,Zara,Jeans,37.66,0.0,0
4706,2368,Zara,Footwear,97.97,0.0,0
4707,2369,Girlfriend Collective,Footwear,30.0,0.0,0
4708,2369,Girlfriend Collective,Beauty,77.86,0.0,0
4709,2369,Girlfriend Collective,Tops,86.44,0.0,0
4710,2370,Prada,Accessories,638.36,0.0,0
4711,2370,Prada,Lingerie,868.82,0.0,0
4712,2371,Under Armour,Home,70.66,0.0,0
4713,2372,Zara,Activewear,91.51,29.24,1
4714,2372,Zara,Footwear,107.52,0.0,0
4715,2373,Loewe,Bags,2110.31,0.0,0
4716,2373,Loewe,Accessories,444.01,0.0,0
4717,2373,Loewe,Activewear,548.9,0.0,0
4718,2374,Prada,Footwear,1345.54,0.0,0
4719,2374,Prada,Footwear,1115.48,0.0,0
4720,2375,Prada,Home,860.35,0.0,0
4721,2375,Prada,Jeans,1608.2,0.0,0
4722,2375,Prada,Bags,2003.99,0.0,0
4723,2376,Loewe,Home,650.83,0.0,0
4724,2377,Urban Outfitters,Dresses,48.12,0.0,0
4725,2377,Urban Outfitters,Dresses,42.18,0.0,0
4726,2378,Zara,Outerwear,31.79,0.0,0
4727,2379,Gucci,Accessories,445.97,0.0,0
4728,2379,Gucci,Lingerie,648.86,0.0,0
4729,2379,Gucci,Lingerie,650.7,0.0,0
4730,2380,Shein,Jeans,40.63,3.38,1
4731,2380,Shein,Tops,25.37,6.87,1
4732,2380,Shein,Bags,32.02,0.0,0
4733,2381,Zara,Outerwear,49.08,0.0,0
4734,2381,Zara,Outerwear,90.11,0.0,0
4735,2381,Zara,Jeans,102.79,0.0,0
4736,2382,Urban Outfitters,Tops,45.5,0.0,0
4737,2382,Urban Outfitters,Swimwear,53.23,0.0,0
4738,2382,Urban Outfitters,Tops,71.58,0.0,0
4739,2383,H&M,Activewear,88.2,0.0,0
4740,2383,H&M,Footwear,90.37,0.0,0
4741,2384,Loewe,Dresses,834.17,0.0,0
4742,2384,Loewe,Outerwear,4192.18,0.0,0
4743,2385,Under Armour,Tops,83.62,0.0,0
4744,2385,Under Armour,Bags,171.1,0.0,0
4745,2386,H&M,Footwear,37.47,0.0,0
4746,2386,H&M,Home,84.24,0.0,0
4747,2386,H&M,Lingerie,85.31,0.0,0
4748,2387,Urban Outfitters,Beauty,57.91,0.0,0
4749,2387,Urban Outfitters,Swimwear,70.94,0.0,0
4750,2387,Urban Outfitters,Jeans,89.46,0.0,0
4751,2388,Under Armour,Beauty,108.52,0.0,0
4752,2389,H&M,Accessories,84.79,10.85,1
4753,2390,Urban Outfitters,Outerwear,55.8,0.0,0
4754,2390,Urban Outfitters,Tops,67.43,0.0,0
4755,2390,Urban Outfitters,Tops,117.52,0.0,0
4756,2391,Girlfriend Collective,Bags,42.0,0.0,0
4757,2392,Under Armour,Outerwear,105.43,0.0,0
4758,2392,Under Armour,Lingerie,111.43,0.0,0
4759,2392,Under Armour,Activewear,115.63,0.0,0
4760,2393,Under Armour,Activewear,128.26,0.0,0
4761,2393,Under Armour,Footwear,109.09,0.0,0
4762,2393,Under Armour,Outerwear,78.93,0.0,0
4763,2394,Gucci,Tops,1222.84,0.0,0
4764,2394,Gucci,Footwear,598.93,0.0,0
4765,2394,Gucci,Outerwear,3141.54,0.0,0
4766,2395,Loewe,Swimwear,604.89,0.0,0
4767,2395,Loewe,Dresses,2047.6,0.0,0
4768,2396,Chanel,Outerwear,3024.79,0.0,0
4769,2396,Chanel,Bags,9486.32,0.0,0
4770,2396,Chanel,Outerwear,3586.47,0.0,0
4771,2397,Under Armour,Dresses,92.88,0.0,0
4772,2397,Under Armour,Tops,137.78,46.15,1
4773,2398,Urban Outfitters,Outerwear,35.9,0.0,0
4774,2399,Gucci,Outerwear,2695.34,0.0,0
4775,2399,Gucci,Jeans,1672.08,0.0,0
4776,2399,Gucci,Bags,2171.53,0.0,0
4777,2400,H&M,Outerwear,24.98,0.0,0
4778,2400,H&M,Bags,66.8,0.0,0
4779,2401,Urban Outfitters,Beauty,28.41,0.0,0
4780,2401,Urban Outfitters,Jeans,37.33,0.0,0
4781,2401,Urban Outfitters,Footwear,38.92,0.0,0
4782,2402,Gucci,Bags,2055.24,0.0,0
4783,2402,Gucci,Dresses,1185.02,0.0,0
4784,2403,Gucci,Outerwear,3332.17,0.0,0
4785,2403,Gucci,Activewear,657.17,0.0,0
4786,2403,Gucci,Activewear,720.24,0.0,0
4787,2404,H&M,Bags,82.36,14.01,1
4788,2405,Zara,Beauty,47.54,0.0,0
4789,2405,Zara,Outerwear,41.24,6.38,1
4790,2406,Under Armour,Bags,62.68,0.0,0
4791,2407,H&M,Activewear,69.62,0.0,0
4792,2408,H&M,Lingerie,73.37,0.0,0
4793,2408,H&M,Tops,67.31,0.0,0
4794,2409,Urban Outfitters,Outerwear,34.25,0.0,0
4795,2409,Urban Outfitters,Swimwear,105.22,0.0,0
4796,2409,Urban Outfitters,Jeans,71.57,0.0,0
4797,2410,Urban Outfitters,Jeans,47.86,13.85,1
4798,2410,Urban Outfitters,Activewear,118.06,0.0,0
4799,2410,Urban Outfitters,Accessories,70.82,0.0,0
4800,2411,Loewe,Bags,2322.23,0.0,0
4801,2411,Loewe,Beauty,1194.9,0.0,0
4802,2412,Urban Outfitters,Jeans,119.03,25.18,1
4803,2412,Urban Outfitters,Dresses,77.17,0.0,0
4804,2413,Gucci,Tops,1664.09,0.0,0
4805,2413,Gucci,Tops,1773.04,0.0,0
4806,2413,Gucci,Jeans,2008.49,0.0,0
4807,2414,Urban Outfitters,Activewear,114.81,0.0,0
4808,2414,Urban Outfitters,Accessories,94.35,0.0,0
4809,2414,Urban Outfitters,Home,135.76,0.0,0
4810,2415,Girlfriend Collective,Beauty,96.92,0.0,0
4811,2415,Girlfriend Collective,Beauty,62.07,0.0,0
4812,2416,Prada,Jeans,993.37,0.0,0
4813,2416,Prada,Jeans,1562.25,0.0,0
4814,2416,Prada,Accessories,547.78,0.0,0
4815,2417,Zara,Swimwear,58.06,0.0,0
4816,2417,Zara,Dresses,49.05,4.31,1
4817,2417,Zara,Activewear,68.47,0.0,0
4818,2418,Girlfriend Collective,Footwear,30.0,0.0,0
4819,2419,Under Armour,Swimwear,166.28,0.0,0
4820,2419,Under Armour,Footwear,62.05,0.0,0
4821,2419,Under Armour,Accessories,74.24,0.0,0
4822,2420,Girlfriend Collective,Accessories,63.58,0.0,0
4823,2420,Girlfriend Collective,Jeans,75.33,0.0,0
4824,2421,Loewe,Swimwear,447.24,0.0,0
4825,2422,Zara,Activewear,70.78,0.0,0
4826,2422,Zara,Beauty,45.11,0.0,0
4827,2423,Chanel,Bags,9666.18,0.0,0
4828,2424,Under Armour,Bags,88.03,0.0,0
4829,2424,Under Armour,Accessories,105.74,0.0,0
4830,2425,Zara,Activewear,58.51,8.61,1
4831,2425,Zara,Dresses,42.02,7.68,1
4832,2425,Zara,Activewear,26.24,0.0,0
4833,2426,Under Armour,Outerwear,120.88,0.0,0
4834,2426,Under Armour,Tops,138.28,0.0,0
4835,2427,Urban Outfitters,Activewear,38.31,0.0,0
4836,2427,Urban Outfitters,Jeans,72.19,0.0,0
4837,2427,Urban Outfitters,Tops,112.33,0.0,0
4838,2428,Girlfriend Collective,Dresses,102.99,0.0,0
4839,2429,Under Armour,Outerwear,47.56,7.94,1
4840,2429,Under Armour,Activewear,86.19,27.22,1
4841,2429,Under Armour,Jeans,61.27,0.0,0
4842,2430,Zara,Bags,27.18,0.0,0
4843,2430,Zara,Lingerie,87.78,5.36,1
4844,2431,Urban Outfitters,Lingerie,100.35,22.01,1
4845,2431,Urban Outfitters,Beauty,76.84,10.72,1
4846,2432,Chanel,Swimwear,669.89,0.0,0
4847,2433,Urban Outfitters,Jeans,47.51,0.0,0
4848,2433,Urban Outfitters,Tops,115.01,0.0,0
4849,2433,Urban Outfitters,Dresses,20.0,0.0,0
4850,2434,Girlfriend Collective,Home,119.15,37.22,1
4851,2434,Girlfriend Collective,Accessories,124.87,0.0,0
4852,2435,Urban Outfitters,Tops,101.6,0.0,0
4853,2435,Urban Outfitters,Bags,64.18,0.0,0
4854,2435,Urban Outfitters,Swimwear,20.0,6.19,1
4855,2436,Gucci,Swimwear,723.43,0.0,0
4856,2436,Gucci,Outerwear,3543.29,0.0,0
4857,2437,Urban Outfitters,Activewear,83.39,0.0,0
4858,2437,Urban Outfitters,Dresses,111.23,0.0,0
4859,2438,Under Armour,Home,77.98,0.0,0
4860,2438,Under Armour,Jeans,30.0,0.0,0
4861,2438,Under Armour,Tops,61.57,0.0,0
4862,2439,Zara,Footwear,70.06,0.0,0
4863,2439,Zara,Lingerie,70.52,0.0,0
4864,2439,Zara,Lingerie,65.26,7.58,1
4865,2440,Urban Outfitters,Dresses,59.2,0.0,0
4866,2440,Urban Outfitters,Activewear,62.34,10.8,1
4867,2441,H&M,Home,102.44,0.0,0
4868,2441,H&M,Dresses,45.32,0.0,0
4869,2442,Zara,Accessories,11.39,0.0,0
4870,2442,Zara,Swimwear,86.1,0.0,0
4871,2443,Prada,Tops,2021.74,270.8,1
4872,2443,Prada,Footwear,879.94,0.0,0
4873,2444,Prada,Bags,2454.16,0.0,0
4874,2444,Prada,Activewear,465.61,0.0,0
4875,2444,Prada,Lingerie,696.87,0.0,0
4876,2445,Prada,Footwear,764.69,0.0,0
4877,2445,Prada,Outerwear,3608.79,0.0,0
4878,2446,Chanel,Home,532.85,0.0,0
4879,2446,Chanel,Swimwear,884.98,0.0,0
4880,2447,Prada,Jeans,1238.96,0.0,0
4881,2447,Prada,Lingerie,576.81,0.0,0
4882,2448,Gucci,Dresses,1380.41,0.0,0
4883,2448,Gucci,Bags,1514.25,0.0,0
4884,2449,Shein,Footwear,24.75,0.0,0
4885,2449,Shein,Accessories,24.17,0.0,0
4886,2450,Zara,Lingerie,72.94,14.74,1
4887,2450,Zara,Beauty,58.66,6.51,1
4888,2450,Zara,Lingerie,94.18,0.0,0
4889,2451,Gucci,Accessories,618.26,0.0,0
4890,2452,H&M,Jeans,77.41,0.0,0
4891,2452,H&M,Bags,88.61,24.83,1
4892,2452,H&M,Bags,83.3,0.0,0
4893,2453,H&M,Activewear,44.11,0.0,0
4894,2453,H&M,Jeans,15.4,0.0,0
4895,2453,H&M,Bags,65.32,0.0,0
4896,2454,H&M,Activewear,56.11,0.0,0
4897,2454,H&M,Jeans,64.42,0.0,0
4898,2455,Girlfriend Collective,Accessories,67.74,0.0,0
4899,2456,Zara,Activewear,65.4,0.0,0
4900,2457,Zara,Activewear,13.48,0.0,0
4901,2457,Zara,Tops,85.92,0.0,0
4902,2457,Zara,Accessories,83.0,0.0,0
4903,2458,Urban Outfitters,Beauty,73.29,11.16,1
4904,2458,Urban Outfitters,Accessories,118.64,0.0,0
4905,2459,H&M,Activewear,115.7,0.0,0
4906,2459,H&M,Tops,63.57,0.0,0
4907,2460,Shein,Footwear,14.94,1.27,1
4908,2460,Shein,Beauty,33.06,0.0,0
4909,2461,Zara,Outerwear,46.76,0.0,0
4910,2461,Zara,Tops,37.07,0.0,0
4911,2462,Loewe,Footwear,500.0,0.0,0
4912,2462,Loewe,Swimwear,743.89,0.0,0
4913,2463,H&M,Tops,66.86,15.18,1
4914,2464,Zara,Bags,57.65,18.44,1
4915,2465,Loewe,Lingerie,1036.4,0.0,0
4916,2466,Under Armour,Jeans,64.15,0.0,0
4917,2466,Under Armour,Bags,124.22,35.93,1
4918,2467,Gucci,Footwear,853.56,0.0,0
4919,2467,Gucci,Lingerie,1047.65,0.0,0
4920,2467,Gucci,Beauty,651.78,0.0,0
4921,2468,Urban Outfitters,Activewear,96.71,0.0,0
4922,2469,H&M,Dresses,71.81,0.0,0
4923,2469,H&M,Swimwear,62.49,0.0,0
4924,2470,Loewe,Beauty,869.23,0.0,0
4925,2471,Chanel,Footwear,880.06,0.0,0
4926,2471,Chanel,Dresses,996.79,0.0,0
4927,2472,Girlfriend Collective,Dresses,57.02,18.04,1
4928,2472,Girlfriend Collective,Accessories,117.4,22.3,1
4929,2472,Girlfriend Collective,Home,90.67,7.19,1
4930,2473,Zara,Tops,81.75,21.78,1
4931,2474,Shein,Activewear,26.58,5.9,1
4932,2474,Shein,Swimwear,34.32,0.0,0
4933,2474,Shein,Activewear,22.45,0.0,0
4934,2475,Urban Outfitters,Outerwear,70.65,0.0,0
4935,2476,H&M,Dresses,42.2,0.0,0
4936,2476,H&M,Swimwear,10.0,0.0,0
4937,2477,H&M,Home,73.44,13.2,1
4938,2478,H&M,Footwear,76.49,6.82,1
4939,2479,H&M,Home,18.25,4.01,1
4940,2480,Gucci,Footwear,696.97,0.0,0
4941,2480,Gucci,Dresses,1152.78,0.0,0
4942,2480,Gucci,Footwear,1123.21,0.0,0
4943,2481,Prada,Beauty,755.31,0.0,0
4944,2481,Prada,Lingerie,933.24,0.0,0
4945,2481,Prada,Bags,2222.35,0.0,0
4946,2482,Loewe,Jeans,2125.12,0.0,0
4947,2482,Loewe,Activewear,783.73,0.0,0
4948,2483,Shein,Swimwear,39.05,0.0,0
4949,2484,Shein,Bags,33.7,0.0,0
4950,2484,Shein,Beauty,22.52,0.0,0
4951,2484,Shein,Bags,19.5,5.37,1
4952,2485,Zara,Outerwear,10.24,0.0,0
4953,2485,Zara,Swimwear,77.7,0.0,0
4954,2486,Urban Outfitters,Accessories,59.11,0.0,0
4955,2486,Urban Outfitters,Activewear,111.84,0.0,0
4956,2487,Girlfriend Collective,Tops,120.27,0.0,0
4957,2487,Girlfriend Collective,Outerwear,85.56,0.0,0
4958,2487,Girlfriend Collective,Tops,123.54,0.0,0
4959,2488,Under Armour,Tops,88.05,0.0,0
4960,2488,Under Armour,Lingerie,121.21,0.0,0
4961,2489,Chanel,Activewear,915.56,0.0,0
4962,2489,Chanel,Outerwear,3506.17,0.0,0
4963,2490,H&M,Lingerie,37.76,2.26,1
4964,2490,H&M,Lingerie,63.41,14.5,1
4965,2491,Loewe,Footwear,811.53,0.0,0
4966,2491,Loewe,Dresses,1676.85,0.0,0
4967,2491,Loewe,Bags,2039.67,0.0,0
4968,2492,Loewe,Bags,2374.02,0.0,0
4969,2492,Loewe,Accessories,465.47,0.0,0
4970,2493,Under Armour,Lingerie,64.28,0.0,0
4971,2494,Urban Outfitters,Jeans,99.16,20.98,1
4972,2494,Urban Outfitters,Beauty,50.39,0.0,0
4973,2495,Loewe,Bags,2908.64,0.0,0
4974,2495,Loewe,Footwear,788.2,0.0,0
4975,2496,Zara,Home,71.76,0.0,0
4976,2497,H&M,Activewear,47.31,10.35,1
4977,2497,H&M,Tops,70.79,0.0,0
4978,2497,H&M,Tops,52.7,0.0,0
4979,2498,Prada,Outerwear,3378.03,0.0,0
4980,2498,Prada,Swimwear,773.62,0.0,0
4981,2498,Prada,Footwear,973.84,0.0,0
4982,2499,Girlfriend Collective,Accessories,72.84,0.0,0
4983,2500,Chanel,Footwear,713.0,0.0,0
4984,2500,Chanel,Lingerie,938.11,0.0,0
4985,2501,Chanel,Lingerie,882.4,128.69,1
4986,2501,Chanel,Home,747.99,0.0,0
4987,2502,Zara,Swimwear,51.53,0.0,0
4988,2502,Zara,Bags,93.45,27.86,1
4989,2503,Zara,Activewear,79.82,0.0,0
4990,2503,Zara,Beauty,36.57,0.0,0
4991,2504,Zara,Accessories,30.1,0.0,0
4992,2505,Gucci,Tops,1081.68,0.0,0
4993,2505,Gucci,Footwear,873.81,0.0,0
4994,2506,Zara,Tops,35.58,0.0,0
4995,2506,Zara,Accessories,54.76,6.82,1
4996,2507,Gucci,Home,884.3,0.0,0
4997,2507,Gucci,Footwear,809.05,0.0,0
4998,2508,Girlfriend Collective,Tops,55.32,0.0,0
4999,2508,Girlfriend Collective,Beauty,97.2,0.0,0
5000,2508,Girlfriend Collective,Outerwear,66.8,0.0,0
5001,2509,H&M,Jeans,50.56,0.0,0
5002,2509,H&M,Dresses,46.6,5.58,1
5003,2509,H&M,Bags,40.12,0.0,0
5004,2510,Prada,Footwear,796.14,0.0,0
5005,2510,Prada,Home,921.28,0.0,0
5006,2510,Prada,Lingerie,530.06,0.0,0
5007,2511,Shein,Footwear,24.72,0.0,0
5008,2511,Shein,Accessories,29.46,0.0,0
5009,2512,Loewe,Activewear,847.03,241.53,1
5010,2512,Loewe,Home,792.63,0.0,0
5011,2513,Zara,Tops,90.84,0.0,0
5012,2514,Loewe,Tops,1311.19,0.0,0
5013,2514,Loewe,Footwear,1214.93,0.0,0
5014,2515,Girlfriend Collective,Lingerie,106.99,0.0,0
5015,2515,Girlfriend Collective,Outerwear,75.13,8.62,1
5016,2516,Gucci,Tops,1440.35,0.0,0
5017,2516,Gucci,Outerwear,3351.44,0.0,0
5018,2516,Gucci,Home,916.9,0.0,0
5019,2517,Urban Outfitters,Swimwear,101.77,0.0,0
5020,2517,Urban Outfitters,Swimwear,66.65,0.0,0
5021,2517,Urban Outfitters,Outerwear,59.6,0.0,0
5022,2518,Loewe,Swimwear,498.01,0.0,0
5023,2518,Loewe,Bags,2572.58,0.0,0
5024,2518,Loewe,Dresses,1253.24,0.0,0
5025,2519,Loewe,Footwear,1239.46,0.0,0
5026,2520,Loewe,Swimwear,821.85,0.0,0
5027,2520,Loewe,Bags,2135.97,0.0,0
5028,2520,Loewe,Tops,1097.92,0.0,0
5029,2521,Prada,Beauty,647.73,0.0,0
5030,2521,Prada,Beauty,843.35,0.0,0
5031,2521,Prada,Bags,2169.11,0.0,0
5032,2522,Shein,Tops,15.3,0.0,0
5033,2522,Shein,Home,12.16,0.0,0
5034,2523,Gucci,Bags,2562.79,0.0,0
5035,2523,Gucci,Lingerie,872.18,0.0,0
5036,2523,Gucci,Footwear,838.98,0.0,0
5037,2524,Girlfriend Collective,Accessories,67.29,0.0,0
5038,2525,Urban Outfitters,Tops,20.0,0.0,0
5039,2525,Urban Outfitters,Swimwear,68.08,0.0,0
5040,2525,Urban Outfitters,Bags,68.33,0.0,0
5041,2526,Prada,Accessories,572.86,0.0,0
5042,2527,Girlfriend Collective,Accessories,83.66,11.8,1
5043,2527,Girlfriend Collective,Swimwear,117.24,27.87,1
5044,2528,H&M,Jeans,56.24,0.0,0
5045,2529,Gucci,Activewear,830.51,0.0,0
5046,2530,H&M,Dresses,40.06,0.0,0
5047,2531,Under Armour,Accessories,113.34,15.3,1
5048,2532,Prada,Outerwear,3286.74,0.0,0
5049,2533,Shein,Beauty,17.2,2.63,1
5050,2534,Girlfriend Collective,Swimwear,69.6,0.0,0
5051,2534,Girlfriend Collective,Bags,70.96,0.0,0
5052,2534,Girlfriend Collective,Activewear,57.63,0.0,0
5053,2535,Shein,Activewear,20.6,5.96,1
5054,2535,Shein,Activewear,16.32,0.0,0
5055,2536,H&M,Outerwear,57.74,5.61,1
5056,2537,Urban Outfitters,Outerwear,79.48,27.62,1
5057,2537,Urban Outfitters,Beauty,71.84,0.0,0
5058,2537,Urban Outfitters,Accessories,56.61,0.0,0
5059,2538,Shein,Lingerie,18.26,0.0,0
5060,2538,Shein,Jeans,11.66,0.0,0
5061,2538,Shein,Footwear,17.2,0.0,0
5062,2539,H&M,Jeans,53.51,17.99,1
5063,2540,Gucci,Dresses,1002.96,0.0,0
5064,2540,Gucci,Beauty,909.96,0.0,0
5065,2541,H&M,Beauty,28.14,8.68,1
5066,2541,H&M,Footwear,64.0,10.93,1
5067,2541,H&M,Home,83.54,0.0,0
5068,2542,Under Armour,Swimwear,63.83,0.0,0
5069,2542,Under Armour,Bags,106.72,0.0,0
5070,2543,Urban Outfitters,Jeans,33.04,0.0,0
5071,2543,Urban Outfitters,Footwear,20.0,0.0,0
5072,2544,Zara,Jeans,41.25,0.0,0
5073,2545,Under Armour,Activewear,121.78,0.0,0
5074,2545,Under Armour,Bags,43.4,3.17,1
5075,2546,Loewe,Swimwear,622.86,59.64,1
5076,2547,Loewe,Lingerie,706.05,0.0,0
5077,2548,Urban Outfitters,Outerwear,92.59,0.0,0
5078,2549,Gucci,Jeans,2152.36,0.0,0
5079,2549,Gucci,Beauty,600.02,0.0,0
5080,2549,Gucci,Outerwear,3502.23,0.0,0
5081,2550,H&M,Activewear,19.45,0.0,0
5082,2551,Gucci,Dresses,979.12,0.0,0
5083,2551,Gucci,Beauty,806.88,0.0,0
5084,2551,Gucci,Footwear,909.9,0.0,0
5085,2552,Girlfriend Collective,Lingerie,126.93,0.0,0
5086,2552,Girlfriend Collective,Outerwear,62.09,0.0,0
5087,2553,H&M,Outerwear,39.95,0.0,0
5088,2553,H&M,Bags,67.37,16.72,1
5089,2553,H&M,Bags,75.34,0.0,0
5090,2554,H&M,Accessories,60.97,0.0,0
5091,2554,H&M,Jeans,51.42,0.0,0
5092,2555,Girlfriend Collective,Lingerie,42.48,0.0,0
5093,2555,Girlfriend Collective,Bags,75.31,0.0,0
5094,2556,Prada,Outerwear,3217.1,0.0,0
5095,2556,Prada,Lingerie,724.17,0.0,0
5096,2557,Girlfriend Collective,Activewear,129.39,0.0,0
5097,2558,H&M,Accessories,63.67,0.0,0
5098,2558,H&M,Tops,49.19,0.0,0
5099,2558,H&M,Activewear,14.08,3.91,1
5100,2559,Loewe,Beauty,512.01,0.0,0
5101,2559,Loewe,Bags,1855.44,0.0,0
5102,2559,Loewe,Activewear,644.07,0.0,0
5103,2560,Loewe,Accessories,636.12,0.0,0
5104,2560,Loewe,Accessories,503.12,0.0,0
5105,2560,Loewe,Footwear,934.94,0.0,0
5106,2561,H&M,Bags,62.18,0.0,0
5107,2561,H&M,Accessories,87.93,0.0,0
5108,2562,Under Armour,Dresses,53.94,0.0,0
5109,2562,Under Armour,Activewear,82.39,0.0,0
5110,2562,Under Armour,Tops,58.67,0.0,0
5111,2563,Gucci,Bags,2451.84,0.0,0
5112,2563,Gucci,Beauty,1031.54,0.0,0
5113,2564,Gucci,Bags,2265.71,0.0,0
5114,2565,H&M,Accessories,76.52,0.0,0
5115,2565,H&M,Outerwear,56.67,0.0,0
5116,2565,H&M,Dresses,10.0,0.0,0
5117,2566,Shein,Accessories,34.72,0.0,0
5118,2566,Shein,Activewear,13.37,3.32,1
5119,2566,Shein,Beauty,27.42,0.0,0
5120,2567,Loewe,Lingerie,519.37,0.0,0
5121,2568,Chanel,Activewear,1107.35,0.0,0
5122,2568,Chanel,Outerwear,3760.13,0.0,0
5123,2569,Girlfriend Collective,Activewear,60.93,0.0,0
5124,2569,Girlfriend Collective,Home,44.46,0.0,0
5125,2570,H&M,Activewear,65.89,0.0,0
5126,2570,H&M,Accessories,70.09,0.0,0
5127,2571,Chanel,Activewear,571.57,0.0,0
5128,2572,Prada,Activewear,779.81,0.0,0
5129,2572,Prada,Bags,2313.64,0.0,0
5130,2572,Prada,Swimwear,988.71,0.0,0
5131,2573,Loewe,Outerwear,4173.03,0.0,0
5132,2574,Urban Outfitters,Accessories,66.44,10.57,1
5133,2575,Prada,Bags,2340.83,0.0,0
5134,2575,Prada,Home,594.66,0.0,0
5135,2576,Urban Outfitters,Swimwear,20.0,0.0,0
5136,2576,Urban Outfitters,Outerwear,96.08,0.0,0
5137,2576,Urban Outfitters,Activewear,113.9,0.0,0
5138,2577,H&M,Beauty,95.39,0.0,0
5139,2577,H&M,Footwear,83.17,0.0,0
5140,2578,Zara,Bags,65.25,0.0,0
5141,2579,Loewe,Jeans,964.4,0.0,0
5142,2579,Loewe,Lingerie,840.23,0.0,0
5143,2579,Loewe,Tops,1409.14,0.0,0
5144,2580,Loewe,Tops,1598.92,0.0,0
5145,2581,Gucci,Dresses,871.88,0.0,0
5146,2581,Gucci,Bags,2294.68,0.0,0
5147,2582,H&M,Activewear,54.76,13.79,1
5148,2583,Under Armour,Beauty,103.23,0.0,0
5149,2583,Under Armour,Lingerie,83.51,21.22,1
5150,2584,H&M,Activewear,35.41,4.57,1
5151,2584,H&M,Swimwear,44.82,11.33,1
5152,2584,H&M,Beauty,53.48,18.59,1
5153,2585,H&M,Jeans,10.0,0.0,0
5154,2586,H&M,Dresses,55.79,0.0,0
5155,2587,Urban Outfitters,Beauty,59.22,0.0,0
5156,2588,Zara,Dresses,41.11,0.0,0
5157,2588,Zara,Lingerie,86.7,17.52,1
5158,2589,Prada,Outerwear,3160.42,389.19,1
5159,2589,Prada,Lingerie,575.74,0.0,0
5160,2590,Loewe,Swimwear,928.97,0.0,0
5161,2591,Loewe,Accessories,511.34,0.0,0
5162,2592,Girlfriend Collective,Lingerie,88.31,0.0,0
5163,2592,Girlfriend Collective,Jeans,63.37,0.0,0
5164,2592,Girlfriend Collective,Accessories,82.09,0.0,0
5165,2593,Gucci,Home,953.54,0.0,0
5166,2594,Prada,Dresses,1457.7,0.0,0
5167,2595,Urban Outfitters,Lingerie,61.8,0.0,0
5168,2596,Urban Outfitters,Footwear,49.38,0.0,0
5169,2596,Urban Outfitters,Beauty,119.74,0.0,0
5170,2597,Gucci,Bags,2377.0,0.0,0
5171,2597,Gucci,Jeans,1970.99,0.0,0
5172,2597,Gucci,Dresses,1965.62,0.0,0
5173,2598,Loewe,Jeans,700.0,0.0,0
5174,2598,Loewe,Home,477.82,0.0,0
5175,2599,Zara,Swimwear,78.05,0.0,0
5176,2599,Zara,Tops,56.42,8.23,1
5177,2600,Gucci,Bags,2447.48,0.0,0
5178,2600,Gucci,Activewear,426.75,0.0,0
5179,2600,Gucci,Bags,1581.91,0.0,0
5180,2601,Under Armour,Jeans,160.54,0.0,0
5181,2601,Under Armour,Outerwear,30.0,0.0,0
5182,2601,Under Armour,Dresses,119.0,0.0,0
5183,2602,H&M,Swimwear,21.54,0.0,0
5184,2602,H&M,Accessories,44.49,0.0,0
5185,2602,H&M,Accessories,41.63,4.08,1
5186,2603,Zara,Tops,31.72,0.0,0
5187,2604,H&M,Home,48.11,16.32,1
5188,2604,H&M,Outerwear,20.78,0.0,0
5189,2604,H&M,Jeans,103.12,0.0,0
5190,2605,H&M,Beauty,59.7,0.0,0
5191,2605,H&M,Activewear,30.41,7.33,1
5192,2606,Gucci,Swimwear,617.28,0.0,0
5193,2606,Gucci,Tops,915.25,0.0,0
5194,2607,Prada,Outerwear,4204.36,0.0,0
5195,2607,Prada,Outerwear,3092.05,0.0,0
5196,2607,Prada,Accessories,641.41,0.0,0
5197,2608,Gucci,Beauty,921.03,0.0,0
5198,2609,Shein,Beauty,18.22,0.0,0
5199,2610,H&M,Lingerie,61.73,0.0,0
5200,2611,H&M,Activewear,48.53,0.0,0
5201,2612,H&M,Jeans,32.43,4.76,1
5202,2612,H&M,Home,10.0,0.0,0
5203,2613,Girlfriend Collective,Jeans,79.87,0.0,0
5204,2613,Girlfriend Collective,Outerwear,125.78,23.53,1
5205,2613,Girlfriend Collective,Lingerie,101.25,18.27,1
5206,2614,Prada,Accessories,600.72,0.0,0
5207,2615,Prada,Lingerie,537.81,0.0,0
5208,2615,Prada,Bags,2154.98,0.0,0
5209,2616,Zara,Outerwear,76.63,0.0,0
5210,2617,Urban Outfitters,Accessories,93.15,0.0,0
5211,2617,Urban Outfitters,Tops,82.4,17.63,1
5212,2618,H&M,Beauty,32.01,5.51,1
5213,2618,H&M,Lingerie,24.85,0.0,0
5214,2618,H&M,Swimwear,68.95,6.13,1
5215,2619,H&M,Beauty,24.02,0.0,0
5216,2620,Chanel,Dresses,1333.36,0.0,0
5217,2621,Zara,Home,53.13,13.19,1
5218,2622,Under Armour,Activewear,110.03,0.0,0
5219,2622,Under Armour,Bags,132.38,0.0,0
5220,2622,Under Armour,Footwear,97.65,0.0,0
5221,2623,Loewe,Footwear,1158.34,0.0,0
5222,2624,H&M,Dresses,46.56,6.93,1
5223,2625,Under Armour,Jeans,39.85,0.0,0
5224,2625,Under Armour,Swimwear,72.76,0.0,0
5225,2626,H&M,Outerwear,82.85,0.0,0
5226,2626,H&M,Activewear,73.16,23.6,1
5227,2627,H&M,Accessories,61.63,19.52,1
5228,2627,H&M,Jeans,21.75,7.56,1
5229,2627,H&M,Footwear,52.64,0.0,0
5230,2628,Under Armour,Tops,72.01,0.0,0
5231,2629,Shein,Lingerie,32.69,0.0,0
5232,2629,Shein,Dresses,16.18,0.0,0
5233,2630,Chanel,Bags,8963.78,0.0,0
5234,2630,Chanel,Bags,8784.19,0.0,0
5235,2631,Loewe,Swimwear,1059.72,0.0,0
5236,2632,Gucci,Footwear,925.3,0.0,0
5237,2633,Gucci,Accessories,657.17,0.0,0
5238,2634,H&M,Activewear,55.03,0.0,0
5239,2634,H&M,Beauty,81.22,0.0,0
5240,2634,H&M,Beauty,78.6,0.0,0
5241,2635,Chanel,Outerwear,3713.83,0.0,0
5242,2635,Chanel,Home,886.93,0.0,0
5243,2636,Urban Outfitters,Footwear,81.4,0.0,0
5244,2636,Urban Outfitters,Activewear,67.96,17.2,1
5245,2636,Urban Outfitters,Swimwear,52.82,0.0,0
5246,2637,Under Armour,Swimwear,113.59,0.0,0
5247,2638,Urban Outfitters,Tops,20.0,0.0,0
5248,2639,Urban Outfitters,Lingerie,105.25,0.0,0
5249,2639,Urban Outfitters,Lingerie,64.23,0.0,0
5250,2640,Shein,Beauty,22.54,0.0,0
5251,2640,Shein,Outerwear,21.88,7.42,1
5252,2640,Shein,Accessories,6.4,0.0,0
5253,2641,Urban Outfitters,Outerwear,73.12,0.0,0
5254,2641,Urban Outfitters,Bags,38.78,0.0,0
5255,2642,H&M,Outerwear,79.05,17.7,1
5256,2642,H&M,Activewear,78.19,0.0,0
5257,2642,H&M,Footwear,61.78,0.0,0
5258,2643,Gucci,Lingerie,684.28,0.0,0
5259,2643,Gucci,Swimwear,300.0,0.0,0
5260,2643,Gucci,Swimwear,1014.37,0.0,0
5261,2644,Urban Outfitters,Dresses,76.46,0.0,0
5262,2644,Urban Outfitters,Outerwear,117.36,0.0,0
5263,2644,Urban Outfitters,Outerwear,82.89,0.0,0
5264,2645,Loewe,Beauty,879.95,0.0,0
5265,2645,Loewe,Bags,2028.25,0.0,0
5266,2645,Loewe,Beauty,1088.72,0.0,0
5267,2646,Girlfriend Collective,Bags,50.63,0.0,0
5268,2647,Zara,Home,119.11,0.0,0
5269,2648,Zara,Accessories,56.36,0.0,0
5270,2649,Loewe,Beauty,1223.91,0.0,0
5271,2649,Loewe,Activewear,617.6,0.0,0
5272,2650,Zara,Activewear,41.55,0.0,0
5273,2650,Zara,Home,91.14,0.0,0
5274,2651,Zara,Home,74.37,6.83,1
5275,2651,Zara,Activewear,68.39,0.0,0
5276,2651,Zara,Dresses,64.62,0.0,0
5277,2652,Under Armour,Footwear,99.24,0.0,0
5278,2652,Under Armour,Home,72.58,0.0,0
5279,2652,Under Armour,Jeans,57.62,9.99,1
5280,2653,Zara,Outerwear,65.11,0.0,0
5281,2653,Zara,Lingerie,26.4,0.0,0
5282,2654,Gucci,Swimwear,573.38,0.0,0
5283,2655,Urban Outfitters,Tops,86.25,0.0,0
5284,2655,Urban Outfitters,Tops,72.89,0.0,0
5285,2655,Urban Outfitters,Dresses,104.09,0.0,0
5286,2656,Girlfriend Collective,Tops,70.86,0.0,0
5287,2656,Girlfriend Collective,Outerwear,68.74,0.0,0
5288,2656,Girlfriend Collective,Activewear,66.35,0.0,0
5289,2657,Shein,Lingerie,37.02,0.0,0
5290,2657,Shein,Accessories,34.18,5.12,1
5291,2658,Urban Outfitters,Lingerie,54.74,0.0,0
5292,2658,Urban Outfitters,Activewear,71.06,6.47,1
5293,2658,Urban Outfitters,Activewear,100.0,0.0,0
5294,2659,Girlfriend Collective,Tops,70.93,7.33,1
5295,2659,Girlfriend Collective,Accessories,80.86,0.0,0
5296,2660,Prada,Tops,1858.29,0.0,0
5297,2660,Prada,Jeans,2122.11,0.0,0
5298,2660,Prada,Bags,2013.22,0.0,0
5299,2661,H&M,Tops,34.06,0.0,0
5300,2661,H&M,Tops,45.63,0.0,0
5301,2661,H&M,Footwear,66.52,0.0,0
5302,2662,Zara,Outerwear,114.51,0.0,0
5303,2663,Under Armour,Dresses,78.02,0.0,0
5304,2664,Gucci,Lingerie,530.87,0.0,0
5305,2665,Gucci,Jeans,1241.6,0.0,0
5306,2665,Gucci,Activewear,773.44,58.4,1
5307,2665,Gucci,Accessories,664.01,44.29,1
5308,2666,Under Armour,Bags,103.54,0.0,0
5309,2666,Under Armour,Jeans,78.79,0.0,0
5310,2666,Under Armour,Footwear,86.84,0.0,0
5311,2667,Chanel,Bags,8076.92,0.0,0
5312,2667,Chanel,Jeans,774.89,0.0,0
5313,2667,Chanel,Jeans,1510.95,0.0,0
5314,2668,Loewe,Accessories,709.01,0.0,0
5315,2669,Zara,Accessories,50.27,0.0,0
5316,2669,Zara,Footwear,41.84,13.15,1
5317,2669,Zara,Accessories,18.82,4.15,1
5318,2670,Urban Outfitters,Beauty,58.42,0.0,0
5319,2670,Urban Outfitters,Jeans,95.36,0.0,0
5320,2670,Urban Outfitters,Bags,34.18,0.0,0
5321,2671,Under Armour,Outerwear,105.69,5.4,1
5322,2671,Under Armour,Outerwear,65.78,0.0,0
5323,2671,Under Armour,Bags,76.28,0.0,0
5324,2672,Zara,Swimwear,52.27,0.0,0
5325,2672,Zara,Jeans,60.71,0.0,0
5326,2672,Zara,Accessories,65.1,0.0,0
5327,2673,Prada,Home,809.25,0.0,0
5328,2673,Prada,Accessories,745.1,0.0,0
5329,2673,Prada,Tops,1650.0,179.46,1
5330,2674,H&M,Home,98.81,0.0,0
5331,2674,H&M,Swimwear,10.0,1.1,1
5332,2675,Shein,Lingerie,22.36,0.0,0
5333,2675,Shein,Dresses,26.73,6.01,1
5334,2676,Gucci,Jeans,1904.27,0.0,0
5335,2676,Gucci,Activewear,712.07,0.0,0
5336,2677,Prada,Dresses,1609.24,0.0,0
5337,2678,Under Armour,Home,52.26,2.63,1
5338,2679,Prada,Footwear,838.7,0.0,0
5339,2680,Chanel,Bags,8516.87,0.0,0
5340,2681,Zara,Lingerie,47.5,0.0,0
5341,2681,Zara,Lingerie,41.1,0.0,0
5342,2681,Zara,Beauty,31.62,0.0,0
5343,2682,Shein,Dresses,38.13,11.39,1
5344,2683,H&M,Bags,71.09,0.0,0
5345,2684,H&M,Jeans,97.13,0.0,0
5346,2685,Chanel,Activewear,461.13,0.0,0
5347,2685,Chanel,Jeans,1660.05,88.96,1
5348,2685,Chanel,Jeans,1204.18,0.0,0
5349,2686,Zara,Beauty,89.14,0.0,0
5350,2686,Zara,Footwear,57.14,0.0,0
5351,2687,Under Armour,Bags,97.67,0.0,0
5352,2687,Under Armour,Jeans,65.21,0.0,0
5353,2687,Under Armour,Beauty,59.04,0.0,0
5354,2688,H&M,Accessories,75.62,0.0,0
5355,2689,Shein,Footwear,10.72,3.42,1
5356,2689,Shein,Activewear,5.0,0.0,0
5357,2689,Shein,Activewear,26.41,0.0,0
5358,2690,Shein,Home,16.13,0.0,0
5359,2691,Shein,Bags,14.7,0.0,0
5360,2692,Under Armour,Home,79.05,0.0,0
5361,2692,Under Armour,Dresses,114.05,0.0,0
5362,2692,Under Armour,Lingerie,87.36,5.9,1
5363,2693,Shein,Beauty,34.48,0.0,0
5364,2694,H&M,Lingerie,40.39,0.0,0
5365,2694,H&M,Jeans,82.01,0.0,0
5366,2694,H&M,Footwear,60.16,10.97,1
5367,2695,Loewe,Home,858.91,0.0,0
5368,2696,Loewe,Accessories,605.75,0.0,0
5369,2696,Loewe,Lingerie,759.55,0.0,0
5370,2697,H&M,Lingerie,37.5,0.0,0
5371,2697,H&M,Beauty,87.17,25.77,1
5372,2698,Chanel,Tops,1964.09,0.0,0
5373,2698,Chanel,Jeans,1956.27,0.0,0
5374,2698,Chanel,Outerwear,3140.63,0.0,0
5375,2699,H&M,Outerwear,72.32,0.0,0
5376,2699,H&M,Lingerie,41.36,0.0,0
5377,2700,Loewe,Bags,2302.07,0.0,0
5378,2700,Loewe,Lingerie,783.42,0.0,0
5379,2701,Urban Outfitters,Jeans,85.0,0.0,0
5380,2701,Urban Outfitters,Dresses,65.3,0.0,0
5381,2702,Loewe,Dresses,1296.76,0.0,0
5382,2703,Urban Outfitters,Tops,20.0,0.0,0
5383,2703,Urban Outfitters,Jeans,61.35,0.0,0
5384,2703,Urban Outfitters,Accessories,65.93,0.0,0
5385,2704,Loewe,Outerwear,3752.59,0.0,0
5386,2704,Loewe,Outerwear,4211.32,0.0,0
5387,2705,Zara,Lingerie,24.82,0.0,0
5388,2706,Loewe,Home,520.55,0.0,0
5389,2707,Chanel,Beauty,1034.79,0.0,0
5390,2707,Chanel,Activewear,851.24,0.0,0
5391,2708,Zara,Swimwear,110.48,0.0,0
5392,2708,Zara,Bags,51.51,0.0,0
5393,2709,H&M,Footwear,53.61,0.0,0
5394,2710,Chanel,Tops,1750.55,0.0,0
5395,2711,Shein,Swimwear,10.85,1.57,1
5396,2711,Shein,Dresses,16.34,0.0,0
5397,2712,Girlfriend Collective,Activewear,62.39,7.11,1
5398,2712,Girlfriend Collective,Beauty,72.89,23.0,1
5399,2713,Under Armour,Beauty,83.56,11.65,1
5400,2713,Under Armour,Accessories,101.85,7.01,1
5401,2713,Under Armour,Jeans,77.43,0.0,0
5402,2714,Under Armour,Swimwear,75.62,0.0,0
5403,2715,Urban Outfitters,Home,191.22,0.0,0
5404,2715,Urban Outfitters,Lingerie,22.92,0.0,0
5405,2716,Zara,Footwear,84.71,0.0,0
5406,2716,Zara,Dresses,38.8,0.0,0
5407,2717,Shein,Jeans,13.92,0.0,0
5408,2718,Under Armour,Lingerie,51.55,0.0,0
5409,2718,Under Armour,Home,79.14,0.0,0
5410,2719,Loewe,Outerwear,3867.07,0.0,0
5411,2719,Loewe,Footwear,947.56,0.0,0
5412,2719,Loewe,Dresses,1905.54,0.0,0
5413,2720,H&M,Jeans,99.39,9.72,1
5414,2720,H&M,Activewear,10.0,0.0,0
5415,2720,H&M,Swimwear,58.75,0.0,0
5416,2721,Loewe,Bags,1785.17,0.0,0
5417,2721,Loewe,Accessories,658.69,0.0,0
5418,2721,Loewe,Footwear,999.79,0.0,0
5419,2722,Loewe,Activewear,812.11,0.0,0
5420,2722,Loewe,Bags,2433.17,0.0,0
5421,2722,Loewe,Outerwear,3479.54,0.0,0
5422,2723,Zara,Activewear,41.09,0.0,0
5423,2723,Zara,Beauty,53.64,0.0,0
5424,2723,Zara,Home,76.28,0.0,0
5425,2724,Zara,Jeans,81.57,0.0,0
5426,2724,Zara,Bags,84.79,0.0,0
5427,2724,Zara,Tops,63.64,0.0,0
5428,2725,Chanel,Activewear,743.13,0.0,0
5429,2725,Chanel,Bags,8882.03,0.0,0
5430,2726,Under Armour,Tops,47.53,0.0,0
5431,2726,Under Armour,Outerwear,30.0,8.04,1
5432,2727,Shein,Swimwear,21.45,0.0,0
5433,2727,Shein,Activewear,41.51,0.0,0
5434,2728,Shein,Accessories,24.87,0.0,0
5435,2729,Gucci,Beauty,821.85,0.0,0
5436,2729,Gucci,Accessories,849.89,0.0,0
5437,2730,Prada,Accessories,580.37,0.0,0
5438,2730,Prada,Outerwear,3768.61,0.0,0
5439,2731,Gucci,Jeans,1635.88,0.0,0
5440,2732,Shein,Footwear,29.13,0.0,0
5441,2732,Shein,Home,15.05,0.0,0
5442,2732,Shein,Beauty,15.7,0.0,0
5443,2733,Loewe,Lingerie,1059.02,0.0,0
5444,2733,Loewe,Jeans,999.92,0.0,0
5445,2733,Loewe,Bags,1755.66,0.0,0
5446,2734,H&M,Home,89.09,27.43,1
5447,2735,Zara,Bags,70.74,19.65,1
5448,2735,Zara,Swimwear,21.91,3.43,1
5449,2735,Zara,Lingerie,32.62,10.35,1
5450,2736,Under Armour,Dresses,30.0,0.0,0
5451,2737,Shein,Footwear,33.27,0.0,0
5452,2738,Urban Outfitters,Bags,56.87,8.28,1
5453,2738,Urban Outfitters,Footwear,104.53,0.0,0
5454,2738,Urban Outfitters,Lingerie,63.3,0.0,0
5455,2739,Loewe,Lingerie,709.1,0.0,0
5456,2739,Loewe,Footwear,1114.42,0.0,0
5457,2740,Prada,Home,782.44,0.0,0
5458,2741,H&M,Footwear,40.49,0.0,0
5459,2741,H&M,Dresses,50.75,0.0,0
5460,2741,H&M,Footwear,73.12,0.0,0
5461,2742,Zara,Bags,82.69,0.0,0
5462,2743,Urban Outfitters,Dresses,42.21,0.0,0
5463,2743,Urban Outfitters,Beauty,64.76,0.0,0
5464,2744,Urban Outfitters,Outerwear,25.96,0.0,0
5465,2744,Urban Outfitters,Activewear,56.03,16.36,1
5466,2744,Urban Outfitters,Bags,56.05,0.0,0
5467,2745,Zara,Home,101.95,0.0,0
5468,2745,Zara,Outerwear,48.32,0.0,0
5469,2745,Zara,Home,102.84,0.0,0
5470,2746,Gucci,Outerwear,3087.23,0.0,0
5471,2746,Gucci,Tops,1809.94,0.0,0
5472,2746,Gucci,Lingerie,850.92,0.0,0
5473,2747,Girlfriend Collective,Lingerie,116.74,0.0,0
5474,2748,Shein,Jeans,26.33,0.0,0
5475,2748,Shein,Footwear,17.63,0.0,0
5476,2748,Shein,Home,24.2,7.92,1
5477,2749,H&M,Activewear,46.78,0.0,0
5478,2749,H&M,Outerwear,41.81,0.0,0
5479,2749,H&M,Swimwear,43.51,0.0,0
5480,2750,Gucci,Home,1434.71,0.0,0
5481,2750,Gucci,Swimwear,712.59,0.0,0
5482,2750,Gucci,Dresses,1207.67,0.0,0
5483,2751,Prada,Swimwear,680.47,0.0,0
5484,2751,Prada,Bags,2696.87,0.0,0
5485,2752,Zara,Lingerie,50.53,13.07,1
5486,2753,H&M,Lingerie,66.91,0.0,0
5487,2753,H&M,Tops,78.34,16.27,1
5488,2754,Under Armour,Accessories,119.5,0.0,0
5489,2754,Under Armour,Jeans,86.38,25.69,1
5490,2754,Under Armour,Beauty,86.61,0.0,0
5491,2755,H&M,Activewear,10.0,0.0,0
5492,2756,Urban Outfitters,Activewear,118.56,0.0,0
5493,2757,H&M,Home,52.64,0.0,0
5494,2757,H&M,Bags,49.65,15.27,1
5495,2758,Prada,Outerwear,4281.14,1258.41,1
5496,2758,Prada,Dresses,881.0,0.0,0
5497,2759,Gucci,Outerwear,3514.97,0.0,0
5498,2760,H&M,Dresses,45.83,0.0,0
5499,2760,H&M,Bags,113.58,0.0,0
5500,2761,Urban Outfitters,Jeans,27.61,0.0,0
5501,2761,Urban Outfitters,Bags,105.96,7.69,1
5502,2761,Urban Outfitters,Home,192.19,32.35,1
5503,2762,H&M,Home,96.07,0.0,0
5504,2762,H&M,Footwear,56.93,0.0,0
5505,2762,H&M,Tops,67.66,0.0,0
5506,2763,H&M,Bags,54.83,8.42,1
5507,2763,H&M,Outerwear,68.25,0.0,0
5508,2764,Chanel,Home,568.33,0.0,0
5509,2765,H&M,Dresses,10.0,0.0,0
5510,2765,H&M,Swimwear,49.54,0.0,0
5511,2766,Zara,Swimwear,81.57,0.0,0
5512,2767,Shein,Accessories,34.97,0.0,0
5513,2768,Shein,Swimwear,12.64,0.0,0
5514,2768,Shein,Activewear,23.6,0.0,0
5515,2768,Shein,Jeans,20.47,3.08,1
5516,2769,Zara,Swimwear,61.96,0.0,0
5517,2769,Zara,Beauty,101.46,0.0,0
5518,2770,Shein,Activewear,18.31,0.0,0
5519,2771,Loewe,Swimwear,806.0,0.0,0
5520,2771,Loewe,Accessories,449.99,0.0,0
5521,2772,Zara,Beauty,60.3,20.25,1
5522,2772,Zara,Tops,59.17,15.29,1
5523,2772,Zara,Outerwear,74.48,0.0,0
5524,2773,Urban Outfitters,Swimwear,88.11,0.0,0
5525,2773,Urban Outfitters,Home,167.56,0.0,0
5526,2774,Gucci,Tops,1138.78,0.0,0
5527,2775,Shein,Lingerie,29.68,0.0,0
5528,2776,Zara,Outerwear,23.21,1.88,1
5529,2776,Zara,Outerwear,85.93,0.0,0
5530,2776,Zara,Bags,42.9,3.6,1
5531,2777,Prada,Accessories,715.26,0.0,0
5532,2778,Urban Outfitters,Activewear,40.65,0.0,0
5533,2779,Urban Outfitters,Tops,27.24,0.0,0
5534,2779,Urban Outfitters,Footwear,76.59,0.0,0
5535,2779,Urban Outfitters,Accessories,27.46,0.0,0
5536,2780,Under Armour,Accessories,66.03,0.0,0
5537,2781,Urban Outfitters,Tops,23.25,7.28,1
5538,2781,Urban Outfitters,Outerwear,73.89,0.0,0
5539,2782,Prada,Beauty,1096.82,0.0,0
5540,2782,Prada,Tops,2051.0,713.22,1
5541,2783,Girlfriend Collective,Jeans,72.81,0.0,0
5542,2784,Gucci,Outerwear,3942.45,0.0,0
5543,2784,Gucci,Beauty,840.36,0.0,0
5544,2785,Gucci,Swimwear,401.76,0.0,0
5545,2786,H&M,Activewear,32.68,0.0,0
5546,2786,H&M,Lingerie,60.84,15.51,1
5547,2786,H&M,Tops,26.0,0.0,0
5548,2787,Gucci,Tops,1315.72,0.0,0
5549,2787,Gucci,Beauty,756.87,0.0,0
5550,2788,Gucci,Tops,1750.56,0.0,0
5551,2789,Chanel,Footwear,871.14,0.0,0
5552,2789,Chanel,Outerwear,3512.01,0.0,0
5553,2789,Chanel,Footwear,533.23,0.0,0
5554,2790,Under Armour,Jeans,30.0,0.0,0
5555,2790,Under Armour,Home,68.66,0.0,0
5556,2791,Urban Outfitters,Swimwear,60.37,3.24,1
5557,2792,Zara,Bags,93.54,0.0,0
5558,2792,Zara,Home,107.62,0.0,0
5559,2793,Shein,Accessories,14.06,0.0,0
5560,2794,Urban Outfitters,Swimwear,43.38,0.0,0
5561,2794,Urban Outfitters,Beauty,20.0,0.0,0
5562,2794,Urban Outfitters,Tops,77.61,4.18,1
5563,2795,Chanel,Outerwear,3290.14,0.0,0
5564,2795,Chanel,Bags,8000.0,0.0,0
5565,2795,Chanel,Home,886.73,0.0,0
5566,2796,Under Armour,Home,77.04,0.0,0
5567,2797,Shein,Jeans,19.26,0.0,0
5568,2797,Shein,Activewear,23.52,0.0,0
5569,2798,Chanel,Beauty,659.44,0.0,0
5570,2798,Chanel,Dresses,902.54,0.0,0
5571,2799,Prada,Outerwear,3753.25,0.0,0
5572,2799,Prada,Dresses,1868.47,0.0,0
5573,2800,Prada,Tops,1734.46,0.0,0
5574,2800,Prada,Lingerie,688.87,0.0,0
5575,2801,H&M,Dresses,40.29,13.29,1
5576,2801,H&M,Outerwear,61.6,0.0,0
5577,2802,Loewe,Activewear,841.09,0.0,0
5578,2802,Loewe,Bags,2544.94,0.0,0
5579,2802,Loewe,Jeans,1293.94,0.0,0
5580,2803,Loewe,Swimwear,654.23,0.0,0
5581,2803,Loewe,Footwear,799.7,0.0,0
5582,2803,Loewe,Activewear,446.28,0.0,0
5583,2804,Under Armour,Bags,109.83,0.0,0
5584,2804,Under Armour,Bags,118.89,0.0,0
5585,2804,Under Armour,Beauty,78.39,9.62,1
5586,2805,H&M,Home,87.2,0.0,0
5587,2805,H&M,Swimwear,35.0,0.0,0
5588,2805,H&M,Accessories,52.23,0.0,0
5589,2806,Girlfriend Collective,Home,114.81,24.38,1
5590,2806,Girlfriend Collective,Home,99.6,0.0,0
5591,2807,Urban Outfitters,Outerwear,82.31,0.0,0
5592,2807,Urban Outfitters,Swimwear,90.84,7.5,1
5593,2808,Chanel,Bags,8424.35,2334.42,1
5594,2808,Chanel,Tops,1877.77,0.0,0
5595,2808,Chanel,Bags,8811.99,0.0,0
5596,2809,Gucci,Activewear,818.23,0.0,0
5597,2809,Gucci,Home,1185.75,402.17,1
5598,2809,Gucci,Activewear,855.58,0.0,0
5599,2810,Urban Outfitters,Swimwear,67.79,0.0,0
5600,2810,Urban Outfitters,Beauty,83.83,14.5,1
5601,2811,Girlfriend Collective,Footwear,75.73,0.0,0
5602,2811,Girlfriend Collective,Jeans,30.0,0.0,0
5603,2812,H&M,Swimwear,76.12,6.16,1
5604,2812,H&M,Outerwear,68.17,0.0,0
5605,2812,H&M,Footwear,63.29,20.62,1
5606,2813,Shein,Jeans,5.0,0.91,1
5607,2814,H&M,Home,74.7,0.0,0
5608,2815,Loewe,Bags,2631.32,0.0,0
5609,2815,Loewe,Lingerie,851.95,0.0,0
5610,2816,Gucci,Home,1092.06,0.0,0
5611,2817,Under Armour,Beauty,58.17,11.02,1
5612,2818,H&M,Swimwear,49.88,13.87,1
5613,2818,H&M,Lingerie,127.46,0.0,0
5614,2818,H&M,Home,57.41,0.0,0
5615,2819,Girlfriend Collective,Activewear,68.38,12.33,1
5616,2820,Zara,Home,42.61,0.0,0
5617,2820,Zara,Activewear,81.32,0.0,0
5618,2821,Zara,Activewear,25.07,3.01,1
5619,2821,Zara,Home,91.72,0.0,0
5620,2821,Zara,Tops,59.13,0.0,0
5621,2822,Girlfriend Collective,Tops,112.88,20.74,1
5622,2822,Girlfriend Collective,Activewear,110.77,35.01,1
5623,2823,Under Armour,Accessories,159.9,0.0,0
5624,2823,Under Armour,Jeans,86.31,0.0,0
5625,2824,Urban Outfitters,Dresses,110.69,0.0,0
5626,2824,Urban Outfitters,Beauty,106.74,0.0,0
5627,2825,Loewe,Beauty,794.13,0.0,0
5628,2825,Loewe,Beauty,1074.61,0.0,0
5629,2825,Loewe,Footwear,1038.52,0.0,0
5630,2826,Chanel,Jeans,714.97,0.0,0
5631,2826,Chanel,Beauty,463.07,0.0,0
5632,2826,Chanel,Bags,9846.32,0.0,0
5633,2827,H&M,Home,10.0,2.97,1
5634,2828,Girlfriend Collective,Home,111.06,0.0,0
5635,2828,Girlfriend Collective,Swimwear,64.31,18.7,1
5636,2829,Girlfriend Collective,Bags,56.64,0.0,0
5637,2829,Girlfriend Collective,Beauty,75.7,0.0,0
5638,2829,Girlfriend Collective,Beauty,45.59,11.76,1
5639,2830,H&M,Footwear,23.53,0.0,0
5640,2830,H&M,Accessories,25.03,0.0,0
5641,2830,H&M,Dresses,62.97,0.0,0
5642,2831,H&M,Accessories,46.34,0.0,0
5643,2831,H&M,Swimwear,58.46,0.0,0
5644,2832,Girlfriend Collective,Outerwear,93.86,0.0,0
5645,2833,Prada,Beauty,819.5,0.0,0
5646,2833,Prada,Jeans,1357.37,0.0,0
5647,2833,Prada,Home,611.93,0.0,0
5648,2834,Zara,Bags,27.39,0.0,0
5649,2835,Shein,Activewear,29.22,0.0,0
5650,2835,Shein,Outerwear,43.39,10.98,1
5651,2836,Girlfriend Collective,Outerwear,102.11,22.15,1
5652,2836,Girlfriend Collective,Footwear,85.86,0.0,0
5653,2836,Girlfriend Collective,Accessories,79.73,0.0,0
5654,2837,H&M,Swimwear,63.9,0.0,0
5655,2838,Chanel,Tops,1629.13,0.0,0
5656,2839,Girlfriend Collective,Beauty,133.37,0.0,0
5657,2840,Girlfriend Collective,Activewear,71.64,0.0,0
5658,2840,Girlfriend Collective,Jeans,101.45,0.0,0
5659,2841,Zara,Lingerie,74.29,0.0,0
5660,2842,Gucci,Dresses,987.73,52.46,1
5661,2842,Gucci,Swimwear,919.83,0.0,0
5662,2842,Gucci,Home,698.76,0.0,0
5663,2843,Shein,Swimwear,30.11,0.0,0
5664,2843,Shein,Home,25.96,4.95,1
5665,2844,H&M,Tops,63.62,0.0,0
5666,2844,H&M,Beauty,23.4,2.56,1
5667,2845,Loewe,Beauty,556.8,0.0,0
5668,2845,Loewe,Swimwear,882.81,0.0,0
5669,2845,Loewe,Footwear,728.61,0.0,0
5670,2846,Urban Outfitters,Outerwear,94.14,0.0,0
5671,2846,Urban Outfitters,Activewear,115.73,0.0,0
5672,2846,Urban Outfitters,Swimwear,103.32,0.0,0
5673,2847,H&M,Tops,50.1,0.0,0
5674,2847,H&M,Accessories,95.38,0.0,0
5675,2847,H&M,Swimwear,94.88,20.18,1
5676,2848,H&M,Swimwear,47.52,0.0,0
5677,2848,H&M,Outerwear,87.31,11.28,1
5678,2848,H&M,Lingerie,63.75,0.0,0
5679,2849,Under Armour,Jeans,42.36,0.0,0
5680,2849,Under Armour,Jeans,90.22,18.36,1
5681,2850,Urban Outfitters,Beauty,110.32,36.31,1
5682,2850,Urban Outfitters,Activewear,62.01,0.0,0
5683,2850,Urban Outfitters,Accessories,20.0,0.0,0
5684,2851,Prada,Footwear,965.79,0.0,0
5685,2851,Prada,Swimwear,759.88,0.0,0
5686,2851,Prada,Swimwear,576.84,0.0,0
5687,2852,Urban Outfitters,Accessories,72.36,0.0,0
5688,2852,Urban Outfitters,Lingerie,64.94,0.0,0
5689,2853,Zara,Bags,45.25,0.0,0
5690,2853,Zara,Dresses,86.88,0.0,0
5691,2854,Zara,Footwear,25.54,7.06,1
5692,2855,Loewe,Accessories,746.02,0.0,0
5693,2855,Loewe,Beauty,669.66,0.0,0
5694,2855,Loewe,Tops,1298.36,387.64,1
5695,2856,Zara,Jeans,82.79,0.0,0
5696,2856,Zara,Home,102.24,0.0,0
5697,2857,Gucci,Footwear,526.98,0.0,0
5698,2857,Gucci,Tops,1150.36,0.0,0
5699,2857,Gucci,Bags,1804.02,0.0,0
5700,2858,Loewe,Dresses,1059.7,0.0,0
5701,2859,H&M,Dresses,109.05,0.0,0
5702,2859,H&M,Tops,79.3,0.0,0
5703,2859,H&M,Dresses,29.16,0.0,0
5704,2860,Loewe,Home,903.45,0.0,0
5705,2860,Loewe,Footwear,1065.39,0.0,0
5706,2860,Loewe,Beauty,1113.75,0.0,0
5707,2861,Under Armour,Swimwear,98.73,0.0,0
5708,2862,Urban Outfitters,Tops,81.62,0.0,0
5709,2862,Urban Outfitters,Jeans,101.13,0.0,0
5710,2862,Urban Outfitters,Home,61.41,18.47,1
5711,2863,Urban Outfitters,Dresses,58.28,0.0,0
5712,2863,Urban Outfitters,Jeans,82.52,0.0,0
5713,2863,Urban Outfitters,Activewear,44.46,0.0,0
5714,2864,Under Armour,Jeans,70.77,22.04,1
5715,2865,Loewe,Bags,1776.8,0.0,0
5716,2866,Shein,Footwear,30.89,0.0,0
5717,2866,Shein,Outerwear,22.8,0.0,0
5718,2866,Shein,Accessories,21.48,5.52,1
5719,2867,Chanel,Activewear,768.29,0.0,0
5720,2867,Chanel,Lingerie,695.21,0.0,0
5721,2867,Chanel,Dresses,2022.92,0.0,0
5722,2868,H&M,Accessories,68.08,16.54,1
5723,2868,H&M,Dresses,52.41,0.0,0
5724,2868,H&M,Home,67.22,16.84,1
5725,2869,Zara,Footwear,58.91,0.0,0
5726,2870,H&M,Activewear,43.32,5.86,1
5727,2871,Under Armour,Swimwear,71.46,0.0,0
5728,2871,Under Armour,Tops,104.87,0.0,0
5729,2871,Under Armour,Beauty,84.71,23.62,1
5730,2872,Shein,Jeans,20.84,1.92,1
5731,2872,Shein,Activewear,18.18,0.0,0
5732,2873,Gucci,Home,682.58,0.0,0
5733,2874,Gucci,Tops,1572.89,0.0,0
5734,2874,Gucci,Home,493.06,0.0,0
5735,2875,Gucci,Activewear,871.27,0.0,0
5736,2875,Gucci,Footwear,923.73,0.0,0
5737,2875,Gucci,Footwear,687.92,117.76,1
5738,2876,Urban Outfitters,Home,193.41,0.0,0
5739,2877,Urban Outfitters,Activewear,80.71,0.0,0
5740,2877,Urban Outfitters,Swimwear,78.42,0.0,0
5741,2877,Urban Outfitters,Lingerie,74.53,0.0,0
5742,2878,Girlfriend Collective,Dresses,75.43,0.0,0
5743,2878,Girlfriend Collective,Lingerie,98.38,0.0,0
5744,2879,Loewe,Bags,2135.79,0.0,0
5745,2879,Loewe,Footwear,504.94,0.0,0
5746,2879,Loewe,Beauty,832.31,0.0,0
5747,2880,Girlfriend Collective,Footwear,117.22,9.23,1
5748,2880,Girlfriend Collective,Bags,50.15,17.26,1
5749,2880,Girlfriend Collective,Dresses,76.62,0.0,0
5750,2881,Under Armour,Jeans,100.21,0.0,0
5751,2882,Girlfriend Collective,Accessories,61.79,17.15,1
5752,2882,Girlfriend Collective,Jeans,57.77,0.0,0
5753,2883,H&M,Outerwear,53.6,0.0,0
5754,2884,Prada,Beauty,1002.03,0.0,0
5755,2884,Prada,Accessories,540.91,0.0,0
5756,2884,Prada,Dresses,1252.8,0.0,0
5757,2885,Gucci,Outerwear,3246.01,223.56,1
5758,2885,Gucci,Bags,2818.47,0.0,0
5759,2885,Gucci,Dresses,1323.86,0.0,0
5760,2886,Zara,Footwear,68.83,20.53,1
5761,2887,Under Armour,Swimwear,86.47,0.0,0
5762,2887,Under Armour,Lingerie,127.07,0.0,0
5763,2887,Under Armour,Bags,120.2,19.06,1
5764,2888,H&M,Home,68.96,0.0,0
5765,2888,H&M,Activewear,59.23,0.0,0
5766,2889,Shein,Tops,23.27,0.0,0
5767,2889,Shein,Activewear,10.31,0.0,0
5768,2890,H&M,Home,33.24,7.69,1
5769,2890,H&M,Lingerie,60.8,0.0,0
5770,2890,H&M,Home,46.64,3.86,1
5771,2891,Prada,Bags,1965.8,0.0,0
5772,2891,Prada,Home,1062.01,0.0,0
5773,2891,Prada,Beauty,916.72,0.0,0
5774,2892,Chanel,Tops,1480.29,0.0,0
5775,2892,Chanel,Dresses,1971.23,0.0,0
5776,2893,H&M,Lingerie,62.49,0.0,0
5777,2893,H&M,Home,54.9,0.0,0
5778,2894,Loewe,Lingerie,1030.4,0.0,0
5779,2894,Loewe,Jeans,1568.4,0.0,0
5780,2894,Loewe,Bags,2385.59,0.0,0
5781,2895,Girlfriend Collective,Swimwear,74.99,0.0,0
5782,2895,Girlfriend Collective,Footwear,69.97,0.0,0
5783,2896,Under Armour,Jeans,94.65,26.23,1
5784,2896,Under Armour,Beauty,84.16,12.06,1
5785,2896,Under Armour,Jeans,52.68,0.0,0
5786,2897,H&M,Swimwear,67.46,0.0,0
5787,2897,H&M,Swimwear,80.56,5.14,1
5788,2898,Shein,Home,31.86,0.0,0
5789,2898,Shein,Bags,16.68,5.77,1
5790,2898,Shein,Accessories,19.59,0.0,0
5791,2899,Under Armour,Swimwear,98.32,0.0,0
5792,2899,Under Armour,Footwear,146.31,0.0,0
5793,2899,Under Armour,Bags,119.33,29.78,1
5794,2900,Zara,Activewear,122.33,0.0,0
5795,2900,Zara,Swimwear,41.45,0.0,0
5796,2900,Zara,Dresses,24.56,0.0,0
5797,2901,H&M,Tops,57.24,0.0,0
5798,2901,H&M,Home,53.84,0.0,0
5799,2901,H&M,Outerwear,45.61,0.0,0
5800,2902,Girlfriend Collective,Tops,65.14,0.0,0
5801,2903,Shein,Lingerie,36.16,0.0,0
5802,2903,Shein,Footwear,25.84,0.0,0
5803,2903,Shein,Outerwear,25.19,0.0,0
5804,2904,H&M,Beauty,74.36,0.0,0
5805,2905,Prada,Bags,2077.63,0.0,0
5806,2905,Prada,Lingerie,937.07,0.0,0
5807,2905,Prada,Tops,963.34,0.0,0
5808,2906,Shein,Lingerie,21.65,0.0,0
5809,2906,Shein,Home,20.67,0.0,0
5810,2906,Shein,Home,27.41,0.0,0
5811,2907,Under Armour,Home,49.74,0.0,0
5812,2908,Under Armour,Bags,38.72,0.0,0
5813,2909,Loewe,Swimwear,889.24,0.0,0
5814,2910,Zara,Jeans,43.04,13.4,1
5815,2911,Loewe,Tops,2239.26,0.0,0
5816,2911,Loewe,Beauty,798.06,0.0,0
5817,2912,Under Armour,Bags,89.55,0.0,0
5818,2912,Under Armour,Outerwear,80.84,4.48,1
5819,2913,Prada,Accessories,914.78,230.22,1
5820,2913,Prada,Accessories,666.53,0.0,0
5821,2914,H&M,Beauty,67.3,0.0,0
5822,2915,Prada,Accessories,863.78,0.0,0
5823,2915,Prada,Jeans,1517.54,0.0,0
5824,2915,Prada,Bags,2321.96,0.0,0
5825,2916,Zara,Outerwear,96.32,0.0,0
5826,2917,Girlfriend Collective,Accessories,66.7,0.0,0
5827,2918,Under Armour,Dresses,63.5,7.98,1
5828,2919,Under Armour,Outerwear,70.3,0.0,0
5829,2919,Under Armour,Dresses,104.23,21.5,1
5830,2919,Under Armour,Accessories,130.19,0.0,0
5831,2920,H&M,Home,63.3,13.75,1
5832,2920,H&M,Bags,32.47,0.0,0
5833,2921,Gucci,Beauty,758.71,0.0,0
5834,2921,Gucci,Dresses,1635.03,0.0,0
5835,2922,Chanel,Beauty,695.66,0.0,0
5836,2922,Chanel,Outerwear,3684.01,0.0,0
5837,2922,Chanel,Activewear,1169.46,0.0,0
5838,2923,Gucci,Activewear,919.17,0.0,0
5839,2923,Gucci,Footwear,1017.92,0.0,0
5840,2924,Urban Outfitters,Bags,108.43,0.0,0
5841,2924,Urban Outfitters,Lingerie,95.56,27.38,1
5842,2924,Urban Outfitters,Dresses,68.82,19.45,1
5843,2925,Loewe,Lingerie,1111.41,0.0,0
5844,2926,Zara,Jeans,40.06,9.31,1
5845,2926,Zara,Beauty,33.81,0.0,0
5846,2927,Prada,Dresses,1591.72,0.0,0
5847,2928,Shein,Outerwear,35.87,0.0,0
5848,2929,Urban Outfitters,Dresses,75.5,0.0,0
5849,2930,H&M,Swimwear,53.0,0.0,0
5850,2930,H&M,Accessories,32.28,0.0,0
5851,2930,H&M,Bags,83.61,0.0,0
5852,2931,Shein,Activewear,28.25,0.0,0
5853,2931,Shein,Accessories,33.14,0.0,0
5854,2932,Girlfriend Collective,Bags,100.16,6.11,1
5855,2932,Girlfriend Collective,Accessories,106.71,30.98,1
5856,2933,Urban Outfitters,Beauty,89.91,14.31,1
5857,2934,Prada,Lingerie,754.88,0.0,0
5858,2934,Prada,Beauty,928.0,0.0,0
5859,2935,Loewe,Lingerie,1193.82,0.0,0
5860,2935,Loewe,Bags,2512.95,212.82,1
5861,2936,Prada,Beauty,637.83,0.0,0
5862,2936,Prada,Jeans,984.19,0.0,0
5863,2937,Under Armour,Swimwear,113.11,0.0,0
5864,2937,Under Armour,Beauty,90.35,0.0,0
5865,2938,Loewe,Footwear,787.6,0.0,0
5866,2938,Loewe,Activewear,724.59,0.0,0
5867,2938,Loewe,Accessories,451.1,0.0,0
5868,2939,Loewe,Accessories,438.17,0.0,0
5869,2940,Urban Outfitters,Bags,75.2,0.0,0
5870,2941,Under Armour,Home,51.24,0.0,0
5871,2941,Under Armour,Beauty,133.66,0.0,0
5872,2942,Loewe,Dresses,934.4,0.0,0
5873,2942,Loewe,Home,1010.77,0.0,0
5874,2942,Loewe,Outerwear,3572.85,0.0,0
5875,2943,Zara,Activewear,55.26,0.0,0
5876,2943,Zara,Lingerie,36.04,0.0,0
5877,2944,Shein,Beauty,32.55,0.0,0
5878,2945,Urban Outfitters,Outerwear,63.2,0.0,0
5879,2945,Urban Outfitters,Bags,76.04,0.0,0
5880,2946,Zara,Footwear,59.37,0.0,0
5881,2946,Zara,Activewear,37.14,8.62,1
5882,2946,Zara,Accessories,88.6,0.0,0
5883,2947,Gucci,Bags,2478.58,0.0,0
5884,2948,H&M,Home,90.83,0.0,0
5885,2949,Prada,Dresses,2051.84,556.93,1
5886,2949,Prada,Accessories,487.04,0.0,0
5887,2950,Zara,Accessories,29.19,0.0,0
5888,2950,Zara,Accessories,68.41,0.0,0
5889,2951,Zara,Bags,100.49,28.65,1
5890,2952,H&M,Jeans,109.65,0.0,0
5891,2952,H&M,Outerwear,68.13,0.0,0
5892,2952,H&M,Tops,50.86,0.0,0
5893,2953,Urban Outfitters,Swimwear,115.92,36.19,1
5894,2953,Urban Outfitters,Dresses,85.58,0.0,0
5895,2954,Urban Outfitters,Bags,89.67,9.76,1
5896,2954,Urban Outfitters,Tops,75.99,0.0,0
5897,2954,Urban Outfitters,Outerwear,47.37,6.94,1
5898,2955,Chanel,Swimwear,345.51,0.0,0
5899,2955,Chanel,Tops,869.91,0.0,0
5900,2956,H&M,Tops,82.62,0.0,0
5901,2956,H&M,Bags,83.09,0.0,0
5902,2957,H&M,Swimwear,10.0,0.0,0
5903,2957,H&M,Jeans,66.4,0.0,0
5904,2957,H&M,Home,42.67,0.0,0
5905,2958,H&M,Bags,53.47,0.0,0
5906,2958,H&M,Beauty,41.81,0.0,0
5907,2959,Loewe,Bags,2604.74,0.0,0
5908,2960,Shein,Swimwear,12.68,0.0,0
5909,2960,Shein,Bags,34.14,0.0,0
5910,2960,Shein,Beauty,14.31,0.0,0
5911,2961,Prada,Outerwear,3879.69,235.67,1
5912,2961,Prada,Swimwear,516.52,0.0,0
5913,2962,Under Armour,Swimwear,118.96,0.0,0
5914,2962,Under Armour,Activewear,48.59,0.0,0
5915,2963,Urban Outfitters,Beauty,31.04,0.0,0
5916,2963,Urban Outfitters,Tops,53.39,0.0,0
5917,2964,Zara,Lingerie,49.88,4.25,1
5918,2965,Gucci,Activewear,912.56,0.0,0
5919,2965,Gucci,Accessories,616.38,0.0,0
5920,2966,Loewe,Tops,1505.24,0.0,0
5921,2966,Loewe,Lingerie,581.05,0.0,0
5922,2967,Zara,Beauty,78.02,18.56,1
5923,2968,Prada,Jeans,1639.62,0.0,0
5924,2968,Prada,Tops,1231.73,0.0,0
5925,2969,Prada,Tops,976.83,0.0,0
5926,2969,Prada,Lingerie,1151.27,0.0,0
5927,2969,Prada,Accessories,365.13,0.0,0
5928,2970,Shein,Footwear,16.55,0.0,0
5929,2970,Shein,Activewear,40.55,9.29,1
5930,2971,Zara,Jeans,48.37,0.0,0
5931,2972,H&M,Lingerie,37.78,0.0,0
5932,2972,H&M,Swimwear,42.17,0.0,0
5933,2972,H&M,Tops,71.5,6.32,1
5934,2973,Gucci,Accessories,603.05,0.0,0
5935,2973,Gucci,Tops,1816.53,0.0,0
5936,2973,Gucci,Home,786.52,95.37,1
5937,2974,Under Armour,Bags,155.07,31.77,1
5938,2974,Under Armour,Bags,102.34,0.0,0
5939,2974,Under Armour,Lingerie,52.63,0.0,0
5940,2975,Girlfriend Collective,Activewear,72.34,0.0,0
5941,2975,Girlfriend Collective,Footwear,89.75,0.0,0
5942,2976,Zara,Activewear,72.16,0.0,0
5943,2976,Zara,Accessories,68.98,0.0,0
5944,2976,Zara,Lingerie,52.33,0.0,0
5945,2977,Prada,Beauty,967.82,0.0,0
5946,2977,Prada,Swimwear,674.36,0.0,0
5947,2978,Loewe,Tops,1323.27,0.0,0
5948,2978,Loewe,Dresses,944.09,0.0,0
5949,2978,Loewe,Footwear,521.62,0.0,0
5950,2979,H&M,Tops,65.72,0.0,0
5951,2979,H&M,Swimwear,41.27,0.0,0
5952,2980,Chanel,Lingerie,1039.17,0.0,0
5953,2980,Chanel,Outerwear,3573.01,0.0,0
5954,2980,Chanel,Tops,1427.3,0.0,0
5955,2981,Loewe,Lingerie,800.94,0.0,0
5956,2981,Loewe,Footwear,840.29,0.0,0
5957,2982,Under Armour,Tops,81.1,0.0,0
5958,2983,Urban Outfitters,Outerwear,100.91,0.0,0
5959,2983,Urban Outfitters,Beauty,54.9,0.0,0
5960,2984,Under Armour,Footwear,89.32,0.0,0
5961,2985,Under Armour,Outerwear,64.1,0.0,0
5962,2986,Girlfriend Collective,Bags,81.04,10.98,1
5963,2987,Under Armour,Lingerie,156.49,0.0,0
5964,2987,Under Armour,Bags,82.92,0.0,0
5965,2988,H&M,Lingerie,72.85,0.0,0
5966,2988,H&M,Beauty,79.07,0.0,0
5967,2988,H&M,Jeans,48.56,0.0,0
5968,2989,Loewe,Bags,1808.37,0.0,0
5969,2990,Shein,Jeans,23.19,0.0,0
5970,2991,Shein,Outerwear,35.32,0.0,0
5971,2992,H&M,Tops,37.35,5.04,1
5972,2992,H&M,Footwear,91.55,0.0,0
5973,2992,H&M,Footwear,142.69,0.0,0
5974,2993,Gucci,Accessories,477.53,0.0,0
5975,2994,Shein,Bags,28.49,0.0,0
5976,2994,Shein,Accessories,42.56,0.0,0
5977,2994,Shein,Lingerie,16.2,0.0,0
5978,2995,H&M,Home,31.37,3.46,1
5979,2995,H&M,Dresses,39.87,0.0,0
5980,2996,Gucci,Beauty,979.59,0.0,0
5981,2997,Urban Outfitters,Tops,114.53,0.0,0
5982,2997,Urban Outfitters,Beauty,52.11,0.0,0
5983,2998,Under Armour,Swimwear,52.56,0.0,0
5984,2998,Under Armour,Beauty,109.9,8.4,1
5985,2998,Under Armour,Footwear,45.14,0.0,0
5986,2999,H&M,Activewear,88.67,8.74,1
5987,2999,H&M,Tops,84.79,22.25,1
5988,3000,Loewe,Activewear,1021.95,0.0,0
5989,3000,Loewe,Jeans,2088.34,0.0,0
5990,3001,Under Armour,Dresses,111.19,0.0,0
5991,3001,Under Armour,Activewear,86.69,0.0,0
5992,3001,Under Armour,Bags,69.17,0.0,0
5993,3002,Urban Outfitters,Outerwear,58.32,0.0,0
5994,3002,Urban Outfitters,Home,125.92,15.08,1
5995,3002,Urban Outfitters,Home,149.0,20.59,1
5996,3003,Urban Outfitters,Home,165.9,0.0,0
5997,3004,Zara,Swimwear,10.0,2.55,1
5998,3004,Zara,Bags,43.02,0.0,0
5999,3004,Zara,Accessories,28.32,6.46,1
6000,3005,Chanel,Bags,8237.06,0.0,0
6001,3005,Chanel,Outerwear,3696.91,0.0,0
6002,3005,Chanel,Outerwear,3374.31,0.0,0
6003,3006,Loewe,Accessories,677.04,0.0,0
6004,3006,Loewe,Lingerie,817.62,0.0,0
6005,3007,Gucci,Accessories,561.88,0.0,0
6006,3007,Gucci,Jeans,1615.95,0.0,0
6007,3008,Girlfriend Collective,Tops,105.16,0.0,0
6008,3008,Girlfriend Collective,Accessories,85.33,0.0,0
6009,3008,Girlfriend Collective,Accessories,122.72,0.0,0
6010,3009,Girlfriend Collective,Jeans,82.64,0.0,0
6011,3009,Girlfriend Collective,Jeans,112.93,31.8,1
6012,3009,Girlfriend Collective,Beauty,67.79,11.19,1
6013,3010,Loewe,Bags,2035.96,0.0,0
6014,3011,Loewe,Home,383.1,0.0,0
6015,3011,Loewe,Accessories,517.26,0.0,0
6016,3011,Loewe,Home,863.46,0.0,0
6017,3012,Under Armour,Outerwear,91.85,0.0,0
6018,3013,Girlfriend Collective,Beauty,105.17,0.0,0
6019,3013,Girlfriend Collective,Footwear,83.49,0.0,0
6020,3014,H&M,Footwear,98.61,26.67,1
6021,3014,H&M,Beauty,28.95,0.0,0
6022,3015,Girlfriend Collective,Outerwear,44.24,7.71,1
6023,3015,Girlfriend Collective,Jeans,97.83,0.0,0
6024,3015,Girlfriend Collective,Accessories,30.06,10.18,1
6025,3016,Gucci,Tops,1310.88,0.0,0
6026,3017,Urban Outfitters,Home,252.48,40.55,1
6027,3017,Urban Outfitters,Activewear,80.61,0.0,0
6028,3018,Girlfriend Collective,Tops,90.33,0.0,0
6029,3018,Girlfriend Collective,Footwear,116.98,0.0,0
6030,3018,Girlfriend Collective,Activewear,77.97,0.0,0
6031,3019,Under Armour,Outerwear,122.21,0.0,0
6032,3019,Under Armour,Jeans,44.03,0.0,0
6033,3019,Under Armour,Bags,87.05,0.0,0
6034,3020,Prada,Lingerie,462.64,0.0,0
6035,3020,Prada,Outerwear,2612.56,0.0,0
6036,3020,Prada,Swimwear,694.2,0.0,0
6037,3021,Chanel,Tops,2342.22,223.28,1
6038,3021,Chanel,Dresses,1758.0,0.0,0
6039,3022,Under Armour,Footwear,93.43,0.0,0
6040,3022,Under Armour,Footwear,34.51,0.0,0
6041,3023,Shein,Accessories,30.38,2.55,1
6042,3023,Shein,Activewear,8.09,0.0,0
6043,3023,Shein,Activewear,32.82,10.92,1
6044,3024,Chanel,Home,675.37,0.0,0
6045,3024,Chanel,Tops,2045.99,0.0,0
6046,3024,Chanel,Lingerie,738.19,0.0,0
6047,3025,Under Armour,Outerwear,134.81,0.0,0
6048,3025,Under Armour,Bags,40.53,14.16,1
6049,3026,Shein,Lingerie,40.05,5.39,1
6050,3027,Urban Outfitters,Accessories,79.2,0.0,0
6051,3027,Urban Outfitters,Activewear,79.24,6.02,1
6052,3028,Under Armour,Jeans,94.06,0.0,0
6053,3028,Under Armour,Footwear,148.82,0.0,0
6054,3029,Prada,Activewear,1072.91,0.0,0
6055,3029,Prada,Home,938.48,0.0,0
6056,3029,Prada,Home,675.53,0.0,0
6057,3030,Loewe,Accessories,565.22,0.0,0
6058,3030,Loewe,Accessories,603.87,0.0,0
6059,3030,Loewe,Bags,1782.04,0.0,0
6060,3031,Chanel,Accessories,488.7,0.0,0
6061,3032,Loewe,Activewear,841.34,0.0,0
6062,3032,Loewe,Home,856.89,0.0,0
6063,3033,Under Armour,Lingerie,70.1,0.0,0
6064,3033,Under Armour,Accessories,118.62,0.0,0
6065,3033,Under Armour,Bags,102.05,0.0,0
6066,3034,Chanel,Tops,1386.67,0.0,0
6067,3035,Urban Outfitters,Footwear,51.76,0.0,0
6068,3035,Urban Outfitters,Footwear,88.57,0.0,0
6069,3035,Urban Outfitters,Tops,129.76,7.83,1
6070,3036,Chanel,Swimwear,728.86,105.55,1
6071,3036,Chanel,Lingerie,703.45,0.0,0
6072,3036,Chanel,Accessories,631.5,0.0,0
6073,3037,Zara,Tops,66.81,0.0,0
6074,3038,Urban Outfitters,Tops,43.27,0.0,0
6075,3039,Urban Outfitters,Activewear,108.27,0.0,0
6076,3039,Urban Outfitters,Tops,40.99,0.0,0
6077,3040,H&M,Outerwear,66.14,0.0,0
6078,3040,H&M,Jeans,88.15,0.0,0
6079,3040,H&M,Jeans,99.39,0.0,0
6080,3041,Loewe,Lingerie,1022.49,0.0,0
6081,3041,Loewe,Bags,1883.1,0.0,0
6082,3041,Loewe,Footwear,1162.65,0.0,0
6083,3042,Girlfriend Collective,Tops,109.24,0.0,0
6084,3042,Girlfriend Collective,Bags,129.2,0.0,0
6085,3043,Gucci,Tops,1471.4,0.0,0
6086,3044,Girlfriend Collective,Activewear,45.66,11.19,1
6087,3044,Girlfriend Collective,Lingerie,88.42,28.01,1
6088,3044,Girlfriend Collective,Beauty,111.94,0.0,0
6089,3045,H&M,Home,57.72,0.0,0
6090,3045,H&M,Outerwear,47.05,0.0,0
6091,3046,Under Armour,Bags,145.58,29.0,1
6092,3046,Under Armour,Footwear,52.43,6.73,1
6093,3047,Under Armour,Footwear,112.0,0.0,0
6094,3047,Under Armour,Home,109.44,9.1,1
6095,3047,Under Armour,Jeans,52.18,0.0,0
6096,3048,H&M,Swimwear,71.57,0.0,0
6097,3048,H&M,Home,45.07,15.64,1
6098,3049,Under Armour,Lingerie,180.67,0.0,0
6099,3050,Girlfriend Collective,Tops,71.49,0.0,0
6100,3051,Girlfriend Collective,Tops,106.44,0.0,0
6101,3051,Girlfriend Collective,Beauty,85.03,0.0,0
6102,3051,Girlfriend Collective,Bags,84.62,0.0,0
6103,3052,Zara,Bags,39.5,6.55,1
6104,3052,Zara,Dresses,42.5,6.41,1
6105,3052,Zara,Beauty,61.86,0.0,0
6106,3053,Urban Outfitters,Bags,74.16,10.78,1
6107,3053,Urban Outfitters,Footwear,43.12,0.0,0
6108,3054,Zara,Dresses,10.0,0.0,0
6109,3054,Zara,Accessories,60.91,19.99,1
6110,3055,Chanel,Lingerie,682.46,0.0,0
6111,3055,Chanel,Tops,1458.49,0.0,0
6112,3055,Chanel,Accessories,820.55,0.0,0
6113,3056,Zara,Dresses,92.84,0.0,0
6114,3056,Zara,Bags,84.99,0.0,0
6115,3056,Zara,Swimwear,63.27,0.0,0
6116,3057,Girlfriend Collective,Lingerie,81.03,0.0,0
6117,3057,Girlfriend Collective,Beauty,99.41,0.0,0
6118,3058,Under Armour,Accessories,30.0,0.0,0
6119,3058,Under Armour,Bags,65.38,0.0,0
6120,3059,Gucci,Lingerie,518.14,0.0,0
6121,3060,Girlfriend Collective,Jeans,100.44,0.0,0
6122,3061,Under Armour,Lingerie,115.93,18.65,1
6123,3061,Under Armour,Tops,97.83,7.13,1
6124,3061,Under Armour,Bags,121.83,0.0,0
6125,3062,Under Armour,Home,99.61,0.0,0
6126,3062,Under Armour,Footwear,76.67,11.41,1
6127,3062,Under Armour,Jeans,54.33,0.0,0
6128,3063,Under Armour,Swimwear,119.42,0.0,0
6129,3063,Under Armour,Bags,159.55,0.0,0
6130,3064,Urban Outfitters,Lingerie,84.58,23.16,1
6131,3064,Urban Outfitters,Bags,69.9,23.91,1
6132,3064,Urban Outfitters,Jeans,87.48,0.0,0
6133,3065,Under Armour,Tops,77.62,0.0,0
6134,3065,Under Armour,Beauty,30.0,0.0,0
6135,3066,Shein,Home,27.34,0.0,0
6136,3066,Shein,Lingerie,25.52,3.58,1
6137,3067,Zara,Footwear,47.98,5.96,1
6138,3067,Zara,Dresses,49.73,0.0,0
6139,3067,Zara,Footwear,74.61,16.88,1
6140,3068,Girlfriend Collective,Tops,108.36,0.0,0
6141,3068,Girlfriend Collective,Accessories,65.34,0.0,0
6142,3068,Girlfriend Collective,Bags,48.6,0.0,0
6143,3069,Zara,Dresses,61.35,0.0,0
6144,3069,Zara,Bags,66.03,0.0,0
6145,3069,Zara,Swimwear,60.47,0.0,0
6146,3070,Zara,Beauty,76.55,0.0,0
6147,3070,Zara,Dresses,63.57,16.85,1
6148,3070,Zara,Outerwear,95.13,18.65,1
6149,3071,Girlfriend Collective,Outerwear,76.94,0.0,0
6150,3071,Girlfriend Collective,Dresses,95.3,0.0,0
6151,3072,Under Armour,Lingerie,47.57,0.0,0
6152,3072,Under Armour,Beauty,96.14,32.48,1
6153,3072,Under Armour,Lingerie,115.1,21.24,1
6154,3073,Gucci,Dresses,2295.13,0.0,0
6155,3073,Gucci,Home,1015.82,0.0,0
6156,3073,Gucci,Outerwear,2847.46,0.0,0
6157,3074,Prada,Outerwear,2972.26,0.0,0
6158,3074,Prada,Accessories,690.02,0.0,0
6159,3075,Urban Outfitters,Tops,78.26,0.0,0
6160,3076,Chanel,Lingerie,493.83,0.0,0
6161,3076,Chanel,Jeans,1339.52,0.0,0
6162,3077,Urban Outfitters,Bags,45.07,6.24,1
6163,3078,Loewe,Footwear,1183.71,0.0,0
6164,3078,Loewe,Bags,2186.48,0.0,0
6165,3078,Loewe,Tops,1389.04,0.0,0
6166,3079,Urban Outfitters,Dresses,74.22,0.0,0
6167,3079,Urban Outfitters,Jeans,131.77,31.59,1
6168,3080,Loewe,Outerwear,3681.97,0.0,0
6169,3081,H&M,Tops,52.27,0.0,0
6170,3081,H&M,Accessories,42.56,0.0,0
6171,3081,H&M,Swimwear,47.72,0.0,0
6172,3082,Zara,Activewear,87.16,0.0,0
6173,3082,Zara,Home,22.28,0.0,0
6174,3082,Zara,Swimwear,52.01,0.0,0
6175,3083,Loewe,Footwear,713.26,0.0,0
6176,3083,Loewe,Beauty,432.34,0.0,0
6177,3083,Loewe,Footwear,1000.76,0.0,0
6178,3084,Chanel,Home,1104.64,0.0,0
6179,3085,H&M,Dresses,46.25,0.0,0
6180,3085,H&M,Beauty,62.07,0.0,0
6181,3085,H&M,Lingerie,114.56,0.0,0
6182,3086,H&M,Dresses,75.14,15.33,1
6183,3087,Under Armour,Jeans,56.83,0.0,0
6184,3087,Under Armour,Tops,112.42,0.0,0
6185,3088,Urban Outfitters,Jeans,67.39,21.61,1
6186,3089,Urban Outfitters,Swimwear,94.42,0.0,0
6187,3089,Urban Outfitters,Accessories,73.86,0.0,0
6188,3089,Urban Outfitters,Swimwear,99.73,21.22,1
6189,3090,Zara,Bags,75.98,0.0,0
6190,3090,Zara,Lingerie,78.37,0.0,0
6191,3091,Chanel,Dresses,1617.56,0.0,0
6192,3091,Chanel,Activewear,588.17,0.0,0
6193,3091,Chanel,Swimwear,504.53,0.0,0
6194,3092,H&M,Jeans,59.44,9.38,1
6195,3092,H&M,Jeans,93.25,0.0,0
6196,3093,Under Armour,Tops,125.12,0.0,0
6197,3093,Under Armour,Home,30.0,0.0,0
6198,3093,Under Armour,Accessories,81.82,13.74,1
6199,3094,H&M,Footwear,71.02,21.34,1
6200,3095,Under Armour,Tops,60.29,0.0,0
6201,3095,Under Armour,Accessories,108.82,30.67,1
6202,3096,Girlfriend Collective,Home,96.41,0.0,0
6203,3096,Girlfriend Collective,Outerwear,83.88,17.76,1
6204,3097,H&M,Beauty,17.04,0.0,0
6205,3097,H&M,Home,33.99,4.16,1
6206,3098,Prada,Home,728.16,0.0,0
6207,3099,Shein,Jeans,17.46,0.0,0
6208,3099,Shein,Accessories,23.64,0.0,0
6209,3100,Under Armour,Accessories,30.0,0.0,0
6210,3100,Under Armour,Lingerie,78.99,0.0,0
6211,3101,Gucci,Swimwear,1073.23,0.0,0
6212,3102,Gucci,Swimwear,992.32,0.0,0
6213,3102,Gucci,Tops,1271.2,0.0,0
6214,3103,Girlfriend Collective,Footwear,106.66,0.0,0
6215,3104,Under Armour,Footwear,49.61,0.0,0
6216,3104,Under Armour,Dresses,153.18,0.0,0
6217,3104,Under Armour,Lingerie,93.24,0.0,0
6218,3105,Shein,Home,33.34,0.0,0
6219,3105,Shein,Footwear,17.0,3.24,1
6220,3106,Urban Outfitters,Home,135.8,0.0,0
6221,3107,Zara,Bags,97.31,0.0,0
6222,3107,Zara,Home,40.06,0.0,0
6223,3108,Under Armour,Footwear,106.97,0.0,0
6224,3109,Under Armour,Footwear,81.09,0.0,0
6225,3109,Under Armour,Jeans,139.07,0.0,0
6226,3109,Under Armour,Footwear,46.82,0.0,0
6227,3110,Gucci,Dresses,1236.19,0.0,0
6228,3110,Gucci,Lingerie,818.87,0.0,0
6229,3110,Gucci,Home,796.37,0.0,0
6230,3111,Urban Outfitters,Dresses,45.8,0.0,0
6231,3111,Urban Outfitters,Activewear,64.86,0.0,0
6232,3112,Chanel,Dresses,1060.29,0.0,0
6233,3112,Chanel,Jeans,1626.6,0.0,0
6234,3113,Prada,Swimwear,1023.78,0.0,0
6235,3113,Prada,Tops,1979.69,0.0,0
6236,3114,Girlfriend Collective,Dresses,84.8,6.28,1
6237,3114,Girlfriend Collective,Swimwear,80.45,0.0,0
6238,3114,Girlfriend Collective,Home,97.27,0.0,0
6239,3115,Girlfriend Collective,Beauty,66.61,0.0,0
6240,3115,Girlfriend Collective,Jeans,77.75,0.0,0
6241,3115,Girlfriend Collective,Dresses,109.25,0.0,0
6242,3116,Zara,Activewear,98.7,13.99,1
6243,3116,Zara,Activewear,58.06,0.0,0
6244,3117,Zara,Tops,100.15,0.0,0
6245,3118,H&M,Dresses,32.03,0.0,0
6246,3118,H&M,Activewear,105.45,0.0,0
6247,3118,H&M,Swimwear,80.8,0.0,0
6248,3119,H&M,Jeans,62.85,0.0,0
6249,3119,H&M,Tops,16.25,0.0,0
6250,3119,H&M,Tops,26.62,3.42,1
6251,3120,Girlfriend Collective,Swimwear,86.79,0.0,0
6252,3120,Girlfriend Collective,Activewear,49.47,3.43,1
6253,3121,Zara,Tops,63.01,0.0,0
6254,3122,Zara,Activewear,26.21,0.0,0
6255,3122,Zara,Dresses,127.45,20.18,1
6256,3122,Zara,Tops,33.63,0.0,0
6257,3123,H&M,Dresses,68.4,8.23,1
6258,3123,H&M,Footwear,44.48,0.0,0
6259,3124,H&M,Jeans,107.0,0.0,0
6260,3124,H&M,Beauty,50.96,17.23,1
6261,3125,Girlfriend Collective,Accessories,76.53,0.0,0
6262,3125,Girlfriend Collective,Home,87.63,0.0,0
6263,3126,Urban Outfitters,Home,67.4,0.0,0
6264,3126,Urban Outfitters,Dresses,66.93,12.99,1
6265,3127,Gucci,Swimwear,619.57,0.0,0
6266,3127,Gucci,Activewear,821.4,0.0,0
6267,3127,Gucci,Beauty,909.28,0.0,0
6268,3128,Zara,Footwear,80.94,10.19,1
6269,3128,Zara,Home,60.32,0.0,0
6270,3129,Prada,Outerwear,3327.09,0.0,0
6271,3130,Loewe,Beauty,428.46,0.0,0
6272,3130,Loewe,Home,805.72,0.0,0
6273,3130,Loewe,Beauty,986.03,0.0,0
6274,3131,Gucci,Footwear,739.01,0.0,0
6275,3131,Gucci,Dresses,2058.99,0.0,0
6276,3131,Gucci,Beauty,558.8,0.0,0
6277,3132,H&M,Outerwear,53.21,0.0,0
6278,3132,H&M,Lingerie,37.08,2.76,1
6279,3133,H&M,Activewear,53.85,0.0,0
6280,3133,H&M,Bags,78.38,26.89,1
6281,3134,Zara,Beauty,77.05,0.0,0
6282,3134,Zara,Beauty,59.85,0.0,0
6283,3134,Zara,Beauty,102.41,0.0,0
6284,3135,Zara,Bags,57.09,0.0,0
6285,3136,Urban Outfitters,Swimwear,118.44,0.0,0
6286,3136,Urban Outfitters,Jeans,105.29,0.0,0
6287,3136,Urban Outfitters,Dresses,91.78,0.0,0
6288,3137,Gucci,Beauty,937.25,124.81,1
6289,3137,Gucci,Outerwear,4233.43,0.0,0
6290,3137,Gucci,Dresses,1524.49,0.0,0
6291,3138,Chanel,Beauty,605.64,0.0,0
6292,3138,Chanel,Outerwear,4039.63,0.0,0
6293,3139,Urban Outfitters,Swimwear,57.91,0.0,0
6294,3140,H&M,Outerwear,23.3,0.0,0
6295,3140,H&M,Tops,58.14,0.0,0
6296,3141,H&M,Dresses,54.28,0.0,0
6297,3142,Zara,Bags,67.09,0.0,0
6298,3142,Zara,Beauty,66.72,0.0,0
6299,3143,H&M,Beauty,84.24,0.0,0
6300,3143,H&M,Lingerie,67.58,0.0,0
6301,3144,Gucci,Tops,1893.14,0.0,0
6302,3144,Gucci,Swimwear,937.24,0.0,0
6303,3144,Gucci,Bags,1731.2,0.0,0
6304,3145,Urban Outfitters,Jeans,47.0,0.0,0
6305,3145,Urban Outfitters,Outerwear,55.11,0.0,0
6306,3145,Urban Outfitters,Dresses,48.92,0.0,0
6307,3146,H&M,Outerwear,82.47,10.25,1
6308,3146,H&M,Footwear,60.45,0.0,0
6309,3147,Zara,Lingerie,68.95,20.35,1
6310,3147,Zara,Tops,43.83,5.37,1
6311,3148,Chanel,Footwear,977.72,0.0,0
6312,3149,H&M,Footwear,70.0,6.4,1
6313,3149,H&M,Beauty,40.4,0.0,0
6314,3149,H&M,Dresses,70.87,10.7,1
6315,3150,Under Armour,Beauty,79.97,13.1,1
6316,3151,Chanel,Lingerie,981.05,0.0,0
6317,3151,Chanel,Footwear,838.36,0.0,0
6318,3151,Chanel,Dresses,1125.6,0.0,0
6319,3152,Girlfriend Collective,Bags,87.37,0.0,0
6320,3152,Girlfriend Collective,Home,49.37,0.0,0
6321,3153,Shein,Dresses,23.31,4.03,1
6322,3153,Shein,Footwear,12.79,0.0,0
6323,3154,Chanel,Home,852.33,0.0,0
6324,3154,Chanel,Footwear,1064.9,0.0,0
6325,3155,Urban Outfitters,Home,138.0,0.0,0
6326,3156,Zara,Lingerie,18.76,0.0,0
6327,3156,Zara,Outerwear,50.46,0.0,0
6328,3156,Zara,Activewear,42.18,6.5,1
6329,3157,Under Armour,Activewear,103.01,0.0,0
6330,3157,Under Armour,Footwear,74.41,0.0,0
6331,3157,Under Armour,Swimwear,141.52,0.0,0
6332,3158,Shein,Home,29.44,0.0,0
6333,3158,Shein,Lingerie,28.8,0.0,0
6334,3159,Shein,Jeans,17.84,0.0,0
6335,3159,Shein,Home,13.28,0.0,0
6336,3160,Zara,Lingerie,46.59,0.0,0
6337,3160,Zara,Activewear,87.59,15.6,1
6338,3161,H&M,Swimwear,91.1,0.0,0
6339,3161,H&M,Accessories,57.76,0.0,0
6340,3161,H&M,Jeans,66.82,0.0,0
6341,3162,Gucci,Bags,2389.98,0.0,0
6342,3163,Girlfriend Collective,Tops,72.89,0.0,0
6343,3163,Girlfriend Collective,Dresses,107.58,32.7,1
6344,3164,Prada,Footwear,663.26,0.0,0
6345,3164,Prada,Accessories,381.35,105.52,1
6346,3165,Prada,Outerwear,4493.95,0.0,0
6347,3165,Prada,Lingerie,879.77,0.0,0
6348,3165,Prada,Footwear,1052.14,0.0,0
6349,3166,Zara,Accessories,45.75,0.0,0
6350,3166,Zara,Jeans,62.71,0.0,0
6351,3166,Zara,Activewear,65.81,0.0,0
6352,3167,Girlfriend Collective,Swimwear,120.98,0.0,0
6353,3167,Girlfriend Collective,Outerwear,68.22,0.0,0
6354,3167,Girlfriend Collective,Swimwear,66.87,0.0,0
6355,3168,H&M,Lingerie,89.95,0.0,0
6356,3168,H&M,Accessories,53.37,0.0,0
6357,3169,Chanel,Bags,9333.62,0.0,0
6358,3169,Chanel,Jeans,1520.91,0.0,0
6359,3170,Chanel,Beauty,692.55,0.0,0
6360,3170,Chanel,Jeans,1369.77,0.0,0
6361,3171,Prada,Outerwear,3727.09,0.0,0
6362,3171,Prada,Activewear,792.15,0.0,0
6363,3171,Prada,Accessories,731.27,0.0,0
6364,3172,H&M,Outerwear,79.09,0.0,0
6365,3172,H&M,Outerwear,67.68,0.0,0
6366,3173,Girlfriend Collective,Dresses,73.42,11.99,1
6367,3174,Loewe,Tops,1662.98,0.0,0
6368,3174,Loewe,Swimwear,865.45,0.0,0
6369,3175,Gucci,Beauty,844.86,0.0,0
6370,3175,Gucci,Footwear,1033.86,0.0,0
6371,3176,Gucci,Bags,2384.48,0.0,0
6372,3176,Gucci,Jeans,1166.15,0.0,0
6373,3177,Zara,Beauty,45.92,0.0,0
6374,3178,Chanel,Activewear,808.82,0.0,0
6375,3178,Chanel,Jeans,825.61,0.0,0
6376,3178,Chanel,Dresses,1253.72,114.57,1
6377,3179,Gucci,Outerwear,3928.43,0.0,0
6378,3180,Loewe,Beauty,808.27,0.0,0
6379,3180,Loewe,Activewear,1043.82,0.0,0
6380,3180,Loewe,Footwear,912.04,0.0,0
6381,3181,Loewe,Jeans,1593.78,351.17,1
6382,3181,Loewe,Dresses,1892.04,0.0,0
6383,3182,H&M,Activewear,57.12,0.0,0
6384,3182,H&M,Bags,68.52,0.0,0
6385,3182,H&M,Dresses,56.11,0.0,0
6386,3183,Prada,Dresses,1694.48,0.0,0
6387,3183,Prada,Footwear,943.3,0.0,0
6388,3184,Girlfriend Collective,Tops,74.5,0.0,0
6389,3184,Girlfriend Collective,Swimwear,84.5,0.0,0
6390,3184,Girlfriend Collective,Lingerie,49.55,4.72,1
6391,3185,Prada,Swimwear,832.1,0.0,0
6392,3186,Zara,Home,67.13,0.0,0
6393,3186,Zara,Tops,13.7,1.55,1
6394,3186,Zara,Lingerie,63.43,0.0,0
6395,3187,H&M,Bags,68.98,0.0,0
6396,3187,H&M,Activewear,32.23,1.74,1
6397,3188,Prada,Outerwear,3573.9,0.0,0
6398,3188,Prada,Footwear,1053.72,354.5,1
6399,3188,Prada,Dresses,1178.88,0.0,0
6400,3189,Under Armour,Accessories,96.55,0.0,0
6401,3189,Under Armour,Swimwear,88.98,0.0,0
6402,3189,Under Armour,Footwear,138.79,0.0,0
6403,3190,Under Armour,Dresses,76.43,0.0,0
6404,3190,Under Armour,Outerwear,104.61,0.0,0
6405,3190,Under Armour,Jeans,74.18,0.0,0
6406,3191,Girlfriend Collective,Bags,92.82,16.59,1
6407,3192,Shein,Jeans,41.57,11.97,1
6408,3192,Shein,Beauty,12.7,0.0,0
6409,3192,Shein,Footwear,17.0,0.0,0
6410,3193,Zara,Accessories,28.27,0.0,0
6411,3193,Zara,Outerwear,38.19,0.0,0
6412,3194,Urban Outfitters,Accessories,109.34,0.0,0
6413,3194,Urban Outfitters,Bags,20.0,0.0,0
6414,3194,Urban Outfitters,Swimwear,67.93,0.0,0
6415,3195,Urban Outfitters,Dresses,94.67,0.0,0
6416,3195,Urban Outfitters,Tops,166.23,0.0,0
6417,3195,Urban Outfitters,Bags,98.28,0.0,0
6418,3196,Under Armour,Activewear,30.0,0.0,0
6419,3196,Under Armour,Swimwear,87.4,0.0,0
6420,3196,Under Armour,Activewear,94.33,0.0,0
6421,3197,Zara,Dresses,71.98,0.0,0
6422,3198,Loewe,Activewear,560.4,0.0,0
6423,3198,Loewe,Swimwear,864.32,157.41,1
6424,3199,Girlfriend Collective,Accessories,132.08,0.0,0
6425,3200,Urban Outfitters,Jeans,68.83,0.0,0
6426,3200,Urban Outfitters,Jeans,57.94,0.0,0
6427,3200,Urban Outfitters,Beauty,114.32,0.0,0
6428,3201,Loewe,Dresses,1239.71,0.0,0
6429,3201,Loewe,Bags,2349.04,0.0,0
6430,3202,H&M,Footwear,58.89,0.0,0
6431,3202,H&M,Lingerie,82.41,0.0,0
6432,3202,H&M,Dresses,100.68,0.0,0
6433,3203,Shein,Accessories,11.68,2.62,1
6434,3203,Shein,Footwear,10.73,0.0,0
6435,3204,Girlfriend Collective,Home,36.7,0.0,0
6436,3205,H&M,Beauty,56.69,0.0,0
6437,3206,Under Armour,Accessories,87.22,0.0,0
6438,3206,Under Armour,Outerwear,62.12,0.0,0
6439,3207,Gucci,Home,987.89,0.0,0
6440,3208,H&M,Accessories,42.86,5.72,1
6441,3208,H&M,Activewear,68.81,0.0,0
6442,3209,Chanel,Home,773.25,0.0,0
6443,3210,Zara,Bags,100.17,26.89,1
6444,3210,Zara,Activewear,39.67,0.0,0
6445,3210,Zara,Accessories,41.24,3.04,1
6446,3211,Gucci,Home,750.59,0.0,0
6447,3212,H&M,Outerwear,36.59,0.0,0
6448,3213,Zara,Swimwear,84.57,0.0,0
6449,3213,Zara,Beauty,48.76,4.03,1
6450,3214,Urban Outfitters,Outerwear,73.32,0.0,0
6451,3214,Urban Outfitters,Dresses,20.0,0.0,0
6452,3214,Urban Outfitters,Activewear,117.77,0.0,0
6453,3215,Shein,Tops,23.14,0.0,0
6454,3216,Girlfriend Collective,Outerwear,78.38,0.0,0
6455,3217,Urban Outfitters,Dresses,62.98,0.0,0
6456,3217,Urban Outfitters,Outerwear,49.31,16.53,1
6457,3218,H&M,Accessories,106.15,0.0,0
6458,3218,H&M,Lingerie,64.67,5.15,1
6459,3219,Urban Outfitters,Bags,97.05,0.0,0
6460,3219,Urban Outfitters,Bags,53.46,0.0,0
6461,3220,Chanel,Accessories,630.95,0.0,0
6462,3220,Chanel,Accessories,611.75,95.33,1
6463,3221,Under Armour,Footwear,95.97,0.0,0
6464,3221,Under Armour,Dresses,80.45,0.0,0
6465,3222,Under Armour,Swimwear,64.64,0.0,0
6466,3222,Under Armour,Bags,119.23,0.0,0
6467,3222,Under Armour,Jeans,129.36,23.2,1
6468,3223,Urban Outfitters,Jeans,41.4,0.0,0
6469,3223,Urban Outfitters,Bags,80.16,0.0,0
6470,3223,Urban Outfitters,Beauty,60.87,0.0,0
6471,3224,H&M,Jeans,46.6,0.0,0
6472,3224,H&M,Activewear,17.31,0.0,0
6473,3225,Zara,Activewear,48.93,12.67,1
6474,3226,Prada,Dresses,1382.95,0.0,0
6475,3227,Urban Outfitters,Swimwear,121.78,0.0,0
6476,3227,Urban Outfitters,Swimwear,49.5,0.0,0
6477,3228,Shein,Accessories,50.19,3.64,1
6478,3228,Shein,Accessories,26.15,0.0,0
6479,3228,Shein,Footwear,30.89,0.0,0
6480,3229,H&M,Lingerie,94.25,0.0,0
6481,3229,H&M,Beauty,65.94,0.0,0
6482,3230,Shein,Accessories,12.62,0.0,0
6483,3230,Shein,Activewear,30.25,0.0,0
6484,3231,Girlfriend Collective,Bags,116.58,0.0,0
6485,3232,Loewe,Dresses,1033.54,0.0,0
6486,3232,Loewe,Dresses,1099.31,0.0,0
6487,3232,Loewe,Jeans,1554.98,0.0,0
6488,3233,Urban Outfitters,Lingerie,75.77,22.01,1
6489,3234,Urban Outfitters,Dresses,75.86,0.0,0
6490,3234,Urban Outfitters,Bags,42.65,8.29,1
6491,3235,Gucci,Jeans,840.66,0.0,0
6492,3236,Girlfriend Collective,Footwear,73.58,0.0,0
6493,3236,Girlfriend Collective,Jeans,86.17,0.0,0
6494,3236,Girlfriend Collective,Swimwear,114.66,0.0,0
6495,3237,Loewe,Footwear,997.43,0.0,0
6496,3238,Prada,Accessories,594.77,0.0,0
6497,3238,Prada,Home,583.53,0.0,0
6498,3238,Prada,Jeans,1468.8,245.59,1
6499,3239,Girlfriend Collective,Lingerie,64.29,16.29,1
6500,3240,Zara,Accessories,50.6,6.18,1
6501,3241,H&M,Beauty,26.81,0.0,0
6502,3242,Girlfriend Collective,Tops,68.38,9.23,1
6503,3243,H&M,Footwear,30.96,10.42,1
6504,3243,H&M,Activewear,80.13,0.0,0
6505,3244,Prada,Lingerie,1047.67,0.0,0
6506,3244,Prada,Tops,1074.99,0.0,0
6507,3244,Prada,Tops,1434.18,0.0,0
6508,3245,Loewe,Bags,1903.15,0.0,0
6509,3246,Girlfriend Collective,Home,68.49,22.51,1
6510,3246,Girlfriend Collective,Bags,78.62,0.0,0
6511,3246,Girlfriend Collective,Bags,120.77,0.0,0
6512,3247,Urban Outfitters,Jeans,66.52,0.0,0
6513,3247,Urban Outfitters,Activewear,70.49,0.0,0
6514,3248,Urban Outfitters,Jeans,92.89,0.0,0
6515,3249,Shein,Activewear,41.4,0.0,0
6516,3249,Shein,Home,10.86,0.0,0
6517,3249,Shein,Outerwear,35.53,9.32,1
6518,3250,H&M,Dresses,82.68,10.45,1
6519,3250,H&M,Beauty,31.85,2.08,1
6520,3250,H&M,Bags,80.42,0.0,0
6521,3251,Prada,Bags,2267.99,0.0,0
6522,3251,Prada,Dresses,1167.39,0.0,0
6523,3252,Urban Outfitters,Home,102.79,0.0,0
6524,3253,Under Armour,Home,158.98,0.0,0
6525,3253,Under Armour,Bags,48.74,0.0,0
6526,3253,Under Armour,Outerwear,54.69,0.0,0
6527,3254,Loewe,Jeans,1944.51,637.49,1
6528,3255,H&M,Outerwear,53.02,0.0,0
6529,3255,H&M,Accessories,61.15,0.0,0
6530,3255,H&M,Accessories,50.73,0.0,0
6531,3256,Gucci,Accessories,658.94,0.0,0
6532,3256,Gucci,Jeans,1388.79,0.0,0
6533,3256,Gucci,Beauty,680.85,0.0,0
6534,3257,Loewe,Accessories,467.56,0.0,0
6535,3257,Loewe,Footwear,1009.9,0.0,0
6536,3258,Loewe,Beauty,777.19,0.0,0
6537,3258,Loewe,Lingerie,1138.29,0.0,0
6538,3259,H&M,Lingerie,65.56,4.46,1
6539,3260,Shein,Accessories,25.19,0.0,0
6540,3260,Shein,Bags,21.27,0.0,0
6541,3260,Shein,Accessories,20.17,0.0,0
6542,3261,Zara,Outerwear,107.74,0.0,0
6543,3261,Zara,Tops,52.42,6.93,1
6544,3261,Zara,Beauty,80.77,8.49,1
6545,3262,Girlfriend Collective,Accessories,75.25,0.0,0
6546,3262,Girlfriend Collective,Outerwear,115.24,0.0,0
6547,3262,Girlfriend Collective,Footwear,90.17,0.0,0
6548,3263,H&M,Bags,84.57,28.91,1
6549,3263,H&M,Swimwear,46.65,0.0,0
6550,3264,Shein,Footwear,44.27,0.0,0
6551,3264,Shein,Footwear,28.76,0.0,0
6552,3264,Shein,Tops,24.23,0.0,0
6553,3265,Urban Outfitters,Jeans,73.49,22.26,1
6554,3265,Urban Outfitters,Swimwear,54.08,0.0,0
6555,3266,Under Armour,Jeans,119.85,0.0,0
6556,3267,Urban Outfitters,Beauty,90.94,0.0,0
6557,3267,Urban Outfitters,Bags,20.0,0.0,0
6558,3267,Urban Outfitters,Bags,48.64,0.0,0
6559,3268,Shein,Outerwear,15.07,1.59,1
6560,3268,Shein,Tops,36.08,0.0,0
6561,3269,Zara,Jeans,63.43,14.97,1
6562,3269,Zara,Footwear,71.49,0.0,0
6563,3269,Zara,Outerwear,67.36,0.0,0
6564,3270,Zara,Footwear,99.22,26.28,1
6565,3270,Zara,Beauty,66.07,0.0,0
6566,3270,Zara,Lingerie,70.65,0.0,0
6567,3271,Urban Outfitters,Beauty,42.36,0.0,0
6568,3271,Urban Outfitters,Footwear,54.41,3.61,1
6569,3272,Girlfriend Collective,Outerwear,118.02,0.0,0
6570,3272,Girlfriend Collective,Bags,130.27,0.0,0
6571,3272,Girlfriend Collective,Tops,70.51,0.0,0
6572,3273,Shein,Accessories,23.96,0.0,0
6573,3273,Shein,Home,12.72,0.0,0
6574,3274,Zara,Swimwear,36.9,9.4,1
6575,3274,Zara,Home,73.28,10.85,1
6576,3275,Gucci,Jeans,1922.87,0.0,0
6577,3275,Gucci,Accessories,736.97,0.0,0
6578,3276,Shein,Jeans,32.57,0.0,0
6579,3276,Shein,Outerwear,27.81,0.0,0
6580,3276,Shein,Swimwear,5.0,0.0,0
6581,3277,Loewe,Beauty,761.76,0.0,0
6582,3277,Loewe,Activewear,1095.09,0.0,0
6583,3277,Loewe,Activewear,743.0,0.0,0
6584,3278,Urban Outfitters,Footwear,64.87,21.85,1
6585,3279,Under Armour,Swimwear,65.44,0.0,0
6586,3279,Under Armour,Swimwear,130.75,0.0,0
6587,3280,Zara,Lingerie,61.71,0.0,0
6588,3280,Zara,Tops,30.73,0.0,0
6589,3281,Under Armour,Lingerie,84.49,0.0,0
6590,3281,Under Armour,Dresses,84.47,11.82,1
6591,3282,Prada,Activewear,753.6,0.0,0
6592,3282,Prada,Accessories,718.36,0.0,0
6593,3282,Prada,Outerwear,3791.29,0.0,0
6594,3283,Girlfriend Collective,Bags,59.19,0.0,0
6595,3284,H&M,Jeans,78.29,22.7,1
6596,3284,H&M,Accessories,82.13,16.46,1
6597,3284,H&M,Jeans,64.78,15.43,1
6598,3285,Zara,Activewear,85.06,25.33,1
6599,3286,Shein,Lingerie,41.32,0.0,0
6600,3287,H&M,Dresses,68.62,0.0,0
6601,3288,H&M,Jeans,49.34,0.0,0
6602,3289,H&M,Bags,70.58,0.0,0
6603,3289,H&M,Lingerie,29.46,0.0,0
6604,3290,Chanel,Lingerie,375.4,0.0,0
6605,3290,Chanel,Bags,9206.27,0.0,0
6606,3290,Chanel,Activewear,511.58,0.0,0
6607,3291,Under Armour,Activewear,133.62,0.0,0
6608,3291,Under Armour,Bags,98.54,31.92,1
6609,3292,Shein,Dresses,21.75,7.46,1
6610,3292,Shein,Home,22.6,0.0,0
6611,3292,Shein,Tops,17.57,1.62,1
6612,3293,H&M,Activewear,26.59,0.0,0
6613,3293,H&M,Tops,79.95,0.0,0
6614,3293,H&M,Home,33.82,8.05,1
6615,3294,Prada,Dresses,1748.42,0.0,0
6616,3295,Shein,Home,18.04,2.34,1
6617,3295,Shein,Swimwear,25.25,6.44,1
6618,3295,Shein,Jeans,13.71,0.0,0
6619,3296,Zara,Jeans,116.26,9.71,1
6620,3297,Chanel,Swimwear,565.96,0.0,0
6621,3298,Urban Outfitters,Dresses,68.95,0.0,0
6622,3299,Under Armour,Accessories,30.0,0.0,0
6623,3300,Loewe,Jeans,1659.15,0.0,0
6624,3301,Prada,Accessories,669.32,0.0,0
6625,3302,H&M,Outerwear,73.46,18.79,1
6626,3302,H&M,Activewear,73.23,0.0,0
6627,3302,H&M,Outerwear,68.81,0.0,0
6628,3303,H&M,Outerwear,79.42,0.0,0
6629,3303,H&M,Beauty,52.31,0.0,0
6630,3303,H&M,Footwear,53.84,0.0,0
6631,3304,Zara,Accessories,16.44,0.0,0
6632,3304,Zara,Tops,58.5,11.64,1
6633,3305,Girlfriend Collective,Home,93.85,23.14,1
6634,3306,Urban Outfitters,Outerwear,51.7,0.0,0
6635,3306,Urban Outfitters,Swimwear,86.09,12.77,1
6636,3306,Urban Outfitters,Dresses,43.56,0.0,0
6637,3307,Urban Outfitters,Bags,78.04,20.88,1
6638,3307,Urban Outfitters,Jeans,138.16,0.0,0
6639,3307,Urban Outfitters,Home,121.07,0.0,0
6640,3308,Shein,Jeans,29.68,3.21,1
6641,3309,Prada,Tops,1273.3,0.0,0
6642,3309,Prada,Lingerie,786.51,46.28,1
6643,3309,Prada,Tops,2192.09,0.0,0
6644,3310,Girlfriend Collective,Bags,48.1,0.0,0
6645,3310,Girlfriend Collective,Bags,60.51,10.16,1
6646,3311,Under Armour,Swimwear,78.45,0.0,0
6647,3311,Under Armour,Beauty,160.03,0.0,0
6648,3311,Under Armour,Outerwear,186.39,0.0,0
6649,3312,Girlfriend Collective,Beauty,44.04,5.46,1
6650,3312,Girlfriend Collective,Swimwear,68.21,4.69,1
6651,3312,Girlfriend Collective,Dresses,75.62,0.0,0
6652,3313,Urban Outfitters,Accessories,96.2,0.0,0
6653,3313,Urban Outfitters,Dresses,41.57,0.0,0
6654,3313,Urban Outfitters,Jeans,90.28,0.0,0
6655,3314,Urban Outfitters,Jeans,61.18,0.0,0
6656,3314,Urban Outfitters,Accessories,48.53,0.0,0
6657,3314,Urban Outfitters,Bags,62.79,0.0,0
6658,3315,Prada,Activewear,766.25,0.0,0
6659,3315,Prada,Home,658.34,0.0,0
6660,3315,Prada,Outerwear,3271.55,0.0,0
6661,3316,Girlfriend Collective,Activewear,91.54,0.0,0
6662,3316,Girlfriend Collective,Lingerie,99.11,0.0,0
6663,3317,Under Armour,Bags,103.8,0.0,0
6664,3317,Under Armour,Home,115.81,0.0,0
6665,3317,Under Armour,Bags,64.83,0.0,0
6666,3318,Girlfriend Collective,Home,71.95,0.0,0
6667,3318,Girlfriend Collective,Beauty,70.19,18.25,1
6668,3319,Under Armour,Beauty,75.89,0.0,0
6669,3319,Under Armour,Swimwear,153.4,0.0,0
6670,3320,Zara,Bags,21.6,4.69,1
6671,3320,Zara,Home,37.98,0.0,0
6672,3320,Zara,Footwear,33.25,4.05,1
6673,3321,Urban Outfitters,Bags,20.0,6.84,1
6674,3322,Prada,Beauty,973.67,0.0,0
6675,3322,Prada,Accessories,747.17,0.0,0
6676,3323,H&M,Jeans,10.0,1.7,1
6677,3323,H&M,Outerwear,80.8,0.0,0
6678,3323,H&M,Jeans,96.16,0.0,0
6679,3324,Zara,Swimwear,80.86,0.0,0
6680,3324,Zara,Activewear,76.05,0.0,0
6681,3324,Zara,Outerwear,48.6,0.0,0
6682,3325,Gucci,Outerwear,4389.24,0.0,0
6683,3325,Gucci,Jeans,2439.48,0.0,0
6684,3325,Gucci,Bags,1708.21,0.0,0
6685,3326,Loewe,Bags,2411.85,0.0,0
6686,3326,Loewe,Dresses,1213.85,0.0,0
6687,3327,Prada,Accessories,633.61,0.0,0
6688,3327,Prada,Footwear,878.67,0.0,0
6689,3328,Loewe,Outerwear,4280.8,0.0,0
6690,3328,Loewe,Lingerie,737.79,0.0,0
6691,3329,Zara,Swimwear,73.51,0.0,0
6692,3329,Zara,Outerwear,76.86,0.0,0
6693,3329,Zara,Footwear,88.64,28.56,1
6694,3330,Gucci,Dresses,1950.17,0.0,0
6695,3330,Gucci,Tops,2004.16,0.0,0
6696,3330,Gucci,Outerwear,3529.0,0.0,0
6697,3331,Prada,Lingerie,972.95,0.0,0
6698,3331,Prada,Tops,1725.08,0.0,0
6699,3332,Shein,Dresses,24.52,4.93,1
6700,3333,Loewe,Home,601.8,0.0,0
6701,3334,Shein,Tops,31.1,0.0,0
6702,3334,Shein,Dresses,15.92,0.0,0
6703,3334,Shein,Accessories,19.93,3.51,1
6704,3335,Chanel,Lingerie,1023.62,0.0,0
6705,3335,Chanel,Home,669.07,0.0,0
6706,3336,Gucci,Swimwear,628.51,0.0,0
6707,3337,Shein,Dresses,22.14,0.0,0
6708,3337,Shein,Bags,22.17,4.97,1
6709,3338,Shein,Home,38.56,0.0,0
6710,3339,H&M,Tops,59.99,20.69,1
6711,3339,H&M,Swimwear,71.75,0.0,0
6712,3340,Girlfriend Collective,Jeans,49.22,8.24,1
6713,3341,Zara,Bags,62.91,0.0,0
6714,3342,Zara,Beauty,69.79,5.26,1
6715,3343,Urban Outfitters,Bags,63.37,12.45,1
6716,3343,Urban Outfitters,Home,40.79,0.0,0
6717,3343,Urban Outfitters,Dresses,41.22,0.0,0
6718,3344,Under Armour,Home,94.27,0.0,0
6719,3344,Under Armour,Outerwear,82.8,0.0,0
6720,3345,Zara,Home,40.89,0.0,0
6721,3345,Zara,Jeans,36.41,0.0,0
6722,3346,Urban Outfitters,Bags,86.55,0.0,0
6723,3346,Urban Outfitters,Beauty,111.63,0.0,0
6724,3346,Urban Outfitters,Accessories,36.79,0.0,0
6725,3347,Chanel,Tops,1389.78,0.0,0
6726,3348,Shein,Activewear,35.53,0.0,0
6727,3348,Shein,Footwear,5.0,0.0,0
6728,3349,Under Armour,Beauty,69.14,0.0,0
6729,3349,Under Armour,Accessories,98.23,0.0,0
6730,3349,Under Armour,Lingerie,73.6,0.0,0
6731,3350,Loewe,Tops,874.8,0.0,0
6732,3350,Loewe,Dresses,1504.9,0.0,0
6733,3351,Under Armour,Accessories,76.46,6.96,1
6734,3352,Under Armour,Outerwear,66.49,0.0,0
6735,3353,Loewe,Beauty,896.74,0.0,0
6736,3353,Loewe,Footwear,949.98,0.0,0
6737,3353,Loewe,Outerwear,3903.75,0.0,0
6738,3354,H&M,Home,37.45,0.0,0
6739,3354,H&M,Footwear,71.4,0.0,0
6740,3355,Urban Outfitters,Swimwear,79.77,0.0,0
6741,3355,Urban Outfitters,Home,142.13,0.0,0
6742,3356,Zara,Home,51.91,0.0,0
6743,3356,Zara,Accessories,51.95,0.0,0
6744,3357,Girlfriend Collective,Jeans,62.4,0.0,0
6745,3357,Girlfriend Collective,Lingerie,87.51,0.0,0
6746,3358,Shein,Activewear,30.09,0.0,0
6747,3359,Girlfriend Collective,Lingerie,64.6,0.0,0
6748,3359,Girlfriend Collective,Tops,113.66,0.0,0
6749,3359,Girlfriend Collective,Swimwear,79.08,0.0,0
6750,3360,H&M,Dresses,64.82,0.0,0
6751,3360,H&M,Jeans,34.07,0.0,0
6752,3361,Prada,Home,897.77,0.0,0
6753,3362,Shein,Footwear,12.19,1.65,1
6754,3363,Chanel,Jeans,1656.49,112.42,1
6755,3363,Chanel,Jeans,1077.68,309.49,1
6756,3363,Chanel,Outerwear,3209.61,0.0,0
6757,3364,Under Armour,Bags,120.77,12.54,1
6758,3365,Girlfriend Collective,Swimwear,107.3,8.66,1
6759,3365,Girlfriend Collective,Dresses,61.05,0.0,0
6760,3365,Girlfriend Collective,Tops,81.79,0.0,0
6761,3366,Under Armour,Outerwear,74.39,0.0,0
6762,3366,Under Armour,Beauty,77.92,0.0,0
6763,3367,Girlfriend Collective,Tops,78.44,0.0,0
6764,3367,Girlfriend Collective,Dresses,88.28,28.53,1
6765,3367,Girlfriend Collective,Tops,124.24,0.0,0
6766,3368,Under Armour,Bags,55.77,0.0,0
6767,3368,Under Armour,Bags,121.64,0.0,0
6768,3369,Prada,Bags,2163.33,0.0,0
6769,3369,Prada,Footwear,915.74,0.0,0
6770,3370,Zara,Dresses,36.8,0.0,0
6771,3370,Zara,Activewear,49.83,0.0,0
6772,3370,Zara,Dresses,82.26,0.0,0
6773,3371,Under Armour,Activewear,59.28,3.84,1
6774,3371,Under Armour,Home,111.14,0.0,0
6775,3372,Girlfriend Collective,Activewear,68.11,0.0,0
6776,3373,Shein,Bags,26.62,4.34,1
6777,3374,Gucci,Tops,1390.36,0.0,0
6778,3374,Gucci,Home,692.11,0.0,0
6779,3375,Shein,Bags,31.69,0.0,0
6780,3375,Shein,Accessories,44.31,0.0,0
6781,3375,Shein,Activewear,30.76,0.0,0
6782,3376,Chanel,Bags,9031.94,0.0,0
6783,3376,Chanel,Lingerie,475.6,0.0,0
6784,3376,Chanel,Lingerie,957.11,0.0,0
6785,3377,Zara,Jeans,65.82,19.04,1
6786,3378,Urban Outfitters,Jeans,36.88,0.0,0
6787,3379,Under Armour,Lingerie,89.11,0.0,0
6788,3379,Under Armour,Lingerie,133.21,0.0,0
6789,3379,Under Armour,Accessories,87.48,0.0,0
6790,3380,Shein,Beauty,28.88,0.0,0
6791,3380,Shein,Accessories,22.41,0.0,0
6792,3381,Prada,Tops,1445.6,0.0,0
6793,3382,Prada,Swimwear,671.76,0.0,0
6794,3382,Prada,Footwear,685.9,0.0,0
6795,3382,Prada,Tops,1413.64,0.0,0
6796,3383,Under Armour,Tops,102.3,26.13,1
6797,3383,Under Armour,Bags,140.13,0.0,0
6798,3384,Urban Outfitters,Footwear,73.28,0.0,0
6799,3384,Urban Outfitters,Swimwear,20.0,0.0,0
6800,3384,Urban Outfitters,Home,160.6,0.0,0
6801,3385,Loewe,Beauty,800.77,0.0,0
6802,3386,Girlfriend Collective,Accessories,139.31,34.7,1
6803,3387,Gucci,Dresses,1527.85,0.0,0
6804,3387,Gucci,Footwear,1149.36,0.0,0
6805,3387,Gucci,Bags,2306.63,0.0,0
6806,3388,Prada,Accessories,714.35,0.0,0
6807,3388,Prada,Footwear,576.82,0.0,0
6808,3388,Prada,Beauty,773.76,0.0,0
6809,3389,Shein,Dresses,25.81,0.0,0
6810,3389,Shein,Accessories,38.7,0.0,0
6811,3390,Under Armour,Outerwear,30.0,0.0,0
6812,3390,Under Armour,Activewear,87.32,0.0,0
6813,3390,Under Armour,Accessories,74.84,0.0,0
6814,3391,Under Armour,Footwear,174.17,30.3,1
6815,3391,Under Armour,Activewear,57.84,8.69,1
6816,3392,Zara,Dresses,103.96,0.0,0
6817,3392,Zara,Accessories,97.02,0.0,0
6818,3393,Loewe,Home,972.46,0.0,0
6819,3393,Loewe,Bags,2303.23,0.0,0
6820,3393,Loewe,Swimwear,629.23,0.0,0
6821,3394,Under Armour,Swimwear,50.5,0.0,0
6822,3394,Under Armour,Home,82.33,18.23,1
6823,3394,Under Armour,Tops,131.73,0.0,0
6824,3395,Chanel,Lingerie,752.45,0.0,0
6825,3395,Chanel,Jeans,1075.35,0.0,0
6826,3396,Zara,Tops,74.47,0.0,0
6827,3397,Urban Outfitters,Tops,98.14,16.4,1
6828,3397,Urban Outfitters,Lingerie,70.49,20.98,1
6829,3397,Urban Outfitters,Activewear,94.36,0.0,0
6830,3398,Girlfriend Collective,Accessories,82.27,23.57,1
6831,3399,Urban Outfitters,Accessories,50.68,0.0,0
6832,3399,Urban Outfitters,Home,188.27,0.0,0
6833,3400,Girlfriend Collective,Jeans,75.66,0.0,0
6834,3400,Girlfriend Collective,Outerwear,98.13,0.0,0
6835,3401,Prada,Tops,886.3,0.0,0
6836,3401,Prada,Bags,2238.93,0.0,0
6837,3401,Prada,Jeans,2041.34,0.0,0
6838,3402,Shein,Accessories,29.75,8.57,1
6839,3402,Shein,Beauty,29.7,0.0,0
6840,3402,Shein,Accessories,33.58,7.29,1
6841,3403,Prada,Tops,1895.94,0.0,0
6842,3403,Prada,Beauty,961.44,0.0,0
6843,3403,Prada,Footwear,672.53,0.0,0
6844,3404,Under Armour,Beauty,67.39,0.0,0
6845,3405,Girlfriend Collective,Swimwear,74.3,0.0,0
6846,3406,Gucci,Beauty,1002.64,0.0,0
6847,3407,Urban Outfitters,Lingerie,40.96,0.0,0
6848,3407,Urban Outfitters,Swimwear,82.16,10.18,1
6849,3407,Urban Outfitters,Footwear,63.48,0.0,0
6850,3408,Zara,Bags,63.88,0.0,0
6851,3408,Zara,Beauty,67.18,0.0,0
6852,3408,Zara,Tops,57.21,0.0,0
6853,3409,Shein,Activewear,27.86,0.0,0
6854,3409,Shein,Beauty,37.22,9.79,1
6855,3409,Shein,Jeans,21.35,0.0,0
6856,3410,Urban Outfitters,Lingerie,66.42,0.0,0
6857,3411,Shein,Bags,41.4,0.0,0
6858,3411,Shein,Dresses,18.33,5.64,1
6859,3411,Shein,Footwear,27.83,8.48,1
6860,3412,Under Armour,Home,123.86,0.0,0
6861,3413,Loewe,Dresses,1771.03,0.0,0
6862,3413,Loewe,Lingerie,604.73,0.0,0
6863,3413,Loewe,Accessories,807.76,0.0,0
6864,3414,Chanel,Footwear,836.18,0.0,0
6865,3414,Chanel,Jeans,1895.41,0.0,0
6866,3415,H&M,Beauty,52.17,0.0,0
6867,3415,H&M,Home,54.55,0.0,0
6868,3415,H&M,Tops,102.5,0.0,0
6869,3416,Under Armour,Activewear,136.97,0.0,0
6870,3416,Under Armour,Home,75.39,0.0,0
6871,3417,Prada,Home,876.05,0.0,0
6872,3418,Girlfriend Collective,Home,88.79,0.0,0
6873,3419,Under Armour,Accessories,79.57,0.0,0
6874,3419,Under Armour,Activewear,87.08,9.8,1
6875,3419,Under Armour,Home,82.38,0.0,0
6876,3420,Gucci,Lingerie,966.05,0.0,0
6877,3421,H&M,Dresses,51.8,0.0,0
6878,3421,H&M,Beauty,15.29,0.92,1
6879,3422,Loewe,Jeans,1337.58,123.0,1
6880,3422,Loewe,Beauty,670.22,0.0,0
6881,3423,Zara,Lingerie,60.9,0.0,0
6882,3423,Zara,Accessories,98.1,0.0,0
6883,3423,Zara,Jeans,65.27,0.0,0
6884,3424,Shein,Swimwear,25.09,8.0,1
6885,3424,Shein,Accessories,36.01,0.0,0
6886,3425,Shein,Footwear,59.92,0.0,0
6887,3425,Shein,Activewear,5.65,0.0,0
6888,3425,Shein,Bags,17.94,2.3,1
6889,3426,H&M,Home,48.77,0.0,0
6890,3426,H&M,Home,35.85,0.0,0
6891,3427,Gucci,Home,899.87,0.0,0
6892,3428,H&M,Footwear,60.37,4.73,1
6893,3429,Prada,Jeans,769.59,0.0,0
6894,3429,Prada,Swimwear,870.82,0.0,0
6895,3430,Under Armour,Tops,105.82,0.0,0
6896,3430,Under Armour,Accessories,86.53,12.52,1
6897,3431,H&M,Beauty,45.27,14.34,1
6898,3431,H&M,Bags,51.67,10.43,1
6899,3431,H&M,Outerwear,64.61,0.0,0
6900,3432,Shein,Lingerie,24.94,5.54,1
6901,3432,Shein,Swimwear,40.72,0.0,0
6902,3433,Under Armour,Lingerie,80.36,0.0,0
6903,3433,Under Armour,Swimwear,54.15,4.48,1
6904,3434,H&M,Swimwear,10.0,0.0,0
6905,3434,H&M,Home,78.77,18.83,1
6906,3434,H&M,Dresses,107.13,0.0,0
6907,3435,Gucci,Outerwear,3581.4,0.0,0
6908,3435,Gucci,Lingerie,619.86,0.0,0
6909,3435,Gucci,Lingerie,894.77,0.0,0
6910,3436,Girlfriend Collective,Lingerie,121.51,30.98,1
6911,3436,Girlfriend Collective,Activewear,34.73,0.0,0
6912,3436,Girlfriend Collective,Beauty,84.42,0.0,0
6913,3437,H&M,Accessories,80.15,0.0,0
6914,3437,H&M,Lingerie,83.29,0.0,0
6915,3437,H&M,Activewear,25.93,0.0,0
6916,3438,Under Armour,Swimwear,151.67,28.57,1
6917,3438,Under Armour,Beauty,111.14,0.0,0
6918,3439,Under Armour,Activewear,76.22,21.1,1
6919,3439,Under Armour,Activewear,92.07,0.0,0
6920,3440,Zara,Activewear,58.2,0.0,0
6921,3440,Zara,Bags,92.44,30.51,1
6922,3441,H&M,Dresses,55.52,10.6,1
6923,3442,Urban Outfitters,Accessories,132.48,0.0,0
6924,3442,Urban Outfitters,Dresses,20.0,0.0,0
6925,3443,Prada,Jeans,700.0,0.0,0
6926,3444,Zara,Swimwear,58.88,0.0,0
6927,3444,Zara,Activewear,52.82,0.0,0
6928,3445,H&M,Bags,66.67,0.0,0
6929,3445,H&M,Lingerie,42.42,0.0,0
6930,3446,Girlfriend Collective,Accessories,99.56,0.0,0
6931,3447,Loewe,Lingerie,464.02,0.0,0
6932,3447,Loewe,Outerwear,3983.88,0.0,0
6933,3448,Zara,Jeans,79.44,0.0,0
6934,3448,Zara,Outerwear,80.66,0.0,0
6935,3449,H&M,Beauty,55.25,0.0,0
6936,3449,H&M,Lingerie,79.84,0.0,0
6937,3450,Gucci,Dresses,1735.21,0.0,0
6938,3451,Gucci,Footwear,869.77,0.0,0
6939,3451,Gucci,Accessories,422.08,0.0,0
6940,3451,Gucci,Bags,2121.94,0.0,0
6941,3452,Girlfriend Collective,Tops,95.21,0.0,0
6942,3452,Girlfriend Collective,Activewear,90.94,0.0,0
6943,3452,Girlfriend Collective,Dresses,92.23,0.0,0
6944,3453,Shein,Jeans,24.62,0.0,0
6945,3454,Zara,Outerwear,112.82,0.0,0
6946,3454,Zara,Accessories,13.87,1.7,1
6947,3454,Zara,Swimwear,85.68,0.0,0
6948,3455,H&M,Bags,80.48,5.89,1
6949,3455,H&M,Home,34.19,0.0,0
6950,3456,Zara,Tops,61.06,0.0,0
6951,3456,Zara,Jeans,52.33,0.0,0
6952,3456,Zara,Home,72.29,0.0,0
6953,3457,Shein,Swimwear,40.9,0.0,0
6954,3457,Shein,Jeans,18.74,0.0,0
6955,3457,Shein,Beauty,23.93,0.0,0
6956,3458,Urban Outfitters,Activewear,79.06,0.0,0
6957,3459,Girlfriend Collective,Bags,82.47,0.0,0
6958,3459,Girlfriend Collective,Home,96.44,20.06,1
6959,3460,Gucci,Jeans,1851.44,0.0,0
6960,3461,Loewe,Activewear,537.43,0.0,0
6961,3461,Loewe,Accessories,300.0,0.0,0
6962,3461,Loewe,Beauty,1088.54,0.0,0
6963,3462,Shein,Dresses,27.68,0.0,0
6964,3462,Shein,Jeans,17.16,0.0,0
6965,3463,Zara,Tops,104.09,0.0,0
6966,3464,H&M,Swimwear,120.05,23.1,1
6967,3465,Shein,Lingerie,25.17,0.0,0
6968,3465,Shein,Accessories,11.02,0.0,0
6969,3466,Girlfriend Collective,Activewear,81.34,22.1,1
6970,3467,Zara,Accessories,109.47,0.0,0
6971,3467,Zara,Accessories,42.88,0.0,0
6972,3467,Zara,Activewear,42.4,0.0,0
6973,3468,Zara,Jeans,58.79,0.0,0
6974,3468,Zara,Bags,36.05,8.27,1
6975,3468,Zara,Beauty,65.92,0.0,0
6976,3469,Zara,Activewear,33.44,10.22,1
6977,3469,Zara,Accessories,21.45,4.09,1
6978,3470,Zara,Home,82.88,0.0,0
6979,3471,Gucci,Bags,1552.99,0.0,0
6980,3471,Gucci,Beauty,931.7,0.0,0
6981,3471,Gucci,Outerwear,3227.1,0.0,0
6982,3472,Loewe,Home,671.73,0.0,0
6983,3473,Zara,Accessories,15.87,4.37,1
6984,3473,Zara,Swimwear,92.76,0.0,0
6985,3474,Shein,Swimwear,29.93,0.0,0
6986,3475,Zara,Footwear,52.56,15.84,1
6987,3475,Zara,Tops,103.43,0.0,0
6988,3475,Zara,Accessories,16.11,2.65,1
6989,3476,Zara,Tops,52.95,0.0,0
6990,3476,Zara,Tops,62.86,0.0,0
6991,3477,Zara,Lingerie,42.64,12.66,1
6992,3477,Zara,Jeans,84.95,0.0,0
6993,3477,Zara,Dresses,94.43,0.0,0
6994,3478,Under Armour,Footwear,117.22,0.0,0
6995,3478,Under Armour,Jeans,97.96,0.0,0
6996,3479,Prada,Outerwear,3601.87,0.0,0
6997,3479,Prada,Swimwear,906.58,0.0,0
6998,3479,Prada,Outerwear,3379.27,0.0,0
6999,3480,Gucci,Tops,1477.82,0.0,0
7000,3480,Gucci,Lingerie,1082.69,0.0,0
7001,3480,Gucci,Jeans,1304.26,0.0,0
7002,3481,Girlfriend Collective,Tops,104.93,0.0,0
7003,3481,Girlfriend Collective,Bags,93.21,19.79,1
7004,3481,Girlfriend Collective,Activewear,92.94,0.0,0
7005,3482,Zara,Footwear,36.83,0.0,0
7006,3482,Zara,Jeans,46.31,0.0,0
7007,3482,Zara,Home,59.77,16.5,1
7008,3483,H&M,Swimwear,102.52,0.0,0
7009,3484,Gucci,Tops,1024.41,0.0,0
7010,3485,H&M,Accessories,56.29,0.0,0
7011,3485,H&M,Jeans,40.42,0.0,0
7012,3486,Loewe,Tops,920.59,0.0,0
7013,3486,Loewe,Home,1008.42,0.0,0
7014,3487,Prada,Activewear,300.0,0.0,0
7015,3487,Prada,Footwear,707.09,195.65,1
7016,3488,Gucci,Swimwear,609.68,0.0,0
7017,3489,Gucci,Activewear,583.57,0.0,0
7018,3489,Gucci,Footwear,813.33,0.0,0
7019,3489,Gucci,Lingerie,602.48,0.0,0
7020,3490,Zara,Swimwear,58.75,0.0,0
7021,3491,Under Armour,Activewear,30.0,0.0,0
7022,3491,Under Armour,Beauty,92.86,13.54,1
7023,3491,Under Armour,Footwear,30.0,0.0,0
7024,3492,Shein,Footwear,27.6,2.42,1
7025,3493,Zara,Lingerie,29.73,3.74,1
7026,3494,Under Armour,Dresses,102.02,0.0,0
7027,3494,Under Armour,Outerwear,91.36,0.0,0
7028,3494,Under Armour,Tops,93.01,11.8,1
7029,3495,Shein,Activewear,27.44,0.0,0
7030,3495,Shein,Lingerie,30.19,0.0,0
7031,3496,H&M,Accessories,42.87,0.0,0
7032,3496,H&M,Bags,71.23,0.0,0
7033,3497,Under Armour,Accessories,48.95,0.0,0
7034,3498,Prada,Swimwear,1204.31,0.0,0
7035,3499,Shein,Activewear,42.0,0.0,0
7036,3499,Shein,Accessories,34.36,5.8,1
7037,3499,Shein,Bags,28.95,0.0,0
7038,3500,Urban Outfitters,Swimwear,82.2,0.0,0
7039,3500,Urban Outfitters,Beauty,84.4,0.0,0
7040,3501,Urban Outfitters,Bags,79.95,0.0,0
7041,3502,Shein,Accessories,30.13,0.0,0
7042,3502,Shein,Lingerie,34.01,0.0,0
7043,3503,H&M,Footwear,49.34,7.9,1
7044,3503,H&M,Tops,34.64,0.0,0
7045,3503,H&M,Footwear,54.74,12.59,1
7046,3504,Shein,Dresses,17.2,4.06,1
7047,3505,Urban Outfitters,Outerwear,42.89,0.0,0
7048,3505,Urban Outfitters,Beauty,36.7,0.0,0
7049,3506,Zara,Lingerie,44.94,15.5,1
7050,3506,Zara,Swimwear,50.85,7.27,1
7051,3506,Zara,Footwear,65.98,0.0,0
7052,3507,H&M,Beauty,92.38,23.66,1
7053,3508,Zara,Swimwear,77.91,0.0,0
7054,3508,Zara,Dresses,56.99,0.0,0
7055,3509,Gucci,Beauty,644.62,0.0,0
7056,3509,Gucci,Accessories,585.85,0.0,0
7057,3509,Gucci,Activewear,888.33,272.4,1
7058,3510,Girlfriend Collective,Beauty,62.89,0.0,0
7059,3511,Shein,Jeans,16.67,2.07,1
7060,3511,Shein,Dresses,17.46,3.69,1
7061,3512,Urban Outfitters,Jeans,21.71,0.0,0
7062,3513,Under Armour,Lingerie,123.37,0.0,0
7063,3514,Loewe,Outerwear,3780.37,0.0,0
7064,3515,H&M,Outerwear,60.85,15.74,1
7065,3515,H&M,Swimwear,69.56,0.0,0
7066,3515,H&M,Activewear,112.69,0.0,0
7067,3516,Zara,Activewear,54.9,8.03,1
7068,3516,Zara,Accessories,84.7,0.0,0
7069,3517,Urban Outfitters,Outerwear,94.85,0.0,0
7070,3517,Urban Outfitters,Outerwear,70.13,0.0,0
7071,3517,Urban Outfitters,Tops,69.79,18.86,1
7072,3518,Urban Outfitters,Activewear,69.65,0.0,0
7073,3519,Shein,Bags,17.68,0.0,0
7074,3520,Under Armour,Home,136.46,36.83,1
7075,3520,Under Armour,Beauty,144.03,0.0,0
7076,3520,Under Armour,Jeans,123.33,0.0,0
7077,3521,Loewe,Bags,2713.44,0.0,0
7078,3521,Loewe,Jeans,2214.49,0.0,0
7079,3521,Loewe,Dresses,1797.35,0.0,0
7080,3522,Gucci,Beauty,771.04,0.0,0
7081,3522,Gucci,Outerwear,3382.43,0.0,0
7082,3523,Loewe,Dresses,1586.48,0.0,0
7083,3523,Loewe,Activewear,962.77,0.0,0
7084,3524,Gucci,Bags,1900.84,0.0,0
7085,3524,Gucci,Footwear,958.05,0.0,0
7086,3524,Gucci,Tops,826.62,0.0,0
7087,3525,Loewe,Tops,1295.09,0.0,0
7088,3525,Loewe,Footwear,554.4,0.0,0
7089,3525,Loewe,Tops,768.54,0.0,0
7090,3526,Chanel,Bags,8740.96,0.0,0
7091,3526,Chanel,Tops,2254.25,0.0,0
7092,3527,H&M,Activewear,77.62,0.0,0
7093,3527,H&M,Tops,90.22,0.0,0
7094,3528,Zara,Lingerie,58.51,0.0,0
7095,3528,Zara,Activewear,53.88,0.0,0
7096,3528,Zara,Dresses,31.16,0.0,0
7097,3529,H&M,Bags,58.36,15.84,1
7098,3530,Urban Outfitters,Lingerie,76.62,15.56,1
7099,3531,H&M,Tops,66.24,0.0,0
7100,3531,H&M,Bags,52.09,0.0,0
7101,3532,Chanel,Lingerie,796.99,205.71,1
7102,3532,Chanel,Footwear,1040.09,0.0,0
7103,3533,Urban Outfitters,Activewear,60.58,0.0,0
7104,3534,H&M,Jeans,65.49,0.0,0
7105,3535,Urban Outfitters,Accessories,65.97,0.0,0
7106,3535,Urban Outfitters,Beauty,76.82,9.24,1
7107,3536,Zara,Dresses,57.03,0.0,0
7108,3536,Zara,Lingerie,20.37,0.0,0
7109,3536,Zara,Activewear,55.31,0.0,0
7110,3537,Urban Outfitters,Tops,90.67,0.0,0
7111,3537,Urban Outfitters,Activewear,34.03,0.0,0
7112,3537,Urban Outfitters,Tops,91.73,0.0,0
7113,3538,H&M,Bags,32.62,0.0,0
7114,3538,H&M,Swimwear,66.52,0.0,0
7115,3539,H&M,Footwear,56.16,10.23,1
7116,3540,H&M,Lingerie,39.99,0.0,0
7117,3541,Prada,Outerwear,3345.57,0.0,0
7118,3541,Prada,Footwear,837.79,0.0,0
7119,3542,Loewe,Swimwear,975.82,0.0,0
7120,3542,Loewe,Accessories,528.84,0.0,0
7121,3543,Urban Outfitters,Footwear,108.5,0.0,0
7122,3544,Urban Outfitters,Bags,59.63,0.0,0
7123,3544,Urban Outfitters,Dresses,100.63,0.0,0
7124,3544,Urban Outfitters,Bags,29.54,0.0,0
7125,3545,H&M,Bags,36.28,0.0,0
7126,3546,Under Armour,Beauty,114.54,39.87,1
7127,3547,Zara,Accessories,31.91,0.0,0
7128,3547,Zara,Outerwear,74.19,0.0,0
7129,3548,Loewe,Footwear,906.44,0.0,0
7130,3548,Loewe,Jeans,1529.6,0.0,0
7131,3549,Gucci,Dresses,2002.26,0.0,0
7132,3549,Gucci,Dresses,1590.9,0.0,0
7133,3549,Gucci,Jeans,1287.31,0.0,0
7134,3550,H&M,Lingerie,34.51,0.0,0
7135,3550,H&M,Outerwear,10.0,2.8,1
7136,3550,H&M,Swimwear,89.51,0.0,0
7137,3551,Prada,Dresses,1892.79,0.0,0
7138,3551,Prada,Activewear,1075.28,58.35,1
7139,3551,Prada,Footwear,907.69,0.0,0
7140,3552,Prada,Tops,1379.85,0.0,0
7141,3552,Prada,Tops,1513.17,0.0,0
7142,3552,Prada,Home,743.24,0.0,0
7143,3553,Chanel,Footwear,891.97,0.0,0
7144,3554,Gucci,Lingerie,1063.72,112.02,1
7145,3554,Gucci,Activewear,989.38,0.0,0
7146,3554,Gucci,Accessories,373.55,0.0,0
7147,3555,H&M,Beauty,47.22,15.29,1
7148,3556,Prada,Jeans,1164.97,0.0,0
7149,3556,Prada,Home,487.22,0.0,0
7150,3557,Gucci,Bags,2486.93,0.0,0
7151,3558,Under Armour,Accessories,68.7,15.36,1
7152,3559,H&M,Home,88.52,0.0,0
7153,3559,H&M,Beauty,70.46,0.0,0
7154,3560,Shein,Beauty,10.88,0.62,1
7155,3560,Shein,Lingerie,21.95,0.0,0
7156,3560,Shein,Outerwear,29.11,5.83,1
7157,3561,Girlfriend Collective,Outerwear,74.24,0.0,0
7158,3561,Girlfriend Collective,Accessories,50.47,13.49,1
7159,3562,Gucci,Jeans,1497.88,0.0,0
7160,3563,Loewe,Swimwear,856.68,0.0,0
7161,3563,Loewe,Outerwear,3100.56,0.0,0
7162,3563,Loewe,Accessories,657.44,0.0,0
7163,3564,Urban Outfitters,Swimwear,48.01,0.0,0
7164,3564,Urban Outfitters,Home,167.23,24.56,1
7165,3565,Shein,Swimwear,36.04,4.74,1
7166,3566,Under Armour,Lingerie,89.45,0.0,0
7167,3566,Under Armour,Dresses,101.66,0.0,0
7168,3567,Shein,Activewear,18.5,4.61,1
7169,3567,Shein,Accessories,14.57,0.0,0
7170,3567,Shein,Accessories,35.25,0.0,0
7171,3568,Under Armour,Jeans,121.08,0.0,0
7172,3569,Under Armour,Home,78.49,0.0,0
7173,3569,Under Armour,Footwear,103.87,0.0,0
7174,3569,Under Armour,Swimwear,85.53,0.0,0
7175,3570,Prada,Dresses,1994.1,0.0,0
7176,3571,Urban Outfitters,Outerwear,73.92,0.0,0
7177,3571,Urban Outfitters,Jeans,110.71,0.0,0
7178,3571,Urban Outfitters,Lingerie,106.43,0.0,0
7179,3572,Girlfriend Collective,Dresses,104.27,0.0,0
7180,3572,Girlfriend Collective,Outerwear,50.77,0.0,0
7181,3573,Gucci,Activewear,300.0,0.0,0
7182,3574,Loewe,Beauty,625.04,110.86,1
7183,3574,Loewe,Bags,2247.38,0.0,0
7184,3574,Loewe,Bags,2698.22,0.0,0
7185,3575,Chanel,Dresses,1366.44,0.0,0
7186,3576,Under Armour,Outerwear,49.89,9.5,1
7187,3576,Under Armour,Jeans,63.07,0.0,0
7188,3576,Under Armour,Beauty,50.43,0.0,0
7189,3577,Girlfriend Collective,Home,80.8,0.0,0
7190,3578,Zara,Lingerie,44.88,5.79,1
7191,3579,Urban Outfitters,Bags,66.77,0.0,0
7192,3580,H&M,Beauty,59.06,0.0,0
7193,3581,H&M,Swimwear,18.95,0.0,0
7194,3581,H&M,Activewear,28.66,0.0,0
7195,3582,Chanel,Bags,9009.97,0.0,0
7196,3582,Chanel,Outerwear,3449.96,0.0,0
7197,3582,Chanel,Home,670.71,0.0,0
7198,3583,Loewe,Home,911.1,0.0,0
7199,3583,Loewe,Activewear,845.31,0.0,0
7200,3583,Loewe,Lingerie,1011.18,0.0,0
7201,3584,Under Armour,Activewear,111.16,0.0,0
7202,3584,Under Armour,Swimwear,79.98,0.0,0
7203,3584,Under Armour,Beauty,151.21,0.0,0
7204,3585,Urban Outfitters,Home,45.22,0.0,0
7205,3585,Urban Outfitters,Bags,114.13,0.0,0
7206,3586,Girlfriend Collective,Beauty,47.21,0.0,0
7207,3586,Girlfriend Collective,Lingerie,68.4,0.0,0
7208,3586,Girlfriend Collective,Activewear,107.8,0.0,0
7209,3587,Girlfriend Collective,Beauty,81.64,0.0,0
7210,3587,Girlfriend Collective,Jeans,76.87,0.0,0
7211,3588,Gucci,Activewear,545.41,0.0,0
7212,3589,Girlfriend Collective,Activewear,143.16,0.0,0
7213,3589,Girlfriend Collective,Accessories,97.27,24.55,1
7214,3590,Shein,Lingerie,31.66,0.0,0
7215,3590,Shein,Bags,5.0,0.0,0
7216,3590,Shein,Swimwear,30.84,0.0,0
7217,3591,H&M,Beauty,43.05,12.34,1
7218,3591,H&M,Home,74.66,0.0,0
7219,3591,H&M,Accessories,75.06,0.0,0
7220,3592,Zara,Footwear,44.8,0.0,0
7221,3593,Zara,Tops,48.5,0.0,0
7222,3593,Zara,Bags,36.46,9.45,1
7223,3593,Zara,Tops,28.89,0.0,0
7224,3594,Girlfriend Collective,Swimwear,74.63,0.0,0
7225,3594,Girlfriend Collective,Outerwear,97.03,9.93,1
7226,3595,Urban Outfitters,Beauty,43.75,6.09,1
7227,3595,Urban Outfitters,Activewear,48.54,0.0,0
7228,3595,Urban Outfitters,Dresses,74.15,0.0,0
7229,3596,Gucci,Jeans,1532.44,0.0,0
7230,3597,Shein,Bags,36.81,0.0,0
7231,3597,Shein,Beauty,26.97,0.0,0
7232,3598,Loewe,Accessories,698.78,0.0,0
7233,3599,H&M,Dresses,60.16,15.8,1
7234,3599,H&M,Bags,77.24,0.0,0
7235,3599,H&M,Tops,69.87,0.0,0
7236,3600,Prada,Accessories,667.37,0.0,0
7237,3601,Prada,Accessories,455.4,0.0,0
7238,3601,Prada,Lingerie,1159.08,0.0,0
7239,3602,Zara,Dresses,21.26,0.0,0
7240,3602,Zara,Outerwear,79.77,0.0,0
7241,3602,Zara,Accessories,56.18,0.0,0
7242,3603,Zara,Activewear,76.45,0.0,0
7243,3603,Zara,Footwear,57.58,0.0,0
7244,3604,Chanel,Bags,9048.17,0.0,0
7245,3604,Chanel,Bags,9161.81,0.0,0
7246,3605,Zara,Activewear,47.14,0.0,0
7247,3605,Zara,Bags,50.02,0.0,0
7248,3605,Zara,Home,44.71,0.0,0
7249,3606,Girlfriend Collective,Outerwear,89.06,0.0,0
7250,3607,Girlfriend Collective,Dresses,69.62,0.0,0
7251,3608,Shein,Outerwear,20.69,0.0,0
7252,3608,Shein,Tops,26.68,0.0,0
7253,3608,Shein,Beauty,28.53,0.0,0
7254,3609,Zara,Tops,57.69,0.0,0
7255,3610,Chanel,Tops,1360.17,0.0,0
7256,3611,H&M,Bags,57.14,0.0,0
7257,3611,H&M,Tops,85.2,0.0,0
7258,3611,H&M,Dresses,73.97,20.14,1
7259,3612,Gucci,Beauty,1066.88,0.0,0
7260,3612,Gucci,Footwear,861.98,0.0,0
7261,3612,Gucci,Beauty,924.8,0.0,0
7262,3613,Urban Outfitters,Home,90.48,14.31,1
7263,3613,Urban Outfitters,Lingerie,99.78,0.0,0
7264,3614,Loewe,Lingerie,804.09,0.0,0
7265,3614,Loewe,Lingerie,914.9,0.0,0
7266,3614,Loewe,Footwear,658.05,0.0,0
7267,3615,H&M,Jeans,85.05,0.0,0
7268,3615,H&M,Home,50.57,0.0,0
7269,3615,H&M,Jeans,44.61,0.0,0
7270,3616,Gucci,Tops,1526.19,0.0,0
7271,3616,Gucci,Accessories,637.51,0.0,0
7272,3617,Shein,Dresses,33.78,0.0,0
7273,3617,Shein,Dresses,34.4,0.0,0
7274,3618,Chanel,Accessories,800.95,0.0,0
7275,3618,Chanel,Accessories,846.95,0.0,0
7276,3619,Zara,Footwear,45.83,0.0,0
7277,3619,Zara,Home,57.86,0.0,0
7278,3619,Zara,Bags,63.75,0.0,0
7279,3620,Gucci,Jeans,2500.0,0.0,0
7280,3621,Shein,Swimwear,18.15,0.0,0
7281,3622,Shein,Footwear,30.06,0.0,0
7282,3623,Urban Outfitters,Accessories,44.28,0.0,0
7283,3624,Urban Outfitters,Footwear,85.05,0.0,0
7284,3624,Urban Outfitters,Beauty,74.03,15.25,1
7285,3624,Urban Outfitters,Tops,87.09,0.0,0
7286,3625,Under Armour,Swimwear,59.92,0.0,0
7287,3626,Gucci,Beauty,646.84,0.0,0
7288,3626,Gucci,Beauty,1052.15,219.83,1
7289,3626,Gucci,Tops,1908.42,0.0,0
7290,3627,Under Armour,Outerwear,112.76,0.0,0
7291,3627,Under Armour,Lingerie,40.96,8.58,1
7292,3628,Zara,Beauty,51.53,0.0,0
7293,3628,Zara,Activewear,71.67,0.0,0
7294,3629,Urban Outfitters,Lingerie,110.04,0.0,0
7295,3629,Urban Outfitters,Activewear,43.75,0.0,0
7296,3629,Urban Outfitters,Jeans,21.14,6.55,1
7297,3630,Girlfriend Collective,Footwear,86.75,10.03,1
7298,3631,Zara,Tops,46.5,0.0,0
7299,3631,Zara,Dresses,33.82,0.0,0
7300,3632,Zara,Accessories,74.72,14.46,1
7301,3633,Under Armour,Footwear,94.85,0.0,0
7302,3633,Under Armour,Bags,108.0,36.84,1
7303,3634,Under Armour,Swimwear,30.0,8.26,1
7304,3634,Under Armour,Home,76.43,13.82,1
7305,3634,Under Armour,Lingerie,117.59,0.0,0
7306,3635,Gucci,Home,863.43,0.0,0
7307,3635,Gucci,Footwear,1010.8,0.0,0
7308,3635,Gucci,Bags,2401.03,0.0,0
7309,3636,Zara,Lingerie,44.67,0.0,0
7310,3636,Zara,Accessories,99.14,21.75,1
7311,3636,Zara,Footwear,48.36,0.0,0
7312,3637,Zara,Beauty,39.62,3.66,1
7313,3637,Zara,Outerwear,77.55,0.0,0
7314,3638,Loewe,Lingerie,407.11,0.0,0
7315,3639,Shein,Beauty,17.61,0.0,0
7316,3639,Shein,Jeans,44.19,0.0,0
7317,3639,Shein,Tops,21.34,0.0,0
7318,3640,Under Armour,Outerwear,50.0,0.0,0
7319,3640,Under Armour,Bags,98.16,14.39,1
7320,3641,Shein,Dresses,35.51,0.0,0
7321,3641,Shein,Outerwear,35.5,0.0,0
7322,3641,Shein,Accessories,9.42,2.33,1
7323,3642,Zara,Activewear,88.97,0.0,0
7324,3643,Zara,Activewear,75.51,0.0,0
7325,3643,Zara,Lingerie,99.53,0.0,0
7326,3644,Loewe,Swimwear,865.9,0.0,0
7327,3645,Under Armour,Bags,75.09,0.0,0
7328,3645,Under Armour,Beauty,95.0,0.0,0
7329,3645,Under Armour,Swimwear,102.79,26.77,1
7330,3646,Prada,Activewear,769.1,253.49,1
7331,3646,Prada,Activewear,1064.37,0.0,0
7332,3647,Prada,Tops,1265.8,0.0,0
7333,3647,Prada,Lingerie,790.9,0.0,0
7334,3648,Loewe,Beauty,713.77,0.0,0
7335,3649,Urban Outfitters,Lingerie,37.99,0.0,0
7336,3650,H&M,Lingerie,73.4,7.68,1
7337,3650,H&M,Accessories,37.26,0.0,0
7338,3651,Shein,Tops,29.82,0.0,0
7339,3652,Urban Outfitters,Dresses,137.16,0.0,0
7340,3653,Zara,Footwear,27.07,0.0,0
7341,3653,Zara,Swimwear,44.61,0.0,0
7342,3653,Zara,Swimwear,58.6,0.0,0
7343,3654,Shein,Activewear,44.98,0.0,0
7344,3654,Shein,Footwear,36.34,6.09,1
7345,3655,Urban Outfitters,Lingerie,124.72,0.0,0
7346,3656,Shein,Tops,21.87,0.0,0
7347,3657,H&M,Swimwear,50.25,8.36,1
7348,3658,Prada,Bags,2206.83,0.0,0
7349,3659,Urban Outfitters,Jeans,106.77,36.68,1
7350,3659,Urban Outfitters,Jeans,34.44,0.0,0
7351,3659,Urban Outfitters,Bags,30.89,3.78,1
7352,3660,Prada,Footwear,981.54,0.0,0
7353,3660,Prada,Accessories,413.75,0.0,0
7354,3660,Prada,Swimwear,1063.66,0.0,0
7355,3661,Urban Outfitters,Swimwear,115.92,0.0,0
7356,3662,Loewe,Bags,2016.46,0.0,0
7357,3662,Loewe,Lingerie,481.32,0.0,0
7358,3663,H&M,Footwear,13.84,0.0,0
7359,3664,Loewe,Footwear,1232.99,0.0,0
7360,3665,Shein,Swimwear,35.25,0.0,0
7361,3665,Shein,Swimwear,30.11,7.18,1
7362,3665,Shein,Footwear,24.44,0.0,0
7363,3666,Urban Outfitters,Footwear,119.25,0.0,0
7364,3666,Urban Outfitters,Jeans,100.85,5.69,1
7365,3667,Gucci,Footwear,912.43,0.0,0
7366,3668,H&M,Tops,23.94,0.0,0
7367,3668,H&M,Accessories,28.21,0.0,0
7368,3669,Girlfriend Collective,Accessories,65.06,0.0,0
7369,3669,Girlfriend Collective,Activewear,83.19,0.0,0
7370,3669,Girlfriend Collective,Home,96.05,0.0,0
7371,3670,H&M,Footwear,55.22,0.0,0
7372,3670,H&M,Beauty,55.54,0.0,0
7373,3671,H&M,Lingerie,32.61,0.0,0
7374,3671,H&M,Accessories,61.76,0.0,0
7375,3671,H&M,Lingerie,52.47,9.5,1
7376,3672,Gucci,Activewear,397.76,0.0,0
7377,3672,Gucci,Outerwear,3358.7,0.0,0
7378,3673,Shein,Home,26.57,1.63,1
7379,3673,Shein,Activewear,16.78,0.0,0
7380,3673,Shein,Beauty,26.01,0.0,0
7381,3674,Urban Outfitters,Beauty,74.93,0.0,0
7382,3675,Shein,Home,6.03,0.0,0
7383,3675,Shein,Home,18.74,0.0,0
7384,3675,Shein,Swimwear,5.0,0.0,0
7385,3676,Prada,Outerwear,3368.98,749.96,1
7386,3677,Under Armour,Bags,82.63,16.47,1
7387,3677,Under Armour,Lingerie,128.74,0.0,0
7388,3677,Under Armour,Accessories,53.02,0.0,0
7389,3678,Prada,Beauty,1046.77,0.0,0
7390,3679,Under Armour,Tops,110.27,13.86,1
7391,3679,Under Armour,Accessories,108.34,0.0,0
7392,3680,Zara,Footwear,31.85,2.62,1
7393,3681,Urban Outfitters,Lingerie,21.73,0.0,0
7394,3682,Shein,Swimwear,41.5,9.1,1
7395,3683,Urban Outfitters,Beauty,90.4,25.09,1
7396,3684,H&M,Jeans,78.12,0.0,0
7397,3684,H&M,Outerwear,84.64,0.0,0
7398,3685,Prada,Tops,1284.32,0.0,0
7399,3685,Prada,Dresses,1903.37,0.0,0
7400,3686,Loewe,Beauty,1101.6,0.0,0
7401,3686,Loewe,Jeans,1858.4,0.0,0
7402,3686,Loewe,Home,770.06,0.0,0
7403,3687,Girlfriend Collective,Dresses,66.97,0.0,0
7404,3687,Girlfriend Collective,Swimwear,122.19,27.92,1
7405,3687,Girlfriend Collective,Accessories,74.5,17.2,1
7406,3688,Zara,Footwear,67.43,0.0,0
7407,3688,Zara,Jeans,112.46,0.0,0
7408,3689,Chanel,Outerwear,3042.0,0.0,0
7409,3689,Chanel,Outerwear,3251.79,0.0,0
7410,3690,Urban Outfitters,Activewear,20.0,0.0,0
7411,3691,Shein,Dresses,24.07,0.0,0
7412,3691,Shein,Accessories,51.12,0.0,0
7413,3692,Loewe,Footwear,613.45,0.0,0
7414,3692,Loewe,Lingerie,742.62,0.0,0
7415,3692,Loewe,Jeans,1628.88,0.0,0
7416,3693,Prada,Tops,1844.5,0.0,0
7417,3693,Prada,Swimwear,979.79,0.0,0
7418,3694,Chanel,Jeans,2195.88,0.0,0
7419,3694,Chanel,Accessories,391.76,0.0,0
7420,3695,Girlfriend Collective,Bags,111.77,0.0,0
7421,3696,Urban Outfitters,Bags,66.82,6.44,1
7422,3697,Urban Outfitters,Accessories,61.3,0.0,0
7423,3697,Urban Outfitters,Lingerie,65.24,0.0,0
7424,3697,Urban Outfitters,Swimwear,46.64,0.0,0
7425,3698,Under Armour,Beauty,65.64,0.0,0
7426,3698,Under Armour,Lingerie,33.02,0.0,0
7427,3699,Girlfriend Collective,Dresses,95.13,18.71,1
7428,3700,Loewe,Accessories,680.74,0.0,0
7429,3700,Loewe,Home,994.46,0.0,0
7430,3700,Loewe,Beauty,867.27,0.0,0
7431,3701,Girlfriend Collective,Jeans,81.49,5.92,1
7432,3702,Urban Outfitters,Tops,69.92,0.0,0
7433,3702,Urban Outfitters,Tops,83.61,0.0,0
7434,3702,Urban Outfitters,Beauty,109.21,0.0,0
7435,3703,Girlfriend Collective,Home,103.35,5.66,1
7436,3703,Girlfriend Collective,Accessories,94.34,0.0,0
7437,3703,Girlfriend Collective,Jeans,97.66,8.84,1
7438,3704,Under Armour,Home,71.72,0.0,0
7439,3704,Under Armour,Footwear,91.78,0.0,0
7440,3704,Under Armour,Dresses,78.35,0.0,0
7441,3705,Under Armour,Footwear,72.13,0.0,0
7442,3706,Under Armour,Tops,86.88,0.0,0
7443,3707,Prada,Home,866.6,0.0,0
7444,3708,H&M,Accessories,94.66,0.0,0
7445,3709,Shein,Swimwear,14.83,0.0,0
7446,3709,Shein,Jeans,22.61,0.0,0
7447,3710,Prada,Beauty,300.0,0.0,0
7448,3710,Prada,Footwear,672.54,117.52,1
7449,3711,H&M,Bags,47.31,0.0,0
7450,3711,H&M,Bags,50.98,0.0,0
7451,3712,Chanel,Dresses,2443.49,854.37,1
7452,3712,Chanel,Beauty,786.45,0.0,0
7453,3712,Chanel,Swimwear,558.57,0.0,0
7454,3713,Urban Outfitters,Accessories,20.0,0.0,0
7455,3714,Shein,Activewear,44.16,0.0,0
7456,3714,Shein,Tops,29.62,0.0,0
7457,3715,Gucci,Tops,1642.18,0.0,0
7458,3715,Gucci,Lingerie,784.48,0.0,0
7459,3715,Gucci,Tops,700.0,0.0,0
7460,3716,Urban Outfitters,Bags,66.77,6.89,1
7461,3717,Shein,Beauty,21.98,0.0,0
7462,3717,Shein,Home,31.87,0.0,0
7463,3718,Zara,Activewear,28.23,0.0,0
7464,3718,Zara,Jeans,10.0,2.85,1
7465,3719,Under Armour,Beauty,80.44,22.62,1
7466,3719,Under Armour,Tops,89.57,20.4,1
7467,3719,Under Armour,Activewear,100.48,0.0,0
7468,3720,Shein,Dresses,19.04,0.0,0
7469,3720,Shein,Outerwear,30.16,0.0,0
7470,3720,Shein,Bags,25.38,0.0,0
7471,3721,Chanel,Accessories,415.49,0.0,0
7472,3721,Chanel,Lingerie,1007.17,0.0,0
7473,3722,Shein,Beauty,27.64,0.0,0
7474,3722,Shein,Outerwear,25.32,0.0,0
7475,3722,Shein,Swimwear,32.86,6.5,1
7476,3723,Gucci,Lingerie,437.57,0.0,0
7477,3724,Gucci,Beauty,753.31,0.0,0
7478,3725,Shein,Activewear,26.76,7.42,1
7479,3726,Zara,Tops,40.99,7.04,1
7480,3727,Shein,Accessories,22.16,2.27,1
7481,3728,H&M,Home,62.83,0.0,0
7482,3728,H&M,Accessories,52.68,0.0,0
7483,3729,Shein,Tops,24.82,0.0,0
7484,3729,Shein,Activewear,27.3,1.89,1
7485,3730,Girlfriend Collective,Outerwear,58.3,0.0,0
7486,3730,Girlfriend Collective,Tops,80.85,0.0,0
7487,3730,Girlfriend Collective,Lingerie,91.37,0.0,0
7488,3731,Under Armour,Home,119.08,36.02,1
7489,3731,Under Armour,Accessories,108.68,0.0,0
7490,3731,Under Armour,Beauty,86.09,0.0,0
7491,3732,Under Armour,Bags,78.2,0.0,0
7492,3733,Zara,Beauty,18.11,0.0,0
7493,3734,Urban Outfitters,Tops,99.31,0.0,0
7494,3735,Zara,Jeans,10.0,0.0,0
7495,3735,Zara,Bags,74.02,0.0,0
7496,3735,Zara,Dresses,36.83,0.0,0
7497,3736,Urban Outfitters,Footwear,28.27,2.5,1
7498,3736,Urban Outfitters,Beauty,120.33,0.0,0
7499,3737,Zara,Footwear,35.44,0.0,0
7500,3738,Gucci,Activewear,704.47,0.0,0
7501,3738,Gucci,Footwear,958.21,0.0,0
7502,3738,Gucci,Dresses,981.4,0.0,0
7503,3739,Zara,Swimwear,95.93,0.0,0
7504,3739,Zara,Outerwear,90.02,0.0,0
7505,3739,Zara,Activewear,21.76,5.48,1
7506,3740,Loewe,Home,896.1,0.0,0
7507,3740,Loewe,Tops,1079.78,0.0,0
7508,3741,Loewe,Beauty,371.1,0.0,0
7509,3741,Loewe,Bags,2187.73,0.0,0
7510,3742,H&M,Beauty,63.8,0.0,0
7511,3743,Prada,Bags,2406.98,195.64,1
7512,3744,H&M,Bags,52.02,6.06,1
7513,3745,Zara,Footwear,31.05,0.0,0
7514,3746,Zara,Dresses,67.75,0.0,0
7515,3747,Prada,Home,865.41,0.0,0
7516,3747,Prada,Swimwear,614.72,0.0,0
7517,3748,H&M,Activewear,70.25,0.0,0
7518,3748,H&M,Outerwear,38.96,0.0,0
7519,3749,Prada,Footwear,527.69,0.0,0
7520,3749,Prada,Accessories,557.21,0.0,0
7521,3750,H&M,Beauty,40.85,0.0,0
7522,3751,Gucci,Swimwear,1126.7,0.0,0
7523,3751,Gucci,Activewear,1215.49,0.0,0
7524,3752,Girlfriend Collective,Lingerie,105.95,14.17,1
7525,3752,Girlfriend Collective,Accessories,145.89,0.0,0
7526,3753,Urban Outfitters,Activewear,68.6,0.0,0
7527,3753,Urban Outfitters,Dresses,20.0,0.0,0
7528,3754,Urban Outfitters,Beauty,97.6,0.0,0
7529,3754,Urban Outfitters,Dresses,97.93,0.0,0
7530,3755,Loewe,Beauty,675.8,0.0,0
7531,3755,Loewe,Home,759.87,0.0,0
7532,3755,Loewe,Beauty,1145.62,0.0,0
7533,3756,Under Armour,Tops,30.0,0.0,0
7534,3756,Under Armour,Accessories,55.0,0.0,0
7535,3756,Under Armour,Home,151.12,0.0,0
7536,3757,Under Armour,Activewear,71.02,0.0,0
7537,3757,Under Armour,Dresses,75.32,0.0,0
7538,3757,Under Armour,Beauty,80.69,0.0,0
7539,3758,Shein,Activewear,40.72,10.61,1
7540,3758,Shein,Beauty,19.82,0.0,0
7541,3759,Urban Outfitters,Bags,25.24,6.3,1
7542,3759,Urban Outfitters,Footwear,74.78,25.08,1
7543,3759,Urban Outfitters,Dresses,98.99,0.0,0
7544,3760,Zara,Lingerie,118.7,6.59,1
7545,3761,Under Armour,Bags,67.99,0.0,0
7546,3761,Under Armour,Home,172.23,0.0,0
7547,3761,Under Armour,Lingerie,128.45,34.33,1
7548,3762,Under Armour,Lingerie,76.8,5.39,1
7549,3762,Under Armour,Bags,145.89,0.0,0
7550,3763,Urban Outfitters,Home,77.17,0.0,0
7551,3764,H&M,Dresses,61.56,9.47,1
7552,3764,H&M,Tops,20.39,0.0,0
7553,3764,H&M,Accessories,38.27,7.52,1
7554,3765,Urban Outfitters,Dresses,61.26,0.0,0
7555,3766,Loewe,Lingerie,609.05,0.0,0
7556,3766,Loewe,Jeans,1288.78,0.0,0
7557,3767,Loewe,Footwear,958.1,0.0,0
7558,3768,H&M,Home,118.24,0.0,0
7559,3768,H&M,Footwear,79.66,0.0,0
7560,3768,H&M,Dresses,57.94,0.0,0
7561,3769,H&M,Jeans,23.79,0.0,0
7562,3769,H&M,Activewear,45.91,6.64,1
7563,3770,Prada,Dresses,1531.55,0.0,0
7564,3771,Girlfriend Collective,Tops,60.75,0.0,0
7565,3772,H&M,Swimwear,56.23,0.0,0
7566,3772,H&M,Home,75.12,0.0,0
7567,3772,H&M,Footwear,96.65,29.75,1
7568,3773,Zara,Tops,33.08,0.0,0
7569,3773,Zara,Footwear,32.79,0.0,0
7570,3773,Zara,Swimwear,98.54,0.0,0
7571,3774,Shein,Bags,16.04,3.62,1
7572,3775,Under Armour,Dresses,78.55,0.0,0
7573,3775,Under Armour,Dresses,30.0,2.84,1
7574,3775,Under Armour,Footwear,31.14,7.72,1
7575,3776,Girlfriend Collective,Dresses,107.99,16.03,1
7576,3777,Prada,Lingerie,680.1,0.0,0
7577,3777,Prada,Outerwear,3516.97,0.0,0
7578,3778,H&M,Jeans,88.28,27.09,1
7579,3778,H&M,Swimwear,88.28,0.0,0
7580,3778,H&M,Swimwear,36.54,0.0,0
7581,3779,Zara,Activewear,79.47,0.0,0
7582,3780,Loewe,Bags,1946.05,0.0,0
7583,3781,Urban Outfitters,Swimwear,78.65,12.8,1
7584,3781,Urban Outfitters,Swimwear,61.76,21.53,1
7585,3781,Urban Outfitters,Activewear,82.67,0.0,0
7586,3782,H&M,Swimwear,125.67,0.0,0
7587,3782,H&M,Swimwear,62.04,0.0,0
7588,3783,Urban Outfitters,Beauty,20.0,0.0,0
7589,3783,Urban Outfitters,Swimwear,101.99,11.93,1
7590,3784,Girlfriend Collective,Outerwear,67.81,0.0,0
7591,3784,Girlfriend Collective,Footwear,129.21,0.0,0
7592,3784,Girlfriend Collective,Bags,116.7,0.0,0
7593,3785,Loewe,Footwear,683.13,0.0,0
7594,3785,Loewe,Swimwear,634.07,0.0,0
7595,3786,Girlfriend Collective,Tops,91.67,0.0,0
7596,3786,Girlfriend Collective,Lingerie,71.54,0.0,0
7597,3786,Girlfriend Collective,Swimwear,74.5,0.0,0
7598,3787,Urban Outfitters,Swimwear,21.85,0.0,0
7599,3787,Urban Outfitters,Swimwear,85.25,0.0,0
7600,3787,Urban Outfitters,Activewear,60.29,0.0,0
7601,3788,H&M,Activewear,60.97,0.0,0
7602,3789,Urban Outfitters,Bags,20.0,6.34,1
7603,3789,Urban Outfitters,Activewear,74.49,0.0,0
7604,3789,Urban Outfitters,Dresses,86.74,24.86,1
7605,3790,Loewe,Footwear,666.62,0.0,0
7606,3790,Loewe,Tops,1227.84,0.0,0
7607,3790,Loewe,Activewear,837.97,0.0,0
7608,3791,Zara,Lingerie,68.8,13.07,1
7609,3791,Zara,Bags,100.31,0.0,0
7610,3792,Urban Outfitters,Lingerie,74.8,4.88,1
7611,3792,Urban Outfitters,Outerwear,20.0,0.0,0
7612,3792,Urban Outfitters,Swimwear,57.78,11.15,1
7613,3793,Prada,Home,811.84,0.0,0
7614,3793,Prada,Accessories,304.74,0.0,0
7615,3794,Shein,Tops,24.6,0.0,0
7616,3794,Shein,Jeans,45.53,0.0,0
7617,3795,Chanel,Accessories,300.0,0.0,0
7618,3796,H&M,Jeans,78.09,0.0,0
7619,3796,H&M,Lingerie,23.03,0.0,0
7620,3797,Shein,Footwear,30.31,10.41,1
7621,3797,Shein,Lingerie,19.77,0.0,0
7622,3797,Shein,Swimwear,32.03,0.0,0
7623,3798,Urban Outfitters,Bags,62.7,0.0,0
7624,3798,Urban Outfitters,Dresses,66.48,0.0,0
7625,3798,Urban Outfitters,Outerwear,126.58,0.0,0
7626,3799,Zara,Footwear,90.78,0.0,0
7627,3799,Zara,Home,87.99,0.0,0
7628,3799,Zara,Bags,66.64,0.0,0
7629,3800,H&M,Accessories,12.86,0.0,0
7630,3800,H&M,Lingerie,43.54,0.0,0
7631,3800,H&M,Activewear,51.82,17.84,1
7632,3801,Prada,Outerwear,3755.35,0.0,0
7633,3802,Girlfriend Collective,Lingerie,58.22,7.36,1
7634,3803,Shein,Tops,28.5,0.0,0
7635,3803,Shein,Tops,15.65,0.0,0
7636,3804,Chanel,Footwear,964.96,0.0,0
7637,3804,Chanel,Accessories,714.02,0.0,0
7638,3805,Shein,Accessories,11.97,4.17,1
7639,3805,Shein,Lingerie,22.75,0.0,0
7640,3806,H&M,Accessories,70.8,24.06,1
7641,3806,H&M,Tops,13.15,0.0,0
7642,3807,H&M,Dresses,50.35,16.0,1
7643,3807,H&M,Footwear,42.54,10.52,1
7644,3807,H&M,Swimwear,87.14,0.0,0
7645,3808,Shein,Footwear,28.32,0.0,0
7646,3809,Zara,Accessories,78.23,0.0,0
7647,3809,Zara,Bags,45.11,0.0,0
7648,3809,Zara,Accessories,79.96,0.0,0
7649,3810,Gucci,Home,1003.43,0.0,0
7650,3811,Urban Outfitters,Footwear,60.08,0.0,0
7651,3812,Under Armour,Outerwear,124.0,0.0,0
7652,3812,Under Armour,Outerwear,73.81,0.0,0
7653,3813,Chanel,Beauty,763.31,0.0,0
7654,3814,Prada,Bags,2055.91,0.0,0
7655,3815,Loewe,Home,1039.36,0.0,0
7656,3815,Loewe,Bags,2102.26,0.0,0
7657,3815,Loewe,Lingerie,582.52,0.0,0
7658,3816,H&M,Lingerie,29.17,0.0,0
7659,3817,Prada,Lingerie,1079.5,0.0,0
7660,3818,Girlfriend Collective,Activewear,36.77,0.0,0
7661,3818,Girlfriend Collective,Beauty,109.01,0.0,0
7662,3819,Prada,Activewear,961.4,0.0,0
7663,3819,Prada,Footwear,732.04,0.0,0
7664,3820,Under Armour,Bags,45.93,4.04,1
7665,3820,Under Armour,Lingerie,118.88,0.0,0
7666,3820,Under Armour,Accessories,72.55,0.0,0
7667,3821,Gucci,Lingerie,1217.86,0.0,0
7668,3821,Gucci,Lingerie,944.62,0.0,0
7669,3821,Gucci,Jeans,742.83,0.0,0
7670,3822,Under Armour,Lingerie,62.65,11.56,1
7671,3822,Under Armour,Bags,83.61,0.0,0
7672,3822,Under Armour,Swimwear,90.34,0.0,0
7673,3823,Under Armour,Beauty,134.06,0.0,0
7674,3824,Gucci,Lingerie,408.04,0.0,0
7675,3824,Gucci,Bags,2291.39,322.86,1
7676,3824,Gucci,Bags,2096.46,0.0,0
7677,3825,H&M,Bags,56.87,0.0,0
7678,3825,H&M,Jeans,67.66,0.0,0
7679,3826,Shein,Outerwear,5.0,0.0,0
7680,3826,Shein,Beauty,18.1,0.0,0
7681,3827,Gucci,Footwear,779.9,0.0,0
7682,3828,Zara,Home,31.93,0.0,0
7683,3828,Zara,Footwear,63.31,0.0,0
7684,3829,Loewe,Accessories,626.96,0.0,0
7685,3829,Loewe,Home,1039.84,0.0,0
7686,3829,Loewe,Tops,1325.66,0.0,0
7687,3830,Loewe,Beauty,771.73,0.0,0
7688,3831,Under Armour,Home,65.08,0.0,0
7689,3831,Under Armour,Accessories,92.82,0.0,0
7690,3831,Under Armour,Swimwear,98.41,0.0,0
7691,3832,Prada,Home,712.06,0.0,0
7692,3833,Zara,Lingerie,10.57,0.0,0
7693,3833,Zara,Jeans,48.56,0.0,0
7694,3834,Under Armour,Lingerie,133.13,0.0,0
7695,3834,Under Armour,Activewear,80.76,0.0,0
7696,3834,Under Armour,Tops,58.45,0.0,0
7697,3835,Urban Outfitters,Bags,65.62,0.0,0
7698,3836,Zara,Accessories,70.35,0.0,0
7699,3837,Urban Outfitters,Accessories,133.57,0.0,0
7700,3837,Urban Outfitters,Beauty,104.87,0.0,0
7701,3837,Urban Outfitters,Footwear,74.02,0.0,0
7702,3838,Urban Outfitters,Footwear,79.74,0.0,0
7703,3839,Girlfriend Collective,Activewear,115.44,28.97,1
7704,3840,Zara,Outerwear,29.37,0.0,0
7705,3840,Zara,Tops,48.96,16.36,1
7706,3840,Zara,Outerwear,83.01,24.85,1
7707,3841,Girlfriend Collective,Swimwear,68.67,17.79,1
7708,3842,H&M,Jeans,54.85,0.0,0
7709,3842,H&M,Accessories,57.61,0.0,0
7710,3842,H&M,Activewear,83.83,6.88,1
7711,3843,Zara,Lingerie,72.83,0.0,0
7712,3843,Zara,Beauty,95.01,27.83,1
7713,3844,Girlfriend Collective,Accessories,60.9,0.0,0
7714,3844,Girlfriend Collective,Lingerie,89.26,0.0,0
7715,3845,Under Armour,Home,132.41,0.0,0
7716,3846,Under Armour,Accessories,30.0,7.98,1
7717,3846,Under Armour,Outerwear,118.22,0.0,0
7718,3847,Chanel,Home,712.42,0.0,0
7719,3848,Chanel,Bags,8242.04,0.0,0
7720,3849,Shein,Footwear,24.45,4.34,1
7721,3849,Shein,Lingerie,24.58,7.58,1
7722,3850,Chanel,Accessories,494.91,0.0,0
7723,3851,Chanel,Swimwear,664.66,0.0,0
7724,3851,Chanel,Lingerie,763.14,0.0,0
7725,3851,Chanel,Swimwear,634.91,0.0,0
7726,3852,Urban Outfitters,Swimwear,72.75,0.0,0
7727,3852,Urban Outfitters,Dresses,102.44,5.68,1
7728,3853,Prada,Footwear,1136.47,0.0,0
7729,3853,Prada,Dresses,1530.28,0.0,0
7730,3854,Girlfriend Collective,Jeans,31.14,1.75,1
7731,3855,Gucci,Dresses,1739.99,0.0,0
7732,3855,Gucci,Activewear,854.89,0.0,0
7733,3855,Gucci,Bags,2275.38,0.0,0
7734,3856,Urban Outfitters,Outerwear,92.99,0.0,0
7735,3857,H&M,Activewear,59.78,0.0,0
7736,3857,H&M,Beauty,55.68,17.52,1
7737,3857,H&M,Swimwear,28.66,0.0,0
7738,3858,Loewe,Activewear,649.69,0.0,0
7739,3859,Zara,Dresses,53.84,0.0,0
7740,3860,Loewe,Activewear,639.41,213.0,1
7741,3860,Loewe,Activewear,665.65,0.0,0
7742,3861,H&M,Dresses,97.47,0.0,0
7743,3862,Zara,Lingerie,44.18,0.0,0
7744,3862,Zara,Home,42.97,0.0,0
7745,3862,Zara,Tops,46.16,0.0,0
7746,3863,Under Armour,Outerwear,124.16,0.0,0
7747,3863,Under Armour,Accessories,102.75,0.0,0
7748,3864,Prada,Activewear,567.28,0.0,0
7749,3864,Prada,Outerwear,3651.59,0.0,0
7750,3865,Loewe,Outerwear,3061.84,0.0,0
7751,3866,Loewe,Dresses,1966.86,0.0,0
7752,3866,Loewe,Lingerie,845.92,0.0,0
7753,3866,Loewe,Accessories,671.56,0.0,0
7754,3867,Girlfriend Collective,Home,64.22,0.0,0
7755,3868,Urban Outfitters,Outerwear,95.49,0.0,0
7756,3868,Urban Outfitters,Accessories,131.33,25.17,1
7757,3869,Zara,Outerwear,57.91,0.0,0
7758,3869,Zara,Lingerie,50.36,0.0,0
7759,3870,Gucci,Footwear,770.71,0.0,0
7760,3870,Gucci,Home,524.51,0.0,0
7761,3871,Gucci,Swimwear,1000.75,0.0,0
7762,3871,Gucci,Accessories,461.57,0.0,0
7763,3872,Under Armour,Footwear,90.86,0.0,0
7764,3872,Under Armour,Tops,91.1,0.0,0
7765,3872,Under Armour,Bags,112.01,0.0,0
7766,3873,Zara,Outerwear,53.79,7.52,1
7767,3873,Zara,Home,77.91,26.64,1
7768,3873,Zara,Jeans,60.88,0.0,0
7769,3874,Chanel,Dresses,1605.77,0.0,0
7770,3875,Girlfriend Collective,Accessories,70.26,0.0,0
7771,3875,Girlfriend Collective,Accessories,84.2,0.0,0
7772,3875,Girlfriend Collective,Bags,48.75,4.53,1
7773,3876,Shein,Bags,29.23,0.0,0
7774,3877,Girlfriend Collective,Accessories,105.62,0.0,0
7775,3878,Shein,Jeans,10.71,0.0,0
7776,3878,Shein,Lingerie,18.16,0.0,0
7777,3879,Chanel,Tops,1434.05,0.0,0
7778,3879,Chanel,Bags,9187.22,0.0,0
7779,3879,Chanel,Tops,1328.2,263.38,1
7780,3880,Shein,Home,12.57,0.0,0
7781,3881,Loewe,Outerwear,3545.82,0.0,0
7782,3881,Loewe,Footwear,783.79,0.0,0
7783,3881,Loewe,Dresses,1029.33,0.0,0
7784,3882,Gucci,Accessories,858.08,0.0,0
7785,3882,Gucci,Lingerie,552.39,0.0,0
7786,3883,Under Armour,Outerwear,111.23,37.28,1
7787,3884,Shein,Jeans,21.27,0.0,0
7788,3884,Shein,Bags,27.54,0.0,0
7789,3885,Loewe,Home,336.92,0.0,0
7790,3885,Loewe,Beauty,850.3,0.0,0
7791,3886,Under Armour,Outerwear,80.44,0.0,0
7792,3886,Under Armour,Accessories,75.5,0.0,0
7793,3887,Zara,Footwear,47.41,0.0,0
7794,3888,Urban Outfitters,Tops,49.96,0.0,0
7795,3888,Urban Outfitters,Tops,79.1,15.6,1
7796,3888,Urban Outfitters,Tops,72.69,0.0,0
7797,3889,Chanel,Home,941.18,0.0,0
7798,3889,Chanel,Activewear,1251.71,0.0,0
7799,3890,Shein,Bags,55.21,0.0,0
7800,3890,Shein,Accessories,20.97,0.0,0
7801,3891,Under Armour,Home,76.66,23.52,1
7802,3891,Under Armour,Jeans,53.12,0.0,0
7803,3892,Zara,Tops,70.54,0.0,0
7804,3893,Shein,Tops,28.8,0.0,0
7805,3893,Shein,Tops,32.01,0.0,0
7806,3893,Shein,Bags,14.99,0.0,0
7807,3894,Gucci,Activewear,1023.54,0.0,0
7808,3894,Gucci,Dresses,1249.12,0.0,0
7809,3894,Gucci,Beauty,739.02,123.31,1
7810,3895,Loewe,Home,866.06,0.0,0
7811,3896,Gucci,Accessories,586.25,0.0,0
7812,3896,Gucci,Beauty,799.22,0.0,0
7813,3897,Urban Outfitters,Beauty,43.67,7.07,1
7814,3897,Urban Outfitters,Outerwear,56.69,0.0,0
7815,3897,Urban Outfitters,Tops,95.24,0.0,0
7816,3898,Zara,Jeans,10.0,0.0,0
7817,3899,Prada,Outerwear,3562.02,0.0,0
7818,3899,Prada,Tops,1679.64,0.0,0
7819,3900,Prada,Lingerie,573.6,0.0,0
7820,3901,Shein,Swimwear,5.0,0.0,0
7821,3902,Urban Outfitters,Accessories,20.0,1.99,1
7822,3903,Zara,Activewear,44.85,7.23,1
7823,3903,Zara,Swimwear,40.83,0.0,0
7824,3904,H&M,Jeans,112.11,0.0,0
7825,3904,H&M,Dresses,10.0,0.0,0
7826,3905,H&M,Dresses,81.35,25.19,1
7827,3905,H&M,Swimwear,44.37,0.0,0
7828,3906,Gucci,Dresses,1394.66,0.0,0
7829,3906,Gucci,Bags,1627.62,0.0,0
7830,3907,H&M,Lingerie,30.25,0.0,0
7831,3907,H&M,Activewear,46.35,0.0,0
7832,3908,Chanel,Accessories,595.42,0.0,0
7833,3909,Zara,Lingerie,70.0,15.41,1
7834,3909,Zara,Beauty,48.34,0.0,0
7835,3910,Loewe,Accessories,732.15,0.0,0
7836,3910,Loewe,Bags,2210.31,0.0,0
7837,3911,Urban Outfitters,Outerwear,81.04,0.0,0
7838,3911,Urban Outfitters,Beauty,52.67,0.0,0
7839,3911,Urban Outfitters,Lingerie,83.87,15.02,1
7840,3912,Urban Outfitters,Accessories,49.55,0.0,0
7841,3913,Loewe,Home,874.28,0.0,0
7842,3913,Loewe,Footwear,1036.3,0.0,0
7843,3914,H&M,Lingerie,74.26,0.0,0
7844,3914,H&M,Outerwear,57.51,0.0,0
7845,3914,H&M,Beauty,54.0,0.0,0
7846,3915,Prada,Activewear,686.34,0.0,0
7847,3916,H&M,Activewear,72.82,8.49,1
7848,3917,Girlfriend Collective,Tops,92.21,0.0,0
7849,3917,Girlfriend Collective,Tops,112.37,0.0,0
7850,3918,H&M,Tops,73.74,0.0,0
7851,3919,Urban Outfitters,Bags,22.43,4.48,1
7852,3919,Urban Outfitters,Accessories,65.15,6.39,1
7853,3920,Loewe,Accessories,495.38,0.0,0
7854,3921,Zara,Swimwear,43.51,0.0,0
7855,3922,Prada,Lingerie,834.54,0.0,0
7856,3923,Urban Outfitters,Beauty,69.51,0.0,0
7857,3924,H&M,Lingerie,64.45,0.0,0
7858,3925,Urban Outfitters,Beauty,43.81,10.72,1
7859,3925,Urban Outfitters,Accessories,78.15,0.0,0
7860,3925,Urban Outfitters,Accessories,86.76,14.19,1
7861,3926,Urban Outfitters,Outerwear,57.71,0.0,0
7862,3927,Under Armour,Accessories,74.66,0.0,0
7863,3927,Under Armour,Accessories,99.15,0.0,0
7864,3928,Zara,Dresses,98.08,0.0,0
7865,3928,Zara,Bags,83.94,0.0,0
7866,3929,H&M,Tops,36.29,0.0,0
7867,3929,H&M,Swimwear,55.28,0.0,0
7868,3929,H&M,Swimwear,21.8,0.0,0
7869,3930,Loewe,Swimwear,878.92,0.0,0
7870,3930,Loewe,Swimwear,693.17,0.0,0
7871,3931,Under Armour,Bags,31.05,0.0,0
7872,3931,Under Armour,Jeans,30.0,0.0,0
7873,3931,Under Armour,Dresses,97.27,24.41,1
7874,3932,Chanel,Home,754.91,0.0,0
7875,3932,Chanel,Footwear,797.59,0.0,0
7876,3932,Chanel,Lingerie,663.19,0.0,0
7877,3933,Girlfriend Collective,Bags,73.22,0.0,0
7878,3933,Girlfriend Collective,Home,79.3,16.43,1
7879,3933,Girlfriend Collective,Footwear,117.48,0.0,0
7880,3934,H&M,Swimwear,75.88,0.0,0
7881,3934,H&M,Outerwear,81.37,0.0,0
7882,3934,H&M,Footwear,52.71,0.0,0
7883,3935,Zara,Bags,114.98,8.43,1
7884,3935,Zara,Dresses,70.29,0.0,0
7885,3935,Zara,Footwear,73.87,0.0,0
7886,3936,Under Armour,Home,64.03,0.0,0
7887,3936,Under Armour,Dresses,46.3,0.0,0
7888,3937,Zara,Footwear,51.31,0.0,0
7889,3938,Urban Outfitters,Swimwear,54.76,0.0,0
7890,3939,Chanel,Outerwear,3687.64,0.0,0
7891,3939,Chanel,Footwear,814.98,0.0,0
7892,3940,H&M,Lingerie,75.93,0.0,0
7893,3940,H&M,Beauty,10.0,0.0,0
7894,3940,H&M,Footwear,90.62,0.0,0
7895,3941,Zara,Swimwear,92.79,0.0,0
7896,3941,Zara,Bags,71.59,7.42,1
7897,3942,Zara,Accessories,43.6,0.0,0
7898,3942,Zara,Tops,21.98,0.0,0
7899,3942,Zara,Dresses,92.24,0.0,0
7900,3943,Under Armour,Home,136.89,0.0,0
7901,3943,Under Armour,Swimwear,65.55,0.0,0
7902,3944,Girlfriend Collective,Swimwear,100.18,0.0,0
7903,3945,Zara,Outerwear,61.01,0.0,0
7904,3945,Zara,Home,35.15,0.0,0
7905,3945,Zara,Accessories,64.24,0.0,0
7906,3946,Shein,Bags,27.71,0.0,0
7907,3946,Shein,Tops,23.75,0.0,0
7908,3947,Girlfriend Collective,Home,110.25,0.0,0
7909,3948,Zara,Beauty,39.56,0.0,0
7910,3949,H&M,Jeans,66.81,0.0,0
7911,3950,Girlfriend Collective,Lingerie,51.29,0.0,0
7912,3951,Under Armour,Tops,139.86,11.46,1
7913,3952,Shein,Home,9.93,0.66,1
7914,3952,Shein,Swimwear,5.0,0.0,0
7915,3953,Chanel,Home,1091.45,0.0,0
7916,3953,Chanel,Beauty,565.7,0.0,0
7917,3953,Chanel,Footwear,897.0,0.0,0
7918,3954,H&M,Jeans,81.57,28.35,1
7919,3955,H&M,Tops,52.16,0.0,0
7920,3955,H&M,Beauty,28.38,0.0,0
7921,3956,H&M,Outerwear,41.85,3.94,1
7922,3956,H&M,Tops,50.6,0.0,0
7923,3956,H&M,Jeans,50.73,0.0,0
7924,3957,Shein,Beauty,14.39,0.0,0
7925,3957,Shein,Accessories,27.01,0.0,0
7926,3957,Shein,Beauty,11.54,0.0,0
7927,3958,Loewe,Bags,2379.76,0.0,0
7928,3958,Loewe,Outerwear,3576.33,0.0,0
7929,3959,Under Armour,Lingerie,63.73,0.0,0
7930,3959,Under Armour,Home,113.79,0.0,0
7931,3959,Under Armour,Swimwear,117.03,0.0,0
7932,3960,Loewe,Home,950.98,0.0,0
7933,3960,Loewe,Home,624.39,0.0,0
7934,3960,Loewe,Footwear,1232.92,0.0,0
7935,3961,H&M,Accessories,69.86,0.0,0
7936,3962,Loewe,Beauty,1221.53,0.0,0
7937,3963,Chanel,Beauty,697.13,0.0,0
7938,3963,Chanel,Activewear,530.71,0.0,0
7939,3964,Girlfriend Collective,Accessories,91.47,0.0,0
7940,3964,Girlfriend Collective,Home,92.71,0.0,0
7941,3964,Girlfriend Collective,Home,91.75,32.03,1
7942,3965,Zara,Accessories,52.09,0.0,0
7943,3965,Zara,Bags,100.53,31.2,1
7944,3965,Zara,Activewear,46.27,0.0,0
7945,3966,Urban Outfitters,Beauty,81.14,0.0,0
7946,3966,Urban Outfitters,Tops,64.69,0.0,0
7947,3966,Urban Outfitters,Swimwear,65.91,0.0,0
7948,3967,H&M,Outerwear,68.5,6.07,1
7949,3967,H&M,Accessories,51.68,0.0,0
7950,3967,H&M,Lingerie,69.49,0.0,0
7951,3968,Under Armour,Tops,97.79,0.0,0
7952,3969,Shein,Home,24.33,0.0,0
7953,3969,Shein,Beauty,26.74,0.0,0
7954,3969,Shein,Footwear,15.51,0.0,0
7955,3970,Shein,Outerwear,23.43,7.28,1
7956,3970,Shein,Swimwear,17.94,0.0,0
7957,3971,Loewe,Lingerie,671.33,0.0,0
7958,3972,Shein,Swimwear,37.84,0.0,0
7959,3972,Shein,Outerwear,15.47,0.0,0
7960,3973,Zara,Home,72.52,0.0,0
7961,3973,Zara,Swimwear,30.31,7.31,1
7962,3973,Zara,Jeans,102.72,0.0,0
7963,3974,Loewe,Dresses,1121.31,0.0,0
7964,3974,Loewe,Bags,2262.52,0.0,0
7965,3974,Loewe,Lingerie,940.61,0.0,0
7966,3975,Urban Outfitters,Tops,88.4,0.0,0
7967,3975,Urban Outfitters,Footwear,34.67,0.0,0
7968,3976,Urban Outfitters,Jeans,56.47,0.0,0
7969,3977,H&M,Bags,72.79,24.55,1
7970,3977,H&M,Lingerie,52.79,0.0,0
7971,3978,Urban Outfitters,Home,130.4,0.0,0
7972,3978,Urban Outfitters,Bags,61.12,0.0,0
7973,3978,Urban Outfitters,Bags,20.0,0.0,0
7974,3979,Girlfriend Collective,Accessories,103.2,0.0,0
7975,3979,Girlfriend Collective,Accessories,102.37,0.0,0
7976,3979,Girlfriend Collective,Swimwear,43.5,0.0,0
7977,3980,Prada,Swimwear,580.24,0.0,0
7978,3980,Prada,Footwear,549.32,0.0,0
7979,3980,Prada,Jeans,1446.52,0.0,0
7980,3981,H&M,Dresses,67.52,0.0,0
7981,3981,H&M,Footwear,63.63,20.91,1
7982,3982,Shein,Home,19.02,6.44,1
7983,3982,Shein,Beauty,28.78,0.0,0
7984,3983,Girlfriend Collective,Footwear,47.6,0.0,0
7985,3983,Girlfriend Collective,Lingerie,54.32,0.0,0
7986,3984,Shein,Jeans,15.65,0.88,1
7987,3985,Urban Outfitters,Outerwear,50.37,0.0,0
7988,3985,Urban Outfitters,Footwear,51.85,0.0,0
7989,3986,Gucci,Dresses,1718.16,0.0,0
7990,3986,Gucci,Activewear,899.12,0.0,0
7991,3987,Zara,Home,45.69,14.62,1
7992,3987,Zara,Accessories,34.38,0.0,0
7993,3987,Zara,Jeans,31.43,0.0,0
7994,3988,Shein,Jeans,5.0,1.62,1
7995,3988,Shein,Lingerie,26.87,0.0,0
7996,3989,Gucci,Jeans,1458.13,0.0,0
7997,3989,Gucci,Swimwear,782.5,0.0,0
7998,3990,Shein,Activewear,12.62,0.0,0
7999,3990,Shein,Beauty,5.68,0.0,0
8000,3990,Shein,Lingerie,29.62,0.0,0
8001,3991,Shein,Lingerie,24.04,0.0,0
8002,3991,Shein,Accessories,22.91,2.95,1
8003,3991,Shein,Swimwear,16.41,0.0,0
8004,3992,Urban Outfitters,Dresses,68.5,0.0,0
8005,3992,Urban Outfitters,Activewear,47.53,0.0,0
8006,3992,Urban Outfitters,Swimwear,20.0,0.0,0
8007,3993,Shein,Swimwear,12.83,0.98,1
8008,3994,H&M,Accessories,70.86,0.0,0
8009,3994,H&M,Bags,42.54,0.0,0
8010,3994,H&M,Outerwear,24.29,0.0,0
8011,3995,Loewe,Lingerie,914.72,0.0,0
8012,3996,Gucci,Home,876.56,0.0,0
8013,3997,Loewe,Tops,1965.61,0.0,0
8014,3998,Urban Outfitters,Outerwear,52.05,0.0,0
8015,3998,Urban Outfitters,Beauty,97.79,0.0,0
8016,3998,Urban Outfitters,Footwear,93.57,0.0,0
8017,3999,Urban Outfitters,Dresses,43.65,0.0,0
8018,3999,Urban Outfitters,Tops,74.86,0.0,0
8019,4000,Zara,Lingerie,78.73,0.0,0
8020,4001,Shein,Beauty,22.37,3.92,1
8021,4001,Shein,Accessories,16.71,0.0,0
8022,4002,Zara,Footwear,71.92,22.48,1
8023,4003,Loewe,Swimwear,541.87,0.0,0
8024,4003,Loewe,Jeans,1117.04,0.0,0
8025,4003,Loewe,Lingerie,686.55,0.0,0
8026,4004,Prada,Dresses,2075.12,0.0,0
8027,4004,Prada,Accessories,660.65,0.0,0
8028,4005,Urban Outfitters,Tops,129.71,0.0,0
8029,4005,Urban Outfitters,Outerwear,54.69,10.28,1
8030,4006,Girlfriend Collective,Activewear,109.91,24.46,1
8031,4006,Girlfriend Collective,Accessories,52.89,0.0,0
8032,4006,Girlfriend Collective,Lingerie,142.07,0.0,0
8033,4007,Girlfriend Collective,Jeans,117.04,36.15,1
8034,4008,Under Armour,Swimwear,73.99,0.0,0
8035,4008,Under Armour,Bags,93.55,0.0,0
8036,4009,Gucci,Footwear,636.79,0.0,0
8037,4009,Gucci,Home,661.77,0.0,0
8038,4010,Urban Outfitters,Swimwear,47.75,12.36,1
8039,4010,Urban Outfitters,Tops,66.03,0.0,0
8040,4011,Zara,Lingerie,74.62,0.0,0
8041,4011,Zara,Dresses,66.64,0.0,0
8042,4012,Urban Outfitters,Home,110.56,0.0,0
8043,4013,Urban Outfitters,Swimwear,71.86,0.0,0
8044,4013,Urban Outfitters,Tops,81.8,0.0,0
8045,4013,Urban Outfitters,Jeans,81.64,0.0,0
8046,4014,Girlfriend Collective,Dresses,78.71,0.0,0
8047,4014,Girlfriend Collective,Tops,81.15,0.0,0
8048,4015,Girlfriend Collective,Lingerie,83.39,0.0,0
8049,4015,Girlfriend Collective,Bags,71.88,0.0,0
8050,4016,Prada,Dresses,700.0,0.0,0
8051,4016,Prada,Home,985.8,0.0,0
8052,4016,Prada,Accessories,531.01,0.0,0
8053,4017,Loewe,Tops,1398.32,0.0,0
8054,4017,Loewe,Outerwear,3240.95,0.0,0
8055,4017,Loewe,Footwear,969.04,0.0,0
8056,4018,H&M,Lingerie,48.29,0.0,0
8057,4019,Loewe,Beauty,889.74,0.0,0
8058,4019,Loewe,Beauty,791.39,0.0,0
8059,4019,Loewe,Lingerie,707.48,0.0,0
8060,4020,Girlfriend Collective,Dresses,55.91,0.0,0
8061,4020,Girlfriend Collective,Outerwear,79.78,0.0,0
8062,4020,Girlfriend Collective,Beauty,71.79,0.0,0
8063,4021,Urban Outfitters,Beauty,115.29,26.84,1
8064,4021,Urban Outfitters,Tops,116.97,0.0,0
8065,4022,Shein,Home,25.91,0.0,0
8066,4022,Shein,Jeans,49.16,0.0,0
8067,4022,Shein,Tops,13.87,0.0,0
8068,4023,Chanel,Home,790.8,0.0,0
8069,4023,Chanel,Jeans,1432.7,0.0,0
8070,4023,Chanel,Tops,1433.96,0.0,0
8071,4024,H&M,Accessories,86.08,13.28,1
8072,4024,H&M,Lingerie,91.24,0.0,0
8073,4024,H&M,Beauty,48.94,0.0,0
8074,4025,Zara,Lingerie,69.13,0.0,0
8075,4026,Loewe,Lingerie,747.34,0.0,0
8076,4027,Prada,Activewear,733.81,0.0,0
8077,4027,Prada,Jeans,2118.09,0.0,0
8078,4028,H&M,Lingerie,59.32,0.0,0
8079,4028,H&M,Jeans,47.5,0.0,0
8080,4029,Gucci,Activewear,1174.5,0.0,0
8081,4029,Gucci,Swimwear,852.78,0.0,0
8082,4030,H&M,Beauty,38.23,0.0,0
8083,4030,H&M,Accessories,73.19,0.0,0
8084,4031,Zara,Footwear,39.88,0.0,0
8085,4031,Zara,Jeans,71.97,0.0,0
8086,4031,Zara,Bags,62.14,0.0,0
8087,4032,Zara,Footwear,55.48,0.0,0
8088,4032,Zara,Jeans,63.65,0.0,0
8089,4033,Zara,Jeans,79.92,8.9,1
8090,4033,Zara,Home,70.98,0.0,0
8091,4033,Zara,Accessories,21.78,0.0,0
8092,4034,Urban Outfitters,Footwear,80.4,14.16,1
8093,4035,Chanel,Outerwear,3408.04,0.0,0
8094,4036,Urban Outfitters,Swimwear,71.37,11.68,1
8095,4036,Urban Outfitters,Home,100.08,0.0,0
8096,4036,Urban Outfitters,Home,175.04,18.69,1
8097,4037,Prada,Beauty,945.31,0.0,0
8098,4038,Urban Outfitters,Tops,56.25,0.0,0
8099,4038,Urban Outfitters,Jeans,20.0,0.0,0
8100,4038,Urban Outfitters,Accessories,111.38,12.35,1
8101,4039,Loewe,Tops,1819.81,0.0,0
8102,4039,Loewe,Activewear,638.41,0.0,0
8103,4040,Loewe,Outerwear,3910.68,0.0,0
8104,4041,Loewe,Home,997.11,0.0,0
8105,4041,Loewe,Accessories,538.4,0.0,0
8106,4042,Loewe,Lingerie,737.53,0.0,0
8107,4042,Loewe,Swimwear,934.86,273.57,1
8108,4042,Loewe,Activewear,1341.16,0.0,0
8109,4043,Chanel,Activewear,498.28,0.0,0
8110,4043,Chanel,Accessories,709.86,0.0,0
8111,4043,Chanel,Bags,9976.75,0.0,0
8112,4044,Gucci,Outerwear,3852.94,0.0,0
8113,4044,Gucci,Dresses,2207.97,0.0,0
8114,4045,Loewe,Tops,930.21,0.0,0
8115,4046,Gucci,Beauty,963.27,0.0,0
8116,4046,Gucci,Lingerie,634.32,0.0,0
8117,4047,Under Armour,Dresses,130.0,0.0,0
8118,4047,Under Armour,Tops,68.19,0.0,0
8119,4048,Shein,Accessories,20.8,0.0,0
8120,4049,Girlfriend Collective,Accessories,34.47,7.74,1
8121,4050,Chanel,Swimwear,833.75,0.0,0
8122,4050,Chanel,Dresses,1056.07,0.0,0
8123,4051,Girlfriend Collective,Accessories,110.93,0.0,0
8124,4051,Girlfriend Collective,Beauty,67.39,0.0,0
8125,4052,Chanel,Lingerie,393.66,0.0,0
8126,4052,Chanel,Activewear,663.91,0.0,0
8127,4053,Gucci,Dresses,1398.42,0.0,0
8128,4053,Gucci,Bags,2237.24,0.0,0
8129,4053,Gucci,Home,856.22,0.0,0
8130,4054,Zara,Swimwear,63.2,15.49,1
8131,4054,Zara,Beauty,76.3,0.0,0
8132,4055,Gucci,Jeans,1338.26,0.0,0
8133,4055,Gucci,Jeans,1393.47,0.0,0
8134,4056,Zara,Activewear,36.75,0.0,0
8135,4056,Zara,Home,70.55,0.0,0
8136,4056,Zara,Swimwear,100.05,14.14,1
8137,4057,H&M,Bags,55.35,0.0,0
8138,4057,H&M,Footwear,36.96,0.0,0
8139,4057,H&M,Swimwear,42.24,0.0,0
8140,4058,Under Armour,Tops,52.92,10.99,1
8141,4058,Under Armour,Outerwear,102.27,0.0,0
8142,4058,Under Armour,Dresses,129.03,0.0,0
8143,4059,Zara,Footwear,93.95,0.0,0
8144,4059,Zara,Outerwear,53.59,0.0,0
8145,4060,Chanel,Jeans,1126.38,0.0,0
8146,4061,Gucci,Outerwear,3383.63,0.0,0
8147,4062,Prada,Swimwear,1181.45,0.0,0
8148,4062,Prada,Swimwear,496.41,0.0,0
8149,4062,Prada,Tops,1833.76,0.0,0
8150,4063,Urban Outfitters,Bags,21.03,3.55,1
8151,4064,Under Armour,Dresses,37.32,0.0,0
8152,4065,Girlfriend Collective,Footwear,71.43,12.08,1
8153,4066,Zara,Tops,55.79,13.88,1
8154,4066,Zara,Jeans,15.57,3.42,1
8155,4066,Zara,Dresses,32.13,0.0,0
8156,4067,Prada,Accessories,771.16,0.0,0
8157,4067,Prada,Home,903.9,0.0,0
8158,4068,Urban Outfitters,Jeans,105.99,28.93,1
8159,4068,Urban Outfitters,Tops,80.79,0.0,0
8160,4069,Chanel,Home,695.59,0.0,0
8161,4070,Loewe,Tops,1404.3,0.0,0
8162,4070,Loewe,Home,843.18,0.0,0
8163,4071,H&M,Outerwear,75.37,0.0,0
8164,4071,H&M,Bags,17.09,5.36,1
8165,4071,H&M,Beauty,17.84,4.79,1
8166,4072,Zara,Tops,10.0,0.0,0
8167,4073,Prada,Jeans,1016.67,0.0,0
8168,4073,Prada,Bags,2136.03,0.0,0
8169,4073,Prada,Activewear,742.28,0.0,0
8170,4074,Shein,Lingerie,11.74,3.39,1
8171,4075,Zara,Lingerie,62.81,9.17,1
8172,4076,H&M,Outerwear,89.77,8.3,1
8173,4076,H&M,Bags,57.61,0.0,0
8174,4076,H&M,Home,98.31,0.0,0
8175,4077,Zara,Tops,50.66,0.0,0
8176,4077,Zara,Activewear,52.26,0.0,0
8177,4078,Under Armour,Home,47.95,0.0,0
8178,4078,Under Armour,Accessories,41.92,0.0,0
8179,4078,Under Armour,Beauty,87.23,6.92,1
8180,4079,Zara,Dresses,30.85,0.0,0
8181,4080,Urban Outfitters,Lingerie,20.0,3.92,1
8182,4081,Loewe,Home,579.41,0.0,0
8183,4082,Urban Outfitters,Tops,78.41,0.0,0
8184,4082,Urban Outfitters,Accessories,45.05,0.0,0
8185,4083,Loewe,Lingerie,1262.69,0.0,0
8186,4083,Loewe,Accessories,757.59,0.0,0
8187,4083,Loewe,Swimwear,783.94,0.0,0
8188,4084,H&M,Outerwear,56.9,0.0,0
8189,4085,Prada,Accessories,584.08,0.0,0
8190,4086,Urban Outfitters,Dresses,20.0,0.0,0
8191,4086,Urban Outfitters,Home,20.0,0.0,0
8192,4087,Loewe,Activewear,569.57,0.0,0
8193,4087,Loewe,Footwear,754.7,0.0,0
8194,4088,H&M,Lingerie,75.92,0.0,0
8195,4088,H&M,Home,58.44,0.0,0
8196,4088,H&M,Bags,75.04,10.85,1
8197,4089,Chanel,Outerwear,3300.29,0.0,0
8198,4089,Chanel,Dresses,1943.03,553.76,1
8199,4089,Chanel,Lingerie,685.76,0.0,0
8200,4090,H&M,Dresses,98.78,0.0,0
8201,4090,H&M,Beauty,36.28,0.0,0
8202,4090,H&M,Jeans,85.36,0.0,0
8203,4091,Shein,Tops,30.76,0.0,0
8204,4091,Shein,Jeans,24.64,2.49,1
8205,4092,Zara,Dresses,54.85,0.0,0
8206,4092,Zara,Jeans,39.15,0.0,0
8207,4092,Zara,Footwear,31.23,0.0,0
8208,4093,Zara,Dresses,104.96,0.0,0
8209,4094,Gucci,Swimwear,951.75,0.0,0
8210,4094,Gucci,Bags,1944.03,0.0,0
8211,4095,Girlfriend Collective,Tops,48.86,0.0,0
8212,4096,Girlfriend Collective,Accessories,70.6,0.0,0
8213,4096,Girlfriend Collective,Tops,42.97,0.0,0
8214,4097,Zara,Bags,77.87,0.0,0
8215,4097,Zara,Swimwear,79.58,0.0,0
8216,4098,Prada,Outerwear,3843.48,0.0,0
8217,4098,Prada,Home,497.24,0.0,0
8218,4098,Prada,Outerwear,3359.0,0.0,0
8219,4099,Urban Outfitters,Lingerie,79.83,0.0,0
8220,4100,H&M,Footwear,51.29,0.0,0
8221,4100,H&M,Outerwear,67.76,17.13,1
8222,4100,H&M,Footwear,81.57,0.0,0
8223,4101,Zara,Home,59.62,0.0,0
8224,4101,Zara,Footwear,79.31,0.0,0
8225,4101,Zara,Swimwear,76.89,0.0,0
8226,4102,Zara,Lingerie,82.29,0.0,0
8227,4103,H&M,Bags,28.59,1.56,1
8228,4103,H&M,Swimwear,60.36,3.98,1
8229,4104,H&M,Beauty,41.12,0.0,0
8230,4104,H&M,Lingerie,104.58,26.83,1
8231,4105,Shein,Dresses,24.33,0.0,0
8232,4105,Shein,Lingerie,18.63,0.0,0
8233,4106,Shein,Outerwear,19.17,3.47,1
8234,4106,Shein,Outerwear,25.83,4.82,1
8235,4106,Shein,Bags,38.79,9.43,1
8236,4107,Gucci,Accessories,641.49,0.0,0
8237,4107,Gucci,Footwear,500.0,0.0,0
8238,4108,Zara,Activewear,60.57,11.68,1
8239,4108,Zara,Outerwear,67.92,0.0,0
8240,4109,Girlfriend Collective,Lingerie,100.85,25.22,1
8241,4109,Girlfriend Collective,Footwear,120.65,0.0,0
8242,4109,Girlfriend Collective,Beauty,78.1,0.0,0
8243,4110,Chanel,Activewear,599.09,110.53,1
8244,4110,Chanel,Beauty,1170.52,0.0,0
8245,4111,Gucci,Dresses,725.95,0.0,0
8246,4111,Gucci,Tops,1590.0,0.0,0
8247,4111,Gucci,Dresses,1898.64,0.0,0
8248,4112,Chanel,Activewear,762.13,0.0,0
8249,4113,Chanel,Bags,9681.46,0.0,0
8250,4114,Loewe,Outerwear,3162.91,0.0,0
8251,4114,Loewe,Activewear,1007.26,0.0,0
8252,4114,Loewe,Bags,2453.23,0.0,0
8253,4115,H&M,Home,39.02,0.0,0
8254,4116,H&M,Outerwear,68.29,0.0,0
8255,4117,Shein,Footwear,34.49,0.0,0
8256,4117,Shein,Outerwear,13.1,0.0,0
8257,4118,Gucci,Swimwear,737.39,0.0,0
8258,4118,Gucci,Accessories,300.0,0.0,0
8259,4118,Gucci,Beauty,512.16,0.0,0
8260,4119,Under Armour,Dresses,71.93,0.0,0
8261,4120,Under Armour,Accessories,118.41,0.0,0
8262,4121,Prada,Dresses,1267.22,0.0,0
8263,4121,Prada,Tops,1580.15,0.0,0
8264,4122,Shein,Home,19.17,3.99,1
8265,4122,Shein,Accessories,17.8,1.99,1
8266,4123,Zara,Activewear,10.0,2.19,1
8267,4123,Zara,Swimwear,37.51,6.95,1
8268,4124,Under Armour,Outerwear,74.99,0.0,0
8269,4125,Gucci,Swimwear,504.34,0.0,0
8270,4125,Gucci,Outerwear,3453.18,0.0,0
8271,4125,Gucci,Dresses,1656.77,0.0,0
8272,4126,Under Armour,Bags,92.04,23.67,1
8273,4126,Under Armour,Swimwear,48.47,0.0,0
8274,4126,Under Armour,Activewear,94.54,0.0,0
8275,4127,Girlfriend Collective,Swimwear,71.18,5.16,1
8276,4127,Girlfriend Collective,Activewear,53.66,0.0,0
8277,4127,Girlfriend Collective,Footwear,81.37,0.0,0
8278,4128,Loewe,Activewear,994.67,0.0,0
8279,4129,Girlfriend Collective,Swimwear,86.85,0.0,0
8280,4130,H&M,Bags,38.39,0.0,0
8281,4130,H&M,Bags,28.05,9.09,1
8282,4130,H&M,Outerwear,65.62,0.0,0
8283,4131,Chanel,Lingerie,673.14,0.0,0
8284,4132,Under Armour,Activewear,135.52,0.0,0
8285,4132,Under Armour,Activewear,88.35,0.0,0
8286,4132,Under Armour,Footwear,72.37,0.0,0
8287,4133,Gucci,Jeans,1575.57,0.0,0
8288,4134,Urban Outfitters,Activewear,54.64,0.0,0
8289,4134,Urban Outfitters,Accessories,70.14,0.0,0
8290,4135,H&M,Beauty,47.86,0.0,0
8291,4136,Prada,Footwear,972.39,0.0,0
8292,4137,Loewe,Accessories,670.75,0.0,0
8293,4137,Loewe,Dresses,1842.22,0.0,0
8294,4137,Loewe,Accessories,538.22,0.0,0
8295,4138,Prada,Tops,2116.07,0.0,0
8296,4138,Prada,Dresses,1372.34,0.0,0
8297,4138,Prada,Tops,2148.54,0.0,0
8298,4139,Shein,Outerwear,14.83,0.0,0
8299,4139,Shein,Jeans,26.12,4.82,1
8300,4140,Urban Outfitters,Jeans,99.71,0.0,0
8301,4141,Chanel,Lingerie,963.34,0.0,0
8302,4142,Chanel,Swimwear,775.65,0.0,0
8303,4142,Chanel,Tops,1744.9,0.0,0
8304,4143,Chanel,Swimwear,770.06,0.0,0
8305,4143,Chanel,Accessories,543.05,0.0,0
8306,4143,Chanel,Beauty,982.57,0.0,0
8307,4144,Loewe,Outerwear,2943.07,0.0,0
8308,4144,Loewe,Bags,2735.55,0.0,0
8309,4144,Loewe,Swimwear,941.81,0.0,0
8310,4145,Under Armour,Dresses,75.86,0.0,0
8311,4145,Under Armour,Swimwear,89.75,0.0,0
8312,4146,Shein,Jeans,32.27,7.61,1
8313,4146,Shein,Tops,21.76,0.0,0
8314,4146,Shein,Outerwear,19.35,0.0,0
8315,4147,Urban Outfitters,Jeans,100.53,19.48,1
8316,4148,Gucci,Swimwear,571.54,0.0,0
8317,4148,Gucci,Accessories,473.67,0.0,0
8318,4148,Gucci,Activewear,694.88,0.0,0
8319,4149,Under Armour,Activewear,107.48,0.0,0
8320,4150,Zara,Dresses,71.25,0.0,0
8321,4150,Zara,Lingerie,20.18,0.0,0
8322,4151,Shein,Tops,36.76,0.0,0
8323,4152,Prada,Home,732.82,0.0,0
8324,4152,Prada,Activewear,1020.74,0.0,0
8325,4152,Prada,Jeans,2500.0,0.0,0
8326,4153,Gucci,Outerwear,4382.27,0.0,0
8327,4153,Gucci,Dresses,1396.66,0.0,0
8328,4153,Gucci,Footwear,841.69,0.0,0
8329,4154,Shein,Activewear,10.49,0.0,0
8330,4154,Shein,Dresses,31.7,0.0,0
8331,4155,Gucci,Tops,1141.37,0.0,0
8332,4155,Gucci,Footwear,928.36,0.0,0
8333,4156,H&M,Tops,32.08,0.0,0
8334,4156,H&M,Accessories,54.46,0.0,0
8335,4157,Zara,Bags,49.08,0.0,0
8336,4158,Shein,Accessories,23.5,0.0,0
8337,4158,Shein,Dresses,18.78,0.0,0
8338,4159,Gucci,Lingerie,886.87,0.0,0
8339,4159,Gucci,Bags,2485.46,0.0,0
8340,4160,Gucci,Swimwear,545.08,0.0,0
8341,4160,Gucci,Accessories,858.84,93.02,1
8342,4161,Girlfriend Collective,Accessories,90.3,0.0,0
8343,4161,Girlfriend Collective,Home,95.89,25.05,1
8344,4161,Girlfriend Collective,Dresses,85.36,0.0,0
8345,4162,H&M,Tops,88.44,30.45,1
8346,4162,H&M,Swimwear,78.11,0.0,0
8347,4162,H&M,Dresses,76.95,21.0,1
8348,4163,Girlfriend Collective,Jeans,69.36,0.0,0
8349,4164,Girlfriend Collective,Outerwear,79.6,0.0,0
8350,4164,Girlfriend Collective,Beauty,86.46,24.84,1
8351,4164,Girlfriend Collective,Home,99.42,0.0,0
8352,4165,Urban Outfitters,Accessories,51.01,0.0,0
8353,4165,Urban Outfitters,Bags,106.87,13.34,1
8354,4166,Shein,Activewear,21.93,0.0,0
8355,4166,Shein,Beauty,24.09,0.0,0
8356,4166,Shein,Tops,15.99,0.0,0
8357,4167,Urban Outfitters,Bags,65.35,0.0,0
8358,4167,Urban Outfitters,Beauty,69.97,0.0,0
8359,4168,Zara,Accessories,59.66,0.0,0
8360,4168,Zara,Dresses,33.96,0.0,0
8361,4168,Zara,Footwear,72.05,0.0,0
8362,4169,H&M,Outerwear,66.18,0.0,0
8363,4169,H&M,Tops,30.73,0.0,0
8364,4169,H&M,Home,85.11,0.0,0
8365,4170,Under Armour,Swimwear,37.39,11.3,1
8366,4170,Under Armour,Accessories,71.22,0.0,0
8367,4170,Under Armour,Activewear,89.47,0.0,0
8368,4171,Gucci,Accessories,552.94,0.0,0
8369,4171,Gucci,Lingerie,671.1,0.0,0
8370,4171,Gucci,Swimwear,583.49,0.0,0
8371,4172,Under Armour,Outerwear,61.37,15.82,1
8372,4173,Girlfriend Collective,Outerwear,30.0,0.0,0
8373,4173,Girlfriend Collective,Bags,88.33,0.0,0
8374,4173,Girlfriend Collective,Tops,46.16,0.0,0
8375,4174,Shein,Bags,15.53,0.0,0
8376,4175,Zara,Jeans,52.84,0.0,0
8377,4175,Zara,Tops,53.14,0.0,0
8378,4175,Zara,Lingerie,22.62,1.97,1
8379,4176,Zara,Jeans,71.35,0.0,0
8380,4176,Zara,Activewear,63.2,0.0,0
8381,4176,Zara,Lingerie,73.73,0.0,0
8382,4177,Under Armour,Bags,77.13,20.51,1
8383,4177,Under Armour,Tops,92.03,20.5,1
8384,4178,Loewe,Bags,2126.1,0.0,0
8385,4178,Loewe,Home,722.26,0.0,0
8386,4179,H&M,Bags,104.68,17.9,1
8387,4179,H&M,Accessories,70.26,0.0,0
8388,4180,Urban Outfitters,Activewear,78.44,0.0,0
8389,4181,Zara,Jeans,80.4,0.0,0
8390,4182,Chanel,Swimwear,969.98,0.0,0
8391,4182,Chanel,Lingerie,878.92,0.0,0
8392,4182,Chanel,Footwear,1123.02,0.0,0
8393,4183,H&M,Activewear,37.25,0.0,0
8394,4183,H&M,Activewear,37.66,0.0,0
8395,4184,H&M,Beauty,71.92,0.0,0
8396,4185,Prada,Jeans,1822.77,0.0,0
8397,4185,Prada,Activewear,941.71,0.0,0
8398,4185,Prada,Jeans,2020.23,0.0,0
8399,4186,Shein,Footwear,19.39,4.65,1
8400,4186,Shein,Swimwear,27.44,0.0,0
8401,4187,Loewe,Jeans,2077.19,0.0,0
8402,4187,Loewe,Dresses,1408.99,0.0,0
8403,4187,Loewe,Jeans,1125.57,0.0,0
8404,4188,Loewe,Bags,2577.3,0.0,0
8405,4188,Loewe,Home,561.14,0.0,0
8406,4188,Loewe,Accessories,687.12,0.0,0
8407,4189,Urban Outfitters,Lingerie,75.9,0.0,0
8408,4189,Urban Outfitters,Activewear,67.02,20.02,1
8409,4189,Urban Outfitters,Lingerie,63.45,0.0,0
8410,4190,Under Armour,Footwear,92.81,0.0,0
8411,4190,Under Armour,Dresses,30.0,0.0,0
8412,4191,H&M,Outerwear,62.8,7.17,1
8413,4191,H&M,Outerwear,120.67,29.59,1
8414,4192,Girlfriend Collective,Jeans,103.37,24.85,1
8415,4192,Girlfriend Collective,Footwear,99.37,0.0,0
8416,4193,Gucci,Beauty,629.27,0.0,0
8417,4194,Urban Outfitters,Accessories,43.22,0.0,0
8418,4195,Prada,Lingerie,588.21,0.0,0
8419,4195,Prada,Lingerie,918.09,0.0,0
8420,4195,Prada,Beauty,406.69,0.0,0
8421,4196,Prada,Outerwear,3978.01,0.0,0
8422,4196,Prada,Beauty,760.6,0.0,0
8423,4196,Prada,Jeans,2036.84,0.0,0
8424,4197,Urban Outfitters,Dresses,64.88,0.0,0
8425,4197,Urban Outfitters,Swimwear,107.13,0.0,0
8426,4197,Urban Outfitters,Footwear,66.5,0.0,0
8427,4198,Urban Outfitters,Lingerie,52.81,16.41,1
8428,4198,Urban Outfitters,Tops,91.67,0.0,0
8429,4199,H&M,Beauty,76.18,0.0,0
8430,4199,H&M,Accessories,50.87,0.0,0
8431,4200,Urban Outfitters,Beauty,43.14,0.0,0
8432,4201,Girlfriend Collective,Footwear,78.67,0.0,0
8433,4201,Girlfriend Collective,Activewear,104.77,0.0,0
8434,4201,Girlfriend Collective,Footwear,126.7,6.38,1
8435,4202,Shein,Lingerie,29.27,0.0,0
8436,4203,Chanel,Beauty,1275.84,287.49,1
8437,4203,Chanel,Home,721.36,0.0,0
8438,4204,Loewe,Bags,2260.42,0.0,0
8439,4204,Loewe,Beauty,779.52,0.0,0
8440,4204,Loewe,Tops,1390.18,0.0,0
8441,4205,Gucci,Accessories,673.59,0.0,0
8442,4206,Chanel,Accessories,562.21,0.0,0
8443,4206,Chanel,Outerwear,2973.17,0.0,0
8444,4206,Chanel,Accessories,694.96,0.0,0
8445,4207,Under Armour,Lingerie,82.99,0.0,0
8446,4207,Under Armour,Dresses,99.33,25.29,1
8447,4207,Under Armour,Swimwear,75.66,0.0,0
8448,4208,Under Armour,Swimwear,48.0,0.0,0
8449,4209,Zara,Activewear,19.88,0.0,0
8450,4209,Zara,Activewear,66.18,20.26,1
8451,4209,Zara,Lingerie,56.8,0.0,0
8452,4210,Gucci,Home,901.82,0.0,0
8453,4210,Gucci,Outerwear,2594.93,0.0,0
8454,4210,Gucci,Jeans,885.11,0.0,0
8455,4211,H&M,Jeans,18.32,0.0,0
8456,4212,Under Armour,Tops,107.9,0.0,0
8457,4212,Under Armour,Tops,73.21,0.0,0
8458,4213,Prada,Jeans,1619.14,275.44,1
8459,4213,Prada,Tops,1748.25,0.0,0
8460,4213,Prada,Activewear,628.95,0.0,0
8461,4214,Loewe,Bags,2261.05,0.0,0
8462,4214,Loewe,Lingerie,652.29,0.0,0
8463,4215,Prada,Tops,1877.24,0.0,0
8464,4215,Prada,Beauty,578.82,0.0,0
8465,4216,H&M,Tops,42.51,0.0,0
8466,4217,Girlfriend Collective,Dresses,64.13,0.0,0
8467,4217,Girlfriend Collective,Beauty,85.59,0.0,0
8468,4217,Girlfriend Collective,Accessories,89.11,21.53,1
8469,4218,Zara,Tops,45.76,0.0,0
8470,4219,Zara,Accessories,88.04,0.0,0
8471,4219,Zara,Swimwear,24.42,8.21,1
8472,4220,H&M,Dresses,52.78,0.0,0
8473,4220,H&M,Activewear,82.61,12.32,1
8474,4221,Prada,Outerwear,3618.67,0.0,0
8475,4221,Prada,Accessories,783.36,0.0,0
8476,4222,Under Armour,Outerwear,83.87,25.77,1
8477,4223,Urban Outfitters,Jeans,35.04,0.0,0
8478,4224,Loewe,Dresses,844.35,54.44,1
8479,4224,Loewe,Tops,1235.62,0.0,0
8480,4225,Loewe,Swimwear,672.2,0.0,0
8481,4225,Loewe,Dresses,1359.95,0.0,0
8482,4225,Loewe,Dresses,1821.77,342.02,1
8483,4226,Urban Outfitters,Home,155.47,12.66,1
8484,4226,Urban Outfitters,Bags,117.96,18.1,1
8485,4226,Urban Outfitters,Outerwear,30.66,0.0,0
8486,4227,Under Armour,Bags,86.66,0.0,0
8487,4227,Under Armour,Lingerie,125.78,14.79,1
8488,4228,Prada,Beauty,521.02,0.0,0
8489,4228,Prada,Bags,2341.69,0.0,0
8490,4229,Gucci,Swimwear,419.92,0.0,0
8491,4229,Gucci,Footwear,832.47,0.0,0
8492,4230,Shein,Activewear,30.05,0.0,0
8493,4231,Girlfriend Collective,Jeans,63.4,11.98,1
8494,4231,Girlfriend Collective,Tops,86.79,14.56,1
8495,4231,Girlfriend Collective,Footwear,80.16,0.0,0
8496,4232,Gucci,Accessories,358.77,0.0,0
8497,4232,Gucci,Accessories,497.84,0.0,0
8498,4232,Gucci,Footwear,1036.68,0.0,0
8499,4233,H&M,Swimwear,57.79,11.12,1
8500,4233,H&M,Accessories,62.6,0.0,0
8501,4234,Under Armour,Home,122.55,0.0,0
8502,4235,Prada,Dresses,876.4,0.0,0
8503,4236,Shein,Tops,28.81,0.0,0
8504,4237,H&M,Jeans,51.76,0.0,0
8505,4238,Under Armour,Beauty,94.98,0.0,0
8506,4239,Loewe,Dresses,1003.2,0.0,0
8507,4240,Prada,Dresses,1281.54,0.0,0
8508,4240,Prada,Tops,2223.57,0.0,0
8509,4241,Zara,Outerwear,41.73,8.0,1
8510,4241,Zara,Footwear,37.5,0.0,0
8511,4241,Zara,Accessories,33.57,0.0,0
8512,4242,Shein,Footwear,29.42,5.53,1
8513,4243,Gucci,Beauty,975.62,0.0,0
8514,4244,Girlfriend Collective,Tops,104.46,10.27,1
8515,4244,Girlfriend Collective,Beauty,96.61,18.76,1
8516,4245,Girlfriend Collective,Lingerie,81.06,0.0,0
8517,4246,Gucci,Footwear,652.66,0.0,0
8518,4247,Zara,Beauty,60.25,0.0,0
8519,4248,Chanel,Dresses,1319.15,0.0,0
8520,4248,Chanel,Beauty,1121.33,0.0,0
8521,4249,Zara,Outerwear,51.03,4.48,1
8522,4249,Zara,Lingerie,49.6,0.0,0
8523,4249,Zara,Accessories,18.67,5.05,1
8524,4250,Chanel,Accessories,438.2,0.0,0
8525,4250,Chanel,Activewear,681.23,224.15,1
8526,4250,Chanel,Tops,1110.47,0.0,0
8527,4251,Loewe,Lingerie,549.41,0.0,0
8528,4251,Loewe,Footwear,1208.77,0.0,0
8529,4252,Girlfriend Collective,Outerwear,39.25,0.0,0
8530,4253,Chanel,Accessories,651.5,0.0,0
8531,4253,Chanel,Bags,8957.62,0.0,0
8532,4254,Shein,Jeans,24.82,0.0,0
8533,4254,Shein,Jeans,45.38,0.0,0
8534,4255,H&M,Beauty,23.85,7.26,1
8535,4255,H&M,Accessories,83.69,0.0,0
8536,4255,H&M,Home,35.37,0.0,0
8537,4256,Zara,Accessories,10.0,1.93,1
8538,4257,Prada,Footwear,826.3,0.0,0
8539,4258,Loewe,Outerwear,3807.61,1101.31,1
8540,4259,Zara,Accessories,10.0,0.0,0
8541,4259,Zara,Jeans,24.29,0.0,0
8542,4260,Loewe,Accessories,783.35,0.0,0
8543,4261,H&M,Activewear,57.08,0.0,0
8544,4262,Shein,Bags,41.61,9.9,1
8545,4262,Shein,Tops,25.29,0.0,0
8546,4262,Shein,Bags,32.71,0.0,0
8547,4263,Urban Outfitters,Swimwear,75.73,0.0,0
8548,4263,Urban Outfitters,Dresses,80.24,20.06,1
8549,4264,Urban Outfitters,Swimwear,107.91,0.0,0
8550,4264,Urban Outfitters,Footwear,76.74,0.0,0
8551,4265,Loewe,Jeans,1894.96,0.0,0
8552,4265,Loewe,Swimwear,1041.4,0.0,0
8553,4266,Gucci,Dresses,1664.17,0.0,0
8554,4266,Gucci,Outerwear,3722.75,0.0,0
8555,4267,Girlfriend Collective,Beauty,51.98,12.8,1
8556,4267,Girlfriend Collective,Beauty,80.53,0.0,0
8557,4267,Girlfriend Collective,Lingerie,82.21,0.0,0
8558,4268,Prada,Beauty,1071.81,0.0,0
8559,4268,Prada,Swimwear,423.96,0.0,0
8560,4268,Prada,Home,712.65,56.81,1
8561,4269,H&M,Bags,66.63,0.0,0
8562,4269,H&M,Accessories,90.44,0.0,0
8563,4270,Prada,Beauty,738.81,0.0,0
8564,4271,H&M,Tops,94.01,0.0,0
8565,4271,H&M,Swimwear,100.55,0.0,0
8566,4271,H&M,Jeans,74.09,0.0,0
8567,4272,Prada,Lingerie,798.09,0.0,0
8568,4272,Prada,Swimwear,787.04,0.0,0
8569,4272,Prada,Jeans,1293.76,0.0,0
8570,4273,Zara,Accessories,52.11,0.0,0
8571,4274,Under Armour,Activewear,71.79,0.0,0
8572,4275,Zara,Tops,64.02,0.0,0
8573,4275,Zara,Tops,43.49,0.0,0
8574,4276,Prada,Swimwear,959.37,249.15,1
8575,4276,Prada,Tops,1413.65,0.0,0
8576,4276,Prada,Bags,2162.08,0.0,0
8577,4277,Girlfriend Collective,Beauty,80.61,0.0,0
8578,4277,Girlfriend Collective,Tops,67.1,0.0,0
8579,4277,Girlfriend Collective,Tops,80.16,0.0,0
8580,4278,Under Armour,Jeans,100.48,26.35,1
8581,4279,Zara,Outerwear,18.87,5.76,1
8582,4279,Zara,Lingerie,96.43,0.0,0
8583,4280,Prada,Jeans,1084.57,0.0,0
8584,4280,Prada,Lingerie,894.37,0.0,0
8585,4280,Prada,Outerwear,3204.6,0.0,0
8586,4281,Shein,Outerwear,25.93,0.0,0
8587,4282,Girlfriend Collective,Lingerie,87.79,0.0,0
8588,4282,Girlfriend Collective,Dresses,86.12,7.94,1
8589,4283,Shein,Swimwear,21.54,0.0,0
8590,4283,Shein,Swimwear,20.53,0.0,0
8591,4283,Shein,Accessories,15.07,0.0,0
8592,4284,H&M,Tops,51.13,0.0,0
8593,4284,H&M,Bags,55.76,0.0,0
8594,4284,H&M,Home,103.39,0.0,0
8595,4285,Zara,Lingerie,87.19,0.0,0
8596,4285,Zara,Beauty,71.9,0.0,0
8597,4285,Zara,Outerwear,94.7,18.03,1
8598,4286,Zara,Swimwear,56.39,0.0,0
8599,4286,Zara,Outerwear,49.95,0.0,0
8600,4286,Zara,Swimwear,113.03,8.06,1
8601,4287,Girlfriend Collective,Outerwear,84.15,0.0,0
8602,4287,Girlfriend Collective,Outerwear,74.42,0.0,0
8603,4287,Girlfriend Collective,Outerwear,67.85,0.0,0
8604,4288,Urban Outfitters,Swimwear,59.56,0.0,0
8605,4288,Urban Outfitters,Home,114.56,0.0,0
8606,4288,Urban Outfitters,Bags,53.84,0.0,0
8607,4289,Shein,Dresses,16.78,0.0,0
8608,4290,Loewe,Beauty,690.65,0.0,0
8609,4290,Loewe,Footwear,920.49,0.0,0
8610,4290,Loewe,Lingerie,941.75,0.0,0
8611,4291,Under Armour,Home,122.61,0.0,0
8612,4291,Under Armour,Lingerie,159.3,0.0,0
8613,4291,Under Armour,Dresses,88.75,0.0,0
8614,4292,Gucci,Jeans,1540.44,0.0,0
8615,4292,Gucci,Outerwear,3588.42,0.0,0
8616,4293,Girlfriend Collective,Jeans,78.97,0.0,0
8617,4294,Urban Outfitters,Bags,99.68,0.0,0
8618,4294,Urban Outfitters,Home,154.93,0.0,0
8619,4294,Urban Outfitters,Tops,20.0,0.0,0
8620,4295,Prada,Swimwear,421.2,0.0,0
8621,4295,Prada,Bags,2090.23,0.0,0
8622,4296,Urban Outfitters,Swimwear,48.96,0.0,0
8623,4296,Urban Outfitters,Dresses,83.28,0.0,0
8624,4296,Urban Outfitters,Tops,55.27,14.22,1
8625,4297,Girlfriend Collective,Beauty,81.67,0.0,0
8626,4297,Girlfriend Collective,Swimwear,73.41,9.49,1
8627,4298,Zara,Footwear,24.98,0.0,0
8628,4299,Urban Outfitters,Accessories,73.34,0.0,0
8629,4300,Shein,Footwear,35.45,0.0,0
8630,4300,Shein,Jeans,26.6,0.0,0
8631,4301,Prada,Tops,895.75,0.0,0
8632,4301,Prada,Accessories,509.47,0.0,0
8633,4302,Girlfriend Collective,Swimwear,55.94,0.0,0
8634,4302,Girlfriend Collective,Tops,48.63,5.0,1
8635,4303,Girlfriend Collective,Activewear,102.34,18.77,1
8636,4303,Girlfriend Collective,Footwear,60.59,7.86,1
8637,4304,Urban Outfitters,Dresses,74.16,0.0,0
8638,4304,Urban Outfitters,Footwear,104.85,26.2,1
8639,4305,Urban Outfitters,Lingerie,65.81,0.0,0
8640,4305,Urban Outfitters,Dresses,37.24,0.0,0
8641,4306,Girlfriend Collective,Swimwear,92.32,0.0,0
8642,4307,Under Armour,Jeans,81.21,0.0,0
8643,4308,Prada,Jeans,866.55,0.0,0
8644,4308,Prada,Beauty,893.3,0.0,0
8645,4308,Prada,Home,554.4,0.0,0
8646,4309,Chanel,Bags,8734.74,0.0,0
8647,4309,Chanel,Outerwear,3240.61,0.0,0
8648,4310,Prada,Lingerie,599.36,0.0,0
8649,4310,Prada,Swimwear,738.31,0.0,0
8650,4310,Prada,Bags,2535.2,0.0,0
8651,4311,Under Armour,Bags,99.67,0.0,0
8652,4311,Under Armour,Activewear,78.28,0.0,0
8653,4312,Chanel,Swimwear,974.3,0.0,0
8654,4312,Chanel,Accessories,556.2,0.0,0
8655,4312,Chanel,Home,506.62,0.0,0
8656,4313,Urban Outfitters,Footwear,72.24,0.0,0
8657,4313,Urban Outfitters,Swimwear,20.0,0.0,0
8658,4313,Urban Outfitters,Lingerie,59.49,0.0,0
8659,4314,Loewe,Lingerie,1012.37,0.0,0
8660,4314,Loewe,Tops,1658.83,0.0,0
8661,4315,Loewe,Footwear,971.31,0.0,0
8662,4316,H&M,Swimwear,58.91,0.0,0
8663,4316,H&M,Footwear,61.45,0.0,0
8664,4316,H&M,Bags,56.1,0.0,0
8665,4317,Girlfriend Collective,Swimwear,76.86,4.64,1
8666,4317,Girlfriend Collective,Activewear,76.03,0.0,0
8667,4318,Shein,Dresses,30.26,3.66,1
8668,4318,Shein,Footwear,21.73,0.0,0
8669,4319,Gucci,Swimwear,611.04,0.0,0
8670,4319,Gucci,Outerwear,3042.96,0.0,0
8671,4319,Gucci,Dresses,1375.96,0.0,0
8672,4320,Zara,Footwear,71.75,20.45,1
8673,4321,Zara,Home,43.02,4.8,1
8674,4321,Zara,Outerwear,56.2,0.0,0
8675,4322,H&M,Tops,67.72,0.0,0
8676,4322,H&M,Accessories,65.33,9.08,1
8677,4323,Girlfriend Collective,Jeans,66.79,0.0,0
8678,4324,Chanel,Outerwear,3624.96,0.0,0
8679,4324,Chanel,Beauty,612.65,0.0,0
8680,4325,Gucci,Jeans,1784.35,0.0,0
8681,4325,Gucci,Outerwear,3492.72,0.0,0
8682,4326,Urban Outfitters,Activewear,25.29,0.0,0
8683,4326,Urban Outfitters,Footwear,20.0,5.38,1
8684,4326,Urban Outfitters,Outerwear,64.13,0.0,0
8685,4327,Girlfriend Collective,Home,81.32,0.0,0
8686,4328,Zara,Outerwear,86.37,12.6,1
8687,4329,Gucci,Dresses,700.0,0.0,0
8688,4330,Zara,Swimwear,70.66,0.0,0
8689,4330,Zara,Bags,68.11,0.0,0
8690,4330,Zara,Jeans,87.3,5.71,1
8691,4331,Urban Outfitters,Activewear,104.59,16.71,1
8692,4331,Urban Outfitters,Accessories,52.99,8.54,1
8693,4331,Urban Outfitters,Dresses,39.39,0.0,0
8694,4332,Girlfriend Collective,Outerwear,64.13,0.0,0
8695,4332,Girlfriend Collective,Lingerie,70.44,0.0,0
8696,4333,Urban Outfitters,Activewear,95.63,0.0,0
8697,4334,Urban Outfitters,Tops,114.12,0.0,0
8698,4334,Urban Outfitters,Tops,133.47,0.0,0
8699,4335,H&M,Tops,37.84,0.0,0
8700,4335,H&M,Accessories,62.15,0.0,0
8701,4336,Shein,Lingerie,29.1,0.0,0
8702,4336,Shein,Jeans,47.01,6.43,1
8703,4337,H&M,Activewear,45.14,0.0,0
8704,4337,H&M,Dresses,99.53,0.0,0
8705,4338,Chanel,Accessories,541.8,0.0,0
8706,4339,Prada,Jeans,2064.6,0.0,0
8707,4339,Prada,Swimwear,831.21,0.0,0
8708,4339,Prada,Jeans,1259.82,0.0,0
8709,4340,Zara,Jeans,66.84,0.0,0
8710,4340,Zara,Outerwear,78.74,10.11,1
8711,4340,Zara,Jeans,57.49,7.01,1
8712,4341,Gucci,Tops,1484.68,159.16,1
8713,4342,Zara,Footwear,96.49,21.79,1
8714,4343,Shein,Lingerie,24.63,0.0,0
8715,4344,Loewe,Lingerie,712.79,0.0,0
8716,4345,Chanel,Outerwear,3759.31,0.0,0
8717,4345,Chanel,Lingerie,841.05,0.0,0
8718,4346,Shein,Tops,37.28,0.0,0
8719,4346,Shein,Beauty,26.15,0.0,0
8720,4347,Zara,Accessories,86.85,16.98,1
8721,4348,Urban Outfitters,Jeans,87.23,0.0,0
8722,4348,Urban Outfitters,Home,87.19,0.0,0
8723,4348,Urban Outfitters,Accessories,106.1,9.94,1
8724,4349,Prada,Swimwear,823.83,0.0,0
8725,4350,Loewe,Dresses,1807.6,0.0,0
8726,4351,Zara,Swimwear,60.22,0.0,0
8727,4352,Under Armour,Jeans,154.04,0.0,0
8728,4352,Under Armour,Footwear,42.82,0.0,0
8729,4353,Urban Outfitters,Lingerie,83.29,0.0,0
8730,4354,Loewe,Dresses,1901.8,0.0,0
8731,4354,Loewe,Jeans,903.14,0.0,0
8732,4355,Urban Outfitters,Tops,54.2,0.0,0
8733,4355,Urban Outfitters,Lingerie,100.85,26.41,1
8734,4355,Urban Outfitters,Footwear,67.74,11.82,1
8735,4356,Girlfriend Collective,Outerwear,92.08,30.11,1
8736,4356,Girlfriend Collective,Swimwear,66.56,0.0,0
8737,4357,Under Armour,Footwear,124.08,0.0,0
8738,4357,Under Armour,Home,91.98,0.0,0
8739,4357,Under Armour,Tops,54.14,0.0,0
8740,4358,Under Armour,Lingerie,95.14,0.0,0
8741,4358,Under Armour,Home,102.21,0.0,0
8742,4359,Zara,Home,95.71,0.0,0
8743,4359,Zara,Tops,94.21,0.0,0
8744,4359,Zara,Accessories,121.77,0.0,0
8745,4360,Under Armour,Accessories,103.0,0.0,0
8746,4360,Under Armour,Bags,101.89,0.0,0
8747,4361,Zara,Home,88.75,0.0,0
8748,4362,H&M,Accessories,49.63,0.0,0
8749,4362,H&M,Jeans,62.67,0.0,0
8750,4362,H&M,Tops,52.12,0.0,0
8751,4363,Gucci,Beauty,537.65,0.0,0
8752,4363,Gucci,Dresses,1808.12,0.0,0
8753,4363,Gucci,Tops,1580.09,0.0,0
8754,4364,Zara,Dresses,78.87,19.55,1
8755,4364,Zara,Accessories,39.28,0.0,0
8756,4365,Loewe,Footwear,941.14,0.0,0
8757,4365,Loewe,Bags,2204.91,242.79,1
8758,4365,Loewe,Jeans,1473.89,0.0,0
8759,4366,H&M,Outerwear,102.23,0.0,0
8760,4366,H&M,Jeans,31.34,0.0,0
8761,4367,Loewe,Tops,1537.51,0.0,0
8762,4367,Loewe,Bags,2431.65,0.0,0
8763,4368,Gucci,Lingerie,839.96,0.0,0
8764,4369,Girlfriend Collective,Lingerie,57.86,0.0,0
8765,4370,Gucci,Jeans,1729.93,0.0,0
8766,4371,Under Armour,Bags,106.64,0.0,0
8767,4371,Under Armour,Accessories,77.35,0.0,0
8768,4372,Shein,Accessories,40.65,0.0,0
8769,4372,Shein,Tops,13.41,0.0,0
8770,4372,Shein,Home,11.36,2.36,1
8771,4373,H&M,Outerwear,57.12,0.0,0
8772,4373,H&M,Footwear,71.05,0.0,0
8773,4374,H&M,Swimwear,65.85,0.0,0
8774,4374,H&M,Beauty,76.91,10.29,1
8775,4374,H&M,Dresses,45.51,0.0,0
8776,4375,Zara,Home,15.52,4.69,1
8777,4376,Shein,Activewear,34.77,11.73,1
8778,4376,Shein,Tops,29.47,0.0,0
8779,4376,Shein,Jeans,18.82,3.53,1
8780,4377,H&M,Footwear,67.26,0.0,0
8781,4377,H&M,Dresses,50.78,0.0,0
8782,4378,H&M,Tops,81.14,0.0,0
8783,4378,H&M,Footwear,76.91,0.0,0
8784,4379,Under Armour,Dresses,120.44,0.0,0
8785,4379,Under Armour,Lingerie,77.2,0.0,0
8786,4380,Urban Outfitters,Jeans,84.24,23.88,1
8787,4380,Urban Outfitters,Accessories,100.37,34.06,1
8788,4380,Urban Outfitters,Dresses,45.17,11.87,1
8789,4381,Zara,Lingerie,68.66,5.74,1
8790,4381,Zara,Dresses,79.21,0.0,0
8791,4382,Girlfriend Collective,Bags,41.4,6.02,1
8792,4382,Girlfriend Collective,Dresses,109.7,0.0,0
8793,4382,Girlfriend Collective,Bags,115.81,36.94,1
8794,4383,Urban Outfitters,Home,203.49,49.73,1
8795,4383,Urban Outfitters,Footwear,37.71,0.0,0
8796,4384,Under Armour,Home,107.67,0.0,0
8797,4384,Under Armour,Accessories,145.74,0.0,0
8798,4385,Gucci,Tops,1340.04,0.0,0
8799,4385,Gucci,Lingerie,1131.47,0.0,0
8800,4386,Prada,Dresses,1645.03,0.0,0
8801,4386,Prada,Tops,1047.17,239.3,1
8802,4386,Prada,Swimwear,1293.42,0.0,0
8803,4387,Loewe,Jeans,1654.16,0.0,0
8804,4387,Loewe,Jeans,700.0,0.0,0
8805,4387,Loewe,Outerwear,4160.89,0.0,0
8806,4388,Gucci,Beauty,974.44,0.0,0
8807,4388,Gucci,Tops,1649.65,0.0,0
8808,4389,Urban Outfitters,Home,111.43,0.0,0
8809,4389,Urban Outfitters,Accessories,80.56,0.0,0
8810,4389,Urban Outfitters,Swimwear,70.53,5.28,1
8811,4390,Under Armour,Jeans,74.52,0.0,0
8812,4390,Under Armour,Jeans,83.27,0.0,0
8813,4390,Under Armour,Tops,93.82,0.0,0
8814,4391,Girlfriend Collective,Beauty,55.49,0.0,0
8815,4392,Urban Outfitters,Home,111.93,0.0,0
8816,4392,Urban Outfitters,Tops,66.77,0.0,0
8817,4392,Urban Outfitters,Beauty,105.91,0.0,0
8818,4393,Loewe,Lingerie,441.49,0.0,0
8819,4393,Loewe,Jeans,2332.58,0.0,0
8820,4394,Prada,Beauty,633.47,0.0,0
8821,4394,Prada,Bags,1888.67,0.0,0
8822,4395,Girlfriend Collective,Beauty,69.43,0.0,0
8823,4395,Girlfriend Collective,Tops,70.38,0.0,0
8824,4396,Gucci,Tops,835.31,0.0,0
8825,4397,Gucci,Beauty,940.42,0.0,0
8826,4398,Zara,Tops,93.24,0.0,0
8827,4398,Zara,Activewear,77.63,0.0,0
8828,4399,H&M,Home,79.91,0.0,0
8829,4399,H&M,Accessories,73.43,19.45,1
8830,4400,Girlfriend Collective,Tops,68.64,0.0,0
8831,4400,Girlfriend Collective,Swimwear,91.41,15.98,1
8832,4401,H&M,Lingerie,73.54,0.0,0
8833,4401,H&M,Footwear,108.17,0.0,0
8834,4401,H&M,Accessories,87.02,0.0,0
8835,4402,Gucci,Outerwear,3577.73,0.0,0
8836,4403,Shein,Jeans,8.42,0.0,0
8837,4403,Shein,Lingerie,14.95,0.0,0
8838,4403,Shein,Accessories,19.13,1.63,1
8839,4404,Girlfriend Collective,Activewear,86.99,0.0,0
8840,4404,Girlfriend Collective,Outerwear,94.65,0.0,0
8841,4404,Girlfriend Collective,Jeans,57.05,0.0,0
8842,4405,Zara,Dresses,31.34,0.0,0
8843,4405,Zara,Accessories,115.73,0.0,0
8844,4405,Zara,Tops,78.35,0.0,0
8845,4406,Zara,Footwear,47.26,0.0,0
8846,4406,Zara,Home,38.62,0.0,0
8847,4407,Girlfriend Collective,Jeans,88.24,0.0,0
8848,4407,Girlfriend Collective,Footwear,87.06,18.42,1
8849,4407,Girlfriend Collective,Accessories,93.03,10.17,1
8850,4408,Urban Outfitters,Swimwear,77.58,0.0,0
8851,4408,Urban Outfitters,Accessories,42.83,0.0,0
8852,4409,Loewe,Activewear,1116.65,0.0,0
8853,4409,Loewe,Outerwear,3322.31,0.0,0
8854,4410,Under Armour,Tops,60.28,0.0,0
8855,4411,Urban Outfitters,Tops,65.47,8.17,1
8856,4412,Prada,Dresses,2237.19,0.0,0
8857,4412,Prada,Tops,1335.72,0.0,0
8858,4413,Shein,Swimwear,12.05,0.0,0
8859,4413,Shein,Dresses,30.31,0.0,0
8860,4413,Shein,Dresses,32.85,0.0,0
8861,4414,Shein,Tops,36.73,0.0,0
8862,4414,Shein,Outerwear,17.93,0.0,0
8863,4414,Shein,Home,32.05,10.82,1
8864,4415,Loewe,Bags,1933.34,0.0,0
8865,4415,Loewe,Tops,1782.73,0.0,0
8866,4415,Loewe,Tops,902.29,0.0,0
8867,4416,Under Armour,Accessories,36.42,0.0,0
8868,4416,Under Armour,Lingerie,38.13,2.95,1
8869,4417,Under Armour,Outerwear,110.48,0.0,0
8870,4417,Under Armour,Lingerie,76.32,0.0,0
8871,4418,Shein,Dresses,29.44,0.0,0
8872,4418,Shein,Activewear,27.71,0.0,0
8873,4418,Shein,Bags,25.94,0.0,0
8874,4419,Zara,Home,49.26,0.0,0
8875,4419,Zara,Beauty,11.85,0.0,0
8876,4419,Zara,Accessories,56.19,0.0,0
8877,4420,Under Armour,Footwear,30.0,8.14,1
8878,4420,Under Armour,Outerwear,122.04,0.0,0
8879,4421,Girlfriend Collective,Home,87.42,0.0,0
8880,4422,Loewe,Beauty,724.61,0.0,0
8881,4423,Shein,Beauty,8.28,0.59,1
8882,4423,Shein,Dresses,26.08,0.0,0
8883,4423,Shein,Bags,12.72,0.0,0
8884,4424,H&M,Accessories,66.83,0.0,0
8885,4424,H&M,Lingerie,55.18,0.0,0
8886,4425,H&M,Accessories,56.79,0.0,0
8887,4425,H&M,Lingerie,73.62,21.75,1
8888,4426,Chanel,Footwear,881.39,105.56,1
8889,4426,Chanel,Swimwear,882.27,0.0,0
8890,4426,Chanel,Activewear,876.25,0.0,0
8891,4427,Under Armour,Outerwear,108.14,0.0,0
8892,4427,Under Armour,Tops,44.92,11.83,1
8893,4428,Chanel,Activewear,639.69,0.0,0
8894,4428,Chanel,Beauty,627.73,0.0,0
8895,4428,Chanel,Bags,8004.0,2542.14,1
8896,4429,Chanel,Bags,9224.43,0.0,0
8897,4429,Chanel,Dresses,1462.16,0.0,0
8898,4429,Chanel,Home,414.88,0.0,0
8899,4430,Gucci,Jeans,1793.86,0.0,0
8900,4431,Zara,Swimwear,62.09,17.61,1
8901,4432,Girlfriend Collective,Outerwear,103.2,16.0,1
8902,4432,Girlfriend Collective,Outerwear,71.86,21.79,1
8903,4432,Girlfriend Collective,Activewear,95.94,0.0,0
8904,4433,Urban Outfitters,Bags,47.39,0.0,0
8905,4433,Urban Outfitters,Footwear,64.95,18.39,1
8906,4434,Gucci,Beauty,688.63,0.0,0
8907,4434,Gucci,Home,550.33,0.0,0
8908,4434,Gucci,Accessories,641.93,0.0,0
8909,4435,H&M,Outerwear,107.51,0.0,0
8910,4436,Prada,Activewear,681.95,0.0,0
8911,4436,Prada,Accessories,703.56,0.0,0
8912,4436,Prada,Beauty,862.16,0.0,0
8913,4437,Urban Outfitters,Footwear,30.91,6.44,1
8914,4437,Urban Outfitters,Beauty,34.78,0.0,0
8915,4437,Urban Outfitters,Bags,66.35,18.49,1
8916,4438,H&M,Beauty,35.63,0.0,0
8917,4438,H&M,Lingerie,44.31,0.0,0
8918,4439,Prada,Jeans,1544.68,0.0,0
8919,4439,Prada,Swimwear,743.94,0.0,0
8920,4439,Prada,Footwear,1402.5,0.0,0
8921,4440,Urban Outfitters,Beauty,39.16,0.0,0
8922,4441,Urban Outfitters,Outerwear,108.8,12.77,1
8923,4441,Urban Outfitters,Dresses,72.11,0.0,0
8924,4442,Zara,Jeans,60.18,0.0,0
8925,4443,Gucci,Accessories,510.34,0.0,0
8926,4443,Gucci,Lingerie,791.14,0.0,0
8927,4443,Gucci,Accessories,529.56,0.0,0
8928,4444,Shein,Footwear,23.05,0.0,0
8929,4444,Shein,Tops,8.5,1.2,1
8930,4445,Shein,Footwear,12.31,3.04,1
8931,4445,Shein,Jeans,28.09,1.82,1
8932,4446,H&M,Outerwear,54.94,0.0,0
8933,4446,H&M,Footwear,60.29,0.0,0
8934,4447,Loewe,Beauty,764.86,0.0,0
8935,4447,Loewe,Jeans,1076.99,0.0,0
8936,4447,Loewe,Outerwear,3672.94,0.0,0
8937,4448,Prada,Bags,1863.94,0.0,0
8938,4448,Prada,Home,840.39,0.0,0
8939,4448,Prada,Beauty,558.95,0.0,0
8940,4449,H&M,Lingerie,53.51,0.0,0
8941,4449,H&M,Home,68.3,9.93,1
8942,4449,H&M,Jeans,53.22,0.0,0
8943,4450,Prada,Tops,2016.83,0.0,0
8944,4450,Prada,Swimwear,759.85,0.0,0
8945,4450,Prada,Lingerie,777.07,0.0,0
8946,4451,Urban Outfitters,Beauty,82.13,8.19,1
8947,4451,Urban Outfitters,Bags,47.8,7.42,1
8948,4452,Urban Outfitters,Dresses,52.69,0.0,0
8949,4452,Urban Outfitters,Dresses,29.19,0.0,0
8950,4452,Urban Outfitters,Jeans,122.46,24.08,1
8951,4453,Zara,Home,27.14,0.0,0
8952,4453,Zara,Outerwear,48.13,11.64,1
8953,4453,Zara,Dresses,67.49,0.0,0
8954,4454,Urban Outfitters,Dresses,115.67,0.0,0
8955,4454,Urban Outfitters,Home,20.0,0.0,0
8956,4454,Urban Outfitters,Lingerie,20.0,0.0,0
8957,4455,Prada,Jeans,1754.52,0.0,0
8958,4455,Prada,Swimwear,858.24,0.0,0
8959,4456,H&M,Accessories,10.0,0.0,0
8960,4456,H&M,Accessories,93.7,0.0,0
8961,4457,Prada,Beauty,597.0,0.0,0
8962,4458,Girlfriend Collective,Bags,106.29,0.0,0
8963,4458,Girlfriend Collective,Activewear,107.81,0.0,0
8964,4459,Gucci,Outerwear,3665.24,0.0,0
8965,4460,Zara,Jeans,60.95,0.0,0
8966,4460,Zara,Dresses,90.4,0.0,0
8967,4461,Prada,Swimwear,864.66,0.0,0
8968,4462,Urban Outfitters,Tops,31.08,0.0,0
8969,4462,Urban Outfitters,Accessories,62.26,0.0,0
8970,4462,Urban Outfitters,Accessories,29.87,0.0,0
8971,4463,Zara,Outerwear,67.98,0.0,0
8972,4463,Zara,Activewear,110.38,34.98,1
8973,4464,Loewe,Footwear,1127.99,0.0,0
8974,4465,H&M,Outerwear,47.97,0.0,0
8975,4465,H&M,Footwear,82.77,0.0,0
8976,4466,Under Armour,Lingerie,108.4,0.0,0
8977,4466,Under Armour,Bags,110.45,0.0,0
8978,4466,Under Armour,Dresses,67.22,0.0,0
8979,4467,Urban Outfitters,Home,217.49,46.88,1
8980,4467,Urban Outfitters,Tops,105.13,13.64,1
8981,4467,Urban Outfitters,Footwear,87.63,0.0,0
8982,4468,Prada,Swimwear,1043.36,0.0,0
8983,4468,Prada,Accessories,356.32,0.0,0
8984,4468,Prada,Accessories,629.82,0.0,0
8985,4469,Prada,Dresses,1174.08,200.93,1
8986,4469,Prada,Jeans,1710.98,0.0,0
8987,4469,Prada,Activewear,813.74,0.0,0
8988,4470,Prada,Outerwear,3579.18,0.0,0
8989,4471,Girlfriend Collective,Dresses,105.89,31.64,1
8990,4472,Loewe,Beauty,1042.09,0.0,0
8991,4472,Loewe,Lingerie,902.27,0.0,0
8992,4472,Loewe,Jeans,2307.26,0.0,0
8993,4473,H&M,Dresses,58.05,3.23,1
8994,4474,Under Armour,Tops,64.2,20.33,1
8995,4474,Under Armour,Beauty,47.35,0.0,0
8996,4474,Under Armour,Footwear,129.7,0.0,0
8997,4475,Urban Outfitters,Home,100.97,0.0,0
8998,4476,H&M,Tops,93.95,32.1,1
8999,4476,H&M,Home,42.58,0.0,0
9000,4476,H&M,Swimwear,125.96,36.67,1
9001,4477,Zara,Accessories,60.86,9.57,1
9002,4478,H&M,Dresses,73.89,0.0,0
9003,4479,Girlfriend Collective,Beauty,97.23,0.0,0
9004,4479,Girlfriend Collective,Lingerie,108.23,27.6,1
9005,4479,Girlfriend Collective,Home,52.55,0.0,0
9006,4480,Girlfriend Collective,Activewear,104.63,0.0,0
9007,4481,Shein,Lingerie,15.0,4.84,1
9008,4481,Shein,Lingerie,39.88,0.0,0
9009,4481,Shein,Activewear,28.95,0.0,0
9010,4482,Urban Outfitters,Tops,52.85,3.94,1
9011,4482,Urban Outfitters,Activewear,58.55,0.0,0
9012,4482,Urban Outfitters,Tops,75.37,0.0,0
9013,4483,Shein,Beauty,19.63,0.0,0
9014,4484,H&M,Lingerie,58.17,0.0,0
9015,4485,Shein,Tops,17.36,0.0,0
9016,4485,Shein,Footwear,13.07,0.0,0
9017,4485,Shein,Outerwear,14.81,0.0,0
9018,4486,Loewe,Tops,1188.96,0.0,0
9019,4486,Loewe,Swimwear,824.8,0.0,0
9020,4487,Loewe,Beauty,1066.01,0.0,0
9021,4488,H&M,Beauty,106.45,0.0,0
9022,4488,H&M,Outerwear,15.34,4.96,1
9023,4489,Zara,Beauty,55.95,11.41,1
9024,4490,Gucci,Bags,2032.93,0.0,0
9025,4490,Gucci,Lingerie,788.18,0.0,0
9026,4491,Loewe,Beauty,690.69,0.0,0
9027,4491,Loewe,Swimwear,770.43,0.0,0
9028,4492,Girlfriend Collective,Lingerie,84.46,29.48,1
9029,4493,Gucci,Beauty,796.82,0.0,0
9030,4493,Gucci,Activewear,592.6,0.0,0
9031,4493,Gucci,Tops,1341.21,0.0,0
9032,4494,Urban Outfitters,Jeans,61.11,20.79,1
9033,4495,Under Armour,Home,133.47,16.76,1
9034,4496,Zara,Home,50.15,0.0,0
9035,4497,H&M,Home,53.56,4.3,1
9036,4498,Prada,Tops,1111.11,0.0,0
9037,4499,Chanel,Home,758.61,0.0,0
9038,4500,Under Armour,Tops,117.8,0.0,0
9039,4501,Zara,Activewear,96.09,0.0,0
9040,4501,Zara,Jeans,59.54,0.0,0
9041,4502,Zara,Jeans,99.99,0.0,0
9042,4503,H&M,Lingerie,49.19,4.37,1
9043,4504,H&M,Dresses,80.93,25.53,1
9044,4504,H&M,Swimwear,55.57,0.0,0
9045,4505,Under Armour,Footwear,30.0,0.0,0
9046,4505,Under Armour,Beauty,34.75,0.0,0
9047,4505,Under Armour,Jeans,102.82,30.37,1
9048,4506,Loewe,Tops,1359.26,94.18,1
9049,4506,Loewe,Activewear,643.12,0.0,0
9050,4506,Loewe,Dresses,1561.9,0.0,0
9051,4507,Loewe,Accessories,677.69,0.0,0
9052,4507,Loewe,Jeans,1640.85,0.0,0
9053,4507,Loewe,Activewear,761.57,0.0,0
9054,4508,Zara,Accessories,50.8,0.0,0
9055,4508,Zara,Swimwear,90.37,17.71,1
9056,4509,Loewe,Beauty,828.85,0.0,0
9057,4509,Loewe,Beauty,837.01,225.19,1
9058,4509,Loewe,Tops,1629.28,0.0,0
9059,4510,Urban Outfitters,Accessories,56.77,19.06,1
9060,4511,H&M,Bags,49.43,6.72,1
9061,4511,H&M,Tops,114.28,0.0,0
9062,4511,H&M,Lingerie,59.79,20.16,1
9063,4512,Shein,Dresses,20.45,0.0,0
9064,4512,Shein,Footwear,33.39,0.0,0
9065,4513,Zara,Footwear,25.62,2.02,1
9066,4513,Zara,Jeans,32.54,0.0,0
9067,4513,Zara,Outerwear,35.42,0.0,0
9068,4514,Girlfriend Collective,Jeans,73.83,0.0,0
9069,4515,Urban Outfitters,Beauty,93.72,0.0,0
9070,4516,Shein,Bags,24.86,0.0,0
9071,4516,Shein,Activewear,11.51,1.83,1
9072,4517,Zara,Tops,83.02,0.0,0
9073,4518,H&M,Dresses,31.27,4.21,1
9074,4519,H&M,Bags,19.71,0.0,0
9075,4520,Shein,Jeans,22.17,0.0,0
9076,4520,Shein,Bags,18.64,4.62,1
9077,4520,Shein,Tops,36.01,0.0,0
9078,4521,Girlfriend Collective,Bags,59.7,0.0,0
9079,4521,Girlfriend Collective,Bags,101.02,0.0,0
9080,4521,Girlfriend Collective,Accessories,116.71,0.0,0
9081,4522,H&M,Tops,47.35,0.0,0
9082,4522,H&M,Outerwear,59.21,0.0,0
9083,4523,Chanel,Accessories,487.16,0.0,0
9084,4523,Chanel,Accessories,753.16,0.0,0
9085,4523,Chanel,Bags,8999.3,0.0,0
9086,4524,Shein,Footwear,36.02,0.0,0
9087,4524,Shein,Tops,23.79,2.22,1
9088,4524,Shein,Tops,19.16,0.0,0
9089,4525,Loewe,Activewear,817.08,0.0,0
9090,4525,Loewe,Activewear,653.13,0.0,0
9091,4525,Loewe,Outerwear,2981.52,0.0,0
9092,4526,Urban Outfitters,Home,122.08,0.0,0
9093,4526,Urban Outfitters,Bags,73.73,0.0,0
9094,4527,H&M,Dresses,55.99,0.0,0
9095,4528,Gucci,Footwear,573.13,0.0,0
9096,4529,Under Armour,Bags,61.68,15.06,1
9097,4530,Zara,Jeans,59.05,18.36,1
9098,4530,Zara,Footwear,62.74,0.0,0
9099,4531,Gucci,Bags,2431.28,0.0,0
9100,4532,Shein,Swimwear,33.8,0.0,0
9101,4533,H&M,Swimwear,68.58,0.0,0
9102,4533,H&M,Outerwear,51.84,5.02,1
9103,4534,Zara,Activewear,60.6,0.0,0
9104,4534,Zara,Accessories,70.36,0.0,0
9105,4535,Under Armour,Home,56.38,0.0,0
9106,4535,Under Armour,Swimwear,107.57,0.0,0
9107,4536,Chanel,Bags,9287.5,0.0,0
9108,4536,Chanel,Bags,9244.9,0.0,0
9109,4536,Chanel,Accessories,648.46,0.0,0
9110,4537,Chanel,Activewear,944.69,0.0,0
9111,4537,Chanel,Beauty,684.21,0.0,0
9112,4538,Urban Outfitters,Outerwear,47.27,5.39,1
9113,4538,Urban Outfitters,Outerwear,63.64,0.0,0
9114,4539,Girlfriend Collective,Bags,53.02,0.0,0
9115,4539,Girlfriend Collective,Home,77.16,0.0,0
9116,4539,Girlfriend Collective,Bags,95.0,0.0,0
9117,4540,Girlfriend Collective,Footwear,85.17,0.0,0
9118,4540,Girlfriend Collective,Tops,41.98,4.57,1
9119,4541,Urban Outfitters,Lingerie,41.48,10.02,1
9120,4541,Urban Outfitters,Beauty,108.66,0.0,0
9121,4542,Zara,Footwear,79.69,0.0,0
9122,4542,Zara,Beauty,74.94,22.88,1
9123,4543,Shein,Footwear,5.0,0.0,0
9124,4543,Shein,Beauty,21.74,0.0,0
9125,4543,Shein,Home,31.65,0.0,0
9126,4544,Under Armour,Jeans,81.18,7.16,1
9127,4545,Urban Outfitters,Accessories,113.0,11.14,1
9128,4545,Urban Outfitters,Jeans,76.66,0.0,0
9129,4545,Urban Outfitters,Dresses,67.03,0.0,0
9130,4546,H&M,Bags,55.66,0.0,0
9131,4546,H&M,Jeans,67.16,0.0,0
9132,4547,Loewe,Lingerie,1034.66,0.0,0
9133,4547,Loewe,Activewear,1212.78,0.0,0
9134,4547,Loewe,Footwear,646.42,0.0,0
9135,4548,Urban Outfitters,Accessories,88.51,0.0,0
9136,4548,Urban Outfitters,Beauty,51.07,0.0,0
9137,4548,Urban Outfitters,Swimwear,107.81,0.0,0
9138,4549,Zara,Lingerie,20.54,0.0,0
9139,4549,Zara,Dresses,57.1,0.0,0
9140,4550,H&M,Accessories,10.0,0.0,0
9141,4550,H&M,Outerwear,38.91,11.16,1
9142,4550,H&M,Activewear,66.62,0.0,0
9143,4551,Chanel,Footwear,1013.59,0.0,0
9144,4551,Chanel,Bags,8990.91,0.0,0
9145,4552,Shein,Footwear,26.53,8.88,1
9146,4552,Shein,Activewear,27.31,0.0,0
9147,4553,Urban Outfitters,Outerwear,74.33,21.33,1
9148,4554,Zara,Swimwear,43.32,0.0,0
9149,4555,Chanel,Outerwear,3354.58,0.0,0
9150,4555,Chanel,Tops,700.0,0.0,0
9151,4556,Loewe,Swimwear,518.81,0.0,0
9152,4556,Loewe,Dresses,1418.07,0.0,0
9153,4556,Loewe,Beauty,601.68,0.0,0
9154,4557,Under Armour,Jeans,45.75,8.68,1
9155,4557,Under Armour,Tops,45.01,0.0,0
9156,4558,Girlfriend Collective,Jeans,121.35,0.0,0
9157,4558,Girlfriend Collective,Beauty,87.13,0.0,0
9158,4558,Girlfriend Collective,Outerwear,49.55,0.0,0
9159,4559,Urban Outfitters,Home,184.02,0.0,0
9160,4559,Urban Outfitters,Beauty,36.18,0.0,0
9161,4560,Girlfriend Collective,Bags,73.88,6.37,1
9162,4560,Girlfriend Collective,Beauty,70.92,0.0,0
9163,4560,Girlfriend Collective,Lingerie,92.6,0.0,0
9164,4561,Girlfriend Collective,Tops,87.74,20.46,1
9165,4562,Shein,Home,37.42,10.81,1
9166,4562,Shein,Bags,14.92,0.0,0
9167,4562,Shein,Jeans,34.12,0.0,0
9168,4563,Shein,Footwear,31.58,0.0,0
9169,4564,Gucci,Accessories,583.17,0.0,0
9170,4564,Gucci,Accessories,515.79,108.93,1
9171,4565,Under Armour,Accessories,30.0,0.0,0
9172,4566,Prada,Accessories,669.25,0.0,0
9173,4566,Prada,Dresses,1906.4,0.0,0
9174,4566,Prada,Swimwear,1092.83,0.0,0
9175,4567,Chanel,Lingerie,808.8,0.0,0
9176,4568,Gucci,Lingerie,781.53,0.0,0
9177,4569,H&M,Footwear,67.79,0.0,0
9178,4569,H&M,Accessories,59.28,10.17,1
9179,4570,Zara,Footwear,44.55,0.0,0
9180,4570,Zara,Activewear,56.8,0.0,0
9181,4571,Zara,Outerwear,71.33,7.87,1
9182,4571,Zara,Bags,54.46,0.0,0
9183,4571,Zara,Beauty,40.97,12.29,1
9184,4572,Urban Outfitters,Accessories,117.63,0.0,0
9185,4572,Urban Outfitters,Swimwear,89.44,0.0,0
9186,4573,Shein,Tops,17.17,5.04,1
9187,4574,Girlfriend Collective,Accessories,68.64,0.0,0
9188,4574,Girlfriend Collective,Outerwear,47.96,0.0,0
9189,4574,Girlfriend Collective,Lingerie,47.09,2.86,1
9190,4575,Zara,Dresses,33.53,6.43,1
9191,4575,Zara,Jeans,72.9,0.0,0
9192,4575,Zara,Activewear,58.03,0.0,0
9193,4576,Loewe,Swimwear,714.2,0.0,0
9194,4576,Loewe,Footwear,752.84,0.0,0
9195,4576,Loewe,Accessories,823.85,0.0,0
9196,4577,Loewe,Lingerie,829.08,0.0,0
9197,4577,Loewe,Activewear,853.33,0.0,0
9198,4577,Loewe,Tops,811.07,0.0,0
9199,4578,Girlfriend Collective,Beauty,60.76,0.0,0
9200,4579,Under Armour,Tops,124.44,0.0,0
9201,4579,Under Armour,Home,71.18,3.97,1
9202,4579,Under Armour,Activewear,150.28,0.0,0
9203,4580,Loewe,Footwear,873.73,0.0,0
9204,4580,Loewe,Bags,2859.97,0.0,0
9205,4581,Urban Outfitters,Home,102.46,0.0,0
9206,4582,Prada,Footwear,756.74,0.0,0
9207,4583,H&M,Accessories,38.26,0.0,0
9208,4584,Under Armour,Outerwear,82.63,0.0,0
9209,4584,Under Armour,Home,118.19,0.0,0
9210,4585,H&M,Jeans,28.49,0.0,0
9211,4585,H&M,Lingerie,71.73,0.0,0
9212,4586,Under Armour,Home,61.06,16.53,1
9213,4586,Under Armour,Bags,98.87,0.0,0
9214,4587,Gucci,Dresses,1071.35,0.0,0
9215,4587,Gucci,Swimwear,1116.83,0.0,0
9216,4588,Zara,Lingerie,66.65,17.53,1
9217,4588,Zara,Outerwear,81.59,0.0,0
9218,4588,Zara,Footwear,84.71,0.0,0
9219,4589,Under Armour,Swimwear,104.6,0.0,0
9220,4589,Under Armour,Accessories,55.21,0.0,0
9221,4589,Under Armour,Beauty,56.22,0.0,0
9222,4590,Loewe,Lingerie,752.89,0.0,0
9223,4590,Loewe,Home,1061.78,0.0,0
9224,4591,Loewe,Home,733.05,0.0,0
9225,4591,Loewe,Beauty,698.91,0.0,0
9226,4591,Loewe,Activewear,574.19,0.0,0
9227,4592,Prada,Jeans,1915.6,0.0,0
9228,4592,Prada,Accessories,942.25,0.0,0
9229,4593,Urban Outfitters,Home,98.84,0.0,0
9230,4593,Urban Outfitters,Jeans,79.87,24.55,1
9231,4594,Loewe,Home,803.84,0.0,0
9232,4595,Girlfriend Collective,Lingerie,61.3,7.34,1
9233,4595,Girlfriend Collective,Activewear,50.04,7.41,1
9234,4595,Girlfriend Collective,Beauty,82.19,26.99,1
9235,4596,H&M,Activewear,37.01,7.11,1
9236,4596,H&M,Outerwear,51.17,0.0,0
9237,4596,H&M,Dresses,78.96,0.0,0
9238,4597,Loewe,Outerwear,3153.3,0.0,0
9239,4597,Loewe,Home,765.44,0.0,0
9240,4597,Loewe,Lingerie,873.27,0.0,0
9241,4598,Zara,Footwear,69.95,0.0,0
9242,4599,Prada,Activewear,911.68,0.0,0
9243,4600,Shein,Accessories,5.26,0.0,0
9244,4600,Shein,Home,24.5,0.0,0
9245,4601,Under Armour,Lingerie,91.94,0.0,0
9246,4601,Under Armour,Footwear,88.9,0.0,0
9247,4601,Under Armour,Jeans,113.32,0.0,0
9248,4602,H&M,Accessories,50.37,0.0,0
9249,4602,H&M,Lingerie,33.48,0.0,0
9250,4602,H&M,Dresses,48.96,0.0,0
9251,4603,Under Armour,Dresses,142.16,0.0,0
9252,4604,Shein,Activewear,48.08,0.0,0
9253,4605,Urban Outfitters,Outerwear,41.26,0.0,0
9254,4605,Urban Outfitters,Accessories,68.53,20.41,1
9255,4605,Urban Outfitters,Outerwear,74.76,13.89,1
9256,4606,Urban Outfitters,Jeans,35.69,0.0,0
9257,4607,Urban Outfitters,Activewear,108.72,0.0,0
9258,4607,Urban Outfitters,Dresses,81.48,0.0,0
9259,4608,Girlfriend Collective,Lingerie,132.42,0.0,0
9260,4608,Girlfriend Collective,Lingerie,80.54,0.0,0
9261,4609,H&M,Jeans,35.31,0.0,0
9262,4609,H&M,Lingerie,64.95,0.0,0
9263,4610,Under Armour,Bags,92.23,0.0,0
9264,4610,Under Armour,Accessories,97.52,0.0,0
9265,4610,Under Armour,Outerwear,68.22,19.36,1
9266,4611,Shein,Bags,28.68,0.0,0
9267,4612,Urban Outfitters,Accessories,36.94,9.67,1
9268,4613,Zara,Jeans,67.57,0.0,0
9269,4613,Zara,Footwear,90.25,0.0,0
9270,4614,Under Armour,Outerwear,112.6,37.17,1
9271,4615,Zara,Home,49.08,9.95,1
9272,4615,Zara,Footwear,82.1,22.72,1
9273,4615,Zara,Activewear,36.59,4.14,1
9274,4616,Under Armour,Activewear,95.11,0.0,0
9275,4616,Under Armour,Home,85.98,0.0,0
9276,4617,Prada,Accessories,486.95,0.0,0
9277,4617,Prada,Swimwear,761.85,0.0,0
9278,4618,Shein,Home,24.87,0.0,0
9279,4618,Shein,Bags,31.96,0.0,0
9280,4618,Shein,Accessories,32.23,0.0,0
9281,4619,H&M,Accessories,72.6,0.0,0
9282,4620,Shein,Lingerie,29.43,0.0,0
9283,4621,Girlfriend Collective,Lingerie,31.7,0.0,0
9284,4621,Girlfriend Collective,Jeans,72.35,0.0,0
9285,4621,Girlfriend Collective,Accessories,63.47,18.45,1
9286,4622,Under Armour,Home,136.6,0.0,0
9287,4622,Under Armour,Bags,111.95,0.0,0
9288,4623,H&M,Home,24.53,2.4,1
9289,4623,H&M,Footwear,10.0,0.0,0
9290,4623,H&M,Lingerie,72.07,0.0,0
9291,4624,Loewe,Footwear,887.03,0.0,0
9292,4624,Loewe,Outerwear,3584.66,1015.91,1
9293,4624,Loewe,Home,499.49,0.0,0
9294,4625,Zara,Bags,40.09,0.0,0
9295,4625,Zara,Tops,53.58,0.0,0
9296,4626,Shein,Beauty,9.02,0.53,1
9297,4626,Shein,Footwear,30.13,0.0,0
9298,4626,Shein,Lingerie,34.29,0.0,0
9299,4627,Prada,Outerwear,3684.15,0.0,0
9300,4628,Chanel,Dresses,1358.3,0.0,0
9301,4628,Chanel,Bags,8132.25,779.74,1
9302,4629,Under Armour,Dresses,69.7,0.0,0
9303,4629,Under Armour,Lingerie,70.51,7.32,1
9304,4630,Gucci,Outerwear,3409.23,0.0,0
9305,4631,Girlfriend Collective,Home,48.79,0.0,0
9306,4632,Zara,Activewear,92.29,0.0,0
9307,4632,Zara,Outerwear,95.08,0.0,0
9308,4632,Zara,Footwear,44.4,0.0,0
9309,4633,Loewe,Outerwear,3708.55,0.0,0
9310,4633,Loewe,Activewear,862.92,0.0,0
9311,4634,Shein,Tops,32.63,4.48,1
9312,4634,Shein,Tops,29.58,0.0,0
9313,4634,Shein,Dresses,27.8,2.37,1
9314,4635,Girlfriend Collective,Outerwear,55.37,0.0,0
9315,4635,Girlfriend Collective,Activewear,66.38,0.0,0
9316,4635,Girlfriend Collective,Activewear,36.24,0.0,0
9317,4636,Chanel,Beauty,579.11,0.0,0
9318,4636,Chanel,Outerwear,2873.43,0.0,0
9319,4636,Chanel,Activewear,612.92,0.0,0
9320,4637,H&M,Jeans,32.22,0.0,0
9321,4637,H&M,Beauty,88.52,0.0,0
9322,4637,H&M,Dresses,27.38,0.0,0
9323,4638,Girlfriend Collective,Jeans,66.06,0.0,0
9324,4638,Girlfriend Collective,Swimwear,113.18,0.0,0
9325,4638,Girlfriend Collective,Beauty,80.02,0.0,0
9326,4639,Under Armour,Jeans,140.9,0.0,0
9327,4640,Loewe,Bags,2602.93,0.0,0
9328,4640,Loewe,Jeans,1529.47,0.0,0
9329,4640,Loewe,Footwear,787.16,0.0,0
9330,4641,Urban Outfitters,Beauty,63.14,4.47,1
9331,4641,Urban Outfitters,Beauty,82.1,11.3,1
9332,4642,Zara,Home,114.08,0.0,0
9333,4642,Zara,Tops,54.6,0.0,0
9334,4642,Zara,Swimwear,58.59,0.0,0
9335,4643,Zara,Beauty,53.7,0.0,0
9336,4643,Zara,Outerwear,68.81,0.0,0
9337,4644,Girlfriend Collective,Beauty,93.2,0.0,0
9338,4644,Girlfriend Collective,Jeans,70.78,0.0,0
9339,4644,Girlfriend Collective,Lingerie,89.79,13.65,1
9340,4645,Urban Outfitters,Bags,96.8,11.03,1
9341,4645,Urban Outfitters,Jeans,88.36,0.0,0
9342,4645,Urban Outfitters,Activewear,99.41,0.0,0
9343,4646,Chanel,Accessories,541.27,0.0,0
9344,4646,Chanel,Lingerie,766.54,0.0,0
9345,4646,Chanel,Swimwear,994.15,0.0,0
9346,4647,H&M,Beauty,93.93,0.0,0
9347,4648,Shein,Swimwear,12.94,0.0,0
9348,4648,Shein,Lingerie,22.49,4.14,1
9349,4649,Gucci,Swimwear,734.1,0.0,0
9350,4649,Gucci,Tops,1013.09,0.0,0
9351,4649,Gucci,Jeans,750.89,0.0,0
9352,4650,Shein,Tops,19.53,5.53,1
9353,4650,Shein,Lingerie,20.63,0.0,0
9354,4650,Shein,Activewear,13.99,0.0,0
9355,4651,H&M,Dresses,54.86,0.0,0
9356,4651,H&M,Beauty,76.29,0.0,0
9357,4652,Loewe,Bags,2164.47,0.0,0
9358,4652,Loewe,Bags,2500.31,0.0,0
9359,4652,Loewe,Dresses,1017.94,0.0,0
9360,4653,Girlfriend Collective,Lingerie,133.6,0.0,0
9361,4653,Girlfriend Collective,Home,134.58,35.07,1
9362,4654,H&M,Accessories,60.52,0.0,0
9363,4654,H&M,Lingerie,63.66,0.0,0
9364,4655,Shein,Dresses,25.09,0.0,0
9365,4656,Under Armour,Footwear,95.65,0.0,0
9366,4656,Under Armour,Lingerie,68.75,0.0,0
9367,4656,Under Armour,Footwear,66.59,0.0,0
9368,4657,Prada,Lingerie,483.17,0.0,0
9369,4658,H&M,Bags,85.43,0.0,0
9370,4658,H&M,Bags,91.07,0.0,0
9371,4659,Shein,Outerwear,24.92,0.0,0
9372,4659,Shein,Swimwear,17.06,0.0,0
9373,4660,Urban Outfitters,Beauty,58.89,0.0,0
9374,4660,Urban Outfitters,Bags,57.6,0.0,0
9375,4661,Prada,Accessories,816.64,0.0,0
9376,4662,Prada,Dresses,2500.0,0.0,0
9377,4663,Girlfriend Collective,Accessories,79.0,0.0,0
9378,4663,Girlfriend Collective,Outerwear,74.83,0.0,0
9379,4664,Loewe,Lingerie,563.34,0.0,0
9380,4664,Loewe,Tops,869.95,0.0,0
9381,4665,Prada,Beauty,870.59,0.0,0
9382,4665,Prada,Home,467.73,0.0,0
9383,4665,Prada,Swimwear,949.33,0.0,0
9384,4666,Zara,Footwear,60.45,17.5,1
9385,4666,Zara,Jeans,97.08,22.75,1
9386,4667,H&M,Swimwear,37.55,8.42,1
9387,4668,Chanel,Jeans,837.53,0.0,0
9388,4668,Chanel,Activewear,785.67,0.0,0
9389,4669,Zara,Beauty,12.71,3.19,1
9390,4669,Zara,Beauty,53.35,0.0,0
9391,4670,Gucci,Lingerie,797.77,0.0,0
9392,4670,Gucci,Footwear,1164.9,0.0,0
9393,4670,Gucci,Activewear,717.35,0.0,0
9394,4671,Urban Outfitters,Activewear,111.01,0.0,0
9395,4671,Urban Outfitters,Beauty,79.91,0.0,0
9396,4672,Under Armour,Beauty,57.4,0.0,0
9397,4672,Under Armour,Jeans,134.0,0.0,0
9398,4673,Under Armour,Beauty,86.27,0.0,0
9399,4673,Under Armour,Bags,78.99,5.45,1
9400,4674,Zara,Tops,71.35,0.0,0
9401,4674,Zara,Home,50.55,15.73,1
9402,4675,Girlfriend Collective,Lingerie,111.08,0.0,0
9403,4675,Girlfriend Collective,Dresses,88.42,0.0,0
9404,4676,H&M,Footwear,77.83,0.0,0
9405,4676,H&M,Swimwear,71.62,23.16,1
9406,4676,H&M,Footwear,53.63,0.0,0
9407,4677,H&M,Jeans,97.26,19.71,1
9408,4677,H&M,Dresses,49.09,0.0,0
9409,4678,Zara,Bags,37.27,0.0,0
9410,4679,H&M,Outerwear,50.4,17.53,1
9411,4679,H&M,Lingerie,36.73,4.1,1
9412,4680,Loewe,Lingerie,1064.72,0.0,0
9413,4680,Loewe,Tops,2450.52,0.0,0
9414,4681,Loewe,Lingerie,1072.44,0.0,0
9415,4681,Loewe,Footwear,1050.5,0.0,0
9416,4682,Shein,Footwear,28.54,0.0,0
9417,4682,Shein,Lingerie,39.11,0.0,0
9418,4682,Shein,Jeans,21.53,0.0,0
9419,4683,Prada,Lingerie,877.01,0.0,0
9420,4683,Prada,Footwear,983.04,0.0,0
9421,4684,Urban Outfitters,Swimwear,92.8,0.0,0
9422,4685,H&M,Home,119.58,35.19,1
9423,4686,Loewe,Footwear,500.0,0.0,0
9424,4686,Loewe,Lingerie,657.11,0.0,0
9425,4687,Girlfriend Collective,Swimwear,55.43,0.0,0
9426,4688,Zara,Lingerie,43.3,0.0,0
9427,4688,Zara,Lingerie,77.03,0.0,0
9428,4689,Prada,Swimwear,579.14,0.0,0
9429,4690,Chanel,Bags,9257.31,0.0,0
9430,4691,Zara,Activewear,39.49,2.94,1
9431,4691,Zara,Tops,32.09,0.0,0
9432,4692,Under Armour,Accessories,112.78,30.87,1
9433,4692,Under Armour,Lingerie,51.66,0.0,0
9434,4692,Under Armour,Home,127.2,32.12,1
9435,4693,Prada,Jeans,991.47,0.0,0
9436,4694,Girlfriend Collective,Activewear,52.73,0.0,0
9437,4694,Girlfriend Collective,Lingerie,96.73,0.0,0
9438,4694,Girlfriend Collective,Dresses,62.23,0.0,0
9439,4695,H&M,Outerwear,70.88,0.0,0
9440,4696,H&M,Jeans,79.12,0.0,0
9441,4696,H&M,Jeans,33.59,0.0,0
9442,4696,H&M,Bags,10.0,0.87,1
9443,4697,Zara,Beauty,70.92,0.0,0
9444,4697,Zara,Tops,61.73,19.56,1
9445,4698,Under Armour,Home,88.66,0.0,0
9446,4698,Under Armour,Bags,122.5,15.16,1
9447,4699,Urban Outfitters,Jeans,104.93,25.02,1
9448,4700,Girlfriend Collective,Footwear,61.48,0.0,0
9449,4700,Girlfriend Collective,Jeans,104.38,17.29,1
9450,4700,Girlfriend Collective,Tops,67.41,0.0,0
9451,4701,Under Armour,Jeans,102.46,0.0,0
9452,4702,Shein,Beauty,17.01,0.0,0
9453,4702,Shein,Accessories,8.63,1.92,1
9454,4702,Shein,Home,23.91,6.39,1
9455,4703,Zara,Lingerie,98.24,0.0,0
9456,4703,Zara,Footwear,57.66,5.18,1
9457,4704,Under Armour,Lingerie,88.44,0.0,0
9458,4704,Under Armour,Beauty,165.03,0.0,0
9459,4704,Under Armour,Outerwear,30.0,0.0,0
9460,4705,Shein,Beauty,32.69,0.0,0
9461,4706,Zara,Jeans,68.89,0.0,0
9462,4706,Zara,Footwear,76.94,0.0,0
9463,4707,Loewe,Footwear,912.33,0.0,0
9464,4707,Loewe,Outerwear,3632.76,0.0,0
9465,4708,Shein,Outerwear,20.97,0.0,0
9466,4709,Chanel,Swimwear,960.54,0.0,0
9467,4709,Chanel,Outerwear,2873.87,0.0,0
9468,4709,Chanel,Swimwear,806.2,0.0,0
9469,4710,Loewe,Swimwear,724.38,0.0,0
9470,4710,Loewe,Activewear,937.84,0.0,0
9471,4711,Chanel,Bags,8877.53,0.0,0
9472,4711,Chanel,Activewear,699.48,0.0,0
9473,4711,Chanel,Bags,9360.25,0.0,0
9474,4712,Loewe,Jeans,1398.19,0.0,0
9475,4712,Loewe,Jeans,1135.62,0.0,0
9476,4713,Zara,Jeans,60.83,0.0,0
9477,4714,Loewe,Jeans,823.02,114.61,1
9478,4714,Loewe,Lingerie,917.47,0.0,0
9479,4715,Loewe,Accessories,416.27,0.0,0
9480,4716,Zara,Jeans,42.37,2.13,1
9481,4716,Zara,Swimwear,89.05,21.55,1
9482,4717,Loewe,Jeans,979.55,0.0,0
9483,4718,Prada,Tops,1266.54,0.0,0
9484,4718,Prada,Swimwear,1201.67,0.0,0
9485,4718,Prada,Swimwear,684.77,0.0,0
9486,4719,Loewe,Lingerie,846.43,0.0,0
9487,4719,Loewe,Dresses,1998.92,0.0,0
9488,4719,Loewe,Activewear,1057.95,0.0,0
9489,4720,Zara,Beauty,87.2,0.0,0
9490,4721,Zara,Activewear,53.94,11.82,1
9491,4721,Zara,Home,58.84,13.46,1
9492,4722,H&M,Beauty,77.37,0.0,0
9493,4722,H&M,Outerwear,77.82,21.99,1
9494,4722,H&M,Tops,40.9,0.0,0
9495,4723,Zara,Activewear,97.07,13.4,1
9496,4723,Zara,Tops,51.22,0.0,0
9497,4724,Shein,Swimwear,15.19,3.37,1
9498,4724,Shein,Bags,20.71,1.88,1
9499,4725,Girlfriend Collective,Lingerie,74.8,0.0,0
9500,4725,Girlfriend Collective,Dresses,77.74,10.96,1
9501,4725,Girlfriend Collective,Lingerie,87.66,0.0,0
9502,4726,Gucci,Outerwear,3726.96,0.0,0
9503,4726,Gucci,Jeans,1407.18,0.0,0
9504,4727,Shein,Activewear,39.93,13.19,1
9505,4727,Shein,Bags,27.78,0.0,0
9506,4727,Shein,Footwear,39.21,6.73,1
9507,4728,H&M,Outerwear,73.02,0.0,0
9508,4728,H&M,Bags,107.86,0.0,0
9509,4729,Zara,Jeans,44.75,0.0,0
9510,4729,Zara,Footwear,60.63,20.91,1
9511,4730,Prada,Footwear,1034.49,0.0,0
9512,4730,Prada,Activewear,706.55,0.0,0
9513,4730,Prada,Beauty,1062.71,0.0,0
9514,4731,Gucci,Outerwear,3607.0,0.0,0
9515,4731,Gucci,Swimwear,799.04,0.0,0
9516,4731,Gucci,Activewear,777.22,0.0,0
9517,4732,Under Armour,Swimwear,41.75,7.19,1
9518,4733,Prada,Jeans,1200.35,0.0,0
9519,4734,Loewe,Dresses,2057.5,0.0,0
9520,4734,Loewe,Jeans,1375.65,0.0,0
9521,4734,Loewe,Footwear,1011.39,287.94,1
9522,4735,Girlfriend Collective,Jeans,92.78,0.0,0
9523,4736,Shein,Beauty,23.76,0.0,0
9524,4736,Shein,Activewear,24.5,0.0,0
9525,4736,Shein,Lingerie,35.3,5.69,1
9526,4737,Urban Outfitters,Footwear,82.1,0.0,0
9527,4738,Urban Outfitters,Accessories,69.24,0.0,0
9528,4738,Urban Outfitters,Home,229.26,0.0,0
9529,4739,Urban Outfitters,Outerwear,103.24,0.0,0
9530,4739,Urban Outfitters,Tops,50.51,0.0,0
9531,4740,Gucci,Home,863.85,0.0,0
9532,4740,Gucci,Footwear,636.22,0.0,0
9533,4741,Shein,Bags,36.09,0.0,0
9534,4741,Shein,Outerwear,16.89,1.27,1
9535,4741,Shein,Accessories,8.11,1.98,1
9536,4742,H&M,Tops,72.99,11.97,1
9537,4742,H&M,Activewear,81.18,0.0,0
9538,4743,Loewe,Home,863.31,0.0,0
9539,4744,Gucci,Tops,1545.1,0.0,0
9540,4744,Gucci,Beauty,659.71,0.0,0
9541,4745,Chanel,Swimwear,880.54,256.57,1
9542,4745,Chanel,Footwear,500.0,0.0,0
9543,4746,Urban Outfitters,Outerwear,52.12,0.0,0
9544,4746,Urban Outfitters,Footwear,73.43,0.0,0
9545,4747,H&M,Outerwear,53.36,0.0,0
9546,4747,H&M,Lingerie,88.21,0.0,0
9547,4747,H&M,Home,68.25,0.0,0
9548,4748,Under Armour,Footwear,80.63,0.0,0
9549,4748,Under Armour,Lingerie,79.31,0.0,0
9550,4749,Gucci,Swimwear,1323.03,0.0,0
9551,4749,Gucci,Bags,2919.28,0.0,0
9552,4750,Gucci,Footwear,942.53,0.0,0
9553,4751,Under Armour,Outerwear,88.64,0.0,0
9554,4751,Under Armour,Lingerie,92.55,0.0,0
9555,4751,Under Armour,Jeans,62.12,0.0,0
9556,4752,Girlfriend Collective,Lingerie,46.62,0.0,0
9557,4752,Girlfriend Collective,Bags,121.41,0.0,0
9558,4752,Girlfriend Collective,Bags,86.63,0.0,0
9559,4753,Chanel,Footwear,669.19,0.0,0
9560,4753,Chanel,Accessories,393.45,0.0,0
9561,4753,Chanel,Swimwear,757.83,0.0,0
9562,4754,Shein,Tops,29.86,0.0,0
9563,4755,Zara,Tops,61.01,8.76,1
9564,4755,Zara,Outerwear,70.38,0.0,0
9565,4755,Zara,Lingerie,45.61,0.0,0
9566,4756,Girlfriend Collective,Accessories,102.24,0.0,0
9567,4757,Under Armour,Activewear,119.46,32.14,1
9568,4757,Under Armour,Lingerie,60.1,0.0,0
9569,4757,Under Armour,Dresses,63.7,0.0,0
9570,4758,Loewe,Tops,1882.78,0.0,0
9571,4758,Loewe,Swimwear,1011.3,0.0,0
9572,4759,Urban Outfitters,Activewear,104.12,0.0,0
9573,4759,Urban Outfitters,Dresses,96.26,0.0,0
9574,4759,Urban Outfitters,Jeans,79.21,0.0,0
9575,4760,Shein,Dresses,19.62,6.69,1
9576,4761,Shein,Lingerie,33.5,0.0,0
9577,4762,H&M,Beauty,79.96,0.0,0
9578,4762,H&M,Accessories,69.78,0.0,0
9579,4762,H&M,Swimwear,30.36,2.37,1
9580,4763,Gucci,Tops,2310.59,0.0,0
9581,4764,Loewe,Jeans,1414.22,0.0,0
9582,4765,Prada,Tops,1267.02,0.0,0
9583,4765,Prada,Dresses,1229.57,0.0,0
9584,4765,Prada,Swimwear,846.29,0.0,0
9585,4766,Chanel,Tops,1378.32,0.0,0
9586,4767,Prada,Dresses,700.0,0.0,0
9587,4768,Gucci,Activewear,695.02,0.0,0
9588,4768,Gucci,Jeans,1685.16,0.0,0
9589,4769,Zara,Lingerie,86.98,0.0,0
9590,4770,Urban Outfitters,Dresses,100.76,31.47,1
9591,4771,Zara,Lingerie,20.65,0.0,0
9592,4771,Zara,Tops,69.42,0.0,0
9593,4772,Prada,Jeans,2072.92,0.0,0
9594,4772,Prada,Beauty,953.14,0.0,0
9595,4772,Prada,Home,586.08,0.0,0
9596,4773,Loewe,Outerwear,3249.66,0.0,0
9597,4774,Zara,Jeans,54.1,13.41,1
9598,4774,Zara,Footwear,73.21,0.0,0
9599,4775,Prada,Jeans,1462.85,80.44,1
9600,4776,H&M,Swimwear,56.7,0.0,0
9601,4777,Shein,Jeans,27.02,0.0,0
9602,4778,Loewe,Tops,1209.59,363.15,1
9603,4778,Loewe,Lingerie,426.12,0.0,0
9604,4778,Loewe,Home,658.45,0.0,0
9605,4779,Prada,Jeans,1445.83,0.0,0
9606,4779,Prada,Beauty,1011.18,0.0,0
9607,4780,Prada,Dresses,1798.65,0.0,0
9608,4780,Prada,Tops,2500.0,0.0,0
9609,4780,Prada,Dresses,1296.56,0.0,0
9610,4781,Loewe,Beauty,635.17,0.0,0
9611,4781,Loewe,Home,820.46,0.0,0
9612,4782,Urban Outfitters,Activewear,78.47,0.0,0
9613,4783,Shein,Jeans,38.51,0.0,0
9614,4783,Shein,Activewear,23.96,0.0,0
9615,4784,Zara,Bags,83.66,0.0,0
9616,4785,Gucci,Beauty,615.1,0.0,0
9617,4785,Gucci,Outerwear,3206.18,0.0,0
9618,4785,Gucci,Accessories,810.98,0.0,0
9619,4786,Zara,Tops,63.17,0.0,0
9620,4786,Zara,Beauty,29.6,4.15,1
9621,4786,Zara,Accessories,62.63,0.0,0
9622,4787,Prada,Swimwear,895.32,0.0,0
9623,4788,Loewe,Footwear,1121.94,0.0,0
9624,4788,Loewe,Footwear,572.86,0.0,0
9625,4789,Gucci,Lingerie,747.13,0.0,0
9626,4789,Gucci,Footwear,786.45,0.0,0
9627,4789,Gucci,Footwear,675.05,0.0,0
9628,4790,Loewe,Home,897.24,0.0,0
9629,4791,Zara,Bags,72.91,0.0,0
9630,4791,Zara,Lingerie,48.95,7.81,1
9631,4791,Zara,Bags,95.47,0.0,0
9632,4792,H&M,Footwear,66.88,0.0,0
9633,4793,Prada,Dresses,1675.36,0.0,0
9634,4794,Under Armour,Footwear,116.19,0.0,0
9635,4795,Under Armour,Accessories,82.99,19.09,1
9636,4796,Shein,Home,16.15,0.0,0
9637,4796,Shein,Dresses,27.53,0.0,0
9638,4797,Girlfriend Collective,Swimwear,74.6,0.0,0
9639,4797,Girlfriend Collective,Tops,61.33,0.0,0
9640,4797,Girlfriend Collective,Outerwear,102.31,6.21,1
9641,4798,H&M,Beauty,89.28,0.0,0
9642,4799,Urban Outfitters,Beauty,74.42,3.91,1
9643,4799,Urban Outfitters,Swimwear,20.0,6.18,1
9644,4800,Urban Outfitters,Home,20.0,0.0,0
9645,4801,H&M,Bags,57.06,0.0,0
9646,4802,Zara,Jeans,69.68,0.0,0
9647,4802,Zara,Jeans,99.77,0.0,0
9648,4803,Chanel,Outerwear,3444.96,0.0,0
9649,4804,Urban Outfitters,Home,270.72,0.0,0
9650,4804,Urban Outfitters,Home,101.07,0.0,0
9651,4805,Shein,Beauty,16.06,0.0,0
9652,4805,Shein,Swimwear,24.87,0.0,0
9653,4806,H&M,Lingerie,53.18,0.0,0
9654,4806,H&M,Beauty,46.27,0.0,0
9655,4806,H&M,Bags,52.7,0.0,0
9656,4807,Loewe,Footwear,1174.63,0.0,0
9657,4807,Loewe,Tops,1039.07,0.0,0
9658,4808,H&M,Outerwear,44.87,0.0,0
9659,4809,H&M,Bags,63.68,0.0,0
9660,4809,H&M,Footwear,96.9,26.33,1
9661,4810,Urban Outfitters,Swimwear,116.8,0.0,0
9662,4810,Urban Outfitters,Home,112.71,0.0,0
9663,4810,Urban Outfitters,Activewear,89.69,13.59,1
9664,4811,Gucci,Jeans,1398.16,0.0,0
9665,4811,Gucci,Activewear,460.26,0.0,0
9666,4811,Gucci,Jeans,1329.75,0.0,0
9667,4812,Urban Outfitters,Beauty,41.63,0.0,0
9668,4812,Urban Outfitters,Jeans,84.66,0.0,0
9669,4813,Under Armour,Tops,99.11,34.68,1
9670,4813,Under Armour,Dresses,83.83,0.0,0
9671,4814,Girlfriend Collective,Swimwear,80.03,7.41,1
9672,4814,Girlfriend Collective,Lingerie,86.26,0.0,0
9673,4815,Shein,Outerwear,27.83,0.0,0
9674,4815,Shein,Bags,27.6,0.0,0
9675,4815,Shein,Dresses,14.73,0.0,0
9676,4816,Loewe,Activewear,789.86,0.0,0
9677,4816,Loewe,Swimwear,677.95,0.0,0
9678,4816,Loewe,Tops,1761.5,0.0,0
9679,4817,Urban Outfitters,Bags,102.5,18.18,1
9680,4817,Urban Outfitters,Activewear,20.0,0.0,0
9681,4817,Urban Outfitters,Dresses,113.81,0.0,0
9682,4818,Loewe,Beauty,1081.94,0.0,0
9683,4818,Loewe,Swimwear,428.27,0.0,0
9684,4819,Shein,Activewear,12.03,0.0,0
9685,4819,Shein,Jeans,13.38,3.04,1
9686,4820,Shein,Dresses,21.84,0.0,0
9687,4820,Shein,Jeans,11.84,0.0,0
9688,4820,Shein,Footwear,35.49,0.0,0
9689,4821,Shein,Outerwear,24.09,0.0,0
9690,4821,Shein,Activewear,32.98,10.6,1
9691,4822,Gucci,Swimwear,370.07,0.0,0
9692,4822,Gucci,Jeans,1300.99,0.0,0
9693,4822,Gucci,Dresses,1010.64,0.0,0
9694,4823,Gucci,Activewear,973.17,0.0,0
9695,4823,Gucci,Footwear,1054.74,0.0,0
9696,4824,Zara,Dresses,43.02,0.0,0
9697,4824,Zara,Accessories,53.82,13.92,1
9698,4824,Zara,Bags,85.42,0.0,0
9699,4825,Girlfriend Collective,Swimwear,67.44,0.0,0
9700,4825,Girlfriend Collective,Outerwear,57.27,0.0,0
9701,4826,Urban Outfitters,Footwear,33.18,0.0,0
9702,4826,Urban Outfitters,Home,24.68,0.0,0
9703,4827,Prada,Footwear,730.22,0.0,0
9704,4827,Prada,Activewear,664.21,0.0,0
9705,4827,Prada,Activewear,868.6,0.0,0
9706,4828,Chanel,Tops,1161.14,0.0,0
9707,4829,Urban Outfitters,Bags,63.37,0.0,0
9708,4830,Urban Outfitters,Accessories,29.28,0.0,0
9709,4830,Urban Outfitters,Lingerie,85.8,0.0,0
9710,4831,Chanel,Dresses,1804.63,0.0,0
9711,4831,Chanel,Swimwear,851.52,0.0,0
9712,4832,H&M,Bags,71.18,0.0,0
9713,4832,H&M,Beauty,84.62,0.0,0
9714,4833,H&M,Activewear,59.72,0.0,0
9715,4833,H&M,Outerwear,59.33,0.0,0
9716,4834,H&M,Dresses,80.24,0.0,0
9717,4835,Loewe,Dresses,1434.66,0.0,0
9718,4835,Loewe,Swimwear,829.62,0.0,0
9719,4836,Urban Outfitters,Dresses,92.06,0.0,0
9720,4836,Urban Outfitters,Activewear,87.6,0.0,0
9721,4836,Urban Outfitters,Lingerie,89.15,0.0,0
9722,4837,Urban Outfitters,Dresses,26.31,0.0,0
9723,4838,Urban Outfitters,Tops,83.92,5.0,1
9724,4838,Urban Outfitters,Accessories,66.27,0.0,0
9725,4838,Urban Outfitters,Footwear,62.33,0.0,0
9726,4839,Shein,Footwear,13.27,2.73,1
9727,4840,Loewe,Accessories,420.06,0.0,0
9728,4840,Loewe,Bags,2365.04,0.0,0
9729,4841,H&M,Bags,44.84,0.0,0
9730,4841,H&M,Activewear,58.48,8.65,1
9731,4841,H&M,Beauty,47.31,0.0,0
9732,4842,Girlfriend Collective,Accessories,113.45,0.0,0
9733,4842,Girlfriend Collective,Dresses,30.0,0.0,0
9734,4843,Gucci,Beauty,855.94,0.0,0
9735,4843,Gucci,Accessories,556.02,0.0,0
9736,4844,Urban Outfitters,Outerwear,89.55,0.0,0
9737,4844,Urban Outfitters,Accessories,77.82,6.06,1
9738,4845,Zara,Tops,94.38,12.74,1
9739,4845,Zara,Home,63.58,0.0,0
9740,4846,Shein,Beauty,22.73,0.0,0
9741,4846,Shein,Home,30.53,0.0,0
9742,4847,Under Armour,Activewear,121.41,0.0,0
9743,4847,Under Armour,Beauty,90.64,25.15,1
9744,4848,Loewe,Tops,810.95,0.0,0
9745,4848,Loewe,Tops,2121.51,0.0,0
9746,4849,Zara,Accessories,102.04,0.0,0
9747,4849,Zara,Home,95.19,0.0,0
9748,4849,Zara,Home,63.18,0.0,0
9749,4850,Under Armour,Outerwear,96.77,0.0,0
9750,4850,Under Armour,Dresses,105.66,8.03,1
9751,4851,Zara,Tops,71.57,0.0,0
9752,4852,Urban Outfitters,Footwear,57.39,0.0,0
9753,4852,Urban Outfitters,Home,38.47,0.0,0
9754,4853,Prada,Activewear,754.62,0.0,0
9755,4853,Prada,Bags,2703.5,0.0,0
9756,4853,Prada,Bags,1854.68,0.0,0
9757,4854,Zara,Dresses,53.26,0.0,0
9758,4854,Zara,Swimwear,62.34,16.3,1
9759,4855,H&M,Activewear,86.37,0.0,0
9760,4855,H&M,Jeans,81.37,0.0,0
9761,4855,H&M,Dresses,104.84,0.0,0
9762,4856,Gucci,Activewear,641.71,0.0,0
9763,4857,Urban Outfitters,Home,32.36,0.0,0
9764,4857,Urban Outfitters,Outerwear,78.66,0.0,0
9765,4858,Under Armour,Outerwear,156.7,0.0,0
9766,4858,Under Armour,Beauty,30.0,0.0,0
9767,4858,Under Armour,Lingerie,48.28,0.0,0
9768,4859,H&M,Lingerie,74.56,24.25,1
9769,4859,H&M,Outerwear,69.69,0.0,0
9770,4860,Under Armour,Activewear,114.91,0.0,0
9771,4861,H&M,Home,94.18,0.0,0
9772,4861,H&M,Jeans,51.17,0.0,0
9773,4861,H&M,Swimwear,10.0,0.0,0
9774,4862,Zara,Activewear,42.41,7.02,1
9775,4863,Loewe,Jeans,2152.22,0.0,0
9776,4863,Loewe,Outerwear,3586.72,0.0,0
9777,4864,Shein,Activewear,29.41,3.04,1
9778,4865,Urban Outfitters,Activewear,102.27,0.0,0
9779,4866,Loewe,Outerwear,3431.55,0.0,0
9780,4866,Loewe,Beauty,947.41,0.0,0
9781,4866,Loewe,Bags,2081.8,0.0,0
9782,4867,Under Armour,Dresses,103.02,28.36,1
9783,4867,Under Armour,Accessories,139.89,0.0,0
9784,4868,Shein,Footwear,10.48,0.0,0
9785,4868,Shein,Outerwear,19.54,0.0,0
9786,4868,Shein,Footwear,14.58,0.0,0
9787,4869,Under Armour,Lingerie,116.29,0.0,0
9788,4869,Under Armour,Activewear,91.54,0.0,0
9789,4869,Under Armour,Jeans,109.06,0.0,0
9790,4870,Under Armour,Outerwear,104.57,29.66,1
9791,4871,Loewe,Tops,2177.68,0.0,0
9792,4871,Loewe,Jeans,1869.77,0.0,0
9793,4872,H&M,Beauty,73.38,5.05,1
9794,4872,H&M,Bags,10.0,2.04,1
9795,4873,Prada,Bags,2390.63,0.0,0
9796,4873,Prada,Home,932.34,0.0,0
9797,4874,H&M,Bags,55.56,17.65,1
9798,4875,Chanel,Bags,9410.39,0.0,0
9799,4876,Zara,Jeans,48.3,0.0,0
9800,4877,Gucci,Accessories,650.0,0.0,0
9801,4877,Gucci,Footwear,575.46,0.0,0
9802,4877,Gucci,Accessories,477.27,0.0,0
9803,4878,Urban Outfitters,Footwear,121.78,0.0,0
9804,4878,Urban Outfitters,Home,144.4,0.0,0
9805,4879,Prada,Bags,2585.97,0.0,0
9806,4880,Girlfriend Collective,Dresses,51.17,11.39,1
9807,4880,Girlfriend Collective,Activewear,72.8,0.0,0
9808,4881,Shein,Bags,23.63,7.3,1
9809,4881,Shein,Beauty,37.35,3.29,1
9810,4881,Shein,Bags,14.32,0.0,0
9811,4882,Shein,Bags,27.47,0.0,0
9812,4883,Chanel,Activewear,510.8,0.0,0
9813,4884,Loewe,Accessories,548.39,0.0,0
9814,4884,Loewe,Lingerie,692.74,0.0,0
9815,4885,Under Armour,Outerwear,115.74,0.0,0
9816,4885,Under Armour,Bags,119.46,0.0,0
9817,4885,Under Armour,Home,37.54,3.89,1
9818,4886,Shein,Swimwear,24.9,0.0,0
9819,4886,Shein,Beauty,44.23,7.08,1
9820,4887,Shein,Home,14.18,0.0,0
9821,4887,Shein,Activewear,42.5,3.95,1
9822,4887,Shein,Outerwear,38.46,12.43,1
9823,4888,Zara,Bags,97.28,0.0,0
9824,4888,Zara,Dresses,36.02,6.36,1
9825,4889,Chanel,Lingerie,910.24,0.0,0
9826,4890,Zara,Lingerie,88.81,29.94,1
9827,4890,Zara,Jeans,63.08,15.6,1
9828,4891,H&M,Jeans,64.51,0.0,0
9829,4891,H&M,Tops,31.1,0.0,0
9830,4891,H&M,Tops,36.96,4.68,1
9831,4892,H&M,Beauty,82.19,0.0,0
9832,4892,H&M,Lingerie,48.79,0.0,0
9833,4893,Girlfriend Collective,Activewear,82.41,0.0,0
9834,4893,Girlfriend Collective,Activewear,122.99,13.37,1
9835,4893,Girlfriend Collective,Swimwear,83.87,0.0,0
9836,4894,Under Armour,Jeans,45.18,0.0,0
9837,4894,Under Armour,Bags,71.67,22.3,1
9838,4894,Under Armour,Swimwear,102.76,35.9,1
9839,4895,Zara,Bags,69.28,0.0,0
9840,4896,Under Armour,Activewear,123.03,0.0,0
9841,4896,Under Armour,Jeans,46.75,10.8,1
9842,4897,Loewe,Accessories,300.0,32.73,1
9843,4897,Loewe,Outerwear,3272.54,0.0,0
9844,4897,Loewe,Home,1053.92,0.0,0
9845,4898,Zara,Jeans,91.65,0.0,0
9846,4898,Zara,Accessories,37.44,2.86,1
9847,4898,Zara,Bags,62.22,0.0,0
9848,4899,Loewe,Home,1054.14,0.0,0
9849,4899,Loewe,Bags,2023.91,0.0,0
9850,4899,Loewe,Lingerie,855.57,210.14,1
9851,4900,Under Armour,Lingerie,98.6,5.91,1
9852,4900,Under Armour,Home,69.75,0.0,0
9853,4900,Under Armour,Beauty,61.49,0.0,0
9854,4901,H&M,Activewear,54.91,7.35,1
9855,4901,H&M,Home,68.58,0.0,0
9856,4901,H&M,Accessories,53.44,0.0,0
9857,4902,Girlfriend Collective,Accessories,111.25,10.28,1
9858,4902,Girlfriend Collective,Tops,110.21,0.0,0
9859,4903,Zara,Activewear,107.02,0.0,0
9860,4903,Zara,Bags,75.53,0.0,0
9861,4904,H&M,Swimwear,66.72,0.0,0
9862,4905,Under Armour,Tops,97.53,0.0,0
9863,4906,Prada,Lingerie,666.85,0.0,0
9864,4906,Prada,Beauty,771.13,0.0,0
9865,4906,Prada,Home,1008.25,149.24,1
9866,4907,Under Armour,Home,39.87,10.62,1
9867,4907,Under Armour,Footwear,144.26,0.0,0
9868,4908,Loewe,Lingerie,1212.69,0.0,0
9869,4908,Loewe,Home,580.84,0.0,0
9870,4909,Zara,Jeans,70.19,0.0,0
9871,4910,Gucci,Activewear,897.13,0.0,0
9872,4910,Gucci,Tops,1099.71,0.0,0
9873,4911,Gucci,Tops,1969.33,0.0,0
9874,4911,Gucci,Accessories,601.97,0.0,0
9875,4911,Gucci,Bags,2273.95,0.0,0
9876,4912,Prada,Outerwear,3267.35,0.0,0
9877,4913,H&M,Swimwear,26.5,0.0,0
9878,4913,H&M,Jeans,57.07,0.0,0
9879,4914,Prada,Tops,1830.59,0.0,0
9880,4915,Shein,Lingerie,33.18,7.49,1
9881,4915,Shein,Jeans,31.15,0.0,0
9882,4916,Shein,Footwear,16.52,1.73,1
9883,4916,Shein,Outerwear,43.89,0.0,0
9884,4917,Gucci,Lingerie,921.17,0.0,0
9885,4918,Loewe,Lingerie,540.06,0.0,0
9886,4918,Loewe,Tops,917.35,0.0,0
9887,4919,Under Armour,Tops,121.12,0.0,0
9888,4919,Under Armour,Home,64.35,0.0,0
9889,4919,Under Armour,Lingerie,94.7,0.0,0
9890,4920,Prada,Accessories,570.61,0.0,0
9891,4921,Under Armour,Outerwear,106.37,31.07,1
9892,4921,Under Armour,Dresses,116.99,34.89,1
9893,4922,Prada,Dresses,2187.6,0.0,0
9894,4923,H&M,Activewear,35.42,8.59,1
9895,4923,H&M,Outerwear,51.18,4.78,1
9896,4923,H&M,Footwear,72.15,11.9,1
9897,4924,Under Armour,Beauty,68.97,0.0,0
9898,4925,Shein,Swimwear,15.13,5.18,1
9899,4925,Shein,Tops,12.62,0.0,0
9900,4925,Shein,Swimwear,24.12,0.0,0
9901,4926,Urban Outfitters,Jeans,102.49,0.0,0
9902,4926,Urban Outfitters,Tops,89.27,0.0,0
9903,4926,Urban Outfitters,Outerwear,20.0,0.0,0
9904,4927,Shein,Jeans,31.99,9.83,1
9905,4927,Shein,Footwear,48.84,0.0,0
9906,4928,Girlfriend Collective,Footwear,85.15,6.75,1
9907,4929,H&M,Beauty,89.89,0.0,0
9908,4929,H&M,Accessories,56.64,0.0,0
9909,4930,Girlfriend Collective,Footwear,106.82,0.0,0
9910,4930,Girlfriend Collective,Accessories,72.9,0.0,0
9911,4930,Girlfriend Collective,Lingerie,54.32,15.82,1
9912,4931,Loewe,Bags,1623.1,0.0,0
9913,4931,Loewe,Jeans,1974.32,0.0,0
9914,4932,Shein,Dresses,30.3,0.0,0
9915,4933,Under Armour,Jeans,126.61,0.0,0
9916,4934,Loewe,Jeans,1186.36,0.0,0
9917,4934,Loewe,Activewear,971.81,0.0,0
9918,4935,H&M,Accessories,45.68,0.0,0
9919,4935,H&M,Activewear,19.36,0.0,0
9920,4935,H&M,Beauty,30.06,0.0,0
9921,4936,H&M,Activewear,54.18,6.99,1
9922,4936,H&M,Activewear,70.01,0.0,0
9923,4936,H&M,Activewear,69.47,0.0,0
9924,4937,Under Armour,Beauty,46.37,7.39,1
9925,4937,Under Armour,Accessories,138.55,0.0,0
9926,4938,Gucci,Home,635.09,0.0,0
9927,4939,H&M,Swimwear,78.3,0.0,0
9928,4939,H&M,Home,56.98,0.0,0
9929,4940,Urban Outfitters,Tops,21.79,0.0,0
9930,4940,Urban Outfitters,Outerwear,44.08,9.39,1
9931,4941,Under Armour,Bags,67.7,0.0,0
9932,4942,Prada,Dresses,1299.54,0.0,0
9933,4942,Prada,Dresses,1659.04,0.0,0
9934,4942,Prada,Accessories,656.42,0.0,0
9935,4943,H&M,Tops,21.88,6.58,1
9936,4944,Loewe,Accessories,636.6,0.0,0
9937,4944,Loewe,Outerwear,3627.89,0.0,0
9938,4945,Gucci,Beauty,855.7,0.0,0
9939,4945,Gucci,Bags,2498.74,0.0,0
9940,4945,Gucci,Lingerie,862.28,0.0,0
9941,4946,Girlfriend Collective,Outerwear,109.78,0.0,0
9942,4946,Girlfriend Collective,Activewear,56.25,0.0,0
9943,4947,Zara,Accessories,11.85,0.0,0
9944,4947,Zara,Outerwear,79.83,0.0,0
9945,4948,Shein,Swimwear,31.43,0.0,0
9946,4949,Under Armour,Beauty,111.5,0.0,0
9947,4950,Girlfriend Collective,Beauty,108.9,27.58,1
9948,4951,H&M,Bags,90.68,0.0,0
9949,4952,Urban Outfitters,Outerwear,67.84,0.0,0
9950,4952,Urban Outfitters,Activewear,20.0,0.0,0
9951,4953,Urban Outfitters,Dresses,77.65,0.0,0
9952,4953,Urban Outfitters,Swimwear,93.14,9.41,1
9953,4954,Girlfriend Collective,Activewear,92.18,0.0,0
9954,4955,H&M,Outerwear,49.26,0.0,0
9955,4955,H&M,Bags,39.52,7.63,1
9956,4956,Gucci,Accessories,475.98,0.0,0
9957,4956,Gucci,Lingerie,710.05,0.0,0
9958,4957,Under Armour,Home,66.24,0.0,0
9959,4958,H&M,Lingerie,89.79,0.0,0
9960,4959,Under Armour,Jeans,86.12,0.0,0
9961,4959,Under Armour,Jeans,54.82,0.0,0
9962,4959,Under Armour,Activewear,117.4,0.0,0
9963,4960,Loewe,Beauty,320.41,0.0,0
9964,4961,Girlfriend Collective,Outerwear,87.73,0.0,0
9965,4962,Chanel,Jeans,1678.86,496.44,1
9966,4962,Chanel,Lingerie,847.06,0.0,0
9967,4963,Chanel,Dresses,1460.67,0.0,0
9968,4963,Chanel,Activewear,666.4,0.0,0
9969,4964,Chanel,Activewear,530.48,0.0,0
9970,4965,H&M,Bags,104.49,16.96,1
9971,4966,Loewe,Outerwear,3548.01,0.0,0
9972,4967,Shein,Swimwear,27.66,0.0,0
9973,4968,Loewe,Jeans,700.0,0.0,0
9974,4968,Loewe,Home,1041.2,0.0,0
9975,4969,Zara,Swimwear,66.72,0.0,0
9976,4969,Zara,Swimwear,43.45,0.0,0
9977,4969,Zara,Bags,13.28,0.0,0
9978,4970,Urban Outfitters,Outerwear,149.4,0.0,0
9979,4971,Shein,Tops,27.4,0.0,0
9980,4972,Shein,Dresses,14.09,0.0,0
9981,4972,Shein,Tops,32.26,0.0,0
9982,4972,Shein,Bags,19.03,1.25,1
9983,4973,Zara,Bags,97.81,10.96,1
9984,4974,Girlfriend Collective,Tops,69.52,0.0,0
9985,4974,Girlfriend Collective,Jeans,50.87,0.0,0
9986,4975,Under Armour,Bags,100.05,11.33,1
9987,4975,Under Armour,Jeans,149.22,0.0,0
9988,4976,Under Armour,Footwear,84.01,0.0,0
9989,4977,Gucci,Dresses,1580.88,0.0,0
9990,4977,Gucci,Footwear,606.22,0.0,0
9991,4978,Zara,Beauty,49.8,0.0,0
9992,4979,Zara,Tops,34.2,0.0,0
9993,4979,Zara,Outerwear,92.24,0.0,0
9994,4980,Shein,Lingerie,17.19,0.0,0
9995,4981,Shein,Home,31.03,7.52,1
9996,4981,Shein,Home,26.46,0.0,0
9997,4982,H&M,Jeans,78.04,0.0,0
9998,4982,H&M,Lingerie,48.29,0.0,0
9999,4983,Zara,Lingerie,95.32,0.0,0
10000,4983,Zara,Swimwear,77.08,0.0,0
10001,4984,Prada,Lingerie,562.29,0.0,0
10002,4984,Prada,Dresses,1391.59,0.0,0
10003,4984,Prada,Bags,1881.02,0.0,0
10004,4985,Urban Outfitters,Footwear,87.59,0.0,0
10005,4985,Urban Outfitters,Swimwear,20.0,0.0,0
10006,4986,Zara,Accessories,42.75,0.0,0
10007,4987,H&M,Home,44.86,4.5,1
10008,4988,Zara,Swimwear,32.51,0.0,0
10009,4988,Zara,Beauty,62.49,0.0,0
10010,4988,Zara,Jeans,59.54,8.11,1
10011,4989,Shein,Bags,23.12,0.0,0
10012,4989,Shein,Swimwear,18.37,0.0,0
10013,4990,Under Armour,Footwear,62.01,19.24,1
10014,4991,Loewe,Activewear,1207.89,0.0,0
10015,4991,Loewe,Jeans,1871.93,0.0,0
10016,4991,Loewe,Dresses,1544.79,0.0,0
10017,4992,Urban Outfitters,Accessories,32.84,0.0,0
10018,4993,Urban Outfitters,Bags,56.06,0.0,0
10019,4993,Urban Outfitters,Dresses,140.7,8.99,1
10020,4994,Gucci,Jeans,2318.6,0.0,0
10021,4995,Loewe,Jeans,1487.57,0.0,0
10022,4996,Zara,Footwear,102.26,0.0,0
10023,4996,Zara,Outerwear,92.52,0.0,0
10024,4996,Zara,Accessories,56.84,0.0,0
10025,4997,Gucci,Jeans,1879.01,0.0,0
10026,4997,Gucci,Footwear,946.1,0.0,0
10027,4997,Gucci,Dresses,738.66,0.0,0
10028,4998,H&M,Accessories,53.44,0.0,0
10029,4998,H&M,Bags,95.5,0.0,0
10030,4998,H&M,Dresses,32.45,0.0,0
10031,4999,Zara,Swimwear,46.5,0.0,0
10032,4999,Zara,Jeans,37.19,0.0,0
10033,5000,Shein,Accessories,26.91,0.0,0
10034,5000,Shein,Activewear,16.11,2.68,1
10035,5001,H&M,Bags,49.25,9.18,1
10036,5001,H&M,Activewear,83.57,0.0,0
10037,5002,Shein,Bags,36.18,0.0,0
10038,5003,Girlfriend Collective,Beauty,94.47,0.0,0
10039,5004,Urban Outfitters,Beauty,20.0,0.0,0
10040,5005,Under Armour,Tops,85.94,0.0,0
10041,5005,Under Armour,Accessories,44.83,0.0,0
10042,5006,Girlfriend Collective,Lingerie,95.88,0.0,0
10043,5007,Zara,Jeans,49.81,12.34,1
10044,5008,Zara,Footwear,70.83,0.0,0
10045,5009,Loewe,Activewear,731.41,0.0,0
10046,5009,Loewe,Jeans,1356.43,0.0,0
10047,5010,Urban Outfitters,Swimwear,20.0,0.0,0
10048,5010,Urban Outfitters,Footwear,30.9,0.0,0
10049,5011,H&M,Dresses,76.77,19.3,1
10050,5012,Shein,Outerwear,27.28,0.0,0
10051,5012,Shein,Lingerie,26.99,0.0,0
10052,5012,Shein,Beauty,18.58,0.0,0
10053,5013,Shein,Bags,29.24,1.86,1
10054,5013,Shein,Beauty,21.95,5.45,1
10055,5014,Under Armour,Swimwear,30.0,0.0,0
10056,5015,Girlfriend Collective,Activewear,111.35,0.0,0
10057,5015,Girlfriend Collective,Outerwear,92.32,29.59,1
10058,5015,Girlfriend Collective,Dresses,105.55,0.0,0
10059,5016,Gucci,Footwear,1050.06,0.0,0
10060,5017,Urban Outfitters,Tops,44.92,0.0,0
10061,5017,Urban Outfitters,Dresses,71.42,0.0,0
10062,5017,Urban Outfitters,Outerwear,37.56,8.35,1
10063,5018,H&M,Home,153.7,7.78,1
10064,5018,H&M,Swimwear,72.39,0.0,0
10065,5019,Girlfriend Collective,Beauty,31.46,0.0,0
10066,5019,Girlfriend Collective,Lingerie,72.32,0.0,0
10067,5020,H&M,Jeans,60.23,0.0,0
10068,5021,Shein,Home,17.34,3.86,1
10069,5021,Shein,Outerwear,35.0,0.0,0
10070,5022,Prada,Outerwear,3813.5,1282.51,1
10071,5023,H&M,Activewear,70.01,0.0,0
10072,5023,H&M,Swimwear,89.1,0.0,0
10073,5023,H&M,Jeans,10.0,0.0,0
10074,5024,Under Armour,Beauty,158.3,0.0,0
10075,5024,Under Armour,Jeans,135.64,0.0,0
10076,5024,Under Armour,Accessories,39.02,4.99,1
10077,5025,H&M,Lingerie,47.89,0.0,0
10078,5026,Girlfriend Collective,Dresses,65.37,0.0,0
10079,5026,Girlfriend Collective,Footwear,134.47,0.0,0
10080,5027,Girlfriend Collective,Dresses,100.58,0.0,0
10081,5028,Zara,Bags,76.61,12.78,1
10082,5028,Zara,Beauty,40.91,11.41,1
10083,5028,Zara,Swimwear,109.18,0.0,0
10084,5029,H&M,Tops,68.35,0.0,0
10085,5030,Zara,Activewear,38.31,0.0,0
10086,5031,Under Armour,Outerwear,110.04,0.0,0
10087,5031,Under Armour,Dresses,35.05,11.28,1
10088,5032,H&M,Swimwear,46.68,6.4,1
10089,5032,H&M,Home,72.32,0.0,0
10090,5033,Zara,Outerwear,91.94,0.0,0
10091,5033,Zara,Lingerie,97.78,0.0,0
10092,5034,Girlfriend Collective,Outerwear,110.44,0.0,0
10093,5034,Girlfriend Collective,Activewear,107.91,31.97,1
10094,5034,Girlfriend Collective,Footwear,79.21,23.44,1
10095,5035,H&M,Outerwear,29.2,0.0,0
10096,5035,H&M,Footwear,44.08,14.47,1
10097,5036,Under Armour,Jeans,73.63,23.15,1
10098,5036,Under Armour,Outerwear,112.76,0.0,0
10099,5036,Under Armour,Home,81.36,21.56,1
10100,5037,Under Armour,Footwear,126.79,0.0,0
10101,5037,Under Armour,Footwear,97.94,0.0,0
10102,5038,Zara,Lingerie,21.99,0.0,0
10103,5038,Zara,Accessories,68.2,0.0,0
10104,5038,Zara,Outerwear,20.42,2.22,1
10105,5039,Shein,Outerwear,25.66,0.0,0
10106,5040,Prada,Footwear,791.47,134.52,1
10107,5040,Prada,Bags,2400.69,0.0,0
10108,5041,Zara,Beauty,67.99,0.0,0
10109,5042,Prada,Outerwear,4062.06,0.0,0
10110,5042,Prada,Home,637.16,0.0,0
10111,5043,Loewe,Accessories,570.52,0.0,0
10112,5044,Urban Outfitters,Accessories,108.21,0.0,0
10113,5044,Urban Outfitters,Accessories,85.16,0.0,0
10114,5045,Prada,Home,463.87,0.0,0
10115,5046,Girlfriend Collective,Home,75.63,0.0,0
10116,5046,Girlfriend Collective,Jeans,77.52,0.0,0
10117,5046,Girlfriend Collective,Tops,99.86,33.45,1
10118,5047,Girlfriend Collective,Dresses,145.57,0.0,0
10119,5047,Girlfriend Collective,Outerwear,120.93,0.0,0
10120,5048,Shein,Footwear,5.0,0.0,0
10121,5048,Shein,Accessories,30.38,0.0,0
10122,5049,Loewe,Accessories,757.68,133.06,1
10123,5050,Under Armour,Accessories,128.26,36.38,1
10124,5050,Under Armour,Lingerie,46.21,0.0,0
10125,5050,Under Armour,Dresses,77.76,0.0,0
10126,5051,Zara,Bags,17.46,0.0,0
10127,5051,Zara,Swimwear,66.56,0.0,0
10128,5052,Zara,Activewear,59.73,0.0,0
10129,5052,Zara,Home,10.0,0.0,0
10130,5052,Zara,Dresses,43.69,3.98,1
10131,5053,Loewe,Beauty,307.01,0.0,0
10132,5053,Loewe,Beauty,701.72,0.0,0
10133,5053,Loewe,Home,810.78,0.0,0
10134,5054,Loewe,Bags,2119.97,0.0,0
10135,5055,Zara,Swimwear,22.94,2.69,1
10136,5055,Zara,Lingerie,80.32,0.0,0
10137,5055,Zara,Dresses,10.0,0.0,0
10138,5056,Loewe,Swimwear,841.24,0.0,0
10139,5057,Under Armour,Accessories,30.0,0.0,0
10140,5057,Under Armour,Jeans,55.61,2.91,1
10141,5058,H&M,Accessories,55.28,0.0,0
10142,5058,H&M,Outerwear,76.39,0.0,0
10143,5059,Urban Outfitters,Tops,61.45,0.0,0
10144,5060,Under Armour,Beauty,90.93,0.0,0
10145,5060,Under Armour,Beauty,75.66,0.0,0
10146,5061,Zara,Lingerie,88.63,0.0,0
10147,5062,Gucci,Outerwear,3672.15,0.0,0
10148,5062,Gucci,Activewear,975.43,0.0,0
10149,5062,Gucci,Dresses,1096.1,0.0,0
10150,5063,Chanel,Bags,9483.02,0.0,0
10151,5063,Chanel,Activewear,1205.36,182.35,1
10152,5063,Chanel,Bags,8456.32,0.0,0
10153,5064,Prada,Activewear,725.03,0.0,0
10154,5064,Prada,Bags,1844.08,0.0,0
10155,5065,Zara,Outerwear,59.05,0.0,0
10156,5065,Zara,Outerwear,83.34,0.0,0
10157,5065,Zara,Accessories,58.08,9.49,1
10158,5066,Zara,Swimwear,52.6,0.0,0
10159,5067,Zara,Swimwear,70.43,13.87,1
10160,5068,H&M,Bags,34.52,0.0,0
10161,5069,Prada,Lingerie,771.56,0.0,0
10162,5069,Prada,Jeans,1229.98,0.0,0
10163,5070,H&M,Activewear,100.68,0.0,0
10164,5070,H&M,Dresses,39.72,0.0,0
10165,5071,Gucci,Home,780.07,0.0,0
10166,5071,Gucci,Outerwear,4236.37,0.0,0
10167,5072,Chanel,Tops,1505.17,0.0,0
10168,5072,Chanel,Tops,1627.03,0.0,0
10169,5072,Chanel,Beauty,1165.94,0.0,0
10170,5073,Prada,Footwear,815.23,0.0,0
10171,5073,Prada,Tops,1069.62,0.0,0
10172,5073,Prada,Tops,1440.87,0.0,0
10173,5074,Girlfriend Collective,Accessories,74.92,0.0,0
10174,5074,Girlfriend Collective,Lingerie,82.53,23.55,1
10175,5074,Girlfriend Collective,Swimwear,62.81,5.79,1
10176,5075,Zara,Accessories,95.38,0.0,0
10177,5076,Zara,Accessories,73.82,0.0,0
10178,5077,Prada,Beauty,567.95,0.0,0
10179,5077,Prada,Swimwear,782.59,0.0,0
10180,5077,Prada,Activewear,581.52,0.0,0
10181,5078,Urban Outfitters,Home,67.34,23.06,1
10182,5078,Urban Outfitters,Beauty,36.28,0.0,0
10183,5079,Loewe,Swimwear,729.01,254.69,1
10184,5079,Loewe,Dresses,1791.19,0.0,0
10185,5079,Loewe,Home,885.75,0.0,0
10186,5080,Girlfriend Collective,Home,49.5,0.0,0
10187,5081,Gucci,Accessories,620.92,0.0,0
10188,5081,Gucci,Beauty,623.68,0.0,0
10189,5082,Zara,Tops,46.25,0.0,0
10190,5082,Zara,Lingerie,42.27,0.0,0
10191,5082,Zara,Home,34.9,0.0,0
10192,5083,Shein,Outerwear,21.61,3.44,1
10193,5084,Girlfriend Collective,Tops,75.91,0.0,0
10194,5085,Urban Outfitters,Home,71.79,0.0,0
10195,5085,Urban Outfitters,Beauty,118.28,0.0,0
10196,5086,Shein,Swimwear,21.76,0.0,0
10197,5086,Shein,Beauty,34.94,0.0,0
10198,5086,Shein,Swimwear,27.23,0.0,0
10199,5087,Under Armour,Accessories,74.73,0.0,0
10200,5087,Under Armour,Jeans,108.11,14.51,1
10201,5087,Under Armour,Tops,80.62,0.0,0
10202,5088,Urban Outfitters,Jeans,137.68,16.07,1
10203,5088,Urban Outfitters,Accessories,65.11,0.0,0
10204,5089,H&M,Dresses,20.05,0.0,0
10205,5089,H&M,Outerwear,87.15,0.0,0
10206,5089,H&M,Dresses,82.79,0.0,0
10207,5090,Prada,Dresses,1807.73,0.0,0
10208,5091,Zara,Jeans,44.19,9.44,1
10209,5091,Zara,Swimwear,35.71,0.0,0
10210,5092,Gucci,Bags,2642.09,817.28,1
10211,5092,Gucci,Home,1089.67,0.0,0
10212,5093,Urban Outfitters,Accessories,48.0,0.0,0
10213,5093,Urban Outfitters,Dresses,93.01,0.0,0
10214,5094,Urban Outfitters,Footwear,49.74,0.0,0
10215,5095,Zara,Tops,70.91,18.2,1
10216,5095,Zara,Home,82.67,0.0,0
10217,5096,Under Armour,Beauty,30.0,0.0,0
10218,5096,Under Armour,Accessories,106.59,28.4,1
10219,5097,Urban Outfitters,Footwear,67.92,17.91,1
10220,5098,Prada,Beauty,730.75,0.0,0
10221,5098,Prada,Swimwear,858.39,175.73,1
10222,5098,Prada,Swimwear,831.35,0.0,0
10223,5099,Gucci,Outerwear,3657.58,0.0,0
10224,5100,Zara,Home,88.86,0.0,0
10225,5101,Loewe,Lingerie,526.61,0.0,0
10226,5101,Loewe,Lingerie,940.32,49.09,1
10227,5101,Loewe,Bags,2530.58,0.0,0
10228,5102,Prada,Lingerie,383.98,0.0,0
10229,5102,Prada,Dresses,1998.65,0.0,0
10230,5102,Prada,Footwear,775.07,0.0,0
10231,5103,Urban Outfitters,Tops,78.56,0.0,0
10232,5103,Urban Outfitters,Tops,98.96,0.0,0
10233,5104,Chanel,Home,771.52,0.0,0
10234,5104,Chanel,Outerwear,2601.51,0.0,0
10235,5105,Under Armour,Swimwear,42.91,0.0,0
10236,5106,H&M,Accessories,91.42,23.78,1
10237,5106,H&M,Bags,23.05,0.0,0
10238,5106,H&M,Dresses,65.08,0.0,0
10239,5107,Under Armour,Beauty,142.96,0.0,0
10240,5107,Under Armour,Beauty,51.15,0.0,0
10241,5107,Under Armour,Lingerie,64.9,19.88,1
10242,5108,Girlfriend Collective,Dresses,72.09,0.0,0
10243,5108,Girlfriend Collective,Footwear,82.61,0.0,0
10244,5109,Shein,Bags,41.39,0.0,0
10245,5109,Shein,Tops,40.01,0.0,0
10246,5109,Shein,Outerwear,40.42,0.0,0
10247,5110,Urban Outfitters,Home,184.94,0.0,0
10248,5110,Urban Outfitters,Dresses,51.19,11.37,1
10249,5110,Urban Outfitters,Activewear,89.99,0.0,0
10250,5111,Prada,Outerwear,4037.28,0.0,0
10251,5112,Zara,Beauty,90.84,0.0,0
10252,5112,Zara,Activewear,41.48,0.0,0
10253,5112,Zara,Swimwear,89.47,0.0,0
10254,5113,Shein,Outerwear,14.68,0.0,0
10255,5114,Prada,Activewear,1097.03,0.0,0
10256,5115,Zara,Beauty,50.09,0.0,0
10257,5115,Zara,Outerwear,64.78,0.0,0
10258,5115,Zara,Outerwear,45.0,0.0,0
10259,5116,Loewe,Dresses,1995.46,0.0,0
10260,5117,Loewe,Swimwear,428.78,0.0,0
10261,5117,Loewe,Bags,1916.8,0.0,0
10262,5118,Gucci,Lingerie,586.49,0.0,0
10263,5118,Gucci,Lingerie,863.75,0.0,0
10264,5119,Urban Outfitters,Bags,112.62,25.03,1
10265,5120,Zara,Accessories,60.15,0.0,0
10266,5120,Zara,Footwear,60.79,0.0,0
10267,5121,H&M,Beauty,40.66,0.0,0
10268,5121,H&M,Swimwear,50.53,9.4,1
10269,5121,H&M,Home,57.48,0.0,0
10270,5122,Gucci,Outerwear,3130.27,0.0,0
10271,5122,Gucci,Accessories,892.87,0.0,0
10272,5123,Prada,Footwear,851.57,0.0,0
10273,5123,Prada,Tops,772.44,0.0,0
10274,5124,Prada,Activewear,904.71,0.0,0
10275,5124,Prada,Footwear,526.91,0.0,0
10276,5124,Prada,Dresses,1578.2,0.0,0
10277,5125,Chanel,Beauty,982.03,0.0,0
10278,5126,Prada,Swimwear,711.64,0.0,0
10279,5126,Prada,Jeans,1652.95,0.0,0
10280,5127,Urban Outfitters,Lingerie,85.87,0.0,0
10281,5127,Urban Outfitters,Accessories,83.25,0.0,0
10282,5128,Zara,Swimwear,91.45,0.0,0
10283,5128,Zara,Beauty,26.94,0.0,0
10284,5129,Urban Outfitters,Beauty,20.0,0.0,0
10285,5129,Urban Outfitters,Footwear,83.33,0.0,0
10286,5130,Urban Outfitters,Footwear,40.58,10.5,1
10287,5130,Urban Outfitters,Outerwear,51.63,11.38,1
10288,5131,Prada,Beauty,815.86,0.0,0
10289,5131,Prada,Dresses,1994.69,0.0,0
10290,5131,Prada,Jeans,1198.89,0.0,0
10291,5132,H&M,Bags,76.05,0.0,0
10292,5132,H&M,Activewear,46.56,0.0,0
10293,5132,H&M,Dresses,63.94,0.0,0
10294,5133,Urban Outfitters,Accessories,90.06,0.0,0
10295,5133,Urban Outfitters,Bags,61.89,0.0,0
10296,5134,H&M,Bags,63.84,0.0,0
10297,5134,H&M,Bags,88.62,0.0,0
10298,5134,H&M,Accessories,73.16,0.0,0
10299,5135,Girlfriend Collective,Home,106.68,0.0,0
10300,5135,Girlfriend Collective,Footwear,114.57,0.0,0
10301,5136,Under Armour,Accessories,104.01,30.88,1
10302,5136,Under Armour,Activewear,150.5,0.0,0
10303,5137,Under Armour,Footwear,174.79,0.0,0
10304,5137,Under Armour,Activewear,128.43,8.87,1
10305,5138,Girlfriend Collective,Beauty,55.86,0.0,0
10306,5138,Girlfriend Collective,Tops,75.05,0.0,0
10307,5138,Girlfriend Collective,Beauty,40.6,0.0,0
10308,5139,Urban Outfitters,Tops,69.86,0.0,0
10309,5139,Urban Outfitters,Bags,51.37,14.38,1
10310,5140,Urban Outfitters,Home,96.87,0.0,0
10311,5141,Shein,Jeans,5.0,0.0,0
10312,5141,Shein,Footwear,29.52,0.0,0
10313,5141,Shein,Home,36.12,0.0,0
10314,5142,Loewe,Accessories,422.75,0.0,0
10315,5143,Zara,Home,75.13,8.59,1
10316,5143,Zara,Swimwear,58.44,5.43,1
10317,5144,Chanel,Outerwear,3612.89,0.0,0
10318,5144,Chanel,Footwear,697.55,0.0,0
10319,5144,Chanel,Footwear,500.0,0.0,0
10320,5145,Chanel,Jeans,1509.37,0.0,0
10321,5146,H&M,Home,44.98,0.0,0
10322,5146,H&M,Beauty,99.07,16.55,1
10323,5146,H&M,Lingerie,64.0,0.0,0
10324,5147,Urban Outfitters,Bags,62.37,13.93,1
10325,5147,Urban Outfitters,Footwear,86.22,0.0,0
10326,5147,Urban Outfitters,Accessories,111.28,9.14,1
10327,5148,H&M,Outerwear,58.69,0.0,0
10328,5149,Under Armour,Home,89.37,6.11,1
10329,5149,Under Armour,Tops,164.75,0.0,0
10330,5149,Under Armour,Swimwear,100.3,6.66,1
10331,5150,Shein,Footwear,31.05,0.0,0
10332,5150,Shein,Lingerie,31.95,0.0,0
10333,5150,Shein,Jeans,11.51,0.0,0
10334,5151,Loewe,Dresses,1688.65,0.0,0
10335,5152,Chanel,Lingerie,563.53,0.0,0
10336,5153,Chanel,Lingerie,691.0,0.0,0
10337,5154,H&M,Dresses,82.27,0.0,0
10338,5155,H&M,Swimwear,60.72,0.0,0
10339,5155,H&M,Outerwear,113.88,0.0,0
10340,5156,Loewe,Tops,1834.44,387.48,1
10341,5156,Loewe,Bags,2322.54,0.0,0
10342,5157,Zara,Home,127.1,0.0,0
10343,5158,Gucci,Swimwear,851.22,0.0,0
10344,5158,Gucci,Jeans,1666.05,0.0,0
10345,5159,Zara,Activewear,16.87,1.16,1
10346,5159,Zara,Jeans,70.9,8.48,1
10347,5159,Zara,Footwear,88.55,0.0,0
10348,5160,Loewe,Activewear,593.42,0.0,0
10349,5160,Loewe,Swimwear,721.58,0.0,0
10350,5161,Prada,Footwear,500.0,0.0,0
10351,5161,Prada,Accessories,466.1,0.0,0
10352,5162,H&M,Beauty,42.62,0.0,0
10353,5163,Loewe,Swimwear,682.05,0.0,0
10354,5163,Loewe,Activewear,816.33,0.0,0
10355,5164,Urban Outfitters,Outerwear,63.56,20.78,1
10356,5165,Girlfriend Collective,Tops,41.95,0.0,0
10357,5165,Girlfriend Collective,Home,87.35,0.0,0
10358,5166,Zara,Footwear,64.01,0.0,0
10359,5166,Zara,Footwear,69.67,0.0,0
10360,5166,Zara,Dresses,67.72,20.44,1
10361,5167,Zara,Tops,78.27,7.61,1
10362,5167,Zara,Footwear,80.23,0.0,0
10363,5167,Zara,Activewear,65.73,0.0,0
10364,5168,Shein,Home,30.84,1.66,1
10365,5169,Prada,Beauty,873.2,0.0,0
10366,5169,Prada,Jeans,2100.75,0.0,0
10367,5169,Prada,Jeans,1330.23,0.0,0
10368,5170,Prada,Beauty,647.59,0.0,0
10369,5170,Prada,Accessories,807.77,0.0,0
10370,5171,Zara,Jeans,82.13,0.0,0
10371,5171,Zara,Swimwear,17.98,2.24,1
10372,5172,H&M,Lingerie,82.1,0.0,0
10373,5172,H&M,Home,33.45,0.0,0
10374,5172,H&M,Beauty,93.63,27.76,1
10375,5173,Gucci,Activewear,1021.64,0.0,0
10376,5173,Gucci,Activewear,1140.91,0.0,0
10377,5173,Gucci,Jeans,1243.02,0.0,0
10378,5174,H&M,Tops,85.04,26.5,1
10379,5175,Shein,Home,20.26,4.31,1
10380,5176,Loewe,Swimwear,729.38,0.0,0
10381,5177,Urban Outfitters,Dresses,96.3,0.0,0
10382,5177,Urban Outfitters,Dresses,75.76,0.0,0
10383,5178,Gucci,Lingerie,475.59,0.0,0
10384,5178,Gucci,Dresses,700.0,0.0,0
10385,5179,Urban Outfitters,Home,136.45,0.0,0
10386,5180,Chanel,Jeans,1946.98,0.0,0
10387,5181,H&M,Tops,76.95,10.9,1
10388,5181,H&M,Tops,51.96,0.0,0
10389,5182,Gucci,Home,691.18,0.0,0
10390,5183,Loewe,Accessories,627.45,0.0,0
10391,5183,Loewe,Beauty,832.67,0.0,0
10392,5183,Loewe,Outerwear,3005.03,0.0,0
10393,5184,Urban Outfitters,Beauty,33.09,0.0,0
10394,5184,Urban Outfitters,Accessories,60.27,0.0,0
10395,5184,Urban Outfitters,Outerwear,110.79,22.32,1
10396,5185,Loewe,Home,714.67,0.0,0
10397,5186,Urban Outfitters,Bags,20.0,0.0,0
10398,5186,Urban Outfitters,Bags,68.34,20.06,1
10399,5187,Shein,Beauty,28.12,0.0,0
10400,5187,Shein,Activewear,20.07,0.0,0
10401,5187,Shein,Beauty,19.5,0.0,0
10402,5188,Shein,Footwear,26.7,0.0,0
10403,5189,Shein,Accessories,15.0,0.0,0
10404,5189,Shein,Dresses,32.74,8.04,1
10405,5189,Shein,Tops,20.37,0.0,0
10406,5190,Under Armour,Jeans,160.98,0.0,0
10407,5190,Under Armour,Bags,128.27,0.0,0
10408,5191,Loewe,Beauty,603.64,0.0,0
10409,5191,Loewe,Tops,1428.31,0.0,0
10410,5191,Loewe,Beauty,759.58,0.0,0
10411,5192,Loewe,Beauty,986.79,0.0,0
10412,5192,Loewe,Tops,1411.98,0.0,0
10413,5193,Urban Outfitters,Bags,20.0,0.0,0
10414,5193,Urban Outfitters,Dresses,57.31,0.0,0
10415,5194,Urban Outfitters,Home,115.05,0.0,0
10416,5194,Urban Outfitters,Outerwear,40.98,0.0,0
10417,5194,Urban Outfitters,Footwear,74.02,18.53,1
10418,5195,Under Armour,Beauty,46.73,0.0,0
10419,5195,Under Armour,Swimwear,90.57,0.0,0
10420,5195,Under Armour,Lingerie,92.04,30.86,1
10421,5196,H&M,Bags,45.26,13.68,1
10422,5196,H&M,Beauty,31.22,2.0,1
10423,5197,H&M,Home,34.85,0.0,0
10424,5197,H&M,Dresses,51.19,11.43,1
10425,5198,Prada,Beauty,825.84,0.0,0
10426,5199,Prada,Lingerie,782.32,0.0,0
10427,5199,Prada,Home,828.44,214.2,1
10428,5199,Prada,Dresses,1419.02,0.0,0
10429,5200,Girlfriend Collective,Accessories,92.54,0.0,0
10430,5200,Girlfriend Collective,Dresses,72.07,0.0,0
10431,5201,Prada,Tops,1137.97,0.0,0
10432,5201,Prada,Swimwear,765.07,0.0,0
10433,5201,Prada,Footwear,628.53,0.0,0
10434,5202,Shein,Home,38.79,0.0,0
10435,5203,Under Armour,Accessories,49.31,0.0,0
10436,5203,Under Armour,Swimwear,135.69,0.0,0
10437,5203,Under Armour,Beauty,106.21,0.0,0
10438,5204,Zara,Beauty,90.09,0.0,0
10439,5204,Zara,Accessories,51.76,0.0,0
10440,5205,H&M,Lingerie,50.25,0.0,0
10441,5205,H&M,Footwear,72.31,0.0,0
10442,5205,H&M,Tops,39.5,11.45,1
10443,5206,Shein,Activewear,25.59,0.0,0
10444,5206,Shein,Lingerie,9.28,2.85,1
10445,5206,Shein,Swimwear,29.12,0.0,0
10446,5207,Loewe,Jeans,2304.9,0.0,0
10447,5207,Loewe,Bags,2561.68,0.0,0
10448,5207,Loewe,Swimwear,764.14,0.0,0
10449,5208,Under Armour,Beauty,59.31,0.0,0
10450,5208,Under Armour,Swimwear,30.0,6.51,1
10451,5208,Under Armour,Beauty,110.6,0.0,0
10452,5209,H&M,Outerwear,93.62,6.18,1
10453,5210,H&M,Footwear,65.88,0.0,0
10454,5210,H&M,Dresses,116.25,0.0,0
10455,5211,Girlfriend Collective,Tops,135.06,0.0,0
10456,5212,Zara,Beauty,67.94,0.0,0
10457,5213,Zara,Dresses,32.82,9.73,1
10458,5214,Shein,Swimwear,31.85,0.0,0
10459,5214,Shein,Lingerie,30.79,8.63,1
10460,5214,Shein,Outerwear,26.19,0.0,0
10461,5215,Loewe,Accessories,489.01,0.0,0
10462,5215,Loewe,Accessories,748.66,0.0,0
10463,5216,Zara,Footwear,12.12,0.0,0
10464,5216,Zara,Outerwear,29.98,0.0,0
10465,5217,Under Armour,Home,169.93,17.93,1
10466,5217,Under Armour,Lingerie,78.56,0.0,0
10467,5217,Under Armour,Activewear,82.75,17.1,1
10468,5218,Urban Outfitters,Bags,113.49,0.0,0
10469,5218,Urban Outfitters,Accessories,85.9,0.0,0
10470,5218,Urban Outfitters,Jeans,103.94,0.0,0
10471,5219,Chanel,Lingerie,748.03,0.0,0
10472,5219,Chanel,Bags,9502.9,0.0,0
10473,5219,Chanel,Swimwear,881.69,0.0,0
10474,5220,Urban Outfitters,Swimwear,80.24,0.0,0
10475,5220,Urban Outfitters,Lingerie,55.35,0.0,0
10476,5221,Urban Outfitters,Activewear,61.86,0.0,0
10477,5221,Urban Outfitters,Swimwear,77.45,24.84,1
10478,5222,Under Armour,Beauty,116.61,0.0,0
10479,5223,Under Armour,Bags,30.0,0.0,0
10480,5223,Under Armour,Beauty,93.97,0.0,0
10481,5224,Gucci,Tops,1724.14,0.0,0
10482,5224,Gucci,Swimwear,1063.58,0.0,0
10483,5225,H&M,Footwear,30.17,10.31,1
10484,5225,H&M,Jeans,60.28,6.95,1
10485,5225,H&M,Footwear,10.0,0.0,0
10486,5226,Loewe,Beauty,529.34,0.0,0
10487,5226,Loewe,Beauty,1331.36,0.0,0
10488,5226,Loewe,Bags,2283.73,0.0,0
10489,5227,Urban Outfitters,Tops,42.9,0.0,0
10490,5227,Urban Outfitters,Home,43.35,11.21,1
10491,5227,Urban Outfitters,Home,112.07,9.89,1
10492,5228,Gucci,Outerwear,3680.86,0.0,0
10493,5229,Prada,Tops,1190.8,0.0,0
10494,5229,Prada,Swimwear,823.56,0.0,0
10495,5230,Chanel,Outerwear,3444.39,0.0,0
10496,5231,Zara,Accessories,33.0,0.0,0
10497,5232,Urban Outfitters,Beauty,61.67,0.0,0
10498,5233,Zara,Lingerie,60.28,0.0,0
10499,5233,Zara,Beauty,75.09,0.0,0
10500,5233,Zara,Home,77.23,23.49,1
10501,5234,Urban Outfitters,Beauty,46.39,0.0,0
10502,5235,Urban Outfitters,Outerwear,93.96,0.0,0
10503,5236,Urban Outfitters,Swimwear,77.96,0.0,0
10504,5237,Zara,Dresses,75.2,0.0,0
10505,5238,Shein,Outerwear,26.88,0.0,0
10506,5239,Zara,Bags,59.77,0.0,0
10507,5240,Urban Outfitters,Footwear,93.13,0.0,0
10508,5240,Urban Outfitters,Jeans,87.95,0.0,0
10509,5241,Under Armour,Outerwear,99.03,0.0,0
10510,5241,Under Armour,Footwear,115.36,0.0,0
10511,5242,Chanel,Activewear,893.49,0.0,0
10512,5242,Chanel,Home,300.0,0.0,0
10513,5243,H&M,Outerwear,92.43,9.6,1
10514,5243,H&M,Beauty,79.38,27.37,1
10515,5244,Zara,Bags,27.03,4.54,1
10516,5244,Zara,Lingerie,16.02,0.0,0
10517,5245,Under Armour,Activewear,92.07,0.0,0
10518,5246,Zara,Swimwear,26.93,0.0,0
10519,5246,Zara,Lingerie,38.53,11.41,1
10520,5247,Under Armour,Outerwear,109.05,16.94,1
10521,5247,Under Armour,Swimwear,51.16,0.0,0
10522,5247,Under Armour,Activewear,69.17,0.0,0
10523,5248,Shein,Jeans,31.94,0.0,0
10524,5249,Shein,Lingerie,32.96,3.36,1
10525,5249,Shein,Activewear,21.56,0.0,0
10526,5249,Shein,Bags,26.5,0.0,0
10527,5250,Girlfriend Collective,Tops,86.93,0.0,0
10528,5250,Girlfriend Collective,Accessories,76.7,0.0,0
10529,5251,Gucci,Jeans,1655.12,0.0,0
10530,5251,Gucci,Jeans,1446.39,0.0,0
10531,5252,Gucci,Dresses,1365.03,0.0,0
10532,5253,Loewe,Dresses,2037.66,0.0,0
10533,5253,Loewe,Tops,1744.61,0.0,0
10534,5253,Loewe,Jeans,1763.28,0.0,0
10535,5254,Loewe,Lingerie,959.57,0.0,0
10536,5254,Loewe,Dresses,1714.38,0.0,0
10537,5254,Loewe,Dresses,1471.39,0.0,0
10538,5255,H&M,Dresses,39.75,3.66,1
10539,5255,H&M,Activewear,100.18,34.55,1
10540,5255,H&M,Lingerie,86.8,23.39,1
10541,5256,Loewe,Footwear,678.68,0.0,0
10542,5257,Chanel,Home,865.35,0.0,0
10543,5257,Chanel,Outerwear,3189.24,0.0,0
10544,5258,Zara,Beauty,31.02,0.0,0
10545,5258,Zara,Swimwear,40.56,10.13,1
10546,5259,Under Armour,Outerwear,99.08,0.0,0
10547,5260,Urban Outfitters,Jeans,98.7,0.0,0
10548,5260,Urban Outfitters,Activewear,88.23,0.0,0
10549,5261,Prada,Home,1119.77,0.0,0
10550,5262,Zara,Activewear,49.45,0.0,0
10551,5262,Zara,Home,93.97,19.15,1
10552,5263,Zara,Footwear,38.52,0.0,0
10553,5263,Zara,Bags,42.66,0.0,0
10554,5264,Shein,Outerwear,31.78,0.0,0
10555,5265,Urban Outfitters,Outerwear,80.86,0.0,0
10556,5266,Under Armour,Home,122.01,31.41,1
10557,5266,Under Armour,Footwear,54.94,12.29,1
10558,5266,Under Armour,Jeans,57.82,0.0,0
10559,5267,Chanel,Lingerie,693.63,0.0,0
10560,5268,Gucci,Home,844.47,0.0,0
10561,5268,Gucci,Footwear,935.07,0.0,0
10562,5268,Gucci,Bags,2395.94,0.0,0
10563,5269,Girlfriend Collective,Accessories,68.74,0.0,0
10564,5270,Chanel,Jeans,1851.31,200.97,1
10565,5271,Zara,Swimwear,82.41,0.0,0
10566,5271,Zara,Outerwear,34.16,0.0,0
10567,5272,H&M,Swimwear,82.67,0.0,0
10568,5273,Shein,Swimwear,25.51,1.67,1
10569,5273,Shein,Tops,16.98,0.0,0
10570,5274,Under Armour,Jeans,119.01,7.24,1
10571,5274,Under Armour,Footwear,61.24,5.18,1
10572,5274,Under Armour,Home,72.79,0.0,0
10573,5275,Girlfriend Collective,Outerwear,79.01,0.0,0
10574,5275,Girlfriend Collective,Activewear,111.36,10.81,1
10575,5275,Girlfriend Collective,Jeans,66.93,0.0,0
10576,5276,Shein,Tops,25.87,0.0,0
10577,5277,Under Armour,Footwear,74.29,0.0,0
10578,5278,Gucci,Home,747.97,0.0,0
10579,5278,Gucci,Jeans,1329.7,0.0,0
10580,5278,Gucci,Activewear,583.72,0.0,0
10581,5279,Under Armour,Bags,45.04,0.0,0
10582,5279,Under Armour,Tops,53.81,15.16,1
10583,5279,Under Armour,Bags,82.07,12.65,1
10584,5280,Shein,Swimwear,27.9,0.0,0
10585,5281,Loewe,Swimwear,631.36,0.0,0
10586,5282,Zara,Accessories,48.21,0.0,0
10587,5282,Zara,Tops,85.8,0.0,0
10588,5282,Zara,Lingerie,67.67,0.0,0
10589,5283,H&M,Dresses,91.25,0.0,0
10590,5283,H&M,Tops,71.74,9.95,1
10591,5284,Urban Outfitters,Footwear,84.75,0.0,0
10592,5284,Urban Outfitters,Tops,31.77,0.0,0
10593,5284,Urban Outfitters,Footwear,69.8,0.0,0
10594,5285,Zara,Home,53.21,11.67,1
10595,5286,Girlfriend Collective,Footwear,30.0,0.0,0
10596,5287,Girlfriend Collective,Footwear,82.55,0.0,0
10597,5287,Girlfriend Collective,Lingerie,30.0,0.0,0
10598,5287,Girlfriend Collective,Beauty,85.11,0.0,0
10599,5288,Girlfriend Collective,Home,83.46,0.0,0
10600,5289,Zara,Activewear,57.04,0.0,0
10601,5289,Zara,Jeans,69.75,23.02,1
10602,5290,H&M,Beauty,92.62,13.54,1
10603,5290,H&M,Beauty,110.06,0.0,0
10604,5291,Loewe,Outerwear,2947.31,0.0,0
10605,5291,Loewe,Bags,2080.59,0.0,0
10606,5291,Loewe,Dresses,1639.48,0.0,0
10607,5292,Prada,Swimwear,872.85,0.0,0
10608,5292,Prada,Footwear,970.24,0.0,0
10609,5292,Prada,Home,1138.5,0.0,0
10610,5293,Shein,Footwear,17.05,1.9,1
10611,5293,Shein,Beauty,21.51,0.0,0
10612,5293,Shein,Swimwear,23.87,2.79,1
10613,5294,H&M,Tops,15.14,0.0,0
10614,5294,H&M,Swimwear,58.51,4.98,1
10615,5294,H&M,Tops,74.83,0.0,0
10616,5295,Zara,Activewear,73.1,11.27,1
10617,5295,Zara,Lingerie,45.41,0.0,0
10618,5296,Girlfriend Collective,Swimwear,45.88,0.0,0
10619,5296,Girlfriend Collective,Footwear,67.92,12.57,1
10620,5297,Prada,Lingerie,1096.75,0.0,0
10621,5297,Prada,Beauty,782.72,0.0,0
10622,5298,Under Armour,Activewear,38.47,13.41,1
10623,5298,Under Armour,Outerwear,72.62,4.65,1
10624,5298,Under Armour,Tops,68.72,0.0,0
10625,5299,Girlfriend Collective,Lingerie,117.51,0.0,0
10626,5300,H&M,Lingerie,79.66,0.0,0
10627,5300,H&M,Accessories,81.4,0.0,0
10628,5301,Chanel,Footwear,1172.72,257.03,1
10629,5301,Chanel,Lingerie,744.55,248.61,1
10630,5302,H&M,Dresses,58.39,4.75,1
10631,5302,H&M,Accessories,95.4,0.0,0
10632,5303,Prada,Swimwear,976.36,0.0,0
10633,5304,Under Armour,Home,144.83,0.0,0
10634,5304,Under Armour,Activewear,55.86,0.0,0
10635,5305,Urban Outfitters,Footwear,65.78,0.0,0
10636,5305,Urban Outfitters,Activewear,77.03,0.0,0
10637,5305,Urban Outfitters,Swimwear,97.06,9.16,1
10638,5306,Urban Outfitters,Home,183.12,0.0,0
10639,5306,Urban Outfitters,Home,112.86,0.0,0
10640,5306,Urban Outfitters,Jeans,48.38,11.1,1
10641,5307,Urban Outfitters,Dresses,20.0,0.0,0
10642,5307,Urban Outfitters,Jeans,46.75,12.41,1
10643,5307,Urban Outfitters,Footwear,27.98,0.0,0
10644,5308,Girlfriend Collective,Lingerie,72.11,0.0,0
10645,5308,Girlfriend Collective,Home,33.48,0.0,0
10646,5308,Girlfriend Collective,Dresses,64.98,0.0,0
10647,5309,Loewe,Outerwear,3007.76,0.0,0
10648,5309,Loewe,Bags,1970.03,0.0,0
10649,5310,Prada,Footwear,1167.87,0.0,0
10650,5311,H&M,Outerwear,74.43,0.0,0
10651,5311,H&M,Swimwear,91.25,0.0,0
10652,5312,Under Armour,Outerwear,128.16,0.0,0
10653,5313,Loewe,Home,602.64,0.0,0
10654,5313,Loewe,Tops,1055.88,0.0,0
10655,5313,Loewe,Outerwear,4302.79,0.0,0
10656,5314,Girlfriend Collective,Jeans,84.88,0.0,0
10657,5314,Girlfriend Collective,Footwear,72.5,23.27,1
10658,5315,Gucci,Tops,1452.73,0.0,0
10659,5315,Gucci,Accessories,520.88,0.0,0
10660,5315,Gucci,Footwear,1088.93,0.0,0
10661,5316,H&M,Dresses,36.65,0.0,0
10662,5317,H&M,Swimwear,21.79,7.61,1
10663,5317,H&M,Footwear,14.56,0.0,0
10664,5318,Urban Outfitters,Tops,85.58,0.0,0
10665,5318,Urban Outfitters,Accessories,115.7,0.0,0
10666,5319,Loewe,Dresses,1039.04,0.0,0
10667,5319,Loewe,Accessories,553.22,0.0,0
10668,5320,Zara,Tops,74.1,25.88,1
10669,5320,Zara,Jeans,10.0,0.0,0
10670,5321,Prada,Jeans,1525.31,0.0,0
10671,5322,Shein,Jeans,20.23,0.0,0
10672,5322,Shein,Dresses,37.35,0.0,0
10673,5323,Zara,Beauty,51.36,0.0,0
10674,5324,Shein,Activewear,21.52,6.44,1
10675,5324,Shein,Bags,20.89,0.0,0
10676,5324,Shein,Bags,8.61,2.82,1
10677,5325,H&M,Footwear,71.71,0.0,0
10678,5326,Prada,Home,1143.81,0.0,0
10679,5327,Chanel,Outerwear,3076.53,0.0,0
10680,5327,Chanel,Activewear,735.29,0.0,0
10681,5327,Chanel,Jeans,1581.78,0.0,0
10682,5328,Shein,Bags,5.94,0.0,0
10683,5328,Shein,Accessories,31.28,7.3,1
10684,5328,Shein,Activewear,15.6,0.0,0
10685,5329,Gucci,Home,596.17,0.0,0
10686,5329,Gucci,Bags,2160.27,439.76,1
10687,5329,Gucci,Home,685.9,0.0,0
10688,5330,Zara,Dresses,67.23,0.0,0
10689,5330,Zara,Dresses,67.19,14.34,1
10690,5330,Zara,Home,63.14,3.45,1
10691,5331,Under Armour,Lingerie,73.87,0.0,0
10692,5332,Prada,Home,954.01,0.0,0
10693,5332,Prada,Home,712.1,0.0,0
10694,5333,Urban Outfitters,Dresses,73.75,0.0,0
10695,5334,Shein,Home,44.46,0.0,0
10696,5334,Shein,Dresses,35.2,0.0,0
10697,5335,Shein,Home,49.04,0.0,0
10698,5335,Shein,Tops,31.25,2.79,1
10699,5335,Shein,Jeans,42.76,14.55,1
10700,5336,Loewe,Activewear,1068.01,0.0,0
10701,5336,Loewe,Home,524.69,0.0,0
10702,5337,Girlfriend Collective,Dresses,102.57,14.87,1
10703,5338,Gucci,Lingerie,725.68,0.0,0
10704,5339,Urban Outfitters,Accessories,83.21,0.0,0
10705,5339,Urban Outfitters,Tops,56.62,0.0,0
10706,5340,Loewe,Activewear,477.03,0.0,0
10707,5340,Loewe,Tops,1562.35,0.0,0
10708,5340,Loewe,Tops,2150.14,0.0,0
10709,5341,H&M,Jeans,30.01,0.0,0
10710,5341,H&M,Outerwear,52.56,0.0,0
10711,5342,Chanel,Tops,1689.44,0.0,0
10712,5343,Urban Outfitters,Jeans,95.62,26.94,1
10713,5343,Urban Outfitters,Activewear,98.0,0.0,0
10714,5343,Urban Outfitters,Home,172.77,0.0,0
10715,5344,Zara,Swimwear,78.68,0.0,0
10716,5344,Zara,Bags,50.55,0.0,0
10717,5345,Urban Outfitters,Footwear,58.5,0.0,0
10718,5345,Urban Outfitters,Footwear,64.33,0.0,0
10719,5346,Urban Outfitters,Jeans,90.11,0.0,0
10720,5347,Zara,Lingerie,32.92,0.0,0
10721,5347,Zara,Dresses,13.6,0.0,0
10722,5348,Under Armour,Swimwear,142.94,14.15,1
10723,5349,Girlfriend Collective,Outerwear,30.0,0.0,0
10724,5349,Girlfriend Collective,Outerwear,85.31,0.0,0
10725,5350,Gucci,Outerwear,3356.82,0.0,0
10726,5350,Gucci,Dresses,700.0,0.0,0
10727,5350,Gucci,Dresses,1590.31,0.0,0
10728,5351,Zara,Home,89.7,6.21,1
10729,5351,Zara,Lingerie,37.07,4.46,1
10730,5352,Urban Outfitters,Beauty,100.86,0.0,0
10731,5352,Urban Outfitters,Activewear,50.62,0.0,0
10732,5353,Shein,Jeans,32.73,0.0,0
10733,5353,Shein,Dresses,40.62,0.0,0
10734,5353,Shein,Jeans,25.68,0.0,0
10735,5354,Urban Outfitters,Activewear,20.0,4.72,1
10736,5354,Urban Outfitters,Bags,72.3,0.0,0
10737,5354,Urban Outfitters,Lingerie,86.81,0.0,0
10738,5355,Under Armour,Tops,135.56,0.0,0
10739,5356,Gucci,Beauty,550.51,0.0,0
10740,5357,Under Armour,Lingerie,86.68,0.0,0
10741,5357,Under Armour,Home,142.38,46.34,1
10742,5357,Under Armour,Tops,122.18,0.0,0
10743,5358,Shein,Tops,35.98,0.0,0
10744,5358,Shein,Footwear,28.54,2.17,1
10745,5359,Loewe,Accessories,486.06,0.0,0
10746,5359,Loewe,Accessories,506.29,0.0,0
10747,5360,Girlfriend Collective,Jeans,76.99,0.0,0
10748,5360,Girlfriend Collective,Dresses,72.88,0.0,0
10749,5360,Girlfriend Collective,Outerwear,39.35,0.0,0
10750,5361,Chanel,Lingerie,510.2,0.0,0
10751,5361,Chanel,Activewear,761.17,0.0,0
10752,5362,Urban Outfitters,Activewear,84.3,0.0,0
10753,5363,Shein,Dresses,29.02,2.69,1
10754,5364,Zara,Tops,109.99,0.0,0
10755,5365,Under Armour,Lingerie,30.0,0.0,0
10756,5365,Under Armour,Lingerie,76.61,0.0,0
10757,5365,Under Armour,Jeans,128.33,7.94,1
10758,5366,Urban Outfitters,Bags,98.83,28.62,1
10759,5366,Urban Outfitters,Accessories,76.55,0.0,0
10760,5366,Urban Outfitters,Home,156.95,0.0,0
10761,5367,Chanel,Outerwear,3829.11,0.0,0
10762,5367,Chanel,Beauty,769.41,256.61,1
10763,5368,Zara,Outerwear,56.24,0.0,0
10764,5368,Zara,Jeans,70.27,0.0,0
10765,5368,Zara,Footwear,37.99,0.0,0
10766,5369,Zara,Activewear,39.74,3.92,1
10767,5369,Zara,Outerwear,57.89,0.0,0
10768,5370,Urban Outfitters,Activewear,69.71,0.0,0
10769,5370,Urban Outfitters,Bags,98.58,0.0,0
10770,5370,Urban Outfitters,Outerwear,42.83,0.0,0
10771,5371,Under Armour,Dresses,165.97,44.5,1
10772,5372,H&M,Footwear,87.46,0.0,0
10773,5372,H&M,Jeans,90.07,26.4,1
10774,5373,Shein,Accessories,27.77,0.0,0
10775,5374,H&M,Activewear,46.72,0.0,0
10776,5374,H&M,Bags,85.53,29.56,1
10777,5374,H&M,Outerwear,47.76,0.0,0
10778,5375,Gucci,Beauty,672.24,0.0,0
10779,5375,Gucci,Accessories,622.96,0.0,0
10780,5375,Gucci,Tops,2144.07,0.0,0
10781,5376,Under Armour,Outerwear,67.82,0.0,0
10782,5376,Under Armour,Footwear,92.12,10.45,1
10783,5377,Prada,Accessories,708.82,0.0,0
10784,5378,Urban Outfitters,Bags,43.16,0.0,0
10785,5379,Prada,Beauty,854.59,0.0,0
10786,5379,Prada,Jeans,1600.12,0.0,0
10787,5379,Prada,Tops,1675.45,0.0,0
10788,5380,Urban Outfitters,Swimwear,20.05,0.0,0
10789,5380,Urban Outfitters,Outerwear,96.72,0.0,0
10790,5380,Urban Outfitters,Dresses,106.05,0.0,0
10791,5381,Prada,Outerwear,3607.36,0.0,0
10792,5382,Shein,Bags,27.48,0.0,0
10793,5382,Shein,Tops,26.06,0.0,0
10794,5383,Gucci,Dresses,1880.75,0.0,0
10795,5383,Gucci,Lingerie,987.15,0.0,0
10796,5384,Loewe,Bags,2127.96,0.0,0
10797,5385,Urban Outfitters,Outerwear,116.74,0.0,0
10798,5385,Urban Outfitters,Home,248.97,0.0,0
10799,5385,Urban Outfitters,Home,20.0,1.07,1
10800,5386,Gucci,Dresses,1448.8,0.0,0
10801,5386,Gucci,Beauty,811.63,0.0,0
10802,5386,Gucci,Jeans,1521.94,0.0,0
10803,5387,Urban Outfitters,Bags,97.66,0.0,0
10804,5387,Urban Outfitters,Outerwear,96.38,14.54,1
10805,5388,Chanel,Swimwear,1015.89,0.0,0
10806,5388,Chanel,Activewear,775.96,0.0,0
10807,5389,Zara,Beauty,45.78,0.0,0
10808,5390,Gucci,Lingerie,911.37,0.0,0
10809,5390,Gucci,Outerwear,4099.51,0.0,0
10810,5391,Under Armour,Bags,92.34,0.0,0
10811,5391,Under Armour,Accessories,30.0,0.0,0
10812,5392,Shein,Dresses,27.2,0.0,0
10813,5393,Chanel,Lingerie,755.24,0.0,0
10814,5393,Chanel,Outerwear,3874.71,0.0,0
10815,5394,H&M,Beauty,53.31,0.0,0
10816,5395,Chanel,Footwear,799.16,0.0,0
10817,5396,Loewe,Jeans,1822.63,0.0,0
10818,5396,Loewe,Tops,1179.71,0.0,0
10819,5397,Shein,Swimwear,28.19,8.65,1
10820,5397,Shein,Home,19.6,6.67,1
10821,5397,Shein,Tops,27.29,0.0,0
10822,5398,Zara,Accessories,48.38,0.0,0
10823,5399,Zara,Beauty,46.21,0.0,0
10824,5399,Zara,Accessories,55.48,0.0,0
10825,5400,Urban Outfitters,Lingerie,75.18,0.0,0
10826,5400,Urban Outfitters,Bags,47.91,0.0,0
10827,5401,H&M,Home,67.51,22.25,1
10828,5402,Under Armour,Home,74.01,22.08,1
10829,5402,Under Armour,Home,65.87,0.0,0
10830,5403,Prada,Swimwear,716.93,0.0,0
10831,5404,Loewe,Footwear,835.71,0.0,0
10832,5404,Loewe,Swimwear,658.72,60.29,1
10833,5404,Loewe,Outerwear,3660.42,1196.73,1
10834,5405,Chanel,Accessories,485.26,0.0,0
10835,5405,Chanel,Lingerie,915.91,0.0,0
10836,5405,Chanel,Beauty,1070.52,0.0,0
10837,5406,Zara,Footwear,48.86,5.88,1
10838,5406,Zara,Beauty,50.47,0.0,0
10839,5407,H&M,Jeans,11.01,2.26,1
10840,5407,H&M,Beauty,56.99,14.51,1
10841,5407,H&M,Lingerie,61.11,0.0,0
10842,5408,Chanel,Jeans,2027.89,0.0,0
10843,5408,Chanel,Footwear,1075.71,0.0,0
10844,5408,Chanel,Tops,2108.49,0.0,0
10845,5409,H&M,Swimwear,56.75,13.45,1
10846,5409,H&M,Footwear,75.42,0.0,0
10847,5409,H&M,Jeans,41.23,0.0,0
10848,5410,Urban Outfitters,Outerwear,67.99,0.0,0
10849,5411,Prada,Activewear,501.72,0.0,0
10850,5411,Prada,Beauty,784.52,0.0,0
10851,5411,Prada,Lingerie,1220.83,0.0,0
10852,5412,Zara,Jeans,53.44,17.73,1
10853,5413,H&M,Lingerie,18.34,0.0,0
10854,5413,H&M,Swimwear,38.61,0.0,0
10855,5413,H&M,Accessories,58.67,19.42,1
10856,5414,Urban Outfitters,Footwear,97.14,0.0,0
10857,5414,Urban Outfitters,Jeans,36.97,4.73,1
10858,5414,Urban Outfitters,Footwear,90.09,0.0,0
10859,5415,Zara,Home,64.67,8.36,1
10860,5416,Gucci,Jeans,923.8,0.0,0
10861,5417,H&M,Outerwear,79.24,0.0,0
10862,5417,H&M,Beauty,64.78,7.36,1
10863,5418,Zara,Tops,84.74,0.0,0
10864,5419,Girlfriend Collective,Bags,112.14,20.23,1
10865,5419,Girlfriend Collective,Accessories,70.98,0.0,0
10866,5420,Loewe,Home,641.14,0.0,0
10867,5421,Zara,Activewear,77.09,0.0,0
10868,5421,Zara,Lingerie,11.65,0.0,0
10869,5422,Gucci,Footwear,861.46,0.0,0
10870,5423,Gucci,Jeans,766.39,0.0,0
10871,5423,Gucci,Dresses,700.0,0.0,0
10872,5423,Gucci,Tops,1900.74,0.0,0
10873,5424,Zara,Lingerie,47.2,0.0,0
10874,5425,Zara,Bags,57.55,0.0,0
10875,5426,Prada,Jeans,1325.34,0.0,0
10876,5426,Prada,Home,801.84,0.0,0
10877,5427,Urban Outfitters,Footwear,68.64,0.0,0
10878,5427,Urban Outfitters,Bags,70.59,0.0,0
10879,5427,Urban Outfitters,Bags,74.71,6.24,1
10880,5428,Prada,Home,1211.58,0.0,0
10881,5428,Prada,Swimwear,1050.51,0.0,0
10882,5429,Chanel,Beauty,311.14,0.0,0
10883,5429,Chanel,Tops,1259.53,0.0,0
10884,5430,Zara,Home,48.0,15.65,1
10885,5430,Zara,Activewear,93.0,8.02,1
10886,5430,Zara,Bags,29.97,0.0,0
10887,5431,Gucci,Activewear,989.12,0.0,0
10888,5432,Under Armour,Activewear,32.75,0.0,0
10889,5433,Prada,Bags,2256.15,0.0,0
10890,5434,Gucci,Outerwear,3506.39,0.0,0
10891,5435,Chanel,Lingerie,914.58,0.0,0
10892,5435,Chanel,Home,1367.31,0.0,0
10893,5435,Chanel,Jeans,2073.99,0.0,0
10894,5436,Loewe,Home,727.33,0.0,0
10895,5437,Prada,Beauty,760.42,78.75,1
10896,5438,Under Armour,Tops,65.07,0.0,0
10897,5439,Under Armour,Outerwear,127.53,0.0,0
10898,5439,Under Armour,Tops,56.23,0.0,0
10899,5439,Under Armour,Home,67.32,0.0,0
10900,5440,Zara,Lingerie,50.08,10.7,1
10901,5440,Zara,Tops,32.95,4.25,1
10902,5441,Shein,Activewear,12.86,1.04,1
10903,5441,Shein,Home,12.25,2.43,1
10904,5442,Prada,Jeans,1403.93,0.0,0
10905,5443,Chanel,Jeans,1411.17,0.0,0
10906,5443,Chanel,Jeans,2052.77,0.0,0
10907,5444,H&M,Home,29.51,0.0,0
10908,5445,Urban Outfitters,Swimwear,99.06,18.68,1
10909,5446,Urban Outfitters,Dresses,59.93,0.0,0
10910,5446,Urban Outfitters,Home,178.0,0.0,0
10911,5447,Chanel,Accessories,713.9,0.0,0
10912,5447,Chanel,Beauty,507.86,0.0,0
10913,5448,Gucci,Outerwear,3083.24,0.0,0
10914,5449,H&M,Outerwear,32.57,0.0,0
10915,5449,H&M,Jeans,64.05,0.0,0
10916,5449,H&M,Dresses,64.28,0.0,0
10917,5450,Gucci,Activewear,1033.52,0.0,0
10918,5450,Gucci,Tops,1495.42,0.0,0
10919,5451,Gucci,Tops,1543.1,0.0,0
10920,5452,Loewe,Jeans,1499.39,0.0,0
10921,5452,Loewe,Bags,2475.98,0.0,0
10922,5452,Loewe,Lingerie,1118.42,0.0,0
10923,5453,Loewe,Footwear,906.54,0.0,0
10924,5454,Zara,Jeans,61.23,20.93,1
10925,5454,Zara,Beauty,63.1,0.0,0
10926,5454,Zara,Outerwear,71.54,0.0,0
10927,5455,Loewe,Bags,2037.27,0.0,0
10928,5456,Shein,Beauty,26.42,0.0,0
10929,5456,Shein,Dresses,29.27,0.0,0
10930,5457,Under Armour,Lingerie,156.75,0.0,0
10931,5457,Under Armour,Jeans,115.36,0.0,0
10932,5458,Zara,Lingerie,93.53,0.0,0
10933,5458,Zara,Activewear,50.04,0.0,0
10934,5459,Loewe,Activewear,1192.39,0.0,0
10935,5459,Loewe,Bags,2416.67,0.0,0
10936,5459,Loewe,Lingerie,1170.26,83.08,1
10937,5460,Loewe,Accessories,740.43,0.0,0
10938,5461,Urban Outfitters,Tops,67.62,21.71,1
10939,5462,Gucci,Dresses,1557.77,0.0,0
10940,5462,Gucci,Footwear,682.0,0.0,0
10941,5462,Gucci,Outerwear,3653.87,0.0,0
10942,5463,Prada,Outerwear,2878.38,916.41,1
10943,5463,Prada,Footwear,597.27,0.0,0
10944,5463,Prada,Tops,1720.64,212.79,1
10945,5464,Under Armour,Dresses,179.6,34.92,1
10946,5464,Under Armour,Accessories,53.18,0.0,0
10947,5464,Under Armour,Beauty,104.72,0.0,0
10948,5465,Loewe,Jeans,1663.05,0.0,0
10949,5465,Loewe,Tops,1575.61,0.0,0
10950,5466,H&M,Accessories,97.33,0.0,0
10951,5466,H&M,Swimwear,56.38,0.0,0
10952,5467,Chanel,Home,663.73,0.0,0
10953,5468,Under Armour,Dresses,149.25,0.0,0
10954,5468,Under Armour,Swimwear,41.77,0.0,0
10955,5469,Zara,Footwear,81.77,18.07,1
10956,5469,Zara,Footwear,61.36,0.0,0
10957,5469,Zara,Outerwear,113.95,0.0,0
10958,5470,H&M,Tops,37.12,0.0,0
10959,5471,Chanel,Lingerie,817.29,0.0,0
10960,5471,Chanel,Footwear,1500.0,0.0,0
10961,5471,Chanel,Home,688.91,0.0,0
10962,5472,Girlfriend Collective,Dresses,69.41,0.0,0
10963,5472,Girlfriend Collective,Bags,36.5,4.77,1
10964,5472,Girlfriend Collective,Beauty,92.85,0.0,0
10965,5473,Zara,Bags,43.6,0.0,0
10966,5474,Zara,Bags,25.56,0.0,0
10967,5474,Zara,Activewear,63.49,0.0,0
10968,5475,Under Armour,Footwear,42.59,0.0,0
10969,5475,Under Armour,Activewear,49.2,0.0,0
10970,5476,Urban Outfitters,Lingerie,87.27,0.0,0
10971,5476,Urban Outfitters,Lingerie,66.21,0.0,0
10972,5477,Urban Outfitters,Jeans,80.34,0.0,0
10973,5478,Zara,Activewear,40.9,0.0,0
10974,5479,Zara,Home,62.96,4.66,1
10975,5479,Zara,Footwear,49.96,0.0,0
10976,5479,Zara,Beauty,45.96,0.0,0
10977,5480,H&M,Outerwear,42.3,0.0,0
10978,5480,H&M,Swimwear,34.68,5.15,1
10979,5480,H&M,Tops,91.09,0.0,0
10980,5481,Loewe,Beauty,772.09,0.0,0
10981,5482,Urban Outfitters,Swimwear,89.3,0.0,0
10982,5483,Loewe,Tops,1291.53,0.0,0
10983,5483,Loewe,Activewear,385.95,0.0,0
10984,5484,Girlfriend Collective,Bags,131.51,43.24,1
10985,5485,Shein,Beauty,5.0,1.58,1
10986,5486,Gucci,Footwear,933.07,0.0,0
10987,5486,Gucci,Home,807.15,0.0,0
10988,5487,Under Armour,Activewear,103.83,0.0,0
10989,5487,Under Armour,Lingerie,92.87,0.0,0
10990,5488,Chanel,Beauty,580.2,99.45,1
10991,5488,Chanel,Dresses,1260.54,0.0,0
10992,5488,Chanel,Swimwear,817.69,0.0,0
10993,5489,Zara,Dresses,40.8,0.0,0
10994,5490,Shein,Bags,24.29,0.0,0
10995,5490,Shein,Tops,21.34,0.0,0
10996,5491,Under Armour,Beauty,105.3,22.33,1
10997,5491,Under Armour,Accessories,92.73,0.0,0
10998,5491,Under Armour,Jeans,51.33,0.0,0
10999,5492,Loewe,Home,940.79,0.0,0
11000,5493,Urban Outfitters,Dresses,35.15,0.0,0
11001,5494,Urban Outfitters,Lingerie,109.32,0.0,0
11002,5494,Urban Outfitters,Tops,52.66,0.0,0
11003,5494,Urban Outfitters,Bags,36.51,0.0,0
11004,5495,H&M,Outerwear,44.58,0.0,0
11005,5495,H&M,Accessories,30.6,0.0,0
11006,5496,Urban Outfitters,Accessories,51.7,0.0,0
11007,5496,Urban Outfitters,Activewear,51.67,0.0,0
11008,5496,Urban Outfitters,Bags,120.95,0.0,0
11009,5497,Chanel,Activewear,721.16,0.0,0
11010,5498,Shein,Swimwear,19.19,0.0,0
11011,5498,Shein,Beauty,20.01,5.81,1
11012,5499,Loewe,Accessories,675.65,0.0,0
11013,5499,Loewe,Outerwear,3096.33,0.0,0
11014,5500,Under Armour,Jeans,74.28,0.0,0
11015,5501,H&M,Home,80.63,0.0,0
11016,5502,Under Armour,Home,92.97,0.0,0
11017,5502,Under Armour,Outerwear,75.2,0.0,0
11018,5502,Under Armour,Home,79.54,0.0,0
11019,5503,Loewe,Bags,2341.95,0.0,0
11020,5503,Loewe,Tops,1266.33,0.0,0
11021,5503,Loewe,Outerwear,3905.11,0.0,0
11022,5504,Gucci,Jeans,951.81,0.0,0
11023,5505,Loewe,Activewear,809.35,0.0,0
11024,5505,Loewe,Jeans,2210.47,0.0,0
11025,5506,Gucci,Accessories,480.8,0.0,0
11026,5507,Under Armour,Beauty,60.66,16.7,1
11027,5508,Urban Outfitters,Outerwear,83.67,0.0,0
11028,5508,Urban Outfitters,Activewear,46.98,0.0,0
11029,5509,Under Armour,Home,63.06,0.0,0
11030,5509,Under Armour,Swimwear,30.0,0.0,0
11031,5510,Loewe,Dresses,1160.33,0.0,0
11032,5511,Under Armour,Jeans,140.58,27.7,1
11033,5511,Under Armour,Beauty,91.11,25.16,1
11034,5512,Shein,Dresses,23.8,0.0,0
11035,5512,Shein,Home,40.02,0.0,0
11036,5513,Girlfriend Collective,Beauty,83.16,0.0,0
11037,5513,Girlfriend Collective,Beauty,83.54,17.44,1
11038,5514,Chanel,Activewear,972.08,0.0,0
11039,5514,Chanel,Footwear,1139.35,0.0,0
11040,5515,H&M,Beauty,21.44,0.0,0
11041,5515,H&M,Outerwear,38.94,0.0,0
11042,5515,H&M,Home,10.0,0.0,0
11043,5516,Prada,Lingerie,448.83,0.0,0
11044,5516,Prada,Dresses,1488.69,0.0,0
11045,5517,Under Armour,Tops,87.62,0.0,0
11046,5517,Under Armour,Outerwear,84.7,0.0,0
11047,5518,Shein,Tops,26.61,6.44,1
11048,5519,Girlfriend Collective,Activewear,84.92,0.0,0
11049,5520,Prada,Dresses,1449.77,0.0,0
11050,5521,Shein,Bags,30.42,0.0,0
11051,5521,Shein,Jeans,16.17,5.16,1
11052,5521,Shein,Outerwear,39.01,0.0,0
11053,5522,Shein,Home,15.36,0.0,0
11054,5522,Shein,Accessories,12.82,0.0,0
11055,5523,Loewe,Footwear,923.28,0.0,0
11056,5523,Loewe,Dresses,790.13,0.0,0
11057,5523,Loewe,Footwear,738.86,0.0,0
11058,5524,Girlfriend Collective,Lingerie,100.1,31.06,1
11059,5525,Urban Outfitters,Accessories,101.57,0.0,0
11060,5526,Chanel,Swimwear,709.82,0.0,0
11061,5526,Chanel,Swimwear,1043.04,0.0,0
11062,5527,Urban Outfitters,Beauty,57.79,8.16,1
11063,5527,Urban Outfitters,Tops,85.45,17.63,1
11064,5528,H&M,Jeans,74.29,0.0,0
11065,5529,Prada,Activewear,1053.42,0.0,0
11066,5529,Prada,Home,874.5,0.0,0
11067,5530,H&M,Outerwear,95.54,0.0,0
11068,5531,Prada,Tops,1296.39,0.0,0
11069,5532,Urban Outfitters,Activewear,35.44,0.0,0
11070,5533,Prada,Swimwear,686.1,0.0,0
11071,5534,Under Armour,Tops,102.66,0.0,0
11072,5535,Gucci,Activewear,507.21,141.54,1
11073,5536,Gucci,Beauty,793.12,0.0,0
11074,5537,Chanel,Accessories,908.87,0.0,0
11075,5537,Chanel,Swimwear,505.09,0.0,0
11076,5538,Zara,Bags,21.76,0.0,0
11077,5539,Shein,Accessories,33.76,0.0,0
11078,5539,Shein,Outerwear,29.17,0.0,0
11079,5539,Shein,Jeans,22.52,0.0,0
11080,5540,Girlfriend Collective,Footwear,86.44,14.9,1
11081,5541,H&M,Jeans,97.35,16.12,1
11082,5542,Zara,Outerwear,61.78,0.0,0
11083,5543,Zara,Home,107.87,0.0,0
11084,5544,Prada,Lingerie,945.14,0.0,0
11085,5544,Prada,Outerwear,4161.7,0.0,0
11086,5545,Chanel,Accessories,479.72,0.0,0
11087,5546,Shein,Activewear,42.07,8.0,1
11088,5546,Shein,Outerwear,32.01,0.0,0
11089,5547,H&M,Accessories,68.15,0.0,0
11090,5547,H&M,Footwear,37.62,0.0,0
11091,5547,H&M,Accessories,84.44,0.0,0
11092,5548,Shein,Swimwear,18.98,0.0,0
11093,5548,Shein,Beauty,34.25,4.23,1
11094,5548,Shein,Swimwear,21.27,0.0,0
11095,5549,Girlfriend Collective,Home,119.28,0.0,0
11096,5549,Girlfriend Collective,Beauty,44.53,0.0,0
11097,5549,Girlfriend Collective,Swimwear,121.83,0.0,0
11098,5550,Urban Outfitters,Tops,70.82,0.0,0
11099,5550,Urban Outfitters,Footwear,77.62,0.0,0
11100,5550,Urban Outfitters,Home,38.36,0.0,0
11101,5551,H&M,Lingerie,47.56,0.0,0
11102,5551,H&M,Swimwear,75.87,0.0,0
11103,5552,H&M,Swimwear,59.22,0.0,0
11104,5552,H&M,Bags,62.84,12.62,1
11105,5552,H&M,Lingerie,11.15,0.0,0
11106,5553,Prada,Activewear,766.75,0.0,0
11107,5553,Prada,Accessories,774.68,0.0,0
11108,5553,Prada,Jeans,1537.59,0.0,0
11109,5554,Gucci,Lingerie,749.09,0.0,0
11110,5554,Gucci,Accessories,567.34,0.0,0
11111,5555,Shein,Accessories,30.15,0.0,0
11112,5556,Chanel,Lingerie,685.48,0.0,0
11113,5557,Urban Outfitters,Tops,41.09,0.0,0
11114,5558,Shein,Footwear,25.65,0.0,0
11115,5558,Shein,Dresses,19.1,0.0,0
11116,5559,Prada,Lingerie,736.98,0.0,0
11117,5559,Prada,Tops,1184.11,0.0,0
11118,5559,Prada,Activewear,1178.38,0.0,0
11119,5560,Gucci,Home,412.46,0.0,0
11120,5561,Zara,Dresses,51.75,0.0,0
11121,5562,Girlfriend Collective,Swimwear,93.0,0.0,0
11122,5562,Girlfriend Collective,Footwear,133.79,19.51,1
11123,5562,Girlfriend Collective,Footwear,53.84,0.0,0
11124,5563,Loewe,Footwear,1490.08,0.0,0
11125,5564,Zara,Activewear,51.3,0.0,0
11126,5565,Chanel,Accessories,600.51,0.0,0
11127,5565,Chanel,Dresses,942.46,0.0,0
11128,5566,Girlfriend Collective,Activewear,56.34,0.0,0
11129,5566,Girlfriend Collective,Activewear,92.62,29.02,1
11130,5567,Gucci,Tops,1707.03,0.0,0
11131,5568,Girlfriend Collective,Outerwear,89.96,0.0,0
11132,5568,Girlfriend Collective,Tops,79.79,7.86,1
11133,5568,Girlfriend Collective,Accessories,128.64,0.0,0
11134,5569,Urban Outfitters,Bags,83.22,8.58,1
11135,5569,Urban Outfitters,Activewear,22.95,0.0,0
11136,5570,Shein,Home,22.63,0.0,0
11137,5571,Urban Outfitters,Jeans,67.21,20.18,1
11138,5571,Urban Outfitters,Activewear,83.51,9.4,1
11139,5571,Urban Outfitters,Outerwear,26.95,7.22,1
11140,5572,Zara,Home,20.75,0.0,0
11141,5572,Zara,Jeans,84.95,0.0,0
11142,5573,Zara,Lingerie,39.54,0.0,0
11143,5573,Zara,Outerwear,73.89,0.0,0
11144,5574,Zara,Activewear,45.93,0.0,0
11145,5574,Zara,Jeans,70.81,0.0,0
11146,5575,Girlfriend Collective,Activewear,59.68,7.55,1
11147,5576,Prada,Swimwear,969.88,0.0,0
11148,5576,Prada,Home,711.56,0.0,0
11149,5577,Prada,Beauty,793.26,0.0,0
11150,5577,Prada,Tops,1822.77,0.0,0
11151,5577,Prada,Beauty,624.62,0.0,0
11152,5578,Loewe,Activewear,741.99,0.0,0
11153,5579,Under Armour,Activewear,54.63,0.0,0
11154,5579,Under Armour,Tops,76.27,10.99,1
11155,5580,Urban Outfitters,Lingerie,53.01,0.0,0
11156,5580,Urban Outfitters,Accessories,107.54,0.0,0
11157,5581,Girlfriend Collective,Lingerie,139.12,0.0,0
11158,5581,Girlfriend Collective,Home,31.46,3.65,1
11159,5581,Girlfriend Collective,Outerwear,70.11,0.0,0
11160,5582,Chanel,Accessories,810.82,0.0,0
11161,5582,Chanel,Bags,10000.0,0.0,0
11162,5582,Chanel,Outerwear,3467.3,0.0,0
11163,5583,Under Armour,Swimwear,129.2,0.0,0
11164,5583,Under Armour,Accessories,117.14,0.0,0
11165,5583,Under Armour,Activewear,107.94,15.09,1
11166,5584,H&M,Home,60.71,12.34,1
11167,5584,H&M,Lingerie,48.27,0.0,0
11168,5585,Girlfriend Collective,Beauty,75.12,0.0,0
11169,5585,Girlfriend Collective,Beauty,96.96,0.0,0
11170,5586,Shein,Bags,27.6,0.0,0
11171,5586,Shein,Jeans,33.17,0.0,0
11172,5587,Loewe,Bags,2145.84,0.0,0
11173,5588,Zara,Outerwear,32.35,0.0,0
11174,5589,Zara,Lingerie,87.98,0.0,0
11175,5589,Zara,Dresses,87.37,0.0,0
11176,5589,Zara,Jeans,51.3,17.23,1
11177,5590,Urban Outfitters,Footwear,84.77,0.0,0
11178,5591,Girlfriend Collective,Dresses,119.58,26.23,1
11179,5591,Girlfriend Collective,Beauty,100.28,28.29,1
11180,5592,Shein,Lingerie,21.44,0.0,0
11181,5592,Shein,Home,20.79,0.0,0
11182,5593,Girlfriend Collective,Dresses,65.89,0.0,0
11183,5593,Girlfriend Collective,Lingerie,51.98,9.98,1
11184,5593,Girlfriend Collective,Footwear,104.14,0.0,0
11185,5594,Under Armour,Dresses,70.9,0.0,0
11186,5595,Urban Outfitters,Outerwear,49.49,0.0,0
11187,5595,Urban Outfitters,Swimwear,99.44,0.0,0
11188,5596,H&M,Dresses,80.74,0.0,0
11189,5596,H&M,Accessories,46.36,0.0,0
11190,5597,Urban Outfitters,Bags,70.72,0.0,0
11191,5597,Urban Outfitters,Dresses,77.86,0.0,0
11192,5597,Urban Outfitters,Beauty,82.55,6.95,1
11193,5598,Loewe,Footwear,1006.53,0.0,0
11194,5599,Chanel,Lingerie,693.7,0.0,0
11195,5599,Chanel,Beauty,548.51,0.0,0
11196,5599,Chanel,Bags,8874.92,0.0,0
11197,5600,H&M,Outerwear,10.0,1.57,1
11198,5600,H&M,Jeans,51.92,0.0,0
11199,5601,H&M,Tops,42.8,0.0,0
11200,5602,Zara,Swimwear,39.83,0.0,0
11201,5603,Shein,Jeans,29.97,0.0,0
11202,5603,Shein,Dresses,12.3,0.0,0
11203,5603,Shein,Swimwear,34.1,0.0,0
11204,5604,Urban Outfitters,Dresses,51.36,0.0,0
11205,5605,Under Armour,Bags,42.18,0.0,0
11206,5605,Under Armour,Beauty,87.33,0.0,0
11207,5606,Under Armour,Footwear,38.23,0.0,0
11208,5607,Zara,Swimwear,126.36,38.63,1
11209,5607,Zara,Swimwear,95.32,0.0,0
11210,5607,Zara,Swimwear,100.81,0.0,0
11211,5608,Shein,Home,37.28,0.0,0
11212,5608,Shein,Jeans,14.51,1.76,1
11213,5608,Shein,Accessories,23.37,5.39,1
11214,5609,H&M,Jeans,50.88,0.0,0
11215,5609,H&M,Footwear,12.4,1.63,1
11216,5610,H&M,Swimwear,71.81,0.0,0
11217,5610,H&M,Bags,94.87,28.78,1
11218,5610,H&M,Lingerie,32.11,0.0,0
11219,5611,Under Armour,Home,176.85,0.0,0
11220,5612,Urban Outfitters,Accessories,72.12,0.0,0
11221,5612,Urban Outfitters,Swimwear,86.0,25.07,1
11222,5613,Chanel,Accessories,477.34,0.0,0
11223,5614,Urban Outfitters,Swimwear,103.41,0.0,0
11224,5614,Urban Outfitters,Home,44.99,10.59,1
11225,5615,H&M,Accessories,87.64,0.0,0
11226,5615,H&M,Lingerie,123.24,0.0,0
11227,5615,H&M,Accessories,92.16,0.0,0
11228,5616,Girlfriend Collective,Bags,47.17,0.0,0
11229,5616,Girlfriend Collective,Jeans,121.71,0.0,0
11230,5616,Girlfriend Collective,Accessories,92.21,0.0,0
11231,5617,Urban Outfitters,Dresses,81.02,0.0,0
11232,5617,Urban Outfitters,Swimwear,37.69,0.0,0
11233,5618,Loewe,Home,719.81,0.0,0
11234,5619,Shein,Footwear,30.55,0.0,0
11235,5619,Shein,Home,19.0,0.0,0
11236,5620,Loewe,Beauty,785.95,0.0,0
11237,5620,Loewe,Lingerie,909.81,0.0,0
11238,5620,Loewe,Jeans,1790.33,0.0,0
11239,5621,Loewe,Dresses,1453.9,0.0,0
11240,5622,Shein,Bags,23.05,0.0,0
11241,5622,Shein,Bags,19.94,0.0,0
11242,5622,Shein,Jeans,24.96,3.76,1
11243,5623,Girlfriend Collective,Home,61.98,0.0,0
11244,5623,Girlfriend Collective,Dresses,113.25,10.07,1
11245,5623,Girlfriend Collective,Lingerie,56.37,5.44,1
11246,5624,Zara,Home,68.66,0.0,0
11247,5625,Girlfriend Collective,Tops,130.2,0.0,0
11248,5625,Girlfriend Collective,Home,82.88,0.0,0
11249,5626,Loewe,Jeans,1209.21,0.0,0
11250,5626,Loewe,Accessories,654.65,0.0,0
11251,5626,Loewe,Lingerie,805.79,0.0,0
11252,5627,H&M,Tops,10.0,0.0,0
11253,5627,H&M,Activewear,24.58,0.0,0
11254,5627,H&M,Activewear,27.93,0.0,0
11255,5628,Loewe,Dresses,1719.89,0.0,0
11256,5628,Loewe,Outerwear,3208.96,0.0,0
11257,5629,Prada,Dresses,1244.6,0.0,0
11258,5629,Prada,Swimwear,752.41,0.0,0
11259,5630,Urban Outfitters,Lingerie,107.59,0.0,0
11260,5630,Urban Outfitters,Lingerie,20.0,6.58,1
11261,5630,Urban Outfitters,Home,263.63,0.0,0
11262,5631,Girlfriend Collective,Tops,94.08,27.13,1
11263,5632,Urban Outfitters,Jeans,57.26,0.0,0
11264,5633,Loewe,Swimwear,418.8,0.0,0
11265,5633,Loewe,Dresses,1391.25,0.0,0
11266,5634,H&M,Activewear,42.62,0.0,0
11267,5634,H&M,Outerwear,73.44,9.14,1
11268,5634,H&M,Jeans,12.83,0.0,0
11269,5635,Under Armour,Outerwear,91.82,0.0,0
11270,5635,Under Armour,Tops,72.1,16.23,1
11271,5635,Under Armour,Beauty,102.49,0.0,0
11272,5636,Shein,Lingerie,25.21,0.0,0
11273,5637,Chanel,Lingerie,597.63,0.0,0
11274,5637,Chanel,Activewear,1033.81,0.0,0
11275,5638,Loewe,Jeans,1684.35,0.0,0
11276,5638,Loewe,Lingerie,614.53,0.0,0
11277,5639,Loewe,Accessories,300.0,0.0,0
11278,5640,Loewe,Bags,2322.85,0.0,0
11279,5640,Loewe,Swimwear,1077.91,0.0,0
11280,5641,Girlfriend Collective,Home,71.99,24.27,1
11281,5641,Girlfriend Collective,Home,85.56,0.0,0
11282,5642,Shein,Swimwear,31.03,0.0,0
11283,5642,Shein,Dresses,32.86,0.0,0
11284,5642,Shein,Dresses,20.87,1.23,1
11285,5643,Zara,Footwear,52.01,10.07,1
11286,5643,Zara,Jeans,73.88,0.0,0
11287,5644,Prada,Swimwear,788.76,49.39,1
11288,5644,Prada,Accessories,1062.35,0.0,0
11289,5644,Prada,Outerwear,3388.61,0.0,0
11290,5645,Under Armour,Beauty,94.4,0.0,0
11291,5645,Under Armour,Beauty,135.97,0.0,0
11292,5645,Under Armour,Home,120.31,0.0,0
11293,5646,Gucci,Activewear,886.9,0.0,0
11294,5646,Gucci,Bags,2194.34,0.0,0
11295,5647,Urban Outfitters,Jeans,20.0,0.0,0
11296,5648,H&M,Beauty,75.23,16.22,1
11297,5649,H&M,Home,68.4,0.0,0
11298,5649,H&M,Jeans,82.73,9.46,1
11299,5650,Shein,Accessories,15.82,2.26,1
11300,5651,Prada,Swimwear,850.49,0.0,0
11301,5651,Prada,Accessories,735.6,0.0,0
11302,5651,Prada,Dresses,1749.58,0.0,0
11303,5652,Prada,Home,884.19,0.0,0
11304,5653,Prada,Footwear,1212.6,0.0,0
11305,5653,Prada,Beauty,535.26,0.0,0
11306,5653,Prada,Home,766.21,0.0,0
11307,5654,Gucci,Tops,1661.74,0.0,0
11308,5655,Shein,Footwear,12.73,0.65,1
11309,5655,Shein,Jeans,33.39,0.0,0
11310,5655,Shein,Swimwear,20.48,0.0,0
11311,5656,Loewe,Outerwear,4094.28,0.0,0
11312,5656,Loewe,Activewear,411.0,0.0,0
11313,5656,Loewe,Jeans,1815.66,0.0,0
11314,5657,Gucci,Footwear,1012.31,0.0,0
11315,5657,Gucci,Footwear,1096.63,0.0,0
11316,5658,H&M,Tops,74.71,0.0,0
11317,5658,H&M,Home,43.61,0.0,0
11318,5658,H&M,Beauty,48.3,0.0,0
11319,5659,H&M,Home,52.91,0.0,0
11320,5660,Chanel,Dresses,1794.08,0.0,0
11321,5660,Chanel,Beauty,430.73,0.0,0
11322,5660,Chanel,Home,1056.87,0.0,0
11323,5661,H&M,Bags,108.31,0.0,0
11324,5661,H&M,Accessories,59.77,0.0,0
11325,5662,Gucci,Activewear,1008.98,0.0,0
11326,5662,Gucci,Home,687.66,0.0,0
11327,5663,Shein,Beauty,18.73,0.0,0
11328,5664,Zara,Footwear,77.71,26.83,1
11329,5664,Zara,Accessories,73.97,7.8,1
11330,5665,Loewe,Beauty,821.55,74.28,1
11331,5665,Loewe,Activewear,900.29,0.0,0
11332,5665,Loewe,Swimwear,424.74,0.0,0
11333,5666,Girlfriend Collective,Jeans,65.69,0.0,0
11334,5667,Shein,Bags,30.19,0.0,0
11335,5667,Shein,Home,5.0,0.0,0
11336,5667,Shein,Activewear,32.13,0.0,0
11337,5668,Gucci,Jeans,1417.92,0.0,0
11338,5668,Gucci,Lingerie,625.02,0.0,0
11339,5669,Urban Outfitters,Home,93.58,0.0,0
11340,5670,Girlfriend Collective,Bags,66.74,0.0,0
11341,5671,H&M,Dresses,40.81,0.0,0
11342,5671,H&M,Home,44.18,0.0,0
11343,5672,Prada,Home,1053.41,0.0,0
11344,5673,Zara,Swimwear,57.58,18.5,1
11345,5673,Zara,Swimwear,42.61,0.0,0
11346,5674,Shein,Beauty,23.8,0.0,0
11347,5675,Girlfriend Collective,Jeans,117.05,0.0,0
11348,5676,Under Armour,Tops,69.61,5.38,1
11349,5676,Under Armour,Beauty,90.68,0.0,0
11350,5676,Under Armour,Footwear,56.91,0.0,0
11351,5677,Zara,Activewear,46.85,0.0,0
11352,5677,Zara,Home,84.79,0.0,0
11353,5678,Shein,Outerwear,29.85,0.0,0
11354,5678,Shein,Bags,33.1,0.0,0
11355,5679,Prada,Jeans,1275.37,0.0,0
11356,5679,Prada,Swimwear,594.98,0.0,0
11357,5679,Prada,Dresses,1659.22,0.0,0
11358,5680,Chanel,Tops,1488.71,0.0,0
11359,5680,Chanel,Bags,8661.69,0.0,0
11360,5680,Chanel,Activewear,847.03,0.0,0
11361,5681,Urban Outfitters,Accessories,120.43,38.97,1
11362,5681,Urban Outfitters,Bags,100.47,11.33,1
11363,5681,Urban Outfitters,Activewear,26.03,0.0,0
11364,5682,H&M,Outerwear,91.27,28.7,1
11365,5682,H&M,Home,58.4,0.0,0
11366,5682,H&M,Accessories,58.65,0.0,0
11367,5683,Zara,Tops,58.47,15.57,1
11368,5683,Zara,Dresses,70.21,5.6,1
11369,5683,Zara,Beauty,58.94,0.0,0
11370,5684,Gucci,Outerwear,3494.16,0.0,0
11371,5685,Zara,Outerwear,52.72,0.0,0
11372,5685,Zara,Lingerie,105.95,0.0,0
11373,5685,Zara,Outerwear,76.54,0.0,0
11374,5686,Prada,Outerwear,3558.79,0.0,0
11375,5687,Chanel,Dresses,2185.26,0.0,0
11376,5687,Chanel,Outerwear,3769.68,0.0,0
11377,5688,Zara,Footwear,102.8,0.0,0
11378,5688,Zara,Activewear,49.16,0.0,0
11379,5689,H&M,Footwear,83.95,0.0,0
11380,5689,H&M,Beauty,61.18,13.3,1
11381,5689,H&M,Outerwear,52.76,0.0,0
11382,5690,Urban Outfitters,Swimwear,69.16,0.0,0
11383,5691,Under Armour,Jeans,79.76,0.0,0
11384,5691,Under Armour,Outerwear,93.13,0.0,0
11385,5691,Under Armour,Outerwear,63.28,0.0,0
11386,5692,H&M,Activewear,36.98,0.0,0
11387,5692,H&M,Home,111.35,0.0,0
11388,5693,Shein,Bags,27.86,2.21,1
11389,5694,Urban Outfitters,Tops,49.51,0.0,0
11390,5694,Urban Outfitters,Swimwear,92.4,5.19,1
11391,5694,Urban Outfitters,Swimwear,81.18,0.0,0
11392,5695,Zara,Jeans,64.52,0.0,0
11393,5696,Urban Outfitters,Outerwear,72.1,0.0,0
11394,5696,Urban Outfitters,Accessories,83.04,0.0,0
11395,5696,Urban Outfitters,Jeans,117.3,6.43,1
11396,5697,Zara,Lingerie,16.89,0.0,0
11397,5697,Zara,Tops,67.48,0.0,0
11398,5697,Zara,Lingerie,42.03,13.57,1
11399,5698,Urban Outfitters,Activewear,57.91,0.0,0
11400,5698,Urban Outfitters,Home,151.21,0.0,0
11401,5698,Urban Outfitters,Accessories,50.31,4.1,1
11402,5699,Chanel,Jeans,1767.28,0.0,0
11403,5699,Chanel,Dresses,1531.92,0.0,0
11404,5700,Chanel,Dresses,838.87,0.0,0
11405,5701,Urban Outfitters,Jeans,85.12,0.0,0
11406,5702,Loewe,Outerwear,4002.06,0.0,0
11407,5702,Loewe,Outerwear,2843.51,0.0,0
11408,5702,Loewe,Tops,1310.0,0.0,0
11409,5703,Loewe,Home,583.4,0.0,0
11410,5703,Loewe,Bags,2489.9,0.0,0
11411,5704,Urban Outfitters,Activewear,20.0,0.0,0
11412,5704,Urban Outfitters,Tops,105.2,0.0,0
11413,5705,Loewe,Swimwear,922.91,0.0,0
11414,5705,Loewe,Activewear,796.01,0.0,0
11415,5705,Loewe,Home,924.54,0.0,0
11416,5706,Gucci,Beauty,404.93,0.0,0
11417,5706,Gucci,Activewear,809.16,0.0,0
11418,5706,Gucci,Dresses,979.33,0.0,0
11419,5707,Zara,Lingerie,32.17,0.0,0
11420,5707,Zara,Activewear,66.77,0.0,0
11421,5707,Zara,Dresses,48.51,0.0,0
11422,5708,Shein,Swimwear,5.0,0.0,0
11423,5708,Shein,Tops,27.3,0.0,0
11424,5709,Gucci,Jeans,985.17,0.0,0
11425,5709,Gucci,Accessories,337.25,0.0,0
11426,5709,Gucci,Dresses,700.0,0.0,0
11427,5710,Under Armour,Jeans,84.1,0.0,0
11428,5710,Under Armour,Accessories,146.09,42.66,1
11429,5710,Under Armour,Home,139.64,0.0,0
11430,5711,Girlfriend Collective,Activewear,92.75,0.0,0
11431,5711,Girlfriend Collective,Bags,57.69,3.08,1
11432,5712,H&M,Beauty,93.12,0.0,0
11433,5713,Gucci,Tops,1563.63,0.0,0
11434,5713,Gucci,Footwear,1072.03,0.0,0
11435,5713,Gucci,Beauty,838.99,0.0,0
11436,5714,Loewe,Beauty,588.36,0.0,0
11437,5714,Loewe,Swimwear,865.15,0.0,0
11438,5715,Loewe,Footwear,783.75,0.0,0
11439,5716,Zara,Swimwear,63.72,0.0,0
11440,5717,Zara,Beauty,43.48,0.0,0
11441,5718,Loewe,Footwear,1016.92,0.0,0
11442,5718,Loewe,Swimwear,1053.45,0.0,0
11443,5719,Shein,Tops,22.16,0.0,0
11444,5719,Shein,Swimwear,26.81,0.0,0
11445,5720,Zara,Home,54.7,0.0,0
11446,5720,Zara,Lingerie,42.09,0.0,0
11447,5720,Zara,Jeans,10.0,0.0,0
11448,5721,Urban Outfitters,Lingerie,20.42,0.0,0
11449,5721,Urban Outfitters,Bags,80.05,0.0,0
11450,5722,Zara,Lingerie,49.61,0.0,0
11451,5722,Zara,Tops,44.42,0.0,0
11452,5723,Chanel,Outerwear,3671.22,0.0,0
11453,5723,Chanel,Lingerie,792.01,0.0,0
11454,5724,Gucci,Accessories,682.77,0.0,0
11455,5724,Gucci,Outerwear,3011.24,0.0,0
11456,5724,Gucci,Swimwear,634.58,0.0,0
11457,5725,Under Armour,Activewear,73.65,0.0,0
11458,5725,Under Armour,Home,30.0,0.0,0
11459,5726,Under Armour,Accessories,74.04,0.0,0
11460,5726,Under Armour,Tops,74.33,7.29,1
11461,5727,Shein,Activewear,31.36,0.0,0
11462,5728,Shein,Tops,12.86,0.0,0
11463,5729,Loewe,Home,868.07,0.0,0
11464,5729,Loewe,Beauty,730.0,0.0,0
11465,5729,Loewe,Jeans,1489.95,0.0,0
11466,5730,H&M,Lingerie,36.38,0.0,0
11467,5731,Zara,Footwear,39.67,11.22,1
11468,5731,Zara,Accessories,81.39,0.0,0
11469,5731,Zara,Activewear,86.99,0.0,0
11470,5732,Prada,Jeans,2317.55,0.0,0
11471,5732,Prada,Lingerie,898.28,0.0,0
11472,5732,Prada,Beauty,743.51,0.0,0
11473,5733,Chanel,Outerwear,2506.35,0.0,0
11474,5734,Shein,Swimwear,12.25,0.0,0
11475,5735,H&M,Lingerie,58.7,0.0,0
11476,5735,H&M,Accessories,69.48,0.0,0
11477,5735,H&M,Dresses,108.74,0.0,0
11478,5736,H&M,Outerwear,92.95,0.0,0
11479,5736,H&M,Dresses,29.8,0.0,0
11480,5737,Urban Outfitters,Tops,95.84,0.0,0
11481,5737,Urban Outfitters,Home,95.76,0.0,0
11482,5737,Urban Outfitters,Bags,88.0,0.0,0
11483,5738,Under Armour,Beauty,52.35,0.0,0
11484,5739,Zara,Swimwear,20.75,0.0,0
11485,5739,Zara,Dresses,21.46,0.0,0
11486,5739,Zara,Home,46.18,0.0,0
11487,5740,Loewe,Bags,1749.37,0.0,0
11488,5740,Loewe,Activewear,765.17,0.0,0
11489,5740,Loewe,Home,713.44,0.0,0
11490,5741,Loewe,Tops,1680.28,0.0,0
11491,5742,Zara,Accessories,67.7,0.0,0
11492,5742,Zara,Lingerie,41.58,0.0,0
11493,5742,Zara,Outerwear,87.57,4.59,1
11494,5743,Gucci,Tops,1358.3,0.0,0
11495,5744,Under Armour,Home,91.46,0.0,0
11496,5745,Under Armour,Dresses,99.31,0.0,0
11497,5745,Under Armour,Jeans,61.47,0.0,0
11498,5745,Under Armour,Outerwear,132.59,0.0,0
11499,5746,Shein,Activewear,14.91,2.16,1
11500,5746,Shein,Outerwear,29.94,9.42,1
11501,5747,Prada,Outerwear,3529.09,0.0,0
11502,5748,Zara,Home,28.36,0.0,0
11503,5748,Zara,Bags,37.32,0.0,0
11504,5749,Chanel,Footwear,1043.81,0.0,0
11505,5750,Prada,Bags,2439.46,0.0,0
11506,5751,Gucci,Dresses,1488.58,0.0,0
11507,5751,Gucci,Accessories,706.66,0.0,0
11508,5752,Loewe,Beauty,494.98,0.0,0
11509,5752,Loewe,Jeans,741.57,0.0,0
11510,5752,Loewe,Tops,1736.72,0.0,0
11511,5753,Zara,Tops,56.01,0.0,0
11512,5753,Zara,Home,89.6,21.91,1
11513,5754,Urban Outfitters,Outerwear,79.38,13.74,1
11514,5754,Urban Outfitters,Bags,106.1,14.04,1
11515,5754,Urban Outfitters,Jeans,87.38,0.0,0
11516,5755,Under Armour,Footwear,114.27,0.0,0
11517,5755,Under Armour,Lingerie,70.04,0.0,0
11518,5756,Girlfriend Collective,Bags,76.97,0.0,0
11519,5757,Gucci,Home,755.94,0.0,0
11520,5757,Gucci,Jeans,2248.76,0.0,0
11521,5758,Loewe,Dresses,2354.78,0.0,0
11522,5759,H&M,Footwear,61.08,0.0,0
11523,5760,Girlfriend Collective,Activewear,46.91,0.0,0
11524,5761,Girlfriend Collective,Swimwear,87.85,11.51,1
11525,5761,Girlfriend Collective,Swimwear,71.36,0.0,0
11526,5761,Girlfriend Collective,Beauty,63.89,11.84,1
11527,5762,Shein,Tops,14.35,0.0,0
11528,5762,Shein,Footwear,33.29,0.0,0
11529,5763,Urban Outfitters,Outerwear,80.16,22.87,1
11530,5764,Gucci,Accessories,522.56,149.72,1
11531,5765,Under Armour,Footwear,30.7,0.0,0
11532,5766,Zara,Bags,62.1,0.0,0
11533,5767,Shein,Jeans,25.08,0.0,0
11534,5768,Loewe,Bags,2157.46,0.0,0
11535,5768,Loewe,Lingerie,301.61,0.0,0
11536,5769,Under Armour,Home,93.32,0.0,0
11537,5770,Zara,Activewear,24.82,3.9,1
11538,5771,Shein,Accessories,28.91,3.83,1
11539,5772,Girlfriend Collective,Dresses,54.45,0.0,0
11540,5773,Shein,Footwear,33.83,8.57,1
11541,5773,Shein,Home,23.08,5.85,1
11542,5773,Shein,Accessories,22.7,0.0,0
11543,5774,H&M,Bags,72.88,0.0,0
11544,5774,H&M,Activewear,37.32,8.81,1
11545,5775,Chanel,Accessories,300.0,32.13,1
11546,5775,Chanel,Jeans,1476.67,0.0,0
11547,5775,Chanel,Activewear,1036.04,0.0,0
11548,5776,Shein,Dresses,27.39,5.03,1
11549,5777,Loewe,Activewear,1090.66,0.0,0
11550,5777,Loewe,Footwear,853.89,0.0,0
11551,5778,Girlfriend Collective,Activewear,54.87,5.37,1
11552,5778,Girlfriend Collective,Swimwear,91.66,0.0,0
11553,5779,Shein,Accessories,18.37,0.0,0
11554,5779,Shein,Beauty,42.34,5.19,1
11555,5780,Under Armour,Accessories,82.29,0.0,0
11556,5781,Prada,Beauty,551.66,0.0,0
11557,5781,Prada,Bags,1985.61,0.0,0
11558,5781,Prada,Dresses,1161.41,0.0,0
11559,5782,Prada,Beauty,1012.05,0.0,0
11560,5783,Zara,Bags,10.0,0.0,0
11561,5783,Zara,Dresses,84.86,0.0,0
11562,5784,Shein,Swimwear,28.29,0.0,0
11563,5785,Gucci,Activewear,1020.73,0.0,0
11564,5785,Gucci,Accessories,411.95,0.0,0
11565,5785,Gucci,Home,758.49,0.0,0
11566,5786,Loewe,Bags,2117.32,0.0,0
11567,5787,Girlfriend Collective,Activewear,66.99,22.41,1
11568,5788,Chanel,Outerwear,3690.95,0.0,0
11569,5788,Chanel,Accessories,413.96,0.0,0
11570,5788,Chanel,Bags,8306.68,0.0,0
11571,5789,Chanel,Lingerie,897.61,0.0,0
11572,5789,Chanel,Jeans,1513.43,0.0,0
11573,5790,Zara,Beauty,31.44,0.0,0
11574,5791,Gucci,Tops,1630.65,0.0,0
11575,5791,Gucci,Jeans,789.09,0.0,0
11576,5791,Gucci,Outerwear,3141.71,0.0,0
11577,5792,H&M,Outerwear,79.31,7.45,1
11578,5793,Shein,Dresses,42.99,0.0,0
11579,5793,Shein,Outerwear,20.74,0.0,0
11580,5794,Urban Outfitters,Bags,71.77,0.0,0
11581,5794,Urban Outfitters,Home,114.0,37.07,1
11582,5795,Girlfriend Collective,Swimwear,73.49,9.93,1
11583,5795,Girlfriend Collective,Accessories,74.83,0.0,0
11584,5796,Urban Outfitters,Jeans,36.96,0.0,0
11585,5796,Urban Outfitters,Outerwear,79.38,16.11,1
11586,5797,Girlfriend Collective,Jeans,81.33,0.0,0
11587,5798,Loewe,Outerwear,3844.95,0.0,0
11588,5799,Girlfriend Collective,Outerwear,103.67,0.0,0
11589,5799,Girlfriend Collective,Dresses,57.74,0.0,0
11590,5799,Girlfriend Collective,Accessories,68.43,0.0,0
11591,5800,Shein,Home,24.94,8.08,1
11592,5801,Prada,Jeans,1856.76,0.0,0
11593,5802,Under Armour,Accessories,35.0,0.0,0
11594,5803,Loewe,Footwear,889.65,0.0,0
11595,5803,Loewe,Activewear,656.31,0.0,0
11596,5804,H&M,Tops,30.73,0.0,0
11597,5805,Under Armour,Bags,59.5,0.0,0
11598,5805,Under Armour,Bags,138.39,0.0,0
11599,5805,Under Armour,Dresses,68.47,0.0,0
11600,5806,Loewe,Jeans,2097.64,0.0,0
11601,5806,Loewe,Accessories,547.6,0.0,0
11602,5806,Loewe,Accessories,710.29,0.0,0
11603,5807,Gucci,Lingerie,913.49,0.0,0
11604,5807,Gucci,Home,883.42,0.0,0
11605,5807,Gucci,Footwear,924.56,0.0,0
11606,5808,Zara,Outerwear,57.4,0.0,0
11607,5809,Chanel,Lingerie,475.02,0.0,0
11608,5809,Chanel,Outerwear,3642.38,0.0,0
11609,5810,H&M,Dresses,75.17,0.0,0
11610,5810,H&M,Home,116.75,0.0,0
11611,5811,Shein,Tops,6.02,0.0,0
11612,5811,Shein,Jeans,20.82,0.0,0
11613,5811,Shein,Lingerie,14.86,0.0,0
11614,5812,Loewe,Swimwear,734.51,0.0,0
11615,5812,Loewe,Footwear,788.04,0.0,0
11616,5812,Loewe,Jeans,1215.51,0.0,0
11617,5813,Loewe,Jeans,1267.33,0.0,0
11618,5814,Zara,Lingerie,78.48,0.0,0
11619,5814,Zara,Accessories,70.5,0.0,0
11620,5814,Zara,Beauty,21.28,0.0,0
11621,5815,Loewe,Swimwear,914.11,0.0,0
11622,5815,Loewe,Dresses,1033.53,0.0,0
11623,5815,Loewe,Footwear,919.41,0.0,0
11624,5816,Urban Outfitters,Outerwear,82.18,0.0,0
11625,5816,Urban Outfitters,Outerwear,39.52,0.0,0
11626,5816,Urban Outfitters,Activewear,27.23,3.77,1
11627,5817,Under Armour,Footwear,74.58,0.0,0
11628,5817,Under Armour,Home,56.79,0.0,0
11629,5818,Loewe,Swimwear,908.65,0.0,0
11630,5818,Loewe,Tops,2109.2,0.0,0
11631,5819,Shein,Bags,20.28,0.0,0
11632,5819,Shein,Tops,15.57,0.0,0
11633,5819,Shein,Bags,23.55,0.0,0
11634,5820,Prada,Home,700.65,0.0,0
11635,5820,Prada,Tops,1324.0,0.0,0
11636,5821,Urban Outfitters,Home,20.0,0.0,0
11637,5821,Urban Outfitters,Bags,88.39,7.38,1
11638,5822,Urban Outfitters,Jeans,20.0,2.75,1
11639,5822,Urban Outfitters,Beauty,118.32,0.0,0
11640,5823,Gucci,Swimwear,962.69,0.0,0
11641,5823,Gucci,Activewear,749.27,0.0,0
11642,5824,H&M,Footwear,39.52,0.0,0
11643,5824,H&M,Footwear,62.41,0.0,0
11644,5825,Shein,Home,32.36,0.0,0
11645,5825,Shein,Bags,44.25,0.0,0
11646,5826,Loewe,Activewear,786.99,0.0,0
11647,5827,Gucci,Activewear,879.72,0.0,0
11648,5827,Gucci,Accessories,567.12,0.0,0
11649,5828,Zara,Bags,86.36,0.0,0
11650,5828,Zara,Beauty,80.82,0.0,0
11651,5828,Zara,Lingerie,74.16,0.0,0
11652,5829,Under Armour,Beauty,134.75,0.0,0
11653,5830,H&M,Dresses,66.83,0.0,0
11654,5830,H&M,Beauty,104.73,0.0,0
11655,5831,H&M,Footwear,41.76,0.0,0
11656,5831,H&M,Outerwear,43.4,0.0,0
11657,5832,Zara,Lingerie,23.65,3.9,1
11658,5833,Girlfriend Collective,Bags,57.66,16.3,1
11659,5833,Girlfriend Collective,Home,100.0,0.0,0
11660,5834,Gucci,Accessories,684.63,0.0,0
11661,5835,Under Armour,Jeans,97.52,0.0,0
11662,5835,Under Armour,Lingerie,95.76,0.0,0
11663,5835,Under Armour,Jeans,74.98,0.0,0
11664,5836,Under Armour,Bags,93.43,17.53,1
11665,5836,Under Armour,Accessories,145.12,0.0,0
11666,5836,Under Armour,Outerwear,157.94,0.0,0
11667,5837,Zara,Activewear,44.39,0.0,0
11668,5837,Zara,Home,48.32,0.0,0
11669,5837,Zara,Footwear,70.92,0.0,0
11670,5838,H&M,Dresses,64.6,0.0,0
11671,5838,H&M,Accessories,29.57,0.0,0
11672,5838,H&M,Accessories,64.39,0.0,0
11673,5839,H&M,Footwear,61.02,0.0,0
11674,5839,H&M,Swimwear,71.01,0.0,0
11675,5840,Zara,Home,70.93,0.0,0
11676,5841,Chanel,Bags,8778.72,0.0,0
11677,5841,Chanel,Beauty,608.52,0.0,0
11678,5841,Chanel,Jeans,800.93,0.0,0
11679,5842,Loewe,Tops,1544.13,0.0,0
11680,5843,H&M,Tops,45.91,0.0,0
11681,5843,H&M,Accessories,96.34,0.0,0
11682,5844,Gucci,Accessories,681.95,0.0,0
11683,5844,Gucci,Accessories,676.76,0.0,0
11684,5844,Gucci,Activewear,781.99,130.49,1
11685,5845,Gucci,Lingerie,548.38,0.0,0
11686,5845,Gucci,Beauty,703.84,0.0,0
11687,5845,Gucci,Beauty,683.62,0.0,0
11688,5846,Urban Outfitters,Home,60.17,16.75,1
11689,5846,Urban Outfitters,Tops,61.03,0.0,0
11690,5847,H&M,Home,59.94,0.0,0
11691,5848,Girlfriend Collective,Bags,89.03,0.0,0
11692,5848,Girlfriend Collective,Swimwear,73.76,0.0,0
11693,5849,Gucci,Jeans,1275.41,0.0,0
11694,5849,Gucci,Outerwear,3572.16,972.33,1
11695,5849,Gucci,Home,1023.04,0.0,0
11696,5850,Shein,Beauty,14.56,0.0,0
11697,5851,Prada,Lingerie,848.16,0.0,0
11698,5852,Loewe,Lingerie,413.19,0.0,0
11699,5853,H&M,Lingerie,28.22,0.0,0
11700,5853,H&M,Dresses,59.35,6.43,1
11701,5853,H&M,Accessories,20.54,0.0,0
11702,5854,Zara,Bags,25.78,0.0,0
11703,5854,Zara,Beauty,59.95,5.06,1
11704,5854,Zara,Swimwear,51.35,0.0,0
11705,5855,Zara,Swimwear,28.77,7.18,1
11706,5855,Zara,Jeans,51.94,0.0,0
11707,5855,Zara,Lingerie,101.6,0.0,0
11708,5856,Gucci,Dresses,1532.31,0.0,0
11709,5857,Zara,Dresses,101.79,21.88,1
11710,5858,Urban Outfitters,Jeans,20.76,0.0,0
11711,5859,Chanel,Activewear,734.38,0.0,0
11712,5859,Chanel,Outerwear,4208.96,0.0,0
11713,5859,Chanel,Beauty,663.88,0.0,0
11714,5860,Zara,Jeans,70.53,0.0,0
11715,5860,Zara,Outerwear,56.44,0.0,0
11716,5860,Zara,Tops,46.13,0.0,0
11717,5861,Prada,Beauty,771.13,0.0,0
11718,5861,Prada,Jeans,1319.24,0.0,0
11719,5861,Prada,Bags,2527.21,0.0,0
11720,5862,H&M,Home,54.93,0.0,0
11721,5863,Chanel,Outerwear,3559.03,0.0,0
11722,5864,Zara,Accessories,71.66,0.0,0
11723,5864,Zara,Dresses,38.42,0.0,0
11724,5865,H&M,Swimwear,69.37,13.76,1
11725,5865,H&M,Activewear,81.84,0.0,0
11726,5866,Prada,Outerwear,3738.23,0.0,0
11727,5867,H&M,Accessories,117.13,0.0,0
11728,5868,Urban Outfitters,Home,65.25,20.58,1
11729,5868,Urban Outfitters,Home,141.37,0.0,0
11730,5869,Chanel,Lingerie,961.35,0.0,0
11731,5869,Chanel,Swimwear,954.17,0.0,0
11732,5869,Chanel,Dresses,1009.84,0.0,0
11733,5870,Urban Outfitters,Home,120.03,0.0,0
11734,5871,H&M,Bags,63.75,12.7,1
11735,5871,H&M,Jeans,51.12,0.0,0
11736,5871,H&M,Tops,63.59,0.0,0
11737,5872,H&M,Tops,25.59,0.0,0
11738,5873,Shein,Beauty,18.33,4.09,1
11739,5874,Gucci,Dresses,858.64,0.0,0
11740,5875,H&M,Dresses,75.3,14.22,1
11741,5876,Under Armour,Dresses,82.8,27.55,1
11742,5876,Under Armour,Outerwear,116.64,13.96,1
11743,5877,Gucci,Tops,1510.83,0.0,0
11744,5878,Shein,Bags,26.91,0.0,0
11745,5878,Shein,Lingerie,11.41,0.0,0
11746,5878,Shein,Footwear,9.53,1.18,1
11747,5879,Loewe,Outerwear,3287.01,0.0,0
11748,5879,Loewe,Dresses,1481.74,0.0,0
11749,5880,Under Armour,Footwear,69.03,0.0,0
11750,5880,Under Armour,Lingerie,89.21,0.0,0
11751,5880,Under Armour,Jeans,62.58,0.0,0
11752,5881,H&M,Home,39.17,0.0,0
11753,5881,H&M,Footwear,72.83,0.0,0
11754,5882,Girlfriend Collective,Bags,34.18,1.72,1
11755,5883,Under Armour,Dresses,70.98,0.0,0
11756,5884,Girlfriend Collective,Home,84.64,23.16,1
11757,5884,Girlfriend Collective,Jeans,96.93,0.0,0
11758,5885,Prada,Footwear,966.33,0.0,0
11759,5885,Prada,Swimwear,832.1,0.0,0
11760,5886,Shein,Outerwear,30.28,0.0,0
11761,5887,Prada,Dresses,1498.29,0.0,0
11762,5887,Prada,Dresses,2129.7,0.0,0
11763,5887,Prada,Lingerie,896.75,0.0,0
11764,5888,Urban Outfitters,Dresses,80.67,0.0,0
11765,5889,Urban Outfitters,Dresses,141.07,0.0,0
11766,5889,Urban Outfitters,Bags,20.0,2.63,1
11767,5889,Urban Outfitters,Footwear,44.95,11.57,1
11768,5890,Gucci,Home,969.26,0.0,0
11769,5890,Gucci,Lingerie,500.93,97.0,1
11770,5891,Loewe,Outerwear,3315.91,0.0,0
11771,5892,H&M,Beauty,71.28,0.0,0
11772,5892,H&M,Activewear,76.12,0.0,0
11773,5892,H&M,Swimwear,95.54,0.0,0
11774,5893,Zara,Activewear,65.06,0.0,0
11775,5893,Zara,Home,65.71,0.0,0
11776,5894,Zara,Home,34.14,0.0,0
11777,5895,Zara,Jeans,58.42,0.0,0
11778,5896,Shein,Lingerie,38.27,0.0,0
11779,5896,Shein,Activewear,26.75,0.0,0
11780,5897,Gucci,Outerwear,2870.74,0.0,0
11781,5898,Under Armour,Beauty,68.46,0.0,0
11782,5898,Under Armour,Dresses,115.75,0.0,0
11783,5898,Under Armour,Accessories,83.48,0.0,0
11784,5899,Chanel,Jeans,1115.83,0.0,0
11785,5899,Chanel,Activewear,906.2,0.0,0
11786,5899,Chanel,Accessories,300.0,0.0,0
11787,5900,Chanel,Tops,1219.16,0.0,0
11788,5900,Chanel,Lingerie,975.59,0.0,0
11789,5901,Zara,Activewear,44.09,0.0,0
11790,5901,Zara,Tops,44.57,0.0,0
11791,5901,Zara,Tops,94.35,23.05,1
11792,5902,H&M,Lingerie,10.0,0.0,0
11793,5903,H&M,Footwear,57.5,0.0,0
11794,5904,Prada,Beauty,479.1,0.0,0
11795,5905,Chanel,Swimwear,947.33,0.0,0
11796,5906,Loewe,Accessories,484.57,0.0,0
11797,5906,Loewe,Home,654.82,0.0,0
11798,5906,Loewe,Swimwear,816.69,277.39,1
11799,5907,Shein,Bags,17.16,1.04,1
11800,5907,Shein,Swimwear,28.59,0.0,0
11801,5908,H&M,Jeans,68.16,14.17,1
11802,5909,Prada,Accessories,579.54,0.0,0
11803,5910,Zara,Home,20.39,0.0,0
11804,5911,H&M,Jeans,34.97,0.0,0
11805,5911,H&M,Dresses,36.52,10.73,1
11806,5911,H&M,Dresses,51.1,9.51,1
11807,5912,Loewe,Dresses,1520.52,0.0,0
11808,5912,Loewe,Lingerie,417.63,0.0,0
11809,5912,Loewe,Home,567.8,0.0,0
11810,5913,H&M,Bags,26.86,0.0,0
11811,5913,H&M,Accessories,62.6,0.0,0
11812,5914,Zara,Accessories,65.81,0.0,0
11813,5914,Zara,Footwear,87.37,0.0,0
11814,5914,Zara,Footwear,82.43,0.0,0
11815,5915,Zara,Tops,96.66,5.03,1
11816,5916,Girlfriend Collective,Activewear,100.12,0.0,0
11817,5917,Zara,Tops,52.19,0.0,0
11818,5917,Zara,Beauty,61.8,0.0,0
11819,5917,Zara,Dresses,61.26,0.0,0
11820,5918,H&M,Footwear,87.48,17.18,1
11821,5918,H&M,Dresses,29.26,0.0,0
11822,5918,H&M,Outerwear,28.71,4.76,1
11823,5919,Urban Outfitters,Tops,49.99,0.0,0
11824,5919,Urban Outfitters,Beauty,81.46,0.0,0
11825,5920,H&M,Footwear,57.68,0.0,0
11826,5921,Urban Outfitters,Jeans,51.44,10.84,1
11827,5922,Urban Outfitters,Lingerie,38.29,0.0,0
11828,5923,Girlfriend Collective,Dresses,69.63,0.0,0
11829,5923,Girlfriend Collective,Swimwear,65.0,5.22,1
11830,5924,H&M,Swimwear,47.54,0.0,0
11831,5924,H&M,Footwear,62.68,0.0,0
11832,5925,Under Armour,Beauty,104.99,0.0,0
11833,5925,Under Armour,Accessories,86.54,0.0,0
11834,5926,Shein,Dresses,30.11,4.14,1
11835,5926,Shein,Dresses,12.12,0.0,0
11836,5927,Girlfriend Collective,Tops,76.54,0.0,0
11837,5927,Girlfriend Collective,Tops,136.41,0.0,0
11838,5928,H&M,Home,79.6,7.24,1
11839,5929,Zara,Jeans,50.77,16.62,1
11840,5930,Urban Outfitters,Swimwear,65.79,0.0,0
11841,5930,Urban Outfitters,Dresses,48.57,0.0,0
11842,5930,Urban Outfitters,Bags,65.14,4.03,1
11843,5931,Urban Outfitters,Activewear,73.97,0.0,0
11844,5931,Urban Outfitters,Swimwear,66.73,0.0,0
11845,5931,Urban Outfitters,Lingerie,76.65,0.0,0
11846,5932,Gucci,Footwear,1258.61,0.0,0
11847,5932,Gucci,Footwear,982.8,0.0,0
11848,5932,Gucci,Footwear,1093.13,0.0,0
11849,5933,Shein,Outerwear,17.76,5.84,1
11850,5934,H&M,Activewear,29.87,6.34,1
11851,5934,H&M,Swimwear,47.11,0.0,0
11852,5935,Girlfriend Collective,Outerwear,49.43,0.0,0
11853,5935,Girlfriend Collective,Home,102.18,0.0,0
11854,5936,Zara,Footwear,113.76,0.0,0
11855,5936,Zara,Beauty,109.79,16.24,1
11856,5937,Prada,Lingerie,650.88,0.0,0
11857,5938,Shein,Footwear,29.64,0.0,0
11858,5938,Shein,Beauty,45.07,14.62,1
11859,5938,Shein,Footwear,32.57,2.08,1
11860,5939,Chanel,Lingerie,708.39,0.0,0
11861,5940,H&M,Swimwear,76.69,10.92,1
11862,5941,Shein,Beauty,25.37,0.0,0
11863,5941,Shein,Dresses,43.17,0.0,0
11864,5942,Zara,Accessories,10.0,0.0,0
11865,5943,H&M,Dresses,84.34,12.97,1
11866,5944,Urban Outfitters,Footwear,84.87,12.04,1
11867,5944,Urban Outfitters,Activewear,37.92,6.71,1
11868,5945,Girlfriend Collective,Accessories,76.89,0.0,0
11869,5945,Girlfriend Collective,Home,92.19,0.0,0
11870,5946,Zara,Beauty,108.21,0.0,0
11871,5946,Zara,Jeans,50.14,0.0,0
11872,5947,H&M,Beauty,49.14,3.15,1
11873,5948,Zara,Bags,43.58,11.68,1
11874,5948,Zara,Tops,62.75,0.0,0
11875,5949,Prada,Accessories,633.18,0.0,0
11876,5949,Prada,Tops,1191.1,0.0,0
11877,5949,Prada,Accessories,496.72,0.0,0
11878,5950,Prada,Accessories,797.42,0.0,0
11879,5951,Prada,Beauty,778.01,0.0,0
11880,5952,H&M,Tops,35.96,0.0,0
11881,5952,H&M,Lingerie,74.29,12.11,1
11882,5953,Girlfriend Collective,Outerwear,89.53,12.98,1
11883,5953,Girlfriend Collective,Bags,50.67,8.12,1
11884,5953,Girlfriend Collective,Tops,78.78,25.54,1
11885,5954,Under Armour,Tops,110.77,11.6,1
11886,5955,H&M,Lingerie,76.96,19.0,1
11887,5955,H&M,Tops,121.21,0.0,0
11888,5955,H&M,Activewear,57.38,0.0,0
11889,5956,Shein,Dresses,19.76,0.0,0
11890,5956,Shein,Home,13.3,0.0,0
11891,5957,Shein,Accessories,30.75,4.36,1
11892,5957,Shein,Bags,23.76,0.0,0
11893,5958,H&M,Tops,93.89,29.69,1
11894,5958,H&M,Accessories,73.87,0.0,0
11895,5958,H&M,Dresses,61.79,9.05,1
11896,5959,Prada,Lingerie,901.62,0.0,0
11897,5959,Prada,Outerwear,3317.83,0.0,0
11898,5959,Prada,Bags,1683.65,0.0,0
11899,5960,Urban Outfitters,Dresses,92.94,26.29,1
11900,5960,Urban Outfitters,Jeans,53.26,0.0,0
11901,5960,Urban Outfitters,Footwear,30.73,0.0,0
11902,5961,Loewe,Outerwear,3447.35,0.0,0
11903,5962,H&M,Tops,99.02,10.21,1
11904,5963,Urban Outfitters,Accessories,83.86,0.0,0
11905,5964,Loewe,Swimwear,869.14,0.0,0
11906,5964,Loewe,Dresses,2324.39,0.0,0
11907,5965,Zara,Home,83.64,23.99,1
11908,5965,Zara,Beauty,26.18,9.02,1
11909,5966,Girlfriend Collective,Bags,89.24,0.0,0
11910,5966,Girlfriend Collective,Beauty,61.77,11.1,1
11911,5967,Girlfriend Collective,Outerwear,52.68,0.0,0
11912,5967,Girlfriend Collective,Swimwear,56.62,0.0,0
11913,5967,Girlfriend Collective,Lingerie,92.68,0.0,0
11914,5968,Prada,Swimwear,985.48,0.0,0
11915,5968,Prada,Bags,2421.07,0.0,0
11916,5968,Prada,Dresses,1205.46,0.0,0
11917,5969,Under Armour,Activewear,65.7,4.19,1
11918,5970,Zara,Jeans,68.93,0.0,0
11919,5970,Zara,Lingerie,91.92,0.0,0
11920,5970,Zara,Bags,49.01,11.49,1
11921,5971,Shein,Accessories,29.35,0.0,0
11922,5971,Shein,Outerwear,32.17,0.0,0
11923,5972,Prada,Dresses,2042.03,0.0,0
11924,5972,Prada,Tops,1473.58,0.0,0
11925,5972,Prada,Jeans,1411.57,0.0,0
11926,5973,Prada,Footwear,970.91,0.0,0
11927,5973,Prada,Dresses,2086.0,0.0,0
11928,5973,Prada,Home,976.7,0.0,0
11929,5974,Under Armour,Jeans,112.97,13.69,1
11930,5974,Under Armour,Dresses,139.77,34.52,1
11931,5974,Under Armour,Home,97.55,14.32,1
11932,5975,Urban Outfitters,Dresses,76.78,0.0,0
11933,5976,Gucci,Beauty,865.63,0.0,0
11934,5977,H&M,Activewear,88.69,7.07,1
11935,5977,H&M,Outerwear,60.82,7.11,1
11936,5978,Chanel,Outerwear,3699.46,0.0,0
11937,5978,Chanel,Beauty,581.09,0.0,0
11938,5978,Chanel,Activewear,508.73,0.0,0
11939,5979,Urban Outfitters,Outerwear,69.05,0.0,0
11940,5979,Urban Outfitters,Accessories,55.61,0.0,0
11941,5979,Urban Outfitters,Dresses,62.73,0.0,0
11942,5980,Urban Outfitters,Footwear,65.32,0.0,0
11943,5980,Urban Outfitters,Bags,106.62,23.17,1
11944,5981,Gucci,Tops,2049.98,0.0,0
11945,5981,Gucci,Dresses,1775.41,0.0,0
11946,5982,Gucci,Lingerie,764.91,0.0,0
11947,5983,Loewe,Accessories,347.32,0.0,0
11948,5983,Loewe,Dresses,1301.84,0.0,0
11949,5983,Loewe,Dresses,700.0,0.0,0
11950,5984,Prada,Swimwear,867.71,0.0,0
11951,5985,Gucci,Bags,2532.43,0.0,0
11952,5986,Prada,Bags,2361.15,0.0,0
11953,5986,Prada,Accessories,789.68,0.0,0
11954,5986,Prada,Home,836.99,0.0,0
11955,5987,H&M,Swimwear,10.0,0.0,0
11956,5987,H&M,Footwear,66.33,0.0,0
11957,5987,H&M,Home,88.25,0.0,0
11958,5988,Prada,Accessories,708.4,0.0,0
11959,5989,Girlfriend Collective,Accessories,65.45,0.0,0
11960,5989,Girlfriend Collective,Swimwear,60.85,0.0,0
11961,5989,Girlfriend Collective,Swimwear,71.67,7.91,1
11962,5990,Girlfriend Collective,Bags,86.11,0.0,0
11963,5990,Girlfriend Collective,Dresses,104.69,0.0,0
11964,5991,Girlfriend Collective,Accessories,67.03,0.0,0
11965,5992,H&M,Beauty,48.15,7.9,1
11966,5992,H&M,Swimwear,48.58,0.0,0
11967,5992,H&M,Swimwear,56.07,0.0,0
11968,5993,Chanel,Accessories,439.37,0.0,0
11969,5993,Chanel,Footwear,922.08,0.0,0
11970,5993,Chanel,Home,406.26,0.0,0
11971,5994,H&M,Dresses,82.36,0.0,0
11972,5995,Chanel,Activewear,695.9,0.0,0
11973,5995,Chanel,Accessories,652.26,0.0,0
11974,5995,Chanel,Bags,9060.04,0.0,0
11975,5996,H&M,Accessories,63.54,0.0,0
11976,5997,Girlfriend Collective,Home,102.75,0.0,0
11977,5998,Zara,Swimwear,69.45,0.0,0
11978,5998,Zara,Tops,49.93,4.22,1
11979,5999,Loewe,Outerwear,4054.05,684.48,1
11980,6000,Loewe,Jeans,1406.92,0.0,0
11981,6001,Urban Outfitters,Dresses,102.84,0.0,0
11982,6002,Zara,Jeans,110.06,0.0,0
11983,6002,Zara,Tops,85.66,0.0,0
11984,6003,Prada,Tops,1812.75,0.0,0
11985,6003,Prada,Bags,2484.05,0.0,0
11986,6003,Prada,Activewear,1014.78,0.0,0
11987,6004,Gucci,Home,1107.85,0.0,0
11988,6004,Gucci,Home,593.11,0.0,0
11989,6005,Under Armour,Dresses,124.38,0.0,0
11990,6005,Under Armour,Outerwear,62.79,0.0,0
11991,6005,Under Armour,Bags,82.0,11.44,1
11992,6006,Urban Outfitters,Bags,32.13,0.0,0
11993,6007,Zara,Jeans,53.35,13.76,1
11994,6007,Zara,Swimwear,69.92,0.0,0
11995,6008,Under Armour,Tops,40.81,0.0,0
11996,6008,Under Armour,Bags,88.8,6.28,1
11997,6009,Chanel,Outerwear,4182.38,0.0,0
11998,6009,Chanel,Jeans,1509.15,0.0,0
11999,6010,H&M,Accessories,84.33,0.0,0
12000,6011,Under Armour,Footwear,65.17,0.0,0
12001,6011,Under Armour,Home,91.7,0.0,0
12002,6011,Under Armour,Tops,85.3,0.0,0
12003,6012,Chanel,Dresses,1876.81,0.0,0
12004,6012,Chanel,Activewear,694.93,0.0,0
12005,6012,Chanel,Tops,1653.63,0.0,0
12006,6013,Prada,Home,876.37,0.0,0
12007,6013,Prada,Tops,1321.72,0.0,0
12008,6014,Girlfriend Collective,Lingerie,88.76,0.0,0
12009,6014,Girlfriend Collective,Swimwear,55.29,0.0,0
12010,6014,Girlfriend Collective,Dresses,89.18,0.0,0
12011,6015,Urban Outfitters,Outerwear,93.97,0.0,0
12012,6015,Urban Outfitters,Jeans,101.84,29.26,1
12013,6016,Gucci,Outerwear,2885.59,0.0,0
12014,6017,Shein,Footwear,41.11,0.0,0
12015,6017,Shein,Swimwear,36.31,0.0,0
12016,6018,Urban Outfitters,Jeans,30.61,0.0,0
12017,6019,Urban Outfitters,Dresses,20.0,4.82,1
12018,6020,Chanel,Bags,9553.06,0.0,0
12019,6021,Girlfriend Collective,Jeans,94.11,0.0,0
12020,6021,Girlfriend Collective,Dresses,50.3,0.0,0
12021,6021,Girlfriend Collective,Bags,30.0,1.67,1
12022,6022,H&M,Dresses,48.53,0.0,0
12023,6022,H&M,Jeans,91.68,0.0,0
12024,6023,Gucci,Tops,1326.04,0.0,0
12025,6023,Gucci,Swimwear,886.86,0.0,0
12026,6024,Gucci,Bags,1803.31,0.0,0
12027,6024,Gucci,Bags,1669.6,0.0,0
12028,6024,Gucci,Bags,2124.43,0.0,0
12029,6025,Urban Outfitters,Outerwear,92.92,0.0,0
12030,6026,Urban Outfitters,Home,47.08,0.0,0
12031,6026,Urban Outfitters,Lingerie,61.63,0.0,0
12032,6027,Zara,Jeans,98.63,0.0,0
12033,6027,Zara,Outerwear,107.12,8.3,1
12034,6027,Zara,Tops,50.64,0.0,0
12035,6028,Loewe,Accessories,578.3,0.0,0
12036,6028,Loewe,Jeans,1793.24,0.0,0
12037,6028,Loewe,Bags,1988.48,0.0,0
12038,6029,Zara,Home,72.4,9.38,1
12039,6030,Urban Outfitters,Beauty,65.04,0.0,0
12040,6030,Urban Outfitters,Jeans,56.68,0.0,0
12041,6031,Urban Outfitters,Tops,113.85,0.0,0
12042,6031,Urban Outfitters,Swimwear,53.29,0.0,0
12043,6032,Zara,Activewear,55.53,0.0,0
12044,6032,Zara,Accessories,52.62,0.0,0
12045,6033,H&M,Tops,61.06,0.0,0
12046,6033,H&M,Home,81.89,0.0,0
12047,6033,H&M,Activewear,58.44,19.3,1
12048,6034,Girlfriend Collective,Bags,59.75,0.0,0
12049,6034,Girlfriend Collective,Bags,67.8,0.0,0
12050,6034,Girlfriend Collective,Accessories,76.89,0.0,0
12051,6035,Loewe,Lingerie,929.65,0.0,0
12052,6035,Loewe,Outerwear,3931.28,0.0,0
12053,6036,Loewe,Jeans,1598.65,0.0,0
12054,6037,Urban Outfitters,Outerwear,70.44,0.0,0
12055,6037,Urban Outfitters,Home,69.38,17.61,1
12056,6037,Urban Outfitters,Home,126.12,0.0,0
12057,6038,H&M,Outerwear,39.39,0.0,0
12058,6039,Prada,Swimwear,416.47,0.0,0
12059,6039,Prada,Swimwear,1047.03,0.0,0
12060,6040,Urban Outfitters,Footwear,88.08,0.0,0
12061,6041,Urban Outfitters,Lingerie,69.47,0.0,0
12062,6042,Urban Outfitters,Activewear,61.08,0.0,0
12063,6042,Urban Outfitters,Tops,94.89,0.0,0
12064,6042,Urban Outfitters,Footwear,61.85,19.82,1
12065,6043,Loewe,Footwear,890.19,0.0,0
12066,6043,Loewe,Outerwear,3446.76,922.29,1
12067,6044,Loewe,Home,935.85,0.0,0
12068,6045,H&M,Dresses,75.11,20.82,1
12069,6046,Loewe,Lingerie,897.76,0.0,0
12070,6046,Loewe,Lingerie,585.34,0.0,0
12071,6047,H&M,Footwear,78.13,0.0,0
12072,6047,H&M,Accessories,76.26,0.0,0
12073,6048,Girlfriend Collective,Activewear,42.38,2.68,1
12074,6049,Zara,Accessories,56.0,7.62,1
12075,6050,Under Armour,Beauty,65.49,0.0,0
12076,6051,Prada,Outerwear,4049.01,0.0,0
12077,6052,Shein,Bags,40.06,2.18,1
12078,6053,Under Armour,Footwear,159.63,17.76,1
12079,6053,Under Armour,Beauty,150.18,0.0,0
12080,6054,H&M,Dresses,56.24,6.24,1
12081,6054,H&M,Home,17.9,0.0,0
12082,6054,H&M,Outerwear,84.91,22.29,1
12083,6055,H&M,Dresses,56.83,0.0,0
12084,6055,H&M,Jeans,64.88,7.66,1
12085,6055,H&M,Outerwear,75.49,12.47,1
12086,6056,Chanel,Jeans,1508.37,400.61,1
12087,6056,Chanel,Outerwear,3014.68,0.0,0
12088,6056,Chanel,Outerwear,3752.45,0.0,0
12089,6057,Urban Outfitters,Tops,131.21,0.0,0
12090,6058,Prada,Footwear,775.86,0.0,0
12091,6059,H&M,Footwear,35.75,2.1,1
12092,6059,H&M,Bags,43.65,0.0,0
12093,6060,Shein,Outerwear,59.83,0.0,0
12094,6060,Shein,Swimwear,18.49,0.0,0
12095,6061,Zara,Footwear,59.02,0.0,0
12096,6061,Zara,Lingerie,53.01,8.03,1
12097,6061,Zara,Activewear,68.34,18.54,1
12098,6062,Under Armour,Beauty,76.61,0.0,0
12099,6062,Under Armour,Activewear,71.15,0.0,0
12100,6062,Under Armour,Bags,111.37,36.06,1
12101,6063,Chanel,Activewear,564.86,0.0,0
12102,6063,Chanel,Bags,8485.67,0.0,0
12103,6064,Girlfriend Collective,Dresses,73.8,0.0,0
12104,6065,Under Armour,Bags,74.22,0.0,0
12105,6066,Gucci,Footwear,1044.61,0.0,0
12106,6066,Gucci,Tops,2500.0,0.0,0
12107,6067,Shein,Tops,21.04,0.0,0
12108,6067,Shein,Dresses,13.64,2.06,1
12109,6068,Zara,Outerwear,54.67,0.0,0
12110,6068,Zara,Footwear,70.98,0.0,0
12111,6068,Zara,Swimwear,116.55,0.0,0
12112,6069,Girlfriend Collective,Accessories,70.1,18.22,1
12113,6069,Girlfriend Collective,Activewear,72.65,0.0,0
12114,6069,Girlfriend Collective,Activewear,113.26,0.0,0
12115,6070,Urban Outfitters,Home,309.6,0.0,0
12116,6070,Urban Outfitters,Bags,20.0,0.0,0
12117,6070,Urban Outfitters,Footwear,20.0,0.0,0
12118,6071,Girlfriend Collective,Beauty,85.79,0.0,0
12119,6071,Girlfriend Collective,Accessories,68.39,0.0,0
12120,6071,Girlfriend Collective,Footwear,57.97,0.0,0
12121,6072,Gucci,Lingerie,786.2,0.0,0
12122,6073,Under Armour,Bags,118.82,0.0,0
12123,6074,Loewe,Lingerie,805.52,0.0,0
12124,6075,Urban Outfitters,Beauty,83.14,0.0,0
12125,6075,Urban Outfitters,Lingerie,113.69,24.18,1
12126,6076,Chanel,Outerwear,4037.01,0.0,0
12127,6077,H&M,Accessories,80.85,19.79,1
12128,6077,H&M,Swimwear,62.56,0.0,0
12129,6077,H&M,Beauty,45.94,0.0,0
12130,6078,Loewe,Beauty,513.5,0.0,0
12131,6079,Shein,Jeans,8.27,0.0,0
12132,6080,Zara,Beauty,82.63,0.0,0
12133,6080,Zara,Beauty,33.07,0.0,0
12134,6080,Zara,Footwear,10.68,0.0,0
12135,6081,H&M,Activewear,58.8,0.0,0
12136,6081,H&M,Tops,10.0,0.0,0
12137,6081,H&M,Home,77.96,24.09,1
12138,6082,H&M,Jeans,56.7,19.11,1
12139,6082,H&M,Activewear,24.32,0.0,0
12140,6082,H&M,Swimwear,51.19,6.25,1
12141,6083,H&M,Accessories,46.9,0.0,0
12142,6083,H&M,Footwear,25.42,1.51,1
12143,6083,H&M,Swimwear,49.62,0.0,0
12144,6084,Under Armour,Beauty,121.99,0.0,0
12145,6084,Under Armour,Footwear,45.64,0.0,0
12146,6084,Under Armour,Jeans,77.78,0.0,0
12147,6085,Urban Outfitters,Jeans,20.0,0.0,0
12148,6086,Under Armour,Footwear,30.0,0.0,0
12149,6086,Under Armour,Jeans,63.12,0.0,0
12150,6087,Loewe,Dresses,2275.33,0.0,0
12151,6087,Loewe,Beauty,767.67,0.0,0
12152,6087,Loewe,Lingerie,885.92,0.0,0
12153,6088,Girlfriend Collective,Activewear,63.62,0.0,0
12154,6088,Girlfriend Collective,Accessories,86.25,0.0,0
12155,6088,Girlfriend Collective,Activewear,107.81,25.65,1
12156,6089,Loewe,Bags,2191.33,0.0,0
12157,6089,Loewe,Jeans,1608.81,0.0,0
12158,6090,Prada,Dresses,700.0,0.0,0
12159,6091,Gucci,Accessories,668.0,0.0,0
12160,6091,Gucci,Bags,2168.66,0.0,0
12161,6091,Gucci,Tops,1113.08,0.0,0
12162,6092,Girlfriend Collective,Jeans,98.18,0.0,0
12163,6093,Chanel,Swimwear,962.46,0.0,0
12164,6093,Chanel,Footwear,917.76,0.0,0
12165,6094,Under Armour,Jeans,84.62,0.0,0
12166,6095,Chanel,Jeans,965.36,0.0,0
12167,6095,Chanel,Tops,1194.31,374.15,1
12168,6096,Prada,Jeans,1496.61,0.0,0
12169,6096,Prada,Tops,1549.91,0.0,0
12170,6096,Prada,Dresses,1416.39,0.0,0
12171,6097,Zara,Tops,43.36,0.0,0
12172,6098,Loewe,Tops,700.0,0.0,0
12173,6098,Loewe,Beauty,688.9,0.0,0
12174,6099,Zara,Accessories,18.0,2.65,1
12175,6099,Zara,Beauty,37.97,0.0,0
12176,6100,Loewe,Beauty,917.62,0.0,0
12177,6100,Loewe,Dresses,877.55,0.0,0
12178,6100,Loewe,Dresses,1104.77,0.0,0
12179,6101,Zara,Accessories,42.78,0.0,0
12180,6102,Gucci,Activewear,634.99,0.0,0
12181,6103,Chanel,Dresses,707.08,0.0,0
12182,6103,Chanel,Bags,9139.89,0.0,0
12183,6104,H&M,Tops,76.84,0.0,0
12184,6104,H&M,Accessories,15.27,2.34,1
12185,6104,H&M,Home,65.46,0.0,0
12186,6105,H&M,Jeans,80.29,0.0,0
12187,6106,Girlfriend Collective,Outerwear,149.63,35.32,1
12188,6106,Girlfriend Collective,Activewear,35.75,0.0,0
12189,6106,Girlfriend Collective,Activewear,68.0,0.0,0
12190,6107,Chanel,Accessories,930.73,0.0,0
12191,6107,Chanel,Footwear,819.42,0.0,0
12192,6108,Zara,Dresses,74.76,0.0,0
12193,6108,Zara,Dresses,35.12,9.47,1
12194,6109,Shein,Activewear,29.07,0.0,0
12195,6109,Shein,Jeans,10.52,0.0,0
12196,6109,Shein,Activewear,22.19,0.0,0
12197,6110,Urban Outfitters,Accessories,127.07,0.0,0
12198,6110,Urban Outfitters,Outerwear,56.08,0.0,0
12199,6110,Urban Outfitters,Swimwear,92.9,0.0,0
12200,6111,Loewe,Dresses,1744.59,0.0,0
12201,6112,Under Armour,Beauty,123.64,33.9,1
12202,6113,H&M,Home,103.11,0.0,0
12203,6113,H&M,Bags,92.64,0.0,0
12204,6113,H&M,Outerwear,63.36,0.0,0
12205,6114,Gucci,Tops,2047.41,0.0,0
12206,6115,Girlfriend Collective,Beauty,76.74,26.83,1
12207,6115,Girlfriend Collective,Swimwear,109.11,0.0,0
12208,6116,Urban Outfitters,Dresses,64.38,4.62,1
12209,6116,Urban Outfitters,Home,106.74,0.0,0
12210,6116,Urban Outfitters,Home,200.76,0.0,0
12211,6117,H&M,Outerwear,21.84,0.0,0
12212,6118,Chanel,Outerwear,3180.97,0.0,0
12213,6118,Chanel,Beauty,1079.67,0.0,0
12214,6119,H&M,Dresses,85.71,0.0,0
12215,6119,H&M,Dresses,48.29,0.0,0
12216,6119,H&M,Tops,30.07,0.0,0
12217,6120,Shein,Beauty,28.48,0.0,0
12218,6120,Shein,Accessories,25.95,0.0,0
12219,6120,Shein,Outerwear,19.53,0.0,0
12220,6121,H&M,Swimwear,53.15,0.0,0
12221,6121,H&M,Bags,51.59,0.0,0
12222,6121,H&M,Home,57.29,0.0,0
12223,6122,Prada,Jeans,1226.04,0.0,0
12224,6123,Gucci,Beauty,723.19,0.0,0
12225,6123,Gucci,Lingerie,1189.15,0.0,0
12226,6123,Gucci,Swimwear,965.59,0.0,0
12227,6124,Zara,Home,42.59,0.0,0
12228,6124,Zara,Beauty,99.71,0.0,0
12229,6125,Loewe,Activewear,766.1,0.0,0
12230,6125,Loewe,Jeans,1720.83,0.0,0
12231,6126,Loewe,Lingerie,1006.9,0.0,0
12232,6126,Loewe,Swimwear,563.86,0.0,0
12233,6127,Under Armour,Beauty,80.49,10.42,1
12234,6128,Zara,Lingerie,65.2,0.0,0
12235,6128,Zara,Swimwear,51.1,0.0,0
12236,6129,Gucci,Tops,1215.1,0.0,0
12237,6129,Gucci,Tops,1476.91,0.0,0
12238,6129,Gucci,Footwear,953.84,0.0,0
12239,6130,Zara,Activewear,80.04,0.0,0
12240,6130,Zara,Accessories,37.8,0.0,0
12241,6131,H&M,Outerwear,50.18,0.0,0
12242,6131,H&M,Tops,56.4,0.0,0
12243,6132,Under Armour,Activewear,79.04,0.0,0
12244,6132,Under Armour,Jeans,106.85,6.25,1
12245,6133,H&M,Accessories,115.78,19.14,1
12246,6133,H&M,Swimwear,10.84,0.0,0
12247,6133,H&M,Bags,51.73,5.21,1
12248,6134,Zara,Footwear,67.13,0.0,0
12249,6134,Zara,Outerwear,16.92,0.0,0
12250,6134,Zara,Beauty,33.24,0.0,0
12251,6135,Loewe,Lingerie,734.69,0.0,0
12252,6135,Loewe,Jeans,700.0,0.0,0
12253,6135,Loewe,Beauty,502.24,0.0,0
12254,6136,Loewe,Jeans,1418.88,0.0,0
12255,6136,Loewe,Footwear,813.47,0.0,0
12256,6137,Zara,Home,82.85,11.9,1
12257,6137,Zara,Outerwear,58.69,16.59,1
12258,6138,Urban Outfitters,Dresses,54.17,0.0,0
12259,6139,Prada,Tops,1542.89,0.0,0
12260,6139,Prada,Activewear,908.76,0.0,0
12261,6140,Zara,Dresses,106.79,34.49,1
12262,6141,Shein,Swimwear,6.59,1.97,1
12263,6141,Shein,Accessories,14.38,0.0,0
12264,6141,Shein,Jeans,35.57,0.0,0
12265,6142,H&M,Swimwear,10.0,2.93,1
12266,6142,H&M,Jeans,71.3,0.0,0
12267,6142,H&M,Footwear,85.37,28.89,1
12268,6143,Zara,Lingerie,38.59,0.0,0
12269,6143,Zara,Bags,49.16,11.59,1
12270,6144,H&M,Home,81.64,17.04,1
12271,6144,H&M,Footwear,73.84,0.0,0
12272,6145,Chanel,Dresses,1210.87,0.0,0
12273,6145,Chanel,Lingerie,612.07,0.0,0
12274,6146,H&M,Footwear,41.21,3.21,1
12275,6146,H&M,Swimwear,26.65,0.0,0
12276,6146,H&M,Beauty,86.86,0.0,0
12277,6147,Zara,Dresses,45.46,0.0,0
12278,6148,Urban Outfitters,Activewear,83.0,12.27,1
12279,6149,Zara,Activewear,81.14,4.92,1
12280,6150,Prada,Beauty,523.65,0.0,0
12281,6150,Prada,Dresses,1375.65,0.0,0
12282,6151,Shein,Swimwear,12.92,0.0,0
12283,6152,H&M,Accessories,27.41,8.27,1
12284,6152,H&M,Accessories,22.28,0.0,0
12285,6153,Gucci,Swimwear,737.0,0.0,0
12286,6154,Zara,Accessories,60.4,0.0,0
12287,6154,Zara,Footwear,44.86,3.28,1
12288,6155,Prada,Bags,2276.36,0.0,0
12289,6156,Zara,Outerwear,78.62,19.51,1
12290,6157,H&M,Footwear,50.27,0.0,0
12291,6158,H&M,Beauty,10.0,0.0,0
12292,6158,H&M,Swimwear,53.87,0.0,0
12293,6158,H&M,Tops,85.03,0.0,0
12294,6159,Gucci,Lingerie,837.19,0.0,0
12295,6159,Gucci,Bags,2540.21,0.0,0
12296,6159,Gucci,Footwear,896.04,0.0,0
12297,6160,H&M,Outerwear,44.55,0.0,0
12298,6160,H&M,Bags,93.72,26.41,1
12299,6160,H&M,Outerwear,10.0,0.0,0
12300,6161,Zara,Home,60.72,20.89,1
12301,6161,Zara,Lingerie,74.64,0.0,0
12302,6162,Zara,Footwear,98.47,0.0,0
12303,6163,Zara,Dresses,90.64,0.0,0
12304,6163,Zara,Accessories,47.37,0.0,0
12305,6164,Under Armour,Dresses,57.54,15.56,1
12306,6164,Under Armour,Activewear,87.41,15.58,1
12307,6165,H&M,Beauty,50.99,0.0,0
12308,6165,H&M,Jeans,46.16,0.0,0
12309,6165,H&M,Bags,49.22,0.0,0
12310,6166,Gucci,Activewear,984.06,0.0,0
12311,6167,H&M,Dresses,82.06,18.52,1
12312,6168,Under Armour,Lingerie,93.53,10.82,1
12313,6168,Under Armour,Lingerie,53.8,0.0,0
12314,6168,Under Armour,Activewear,127.67,0.0,0
12315,6169,Prada,Jeans,867.76,240.75,1
12316,6170,Girlfriend Collective,Home,35.91,0.0,0
12317,6170,Girlfriend Collective,Swimwear,98.04,11.85,1
12318,6170,Girlfriend Collective,Beauty,45.63,0.0,0
12319,6171,Loewe,Footwear,632.79,0.0,0
12320,6172,Loewe,Bags,2124.45,0.0,0
12321,6172,Loewe,Accessories,521.91,0.0,0
12322,6172,Loewe,Accessories,442.24,0.0,0
12323,6173,Zara,Outerwear,64.71,0.0,0
12324,6173,Zara,Beauty,37.35,0.0,0
12325,6174,Under Armour,Home,57.72,0.0,0
12326,6175,H&M,Lingerie,59.3,11.59,1
12327,6176,Gucci,Beauty,581.38,0.0,0
12328,6177,Shein,Swimwear,34.58,0.0,0
12329,6177,Shein,Accessories,5.98,1.51,1
12330,6178,Shein,Accessories,41.9,0.0,0
12331,6178,Shein,Home,28.43,0.0,0
12332,6178,Shein,Tops,7.04,0.0,0
12333,6179,Loewe,Activewear,861.32,0.0,0
12334,6179,Loewe,Activewear,1024.15,0.0,0
12335,6180,Zara,Beauty,35.57,0.0,0
12336,6180,Zara,Beauty,58.58,19.12,1
12337,6181,Gucci,Outerwear,3074.85,0.0,0
12338,6181,Gucci,Accessories,702.1,0.0,0
12339,6181,Gucci,Outerwear,3875.9,0.0,0
12340,6182,H&M,Tops,63.15,0.0,0
12341,6182,H&M,Outerwear,47.77,0.0,0
12342,6183,Prada,Lingerie,1183.95,0.0,0
12343,6183,Prada,Footwear,716.63,0.0,0
12344,6184,Prada,Footwear,570.71,143.54,1
12345,6184,Prada,Activewear,621.82,0.0,0
12346,6184,Prada,Swimwear,901.74,0.0,0
12347,6185,Under Armour,Outerwear,54.21,0.0,0
12348,6185,Under Armour,Bags,58.14,0.0,0
12349,6186,Gucci,Home,1112.02,0.0,0
12350,6186,Gucci,Tops,1575.96,0.0,0
12351,6186,Gucci,Beauty,875.16,0.0,0
12352,6187,Urban Outfitters,Home,28.29,0.0,0
12353,6187,Urban Outfitters,Bags,85.95,0.0,0
12354,6187,Urban Outfitters,Bags,124.28,0.0,0
12355,6188,Shein,Lingerie,27.45,0.0,0
12356,6189,Shein,Dresses,29.55,0.0,0
12357,6190,Zara,Activewear,97.17,0.0,0
12358,6190,Zara,Home,40.19,10.26,1
12359,6191,H&M,Footwear,66.24,8.43,1
12360,6191,H&M,Accessories,19.87,0.0,0
12361,6191,H&M,Tops,74.42,20.36,1
12362,6192,Zara,Activewear,45.09,0.0,0
12363,6193,Urban Outfitters,Home,87.94,0.0,0
12364,6193,Urban Outfitters,Jeans,34.5,0.0,0
12365,6193,Urban Outfitters,Outerwear,24.8,6.82,1
12366,6194,Urban Outfitters,Jeans,60.55,0.0,0
12367,6194,Urban Outfitters,Activewear,96.79,0.0,0
12368,6194,Urban Outfitters,Dresses,97.15,0.0,0
12369,6195,Under Armour,Bags,51.59,0.0,0
12370,6195,Under Armour,Swimwear,83.46,0.0,0
12371,6195,Under Armour,Home,89.0,0.0,0
12372,6196,Loewe,Dresses,1849.93,0.0,0
12373,6196,Loewe,Lingerie,787.25,0.0,0
12374,6196,Loewe,Home,631.9,0.0,0
12375,6197,Chanel,Activewear,717.97,0.0,0
12376,6197,Chanel,Accessories,349.42,0.0,0
12377,6198,Girlfriend Collective,Footwear,85.97,0.0,0
12378,6199,Shein,Dresses,53.97,0.0,0
12379,6199,Shein,Jeans,16.34,0.0,0
12380,6200,H&M,Beauty,36.28,0.0,0
12381,6200,H&M,Tops,67.54,0.0,0
12382,6200,H&M,Activewear,44.69,8.18,1
12383,6201,Shein,Jeans,8.9,0.0,0
12384,6201,Shein,Activewear,7.4,0.0,0
12385,6202,Girlfriend Collective,Outerwear,81.37,0.0,0
12386,6203,H&M,Outerwear,57.84,7.12,1
12387,6203,H&M,Tops,71.34,0.0,0
12388,6204,Shein,Outerwear,5.0,0.0,0
12389,6204,Shein,Outerwear,12.9,0.71,1
12390,6205,Loewe,Lingerie,518.19,0.0,0
12391,6205,Loewe,Home,812.99,0.0,0
12392,6205,Loewe,Bags,1922.48,0.0,0
12393,6206,Chanel,Accessories,434.3,0.0,0
12394,6206,Chanel,Activewear,874.8,0.0,0
12395,6206,Chanel,Home,867.84,0.0,0
12396,6207,Girlfriend Collective,Home,63.26,0.0,0
12397,6208,Chanel,Lingerie,824.29,0.0,0
12398,6208,Chanel,Bags,9115.73,0.0,0
12399,6208,Chanel,Swimwear,524.72,0.0,0
12400,6209,H&M,Accessories,49.27,0.0,0
12401,6210,H&M,Beauty,100.97,34.34,1
12402,6210,H&M,Outerwear,75.1,0.0,0
12403,6211,Loewe,Home,1095.3,0.0,0
12404,6211,Loewe,Jeans,1204.25,0.0,0
12405,6212,Shein,Bags,21.1,0.0,0
12406,6212,Shein,Beauty,31.58,0.0,0
12407,6213,Under Armour,Bags,123.0,0.0,0
12408,6213,Under Armour,Tops,56.91,19.83,1
12409,6214,Gucci,Beauty,910.95,0.0,0
12410,6215,Prada,Activewear,957.98,0.0,0
12411,6215,Prada,Swimwear,543.63,0.0,0
12412,6216,Prada,Beauty,1074.19,0.0,0
12413,6217,Gucci,Accessories,578.6,0.0,0
12414,6217,Gucci,Footwear,643.9,0.0,0
12415,6217,Gucci,Beauty,713.12,0.0,0
12416,6218,Prada,Jeans,1495.12,0.0,0
12417,6219,H&M,Lingerie,59.84,0.0,0
12418,6219,H&M,Tops,51.82,0.0,0
12419,6220,Zara,Beauty,10.0,1.01,1
12420,6220,Zara,Activewear,27.99,0.0,0
12421,6221,H&M,Outerwear,45.2,11.58,1
12422,6221,H&M,Jeans,95.12,0.0,0
12423,6221,H&M,Swimwear,43.05,0.0,0
12424,6222,H&M,Lingerie,62.07,17.63,1
12425,6222,H&M,Tops,56.35,0.0,0
12426,6222,H&M,Jeans,82.13,0.0,0
12427,6223,Zara,Accessories,40.95,0.0,0
12428,6223,Zara,Swimwear,29.96,0.0,0
12429,6223,Zara,Bags,61.35,5.3,1
12430,6224,H&M,Outerwear,38.71,0.0,0
12431,6224,H&M,Dresses,77.92,0.0,0
12432,6225,Zara,Activewear,70.37,0.0,0
12433,6226,H&M,Activewear,12.91,4.05,1
12434,6227,Under Armour,Beauty,95.0,25.18,1
12435,6227,Under Armour,Swimwear,58.63,0.0,0
12436,6227,Under Armour,Jeans,98.97,0.0,0
12437,6228,H&M,Outerwear,45.99,0.0,0
12438,6228,H&M,Dresses,113.99,0.0,0
12439,6228,H&M,Tops,57.5,0.0,0
12440,6229,Chanel,Tops,1253.35,0.0,0
12441,6230,Gucci,Swimwear,864.23,0.0,0
12442,6230,Gucci,Beauty,696.29,0.0,0
12443,6230,Gucci,Footwear,1067.92,0.0,0
12444,6231,Girlfriend Collective,Bags,46.3,0.0,0
12445,6231,Girlfriend Collective,Dresses,55.35,0.0,0
12446,6231,Girlfriend Collective,Tops,66.39,0.0,0
12447,6232,Shein,Home,25.65,4.63,1
12448,6233,Girlfriend Collective,Tops,86.23,0.0,0
12449,6234,Urban Outfitters,Footwear,92.33,0.0,0
12450,6234,Urban Outfitters,Beauty,94.95,0.0,0
12451,6234,Urban Outfitters,Tops,72.98,0.0,0
12452,6235,Zara,Jeans,17.31,0.0,0
12453,6235,Zara,Lingerie,48.94,0.0,0
12454,6236,Shein,Home,8.9,0.0,0
12455,6236,Shein,Home,15.61,0.0,0
12456,6236,Shein,Accessories,41.12,0.0,0
12457,6237,Urban Outfitters,Jeans,46.53,0.0,0
12458,6238,Chanel,Activewear,723.96,248.44,1
12459,6239,Gucci,Beauty,579.83,0.0,0
12460,6240,Urban Outfitters,Tops,83.97,0.0,0
12461,6241,Prada,Jeans,2256.28,0.0,0
12462,6241,Prada,Home,962.15,0.0,0
12463,6241,Prada,Home,635.07,0.0,0
12464,6242,Zara,Accessories,67.8,0.0,0
12465,6243,Shein,Dresses,20.36,0.0,0
12466,6244,Shein,Outerwear,20.24,0.0,0
12467,6244,Shein,Tops,15.47,0.0,0
12468,6244,Shein,Footwear,28.1,0.0,0
12469,6245,Under Armour,Bags,60.62,0.0,0
12470,6245,Under Armour,Beauty,94.53,0.0,0
12471,6246,Prada,Lingerie,573.03,0.0,0
12472,6247,Prada,Outerwear,3051.79,0.0,0
12473,6248,Under Armour,Tops,62.03,0.0,0
12474,6249,Under Armour,Activewear,63.44,4.13,1
12475,6249,Under Armour,Tops,74.24,0.0,0
12476,6249,Under Armour,Tops,104.66,0.0,0
12477,6250,Girlfriend Collective,Activewear,46.63,0.0,0
12478,6251,Urban Outfitters,Lingerie,90.36,0.0,0
12479,6251,Urban Outfitters,Lingerie,35.85,0.0,0
12480,6251,Urban Outfitters,Home,109.63,25.4,1
12481,6252,Loewe,Home,549.72,0.0,0
12482,6252,Loewe,Beauty,854.85,0.0,0
12483,6253,Under Armour,Footwear,103.97,0.0,0
12484,6253,Under Armour,Dresses,67.76,14.09,1
12485,6254,Prada,Outerwear,2887.5,0.0,0
12486,6254,Prada,Outerwear,3570.63,0.0,0
12487,6254,Prada,Jeans,1444.01,0.0,0
12488,6255,Girlfriend Collective,Outerwear,111.11,37.23,1
12489,6255,Girlfriend Collective,Accessories,39.49,0.0,0
12490,6256,Prada,Tops,1551.82,0.0,0
12491,6256,Prada,Bags,2754.67,0.0,0
12492,6257,H&M,Activewear,109.37,0.0,0
12493,6257,H&M,Swimwear,59.05,0.0,0
12494,6258,Chanel,Jeans,879.15,0.0,0
12495,6258,Chanel,Dresses,1908.87,0.0,0
12496,6258,Chanel,Lingerie,687.32,0.0,0
12497,6259,Zara,Dresses,50.12,0.0,0
12498,6260,Urban Outfitters,Accessories,96.54,0.0,0
12499,6260,Urban Outfitters,Tops,85.38,0.0,0
12500,6260,Urban Outfitters,Beauty,53.18,0.0,0
12501,6261,H&M,Outerwear,67.55,16.88,1
12502,6261,H&M,Footwear,66.02,0.0,0
12503,6262,Prada,Accessories,608.79,0.0,0
12504,6262,Prada,Activewear,895.86,0.0,0
12505,6263,Gucci,Bags,2578.89,0.0,0
12506,6263,Gucci,Home,970.68,0.0,0
12507,6264,Loewe,Accessories,601.04,0.0,0
12508,6264,Loewe,Bags,2173.46,0.0,0
12509,6265,Zara,Footwear,32.69,0.0,0
12510,6265,Zara,Bags,20.84,1.39,1
12511,6266,Under Armour,Activewear,46.82,0.0,0
12512,6266,Under Armour,Outerwear,88.26,0.0,0
12513,6266,Under Armour,Accessories,116.31,0.0,0
12514,6267,Zara,Jeans,74.46,0.0,0
12515,6267,Zara,Dresses,88.48,0.0,0
12516,6267,Zara,Home,77.45,0.0,0
12517,6268,Urban Outfitters,Dresses,92.92,0.0,0
12518,6268,Urban Outfitters,Activewear,63.4,0.0,0
12519,6269,H&M,Swimwear,87.81,0.0,0
12520,6269,H&M,Accessories,53.28,0.0,0
12521,6270,Shein,Tops,21.35,7.03,1
12522,6270,Shein,Accessories,25.16,0.0,0
12523,6271,Girlfriend Collective,Beauty,74.74,0.0,0
12524,6271,Girlfriend Collective,Beauty,40.2,0.0,0
12525,6271,Girlfriend Collective,Swimwear,74.87,0.0,0
12526,6272,Shein,Beauty,18.43,0.0,0
12527,6272,Shein,Accessories,32.11,0.0,0
12528,6272,Shein,Activewear,23.15,0.0,0
12529,6273,H&M,Accessories,102.92,20.56,1
12530,6273,H&M,Beauty,10.0,1.87,1
12531,6274,Loewe,Bags,2651.4,0.0,0
12532,6274,Loewe,Tops,1576.0,0.0,0
12533,6275,Loewe,Beauty,888.97,0.0,0
12534,6275,Loewe,Beauty,849.41,0.0,0
12535,6276,H&M,Bags,92.42,0.0,0
12536,6276,H&M,Footwear,23.63,0.0,0
12537,6277,Zara,Jeans,95.3,0.0,0
12538,6278,Zara,Home,19.44,0.0,0
12539,6278,Zara,Home,42.19,0.0,0
12540,6278,Zara,Home,82.27,0.0,0
12541,6279,Zara,Jeans,51.99,0.0,0
12542,6279,Zara,Swimwear,67.93,0.0,0
12543,6279,Zara,Lingerie,78.75,0.0,0
12544,6280,Loewe,Activewear,661.06,0.0,0
12545,6281,Zara,Home,94.27,15.85,1
12546,6282,Shein,Beauty,27.54,0.0,0
12547,6283,H&M,Activewear,84.37,0.0,0
12548,6283,H&M,Tops,115.38,0.0,0
12549,6283,H&M,Home,37.36,13.01,1
12550,6284,Gucci,Dresses,1257.35,136.16,1
12551,6285,Under Armour,Swimwear,55.45,0.0,0
12552,6286,Gucci,Dresses,1298.95,0.0,0
12553,6286,Gucci,Accessories,836.68,0.0,0
12554,6287,Gucci,Activewear,952.38,0.0,0
12555,6287,Gucci,Footwear,878.79,0.0,0
12556,6288,Shein,Tops,52.23,0.0,0
12557,6288,Shein,Footwear,31.14,0.0,0
12558,6288,Shein,Outerwear,18.18,0.0,0
12559,6289,Under Armour,Home,59.28,0.0,0
12560,6289,Under Armour,Outerwear,41.69,0.0,0
12561,6290,Prada,Lingerie,1012.63,0.0,0
12562,6290,Prada,Bags,2221.84,0.0,0
12563,6290,Prada,Footwear,1112.59,0.0,0
12564,6291,Gucci,Home,961.05,0.0,0
12565,6291,Gucci,Tops,2194.12,0.0,0
12566,6291,Gucci,Activewear,664.21,0.0,0
12567,6292,Urban Outfitters,Home,244.47,0.0,0
12568,6292,Urban Outfitters,Bags,81.04,0.0,0
12569,6293,Chanel,Accessories,494.55,0.0,0
12570,6293,Chanel,Tops,1113.94,0.0,0
12571,6294,Zara,Lingerie,56.16,0.0,0
12572,6294,Zara,Dresses,56.38,0.0,0
12573,6295,Loewe,Footwear,1245.76,0.0,0
12574,6295,Loewe,Activewear,492.49,0.0,0
12575,6295,Loewe,Footwear,840.48,0.0,0
12576,6296,Shein,Home,22.53,2.51,1
12577,6297,Zara,Accessories,92.07,28.16,1
12578,6297,Zara,Activewear,117.59,39.7,1
12579,6298,Prada,Bags,2231.91,0.0,0
12580,6298,Prada,Dresses,1630.67,0.0,0
12581,6299,Shein,Swimwear,29.23,0.0,0
12582,6300,Zara,Footwear,29.81,0.0,0
12583,6300,Zara,Activewear,47.81,0.0,0
12584,6301,Urban Outfitters,Home,169.38,9.98,1
12585,6301,Urban Outfitters,Lingerie,76.32,0.0,0
12586,6301,Urban Outfitters,Lingerie,25.5,0.0,0
12587,6302,Girlfriend Collective,Lingerie,31.24,0.0,0
12588,6302,Girlfriend Collective,Footwear,59.32,0.0,0
12589,6303,Chanel,Footwear,854.2,0.0,0
12590,6304,Zara,Accessories,10.94,0.0,0
12591,6305,Prada,Jeans,1499.93,0.0,0
12592,6305,Prada,Activewear,544.59,172.71,1
12593,6305,Prada,Jeans,1150.9,0.0,0
12594,6306,Loewe,Swimwear,699.83,0.0,0
12595,6307,Shein,Home,32.55,0.0,0
12596,6308,Zara,Lingerie,101.16,0.0,0
12597,6308,Zara,Home,96.61,8.79,1
12598,6308,Zara,Footwear,105.24,0.0,0
12599,6309,Under Armour,Home,74.62,7.31,1
12600,6309,Under Armour,Outerwear,113.53,0.0,0
12601,6309,Under Armour,Accessories,124.63,0.0,0
12602,6310,Zara,Beauty,10.0,0.0,0
12603,6310,Zara,Accessories,98.83,0.0,0
12604,6310,Zara,Accessories,94.48,0.0,0
12605,6311,H&M,Home,65.47,0.0,0
12606,6312,Loewe,Bags,1949.7,0.0,0
12607,6312,Loewe,Outerwear,3361.55,0.0,0
12608,6313,Under Armour,Footwear,95.29,0.0,0
12609,6314,Prada,Footwear,1093.87,0.0,0
12610,6314,Prada,Activewear,973.67,0.0,0
12611,6315,Zara,Lingerie,10.0,0.0,0
12612,6316,Gucci,Bags,1773.32,0.0,0
12613,6316,Gucci,Beauty,1045.33,0.0,0
12614,6316,Gucci,Lingerie,801.52,0.0,0
12615,6317,Prada,Tops,1888.62,0.0,0
12616,6317,Prada,Footwear,1148.73,0.0,0
12617,6317,Prada,Lingerie,647.56,0.0,0
12618,6318,Urban Outfitters,Tops,109.45,0.0,0
12619,6318,Urban Outfitters,Jeans,66.42,0.0,0
12620,6319,Gucci,Outerwear,4500.0,0.0,0
12621,6319,Gucci,Beauty,839.63,0.0,0
12622,6320,Gucci,Beauty,797.03,0.0,0
12623,6320,Gucci,Activewear,733.69,0.0,0
12624,6320,Gucci,Activewear,895.55,0.0,0
12625,6321,Urban Outfitters,Outerwear,86.98,0.0,0
12626,6322,Girlfriend Collective,Outerwear,82.43,0.0,0
12627,6322,Girlfriend Collective,Lingerie,95.73,19.57,1
12628,6322,Girlfriend Collective,Lingerie,76.32,16.33,1
12629,6323,Shein,Dresses,26.38,0.0,0
12630,6324,Gucci,Footwear,1327.67,0.0,0
12631,6325,Gucci,Outerwear,3698.22,0.0,0
12632,6325,Gucci,Swimwear,691.31,0.0,0
12633,6325,Gucci,Accessories,515.51,0.0,0
12634,6326,H&M,Swimwear,51.58,0.0,0
12635,6326,H&M,Beauty,55.47,0.0,0
12636,6327,Urban Outfitters,Accessories,136.58,0.0,0
12637,6328,Loewe,Jeans,966.09,0.0,0
12638,6329,Shein,Footwear,28.89,0.0,0
12639,6330,Urban Outfitters,Accessories,80.05,0.0,0
12640,6331,Prada,Beauty,548.27,0.0,0
12641,6332,Under Armour,Footwear,82.39,0.0,0
12642,6333,Chanel,Swimwear,620.81,0.0,0
12643,6334,Chanel,Home,780.31,0.0,0
12644,6334,Chanel,Swimwear,647.0,0.0,0
12645,6335,Urban Outfitters,Footwear,42.92,0.0,0
12646,6336,Zara,Swimwear,67.05,12.32,1
12647,6336,Zara,Jeans,66.11,0.0,0
12648,6336,Zara,Jeans,82.4,0.0,0
12649,6337,H&M,Footwear,65.19,0.0,0
12650,6338,Under Armour,Dresses,73.19,0.0,0
12651,6339,Prada,Activewear,954.64,0.0,0
12652,6339,Prada,Lingerie,773.37,0.0,0
12653,6340,Zara,Bags,80.67,0.0,0
12654,6340,Zara,Dresses,54.7,15.0,1
12655,6340,Zara,Lingerie,103.93,12.38,1
12656,6341,Prada,Beauty,1035.93,0.0,0
12657,6341,Prada,Beauty,820.79,0.0,0
12658,6342,Shein,Activewear,24.35,0.0,0
12659,6342,Shein,Tops,6.34,0.0,0
12660,6342,Shein,Footwear,22.51,0.0,0
12661,6343,Prada,Lingerie,755.85,0.0,0
12662,6343,Prada,Outerwear,2559.61,0.0,0
12663,6344,Loewe,Footwear,919.9,0.0,0
12664,6344,Loewe,Activewear,958.55,0.0,0
12665,6344,Loewe,Accessories,749.26,0.0,0
12666,6345,Loewe,Lingerie,431.63,0.0,0
12667,6346,Loewe,Home,814.62,0.0,0
12668,6347,Gucci,Beauty,660.17,0.0,0
12669,6347,Gucci,Swimwear,587.48,0.0,0
12670,6348,Shein,Tops,28.0,0.0,0
12671,6348,Shein,Tops,6.02,0.0,0
12672,6348,Shein,Bags,23.66,5.51,1
12673,6349,Shein,Swimwear,14.67,0.0,0
12674,6349,Shein,Home,22.02,0.0,0
12675,6349,Shein,Jeans,9.31,0.0,0
12676,6350,H&M,Jeans,72.22,0.0,0
12677,6350,H&M,Bags,69.29,5.96,1
12678,6351,Loewe,Footwear,1137.67,0.0,0
12679,6351,Loewe,Beauty,650.38,0.0,0
12680,6352,Urban Outfitters,Outerwear,55.63,9.7,1
12681,6352,Urban Outfitters,Lingerie,36.82,0.0,0
12682,6353,Loewe,Footwear,950.21,0.0,0
12683,6353,Loewe,Beauty,1239.65,0.0,0
12684,6354,Urban Outfitters,Bags,126.07,37.51,1
12685,6355,Urban Outfitters,Activewear,20.0,0.0,0
12686,6355,Urban Outfitters,Home,52.77,8.06,1
12687,6356,Urban Outfitters,Bags,79.68,0.0,0
12688,6357,Girlfriend Collective,Dresses,138.39,0.0,0
12689,6357,Girlfriend Collective,Swimwear,73.42,16.01,1
12690,6357,Girlfriend Collective,Swimwear,91.22,0.0,0
12691,6358,H&M,Activewear,94.74,0.0,0
12692,6358,H&M,Tops,55.1,0.0,0
12693,6358,H&M,Dresses,86.52,0.0,0
12694,6359,Prada,Dresses,1737.05,112.31,1
12695,6360,Chanel,Lingerie,300.0,0.0,0
12696,6361,Prada,Footwear,1217.1,0.0,0
12697,6361,Prada,Tops,1372.85,0.0,0
12698,6361,Prada,Tops,1897.22,0.0,0
12699,6362,Urban Outfitters,Lingerie,110.36,10.21,1
12700,6363,Zara,Activewear,65.38,0.0,0
12701,6363,Zara,Accessories,68.25,8.27,1
12702,6363,Zara,Bags,99.52,7.75,1
12703,6364,Gucci,Home,300.0,0.0,0
12704,6364,Gucci,Lingerie,1119.32,0.0,0
12705,6365,Urban Outfitters,Dresses,52.28,0.0,0
12706,6366,Prada,Home,679.04,0.0,0
12707,6366,Prada,Accessories,566.0,0.0,0
12708,6367,Loewe,Dresses,1268.92,0.0,0
12709,6368,Chanel,Footwear,1191.79,0.0,0
12710,6368,Chanel,Dresses,1732.22,0.0,0
12711,6368,Chanel,Swimwear,468.89,0.0,0
12712,6369,Loewe,Outerwear,3970.82,0.0,0
12713,6369,Loewe,Home,910.89,0.0,0
12714,6369,Loewe,Outerwear,3089.79,0.0,0
12715,6370,Under Armour,Activewear,82.25,7.08,1
12716,6370,Under Armour,Jeans,89.94,8.01,1
12717,6370,Under Armour,Jeans,77.64,0.0,0
12718,6371,Shein,Activewear,30.41,0.0,0
12719,6372,Loewe,Outerwear,3308.27,1084.88,1
12720,6372,Loewe,Bags,2564.17,0.0,0
12721,6373,Loewe,Accessories,444.7,0.0,0
12722,6374,H&M,Home,97.58,0.0,0
12723,6375,Girlfriend Collective,Home,42.1,0.0,0
12724,6376,Under Armour,Bags,57.65,0.0,0
12725,6376,Under Armour,Home,64.72,0.0,0
12726,6377,Prada,Outerwear,3511.48,0.0,0
12727,6377,Prada,Outerwear,2860.66,0.0,0
12728,6378,Zara,Jeans,57.63,0.0,0
12729,6379,Urban Outfitters,Outerwear,39.44,0.0,0
12730,6379,Urban Outfitters,Home,90.18,0.0,0
12731,6380,Loewe,Dresses,1942.58,0.0,0
12732,6380,Loewe,Activewear,922.92,0.0,0
12733,6381,Under Armour,Footwear,109.61,0.0,0
12734,6382,Prada,Tops,2062.96,0.0,0
12735,6382,Prada,Tops,1327.59,0.0,0
12736,6382,Prada,Footwear,841.42,0.0,0
12737,6383,Loewe,Outerwear,3417.96,381.43,1
12738,6383,Loewe,Outerwear,3097.08,0.0,0
12739,6383,Loewe,Bags,2086.76,0.0,0
12740,6384,Loewe,Lingerie,1158.51,0.0,0
12741,6384,Loewe,Dresses,1192.67,317.3,1
12742,6385,Under Armour,Outerwear,103.46,0.0,0
12743,6386,Shein,Home,26.55,0.0,0
12744,6386,Shein,Footwear,20.9,0.0,0
12745,6386,Shein,Tops,37.83,0.0,0
12746,6387,Urban Outfitters,Bags,64.81,0.0,0
12747,6388,Girlfriend Collective,Tops,126.8,0.0,0
12748,6389,Gucci,Beauty,555.66,0.0,0
12749,6389,Gucci,Jeans,1371.4,0.0,0
12750,6389,Gucci,Bags,2197.18,0.0,0
12751,6390,Urban Outfitters,Footwear,68.59,0.0,0
12752,6390,Urban Outfitters,Beauty,77.37,0.0,0
12753,6391,Loewe,Dresses,2069.25,0.0,0
12754,6391,Loewe,Home,825.66,0.0,0
12755,6391,Loewe,Lingerie,757.78,0.0,0
12756,6392,Prada,Tops,1787.23,333.38,1
12757,6392,Prada,Swimwear,926.18,0.0,0
12758,6393,Chanel,Dresses,920.24,0.0,0
12759,6393,Chanel,Swimwear,1005.64,0.0,0
12760,6394,Chanel,Home,980.63,0.0,0
12761,6394,Chanel,Swimwear,853.73,0.0,0
12762,6395,Shein,Outerwear,8.57,2.49,1
12763,6395,Shein,Tops,33.38,0.0,0
12764,6395,Shein,Activewear,20.66,0.0,0
12765,6396,Shein,Tops,40.98,0.0,0
12766,6397,Girlfriend Collective,Activewear,86.14,0.0,0
12767,6397,Girlfriend Collective,Lingerie,83.82,0.0,0
12768,6397,Girlfriend Collective,Home,85.93,0.0,0
12769,6398,Zara,Beauty,122.51,22.13,1
12770,6398,Zara,Beauty,49.37,0.0,0
12771,6398,Zara,Tops,80.5,12.39,1
12772,6399,Gucci,Beauty,573.2,0.0,0
12773,6399,Gucci,Home,757.18,0.0,0
12774,6400,Shein,Activewear,26.31,0.0,0
12775,6400,Shein,Swimwear,50.99,5.95,1
12776,6400,Shein,Home,22.6,6.84,1
12777,6401,H&M,Dresses,24.48,0.0,0
12778,6401,H&M,Jeans,54.35,0.0,0
12779,6401,H&M,Tops,70.24,0.0,0
12780,6402,Girlfriend Collective,Dresses,45.38,10.78,1
12781,6403,Loewe,Tops,1803.04,0.0,0
12782,6404,Zara,Home,33.23,0.0,0
12783,6405,H&M,Home,57.14,0.0,0
12784,6405,H&M,Swimwear,70.28,20.46,1
12785,6405,H&M,Dresses,91.29,23.56,1
12786,6406,H&M,Home,55.55,0.0,0
12787,6407,Loewe,Bags,2420.98,0.0,0
12788,6407,Loewe,Tops,789.87,0.0,0
12789,6407,Loewe,Accessories,801.6,0.0,0
12790,6408,Under Armour,Swimwear,93.87,22.05,1
12791,6409,Urban Outfitters,Lingerie,90.86,12.06,1
12792,6410,Zara,Swimwear,104.36,0.0,0
12793,6410,Zara,Bags,85.34,0.0,0
12794,6410,Zara,Dresses,17.39,2.69,1
12795,6411,Shein,Dresses,27.64,0.0,0
12796,6411,Shein,Footwear,36.54,0.0,0
12797,6411,Shein,Home,34.63,11.33,1
12798,6412,Zara,Beauty,42.82,11.55,1
12799,6413,H&M,Dresses,73.3,0.0,0
12800,6413,H&M,Activewear,117.02,0.0,0
12801,6413,H&M,Activewear,95.36,0.0,0
12802,6414,Loewe,Beauty,741.26,0.0,0
12803,6414,Loewe,Swimwear,1054.62,0.0,0
12804,6414,Loewe,Swimwear,783.48,0.0,0
12805,6415,Urban Outfitters,Bags,54.47,0.0,0
12806,6416,Loewe,Jeans,1633.51,0.0,0
12807,6416,Loewe,Dresses,1521.72,0.0,0
12808,6417,Shein,Activewear,30.57,3.42,1
12809,6418,Under Armour,Dresses,30.11,0.0,0
12810,6418,Under Armour,Swimwear,147.67,39.33,1
12811,6418,Under Armour,Swimwear,83.57,0.0,0
12812,6419,H&M,Footwear,24.13,6.38,1
12813,6419,H&M,Footwear,88.21,16.02,1
12814,6419,H&M,Dresses,109.64,0.0,0
12815,6420,Shein,Lingerie,31.63,5.37,1
12816,6420,Shein,Activewear,25.11,0.0,0
12817,6420,Shein,Dresses,17.4,0.0,0
12818,6421,Under Armour,Activewear,105.65,0.0,0
12819,6422,Shein,Jeans,26.41,0.0,0
12820,6422,Shein,Jeans,21.0,0.0,0
12821,6423,Zara,Lingerie,90.54,0.0,0
12822,6423,Zara,Accessories,86.05,25.2,1
12823,6423,Zara,Tops,49.07,3.99,1
12824,6424,H&M,Bags,65.96,0.0,0
12825,6424,H&M,Beauty,56.68,0.0,0
12826,6424,H&M,Lingerie,45.11,13.81,1
12827,6425,Loewe,Footwear,959.17,0.0,0
12828,6426,Prada,Beauty,898.21,0.0,0
12829,6427,Chanel,Accessories,572.84,180.51,1
12830,6427,Chanel,Accessories,432.58,0.0,0
12831,6427,Chanel,Jeans,1097.62,0.0,0
12832,6428,Zara,Swimwear,10.0,0.0,0
12833,6428,Zara,Beauty,72.92,22.97,1
12834,6428,Zara,Tops,72.16,9.41,1
12835,6429,Urban Outfitters,Activewear,87.87,0.0,0
12836,6430,H&M,Footwear,77.56,0.0,0
12837,6431,Girlfriend Collective,Footwear,38.07,11.55,1
12838,6432,H&M,Footwear,58.77,0.0,0
12839,6432,H&M,Tops,45.93,3.43,1
12840,6432,H&M,Home,96.94,0.0,0
12841,6433,Prada,Footwear,1024.88,0.0,0
12842,6433,Prada,Dresses,2142.98,0.0,0
12843,6434,Zara,Activewear,79.61,0.0,0
12844,6434,Zara,Accessories,79.44,0.0,0
12845,6434,Zara,Dresses,102.94,9.61,1
12846,6435,Urban Outfitters,Tops,39.51,0.0,0
12847,6436,Under Armour,Bags,81.5,0.0,0
12848,6436,Under Armour,Dresses,36.72,0.0,0
12849,6436,Under Armour,Accessories,57.59,0.0,0
12850,6437,H&M,Accessories,46.02,0.0,0
12851,6438,Shein,Bags,30.27,0.0,0
12852,6438,Shein,Home,22.68,0.0,0
12853,6438,Shein,Home,22.26,7.05,1
12854,6439,H&M,Beauty,75.79,0.0,0
12855,6440,Loewe,Bags,1950.4,0.0,0
12856,6440,Loewe,Tops,1637.51,0.0,0
12857,6441,Chanel,Accessories,779.06,0.0,0
12858,6441,Chanel,Dresses,1591.91,0.0,0
12859,6442,Prada,Accessories,525.85,0.0,0
12860,6443,Loewe,Home,775.03,0.0,0
12861,6443,Loewe,Footwear,1059.72,0.0,0
12862,6444,Gucci,Swimwear,862.87,0.0,0
12863,6444,Gucci,Outerwear,2943.62,0.0,0
12864,6445,Loewe,Outerwear,3376.08,0.0,0
12865,6445,Loewe,Jeans,1239.71,0.0,0
12866,6446,Under Armour,Tops,80.36,0.0,0
12867,6447,Shein,Accessories,27.77,0.0,0
12868,6447,Shein,Footwear,35.48,0.0,0
12869,6448,Under Armour,Activewear,55.51,2.93,1
12870,6448,Under Armour,Swimwear,65.43,0.0,0
12871,6448,Under Armour,Footwear,105.31,0.0,0
12872,6449,H&M,Accessories,58.15,0.0,0
12873,6450,Girlfriend Collective,Outerwear,57.03,0.0,0
12874,6451,Loewe,Activewear,1175.02,0.0,0
12875,6451,Loewe,Bags,1928.31,0.0,0
12876,6451,Loewe,Accessories,340.84,39.72,1
12877,6452,Zara,Dresses,55.5,0.0,0
12878,6453,Under Armour,Accessories,112.99,0.0,0
12879,6454,Chanel,Swimwear,747.08,0.0,0
12880,6454,Chanel,Accessories,602.11,0.0,0
12881,6455,H&M,Beauty,34.29,0.0,0
12882,6456,Zara,Outerwear,29.04,0.0,0
12883,6456,Zara,Activewear,36.98,0.0,0
12884,6457,Loewe,Dresses,2264.4,0.0,0
12885,6458,Girlfriend Collective,Dresses,80.16,0.0,0
12886,6458,Girlfriend Collective,Home,110.06,0.0,0
12887,6459,Loewe,Home,1080.05,0.0,0
12888,6460,Under Armour,Lingerie,94.19,0.0,0
12889,6461,Under Armour,Bags,99.47,0.0,0
12890,6461,Under Armour,Tops,72.94,0.0,0
12891,6462,Loewe,Beauty,1015.43,0.0,0
12892,6463,Under Armour,Outerwear,42.53,0.0,0
12893,6463,Under Armour,Lingerie,83.92,18.31,1
12894,6463,Under Armour,Bags,30.0,0.0,0
12895,6464,Zara,Footwear,73.17,0.0,0
12896,6464,Zara,Footwear,64.37,0.0,0
12897,6465,Under Armour,Jeans,63.41,0.0,0
12898,6465,Under Armour,Tops,63.42,0.0,0
12899,6466,Urban Outfitters,Dresses,61.2,0.0,0
12900,6466,Urban Outfitters,Lingerie,20.0,0.0,0
12901,6467,Zara,Activewear,37.08,0.0,0
12902,6467,Zara,Jeans,45.57,0.0,0
12903,6467,Zara,Tops,36.56,0.0,0
12904,6468,Loewe,Home,1099.1,0.0,0
12905,6468,Loewe,Dresses,1528.72,0.0,0
12906,6468,Loewe,Bags,2365.94,0.0,0
12907,6469,Under Armour,Swimwear,77.15,7.12,1
12908,6469,Under Armour,Beauty,124.71,0.0,0
12909,6470,Chanel,Activewear,926.74,0.0,0
12910,6470,Chanel,Lingerie,841.2,0.0,0
12911,6471,Chanel,Lingerie,999.51,0.0,0
12912,6471,Chanel,Swimwear,946.21,0.0,0
12913,6472,Zara,Beauty,71.54,0.0,0
12914,6472,Zara,Dresses,56.88,0.0,0
12915,6473,Chanel,Bags,8959.61,496.33,1
12916,6473,Chanel,Accessories,579.15,0.0,0
12917,6474,Zara,Tops,55.64,0.0,0
12918,6475,Prada,Bags,1810.99,0.0,0
12919,6475,Prada,Footwear,934.09,82.49,1
12920,6475,Prada,Dresses,1499.03,0.0,0
12921,6476,Shein,Lingerie,32.73,0.0,0
12922,6476,Shein,Lingerie,31.93,2.67,1
12923,6477,H&M,Dresses,49.04,0.0,0
12924,6478,Under Armour,Footwear,71.61,0.0,0
12925,6479,Zara,Bags,94.31,28.46,1
12926,6479,Zara,Activewear,85.11,26.68,1
12927,6480,Prada,Lingerie,587.58,0.0,0
12928,6481,Chanel,Beauty,833.09,0.0,0
12929,6482,H&M,Outerwear,23.38,2.17,1
12930,6482,H&M,Swimwear,124.54,0.0,0
12931,6483,Zara,Beauty,39.46,0.0,0
12932,6484,Shein,Lingerie,28.72,0.0,0
12933,6485,Zara,Jeans,24.5,0.0,0
12934,6486,Under Armour,Beauty,56.41,7.98,1
12935,6487,H&M,Beauty,60.12,5.46,1
12936,6487,H&M,Bags,10.0,0.0,0
12937,6487,H&M,Bags,80.98,0.0,0
12938,6488,Chanel,Dresses,1346.2,0.0,0
12939,6488,Chanel,Tops,1652.16,0.0,0
12940,6488,Chanel,Home,331.03,0.0,0
12941,6489,Shein,Jeans,35.19,0.0,0
12942,6489,Shein,Lingerie,20.54,0.0,0
12943,6489,Shein,Footwear,41.98,0.0,0
12944,6490,H&M,Swimwear,63.38,3.76,1
12945,6490,H&M,Activewear,56.56,0.0,0
12946,6490,H&M,Lingerie,35.61,0.0,0
12947,6491,Urban Outfitters,Swimwear,79.29,0.0,0
12948,6491,Urban Outfitters,Outerwear,25.58,0.0,0
12949,6492,Shein,Outerwear,34.38,11.99,1
12950,6492,Shein,Bags,26.17,0.0,0
12951,6492,Shein,Jeans,14.47,0.0,0
12952,6493,Zara,Swimwear,56.62,11.07,1
12953,6493,Zara,Footwear,90.1,0.0,0
12954,6494,Under Armour,Activewear,74.4,0.0,0
12955,6495,Prada,Footwear,1034.72,0.0,0
12956,6495,Prada,Accessories,665.26,0.0,0
12957,6496,Loewe,Tops,1837.09,0.0,0
12958,6496,Loewe,Bags,1772.95,0.0,0
12959,6497,Loewe,Activewear,717.49,0.0,0
12960,6498,H&M,Footwear,45.76,0.0,0
12961,6499,Chanel,Home,895.41,0.0,0
12962,6500,Zara,Jeans,73.59,18.29,1
12963,6500,Zara,Jeans,71.78,5.38,1
12964,6500,Zara,Activewear,44.39,0.0,0
12965,6501,Girlfriend Collective,Accessories,65.8,0.0,0
12966,6502,Zara,Tops,74.1,0.0,0
12967,6502,Zara,Outerwear,80.65,0.0,0
12968,6503,Loewe,Lingerie,787.48,0.0,0
12969,6503,Loewe,Footwear,607.23,0.0,0
12970,6503,Loewe,Dresses,1719.97,0.0,0
12971,6504,H&M,Jeans,10.0,0.0,0
12972,6505,Under Armour,Footwear,126.64,27.93,1
12973,6506,Zara,Home,54.21,0.0,0
12974,6506,Zara,Swimwear,72.04,0.0,0
12975,6506,Zara,Beauty,53.62,0.0,0
12976,6507,Chanel,Accessories,610.1,0.0,0
12977,6508,Zara,Accessories,62.49,0.0,0
12978,6508,Zara,Dresses,43.37,0.0,0
12979,6508,Zara,Swimwear,86.8,0.0,0
12980,6509,Shein,Accessories,21.96,0.0,0
12981,6509,Shein,Outerwear,20.29,0.0,0
12982,6509,Shein,Lingerie,5.0,0.0,0
12983,6510,Loewe,Bags,2091.11,0.0,0
12984,6510,Loewe,Lingerie,1448.53,301.46,1
12985,6510,Loewe,Outerwear,3835.95,0.0,0
12986,6511,Urban Outfitters,Tops,38.09,0.0,0
12987,6511,Urban Outfitters,Swimwear,97.75,0.0,0
12988,6511,Urban Outfitters,Activewear,56.58,0.0,0
12989,6512,Girlfriend Collective,Dresses,112.74,0.0,0
12990,6513,Under Armour,Beauty,68.6,0.0,0
12991,6513,Under Armour,Dresses,75.62,0.0,0
12992,6513,Under Armour,Home,80.62,25.15,1
12993,6514,Zara,Dresses,22.39,0.0,0
12994,6514,Zara,Tops,43.06,0.0,0
12995,6515,Gucci,Lingerie,856.03,0.0,0
12996,6515,Gucci,Home,492.24,0.0,0
12997,6515,Gucci,Jeans,1300.63,0.0,0
12998,6516,H&M,Dresses,15.57,2.72,1
12999,6516,H&M,Home,85.98,0.0,0
13000,6517,Girlfriend Collective,Beauty,71.47,0.0,0
13001,6517,Girlfriend Collective,Lingerie,71.14,0.0,0
13002,6518,Girlfriend Collective,Dresses,84.31,0.0,0
13003,6519,Zara,Home,49.59,0.0,0
13004,6519,Zara,Outerwear,85.56,27.76,1
13005,6519,Zara,Footwear,36.73,0.0,0
13006,6520,H&M,Home,51.91,13.16,1
13007,6520,H&M,Bags,61.05,0.0,0
13008,6521,Gucci,Footwear,823.33,204.71,1
13009,6521,Gucci,Outerwear,4265.05,0.0,0
13010,6522,Gucci,Accessories,319.69,110.89,1
13011,6523,Chanel,Home,429.04,0.0,0
13012,6523,Chanel,Activewear,721.97,0.0,0
13013,6524,Zara,Footwear,37.29,0.0,0
13014,6524,Zara,Outerwear,66.51,0.0,0
13015,6524,Zara,Activewear,69.96,0.0,0
13016,6525,Prada,Lingerie,565.79,0.0,0
13017,6525,Prada,Tops,1445.07,0.0,0
13018,6525,Prada,Bags,2655.81,0.0,0
13019,6526,Loewe,Beauty,655.69,0.0,0
13020,6527,Zara,Beauty,34.2,10.17,1
13021,6528,Shein,Dresses,17.73,0.0,0
13022,6529,Prada,Accessories,727.08,0.0,0
13023,6529,Prada,Bags,2026.8,0.0,0
13024,6530,Girlfriend Collective,Footwear,81.28,0.0,0
13025,6531,Shein,Tops,24.7,0.0,0
13026,6532,Zara,Accessories,34.86,0.0,0
13027,6533,Loewe,Jeans,1950.76,0.0,0
13028,6534,Gucci,Dresses,1613.69,0.0,0
13029,6534,Gucci,Bags,2396.46,0.0,0
13030,6535,Zara,Beauty,94.36,0.0,0
13031,6535,Zara,Swimwear,62.59,0.0,0
13032,6536,Urban Outfitters,Lingerie,26.05,4.69,1
13033,6536,Urban Outfitters,Beauty,105.03,0.0,0
13034,6537,Urban Outfitters,Home,20.0,0.0,0
13035,6537,Urban Outfitters,Outerwear,54.43,0.0,0
13036,6538,Chanel,Bags,9273.05,0.0,0
13037,6538,Chanel,Outerwear,3879.85,0.0,0
13038,6539,H&M,Bags,21.73,0.0,0
13039,6540,Loewe,Home,1058.55,0.0,0
13040,6541,Urban Outfitters,Outerwear,84.94,23.43,1
13041,6541,Urban Outfitters,Accessories,98.92,0.0,0
13042,6541,Urban Outfitters,Footwear,61.75,15.23,1
13043,6542,Gucci,Jeans,1338.11,0.0,0
13044,6542,Gucci,Bags,2521.76,0.0,0
13045,6543,Zara,Tops,70.49,9.2,1
13046,6543,Zara,Tops,76.54,0.0,0
13047,6543,Zara,Bags,41.03,0.0,0
13048,6544,H&M,Footwear,94.12,0.0,0
13049,6545,H&M,Lingerie,44.03,0.0,0
13050,6545,H&M,Tops,58.54,0.0,0
13051,6545,H&M,Jeans,66.15,0.0,0
13052,6546,Urban Outfitters,Lingerie,98.03,0.0,0
13053,6547,Urban Outfitters,Home,36.37,0.0,0
13054,6547,Urban Outfitters,Jeans,77.86,0.0,0
13055,6548,Shein,Footwear,20.37,7.1,1
13056,6548,Shein,Outerwear,27.87,0.0,0
13057,6549,Zara,Dresses,76.65,0.0,0
13058,6549,Zara,Footwear,63.23,13.69,1
13059,6549,Zara,Swimwear,72.94,0.0,0
13060,6550,Under Armour,Outerwear,113.04,0.0,0
13061,6550,Under Armour,Accessories,71.94,0.0,0
13062,6551,Urban Outfitters,Activewear,43.19,0.0,0
13063,6551,Urban Outfitters,Dresses,20.0,6.32,1
13064,6551,Urban Outfitters,Beauty,57.81,0.0,0
13065,6552,H&M,Jeans,11.35,2.25,1
13066,6552,H&M,Tops,10.0,2.91,1
13067,6553,Urban Outfitters,Activewear,57.12,0.0,0
13068,6553,Urban Outfitters,Swimwear,89.29,6.89,1
13069,6554,H&M,Lingerie,51.72,16.5,1
13070,6554,H&M,Accessories,73.55,11.11,1
13071,6554,H&M,Activewear,37.84,0.0,0
13072,6555,Loewe,Lingerie,609.5,0.0,0
13073,6555,Loewe,Beauty,433.42,0.0,0
13074,6556,Zara,Bags,45.96,0.0,0
13075,6556,Zara,Jeans,84.05,0.0,0
13076,6556,Zara,Jeans,51.4,0.0,0
13077,6557,Prada,Lingerie,333.32,0.0,0
13078,6558,Urban Outfitters,Activewear,106.08,0.0,0
13079,6559,Chanel,Dresses,1778.2,0.0,0
13080,6559,Chanel,Activewear,580.22,0.0,0
13081,6560,Zara,Jeans,33.92,0.0,0
13082,6560,Zara,Beauty,68.36,7.07,1
13083,6561,Zara,Swimwear,84.47,11.88,1
13084,6561,Zara,Accessories,37.29,0.0,0
13085,6562,Under Armour,Lingerie,105.84,18.4,1
13086,6562,Under Armour,Beauty,89.23,0.0,0
13087,6563,Under Armour,Beauty,36.11,0.0,0
13088,6563,Under Armour,Home,106.01,5.82,1
13089,6564,Shein,Accessories,20.76,5.37,1
13090,6565,Zara,Lingerie,46.91,0.0,0
13091,6565,Zara,Dresses,72.38,0.0,0
13092,6565,Zara,Accessories,61.05,0.0,0
13093,6566,H&M,Beauty,48.31,0.0,0
13094,6567,Girlfriend Collective,Accessories,89.38,0.0,0
13095,6567,Girlfriend Collective,Bags,57.17,8.18,1
13096,6567,Girlfriend Collective,Accessories,96.34,0.0,0
13097,6568,Urban Outfitters,Outerwear,66.75,0.0,0
13098,6569,Loewe,Dresses,1308.92,0.0,0
13099,6569,Loewe,Dresses,803.1,0.0,0
13100,6570,Urban Outfitters,Outerwear,123.7,11.83,1
13101,6571,Shein,Bags,31.26,0.0,0
13102,6571,Shein,Activewear,6.19,0.0,0
13103,6571,Shein,Dresses,33.3,0.0,0
13104,6572,Zara,Activewear,44.4,0.0,0
13105,6572,Zara,Swimwear,38.88,0.0,0
13106,6573,Loewe,Lingerie,607.42,0.0,0
13107,6574,H&M,Jeans,24.44,0.0,0
13108,6575,Under Armour,Accessories,81.11,0.0,0
13109,6576,H&M,Home,26.99,0.0,0
13110,6577,Urban Outfitters,Home,34.84,0.0,0
13111,6578,H&M,Beauty,51.18,17.22,1
13112,6578,H&M,Jeans,57.89,13.58,1
13113,6578,H&M,Dresses,20.81,0.0,0
13114,6579,H&M,Bags,84.43,0.0,0
13115,6579,H&M,Home,55.38,0.0,0
13116,6580,H&M,Jeans,88.65,22.01,1
13117,6580,H&M,Activewear,10.0,0.0,0
13118,6580,H&M,Activewear,56.94,0.0,0
13119,6581,Prada,Jeans,1715.82,0.0,0
13120,6582,Chanel,Outerwear,3948.25,0.0,0
13121,6582,Chanel,Bags,10000.0,0.0,0
13122,6582,Chanel,Outerwear,3062.56,0.0,0
13123,6583,Prada,Bags,2598.38,0.0,0
13124,6584,Prada,Swimwear,499.16,0.0,0
13125,6585,Girlfriend Collective,Home,80.34,0.0,0
13126,6585,Girlfriend Collective,Jeans,88.92,0.0,0
13127,6585,Girlfriend Collective,Outerwear,71.91,6.08,1
13128,6586,Gucci,Tops,761.44,0.0,0
13129,6586,Gucci,Activewear,1048.36,0.0,0
13130,6586,Gucci,Dresses,1131.98,0.0,0
13131,6587,Urban Outfitters,Dresses,70.76,0.0,0
13132,6588,Urban Outfitters,Beauty,63.01,9.47,1
13133,6588,Urban Outfitters,Footwear,100.66,34.49,1
13134,6589,Urban Outfitters,Dresses,43.51,0.0,0
13135,6589,Urban Outfitters,Jeans,38.56,0.0,0
13136,6590,Girlfriend Collective,Footwear,73.61,0.0,0
13137,6590,Girlfriend Collective,Beauty,95.98,22.87,1
13138,6590,Girlfriend Collective,Accessories,86.0,6.2,1
13139,6591,Gucci,Beauty,831.33,0.0,0
13140,6592,Under Armour,Tops,30.0,0.0,0
13141,6593,Zara,Outerwear,76.4,0.0,0
13142,6593,Zara,Lingerie,55.62,0.0,0
13143,6593,Zara,Dresses,56.76,0.0,0
13144,6594,Under Armour,Tops,81.9,0.0,0
13145,6594,Under Armour,Tops,72.79,0.0,0
13146,6595,Zara,Home,95.07,0.0,0
13147,6595,Zara,Footwear,76.09,0.0,0
13148,6595,Zara,Dresses,58.15,0.0,0
13149,6596,Under Armour,Outerwear,44.12,5.25,1
13150,6597,Urban Outfitters,Beauty,89.05,0.0,0
13151,6597,Urban Outfitters,Beauty,64.85,0.0,0
13152,6598,Zara,Jeans,43.23,0.0,0
13153,6598,Zara,Home,57.68,19.19,1
13154,6599,Zara,Home,87.75,0.0,0
13155,6600,Girlfriend Collective,Dresses,123.8,38.18,1
13156,6600,Girlfriend Collective,Jeans,57.6,0.0,0
13157,6600,Girlfriend Collective,Swimwear,30.0,0.0,0
13158,6601,Chanel,Tops,1808.63,0.0,0
13159,6602,Urban Outfitters,Dresses,20.0,4.54,1
13160,6602,Urban Outfitters,Tops,76.55,0.0,0
13161,6602,Urban Outfitters,Home,246.36,0.0,0
13162,6603,Girlfriend Collective,Accessories,49.35,12.2,1
13163,6603,Girlfriend Collective,Activewear,94.88,0.0,0
13164,6603,Girlfriend Collective,Accessories,68.95,0.0,0
13165,6604,Zara,Home,70.37,0.0,0
13166,6605,Zara,Bags,47.38,0.0,0
13167,6606,Loewe,Swimwear,682.66,0.0,0
13168,6607,Urban Outfitters,Activewear,84.24,15.0,1
13169,6607,Urban Outfitters,Accessories,80.95,20.87,1
13170,6607,Urban Outfitters,Accessories,66.31,0.0,0
13171,6608,Shein,Dresses,29.68,1.88,1
13172,6609,Loewe,Home,729.12,0.0,0
13173,6609,Loewe,Bags,2271.77,0.0,0
13174,6609,Loewe,Outerwear,3578.29,0.0,0
13175,6610,Shein,Dresses,16.48,0.0,0
13176,6610,Shein,Activewear,30.92,0.0,0
13177,6610,Shein,Lingerie,31.37,0.0,0
13178,6611,H&M,Footwear,51.57,0.0,0
13179,6611,H&M,Accessories,84.06,0.0,0
13180,6611,H&M,Lingerie,69.0,0.0,0
13181,6612,Zara,Swimwear,53.16,15.61,1
13182,6613,Gucci,Activewear,724.3,149.52,1
13183,6614,Zara,Lingerie,71.74,0.0,0
13184,6614,Zara,Bags,63.02,17.27,1
13185,6614,Zara,Tops,35.36,3.34,1
13186,6615,H&M,Jeans,93.38,0.0,0
13187,6615,H&M,Tops,37.23,8.21,1
13188,6615,H&M,Dresses,41.17,0.0,0
13189,6616,Under Armour,Activewear,125.42,27.58,1
13190,6616,Under Armour,Dresses,50.92,13.48,1
13191,6616,Under Armour,Tops,71.78,0.0,0
13192,6617,H&M,Lingerie,41.84,0.0,0
13193,6617,H&M,Outerwear,69.25,0.0,0
13194,6618,Urban Outfitters,Bags,39.77,0.0,0
13195,6618,Urban Outfitters,Bags,34.97,0.0,0
13196,6618,Urban Outfitters,Home,249.53,0.0,0
13197,6619,Prada,Dresses,1329.64,0.0,0
13198,6620,Girlfriend Collective,Home,41.36,0.0,0
13199,6621,Shein,Bags,22.49,0.0,0
13200,6621,Shein,Footwear,24.87,0.0,0
13201,6621,Shein,Activewear,34.9,0.0,0
13202,6622,H&M,Activewear,58.42,0.0,0
13203,6623,Under Armour,Outerwear,30.0,0.0,0
13204,6623,Under Armour,Outerwear,30.0,0.0,0
13205,6624,Loewe,Home,813.99,0.0,0
13206,6625,Urban Outfitters,Activewear,27.16,0.0,0
13207,6626,Chanel,Tops,2132.52,0.0,0
13208,6626,Chanel,Accessories,585.25,0.0,0
13209,6627,H&M,Outerwear,52.74,0.0,0
13210,6628,Under Armour,Lingerie,123.22,0.0,0
13211,6628,Under Armour,Bags,111.52,0.0,0
13212,6628,Under Armour,Swimwear,102.46,0.0,0
13213,6629,Loewe,Bags,1988.75,0.0,0
13214,6630,Chanel,Bags,9420.91,0.0,0
13215,6631,Loewe,Dresses,1976.26,0.0,0
13216,6631,Loewe,Jeans,1967.25,131.81,1
13217,6632,Prada,Accessories,560.54,0.0,0
13218,6633,Under Armour,Dresses,56.34,0.0,0
13219,6634,Zara,Accessories,75.98,20.97,1
13220,6634,Zara,Home,47.82,0.0,0
13221,6635,Gucci,Bags,2343.91,0.0,0
13222,6635,Gucci,Jeans,1585.11,0.0,0
13223,6635,Gucci,Dresses,1611.46,0.0,0
13224,6636,Urban Outfitters,Footwear,61.85,0.0,0
13225,6636,Urban Outfitters,Tops,74.49,0.0,0
13226,6636,Urban Outfitters,Dresses,102.95,0.0,0
13227,6637,Girlfriend Collective,Dresses,114.7,0.0,0
13228,6638,Girlfriend Collective,Jeans,86.09,0.0,0
13229,6638,Girlfriend Collective,Accessories,99.32,0.0,0
13230,6639,Zara,Swimwear,40.53,0.0,0
13231,6639,Zara,Bags,61.79,0.0,0
13232,6640,Shein,Beauty,17.43,0.96,1
13233,6640,Shein,Jeans,37.22,0.0,0
13234,6641,Urban Outfitters,Outerwear,69.58,0.0,0
13235,6642,H&M,Home,38.27,0.0,0
13236,6642,H&M,Lingerie,51.26,0.0,0
13237,6642,H&M,Bags,39.85,0.0,0
13238,6643,Under Armour,Activewear,44.29,0.0,0
13239,6644,Prada,Lingerie,558.03,0.0,0
13240,6644,Prada,Accessories,700.76,0.0,0
13241,6644,Prada,Jeans,948.32,0.0,0
13242,6645,Chanel,Dresses,1485.84,0.0,0
13243,6645,Chanel,Home,896.3,0.0,0
13244,6646,Urban Outfitters,Beauty,125.76,0.0,0
13245,6646,Urban Outfitters,Lingerie,78.88,0.0,0
13246,6647,Urban Outfitters,Beauty,86.67,0.0,0
13247,6647,Urban Outfitters,Accessories,36.27,0.0,0
13248,6647,Urban Outfitters,Jeans,76.86,0.0,0
13249,6648,Zara,Outerwear,36.5,0.0,0
13250,6649,Urban Outfitters,Beauty,43.79,0.0,0
13251,6649,Urban Outfitters,Tops,100.71,0.0,0
13252,6649,Urban Outfitters,Dresses,79.61,0.0,0
13253,6650,Urban Outfitters,Bags,60.19,0.0,0
13254,6650,Urban Outfitters,Swimwear,58.48,0.0,0
13255,6651,Zara,Activewear,55.25,3.15,1
13256,6652,Chanel,Home,947.41,0.0,0
13257,6652,Chanel,Lingerie,617.48,0.0,0
13258,6652,Chanel,Activewear,1105.67,0.0,0
13259,6653,Girlfriend Collective,Dresses,42.07,0.0,0
13260,6654,Under Armour,Accessories,80.81,0.0,0
13261,6655,Loewe,Accessories,855.45,0.0,0
13262,6655,Loewe,Jeans,1451.29,0.0,0
13263,6655,Loewe,Bags,2021.18,0.0,0
13264,6656,Zara,Home,69.99,0.0,0
13265,6657,Prada,Jeans,1230.88,0.0,0
13266,6657,Prada,Accessories,697.62,0.0,0
13267,6657,Prada,Activewear,414.96,0.0,0
13268,6658,Under Armour,Tops,76.0,0.0,0
13269,6658,Under Armour,Tops,74.39,0.0,0
13270,6658,Under Armour,Tops,130.15,0.0,0
13271,6659,Gucci,Bags,1611.86,0.0,0
13272,6659,Gucci,Footwear,655.86,0.0,0
13273,6660,Shein,Beauty,21.75,0.0,0
13274,6661,Gucci,Beauty,951.85,0.0,0
13275,6661,Gucci,Bags,2317.42,0.0,0
13276,6661,Gucci,Outerwear,3418.45,0.0,0
13277,6662,H&M,Dresses,102.28,0.0,0
13278,6662,H&M,Jeans,64.0,0.0,0
13279,6662,H&M,Outerwear,101.4,0.0,0
13280,6663,Gucci,Lingerie,792.53,0.0,0
13281,6664,Girlfriend Collective,Jeans,30.0,7.63,1
13282,6664,Girlfriend Collective,Home,30.0,0.0,0
13283,6664,Girlfriend Collective,Lingerie,78.44,12.76,1
13284,6665,Loewe,Home,831.92,0.0,0
13285,6665,Loewe,Swimwear,596.31,0.0,0
13286,6665,Loewe,Outerwear,3424.21,0.0,0
13287,6666,Loewe,Swimwear,600.22,0.0,0
13288,6666,Loewe,Accessories,556.48,0.0,0
13289,6666,Loewe,Dresses,1436.02,0.0,0
13290,6667,Under Armour,Bags,114.46,0.0,0
13291,6667,Under Armour,Jeans,54.31,0.0,0
13292,6668,Urban Outfitters,Outerwear,74.93,0.0,0
13293,6668,Urban Outfitters,Dresses,50.97,0.0,0
13294,6668,Urban Outfitters,Outerwear,43.41,0.0,0
13295,6669,H&M,Swimwear,64.47,0.0,0
13296,6670,Chanel,Beauty,775.42,0.0,0
13297,6670,Chanel,Jeans,1868.75,0.0,0
13298,6671,Under Armour,Jeans,60.37,0.0,0
13299,6671,Under Armour,Jeans,79.48,0.0,0
13300,6671,Under Armour,Lingerie,80.59,0.0,0
13301,6672,Girlfriend Collective,Outerwear,63.71,19.68,1
13302,6672,Girlfriend Collective,Accessories,77.67,0.0,0
13303,6672,Girlfriend Collective,Tops,46.45,0.0,0
13304,6673,Gucci,Lingerie,861.79,82.45,1
13305,6674,H&M,Home,49.63,4.44,1
13306,6675,Zara,Dresses,54.92,0.0,0
13307,6675,Zara,Footwear,68.59,0.0,0
13308,6676,Loewe,Bags,1992.74,0.0,0
13309,6676,Loewe,Beauty,754.89,0.0,0
13310,6676,Loewe,Outerwear,2925.82,0.0,0
13311,6677,Shein,Swimwear,10.52,0.0,0
13312,6677,Shein,Lingerie,25.56,6.51,1
13313,6678,Urban Outfitters,Home,40.61,0.0,0
13314,6678,Urban Outfitters,Footwear,60.08,0.0,0
13315,6679,Prada,Jeans,1342.84,0.0,0
13316,6679,Prada,Dresses,1670.41,0.0,0
13317,6680,Shein,Swimwear,29.8,0.0,0
13318,6680,Shein,Accessories,27.39,0.0,0
13319,6680,Shein,Jeans,21.07,0.0,0
13320,6681,Gucci,Home,932.62,0.0,0
13321,6681,Gucci,Lingerie,518.69,0.0,0
13322,6681,Gucci,Accessories,934.11,0.0,0
13323,6682,Shein,Swimwear,30.91,0.0,0
13324,6683,Girlfriend Collective,Home,79.85,0.0,0
13325,6684,Urban Outfitters,Lingerie,56.18,0.0,0
13326,6684,Urban Outfitters,Lingerie,73.82,0.0,0
13327,6684,Urban Outfitters,Home,135.71,0.0,0
13328,6685,Zara,Footwear,30.49,0.0,0
13329,6686,Urban Outfitters,Beauty,134.29,0.0,0
13330,6686,Urban Outfitters,Jeans,100.59,9.56,1
13331,6686,Urban Outfitters,Lingerie,84.73,0.0,0
13332,6687,H&M,Bags,29.15,0.0,0
13333,6687,H&M,Footwear,33.05,0.0,0
13334,6687,H&M,Footwear,18.29,0.0,0
13335,6688,Loewe,Lingerie,847.53,0.0,0
13336,6689,Prada,Lingerie,671.08,0.0,0
13337,6689,Prada,Footwear,996.05,0.0,0
13338,6689,Prada,Lingerie,777.29,0.0,0
13339,6690,H&M,Swimwear,39.89,0.0,0
13340,6690,H&M,Lingerie,56.78,0.0,0
13341,6690,H&M,Tops,68.17,0.0,0
13342,6691,Urban Outfitters,Jeans,112.98,0.0,0
13343,6691,Urban Outfitters,Home,92.9,11.13,1
13344,6692,Under Armour,Activewear,78.1,23.78,1
13345,6693,Urban Outfitters,Accessories,20.0,0.0,0
13346,6693,Urban Outfitters,Swimwear,56.97,0.0,0
13347,6694,Loewe,Tops,1053.19,0.0,0
13348,6695,Urban Outfitters,Lingerie,100.13,0.0,0
13349,6696,Zara,Footwear,25.25,0.0,0
13350,6696,Zara,Beauty,97.57,0.0,0
13351,6696,Zara,Outerwear,31.37,4.23,1
13352,6697,Gucci,Beauty,806.19,0.0,0
13353,6698,Loewe,Footwear,1294.51,0.0,0
13354,6699,Prada,Activewear,602.01,0.0,0
13355,6699,Prada,Bags,2570.55,0.0,0
13356,6700,Prada,Activewear,585.78,0.0,0
13357,6700,Prada,Swimwear,746.74,0.0,0
13358,6701,Zara,Dresses,38.9,0.0,0
13359,6701,Zara,Jeans,43.5,0.0,0
13360,6701,Zara,Dresses,35.6,0.0,0
13361,6702,Loewe,Activewear,624.36,0.0,0
13362,6702,Loewe,Footwear,627.83,0.0,0
13363,6703,H&M,Jeans,12.22,0.0,0
13364,6703,H&M,Jeans,64.96,0.0,0
13365,6703,H&M,Accessories,42.3,0.0,0
13366,6704,H&M,Jeans,143.25,0.0,0
13367,6704,H&M,Outerwear,100.33,0.0,0
13368,6704,H&M,Dresses,13.5,0.0,0
13369,6705,Chanel,Bags,10000.0,0.0,0
13370,6705,Chanel,Outerwear,3642.38,0.0,0
13371,6706,H&M,Lingerie,72.15,0.0,0
13372,6706,H&M,Accessories,86.32,0.0,0
13373,6706,H&M,Accessories,32.64,7.39,1
13374,6707,Prada,Footwear,686.26,0.0,0
13375,6707,Prada,Dresses,1715.34,209.57,1
13376,6707,Prada,Swimwear,507.28,0.0,0
13377,6708,Shein,Dresses,29.36,1.55,1
13378,6708,Shein,Footwear,7.19,0.0,0
13379,6709,Zara,Bags,87.71,14.79,1
13380,6709,Zara,Jeans,60.62,0.0,0
13381,6709,Zara,Swimwear,49.3,0.0,0
13382,6710,Loewe,Jeans,1435.25,0.0,0
13383,6711,Zara,Activewear,133.89,0.0,0
13384,6711,Zara,Outerwear,84.03,0.0,0
13385,6711,Zara,Tops,79.37,15.32,1
13386,6712,Zara,Jeans,72.92,11.73,1
13387,6712,Zara,Jeans,60.63,0.0,0
13388,6713,Urban Outfitters,Dresses,44.29,0.0,0
13389,6713,Urban Outfitters,Beauty,105.76,0.0,0
13390,6714,Loewe,Swimwear,758.92,0.0,0
13391,6714,Loewe,Activewear,1088.57,0.0,0
13392,6714,Loewe,Lingerie,1102.61,0.0,0
13393,6715,Gucci,Home,1333.83,342.04,1
13394,6715,Gucci,Home,585.13,0.0,0
13395,6716,Under Armour,Tops,93.2,8.71,1
13396,6716,Under Armour,Home,116.61,35.97,1
13397,6717,Zara,Tops,28.53,3.6,1
13398,6718,H&M,Accessories,53.08,0.0,0
13399,6718,H&M,Activewear,76.88,7.66,1
13400,6718,H&M,Outerwear,58.82,0.0,0
13401,6719,Prada,Swimwear,575.32,0.0,0
13402,6720,Urban Outfitters,Lingerie,62.53,0.0,0
13403,6720,Urban Outfitters,Home,173.35,0.0,0
13404,6721,Chanel,Beauty,523.62,0.0,0
13405,6721,Chanel,Jeans,1664.93,0.0,0
13406,6722,Shein,Activewear,21.8,0.0,0
13407,6722,Shein,Outerwear,26.22,0.0,0
13408,6723,Urban Outfitters,Footwear,46.16,15.47,1
13409,6723,Urban Outfitters,Footwear,55.16,0.0,0
13410,6724,Zara,Bags,114.55,0.0,0
13411,6724,Zara,Outerwear,32.32,0.0,0
13412,6725,Zara,Dresses,71.86,22.21,1
13413,6725,Zara,Activewear,96.36,0.0,0
13414,6725,Zara,Activewear,33.74,10.15,1
13415,6726,Prada,Dresses,1676.57,0.0,0
13416,6726,Prada,Bags,1846.72,0.0,0
13417,6727,Zara,Dresses,38.41,0.0,0
13418,6727,Zara,Beauty,39.7,0.0,0
13419,6727,Zara,Beauty,58.48,0.0,0
13420,6728,Urban Outfitters,Beauty,43.58,0.0,0
13421,6729,Shein,Swimwear,30.97,0.0,0
13422,6729,Shein,Swimwear,15.71,0.0,0
13423,6729,Shein,Footwear,10.98,0.0,0
13424,6730,Gucci,Tops,1023.92,0.0,0
13425,6730,Gucci,Accessories,371.0,0.0,0
13426,6730,Gucci,Beauty,398.93,0.0,0
13427,6731,Zara,Activewear,50.96,0.0,0
13428,6732,Gucci,Footwear,831.41,0.0,0
13429,6732,Gucci,Outerwear,3811.58,0.0,0
13430,6732,Gucci,Home,869.4,0.0,0
13431,6733,Shein,Swimwear,42.37,0.0,0
13432,6733,Shein,Bags,40.13,0.0,0
13433,6733,Shein,Footwear,18.13,0.0,0
13434,6734,Girlfriend Collective,Beauty,51.07,9.92,1
13435,6734,Girlfriend Collective,Jeans,105.82,0.0,0
13436,6734,Girlfriend Collective,Footwear,63.45,20.72,1
13437,6735,Zara,Footwear,74.92,0.0,0
13438,6736,H&M,Tops,91.19,0.0,0
13439,6737,Shein,Swimwear,27.97,2.62,1
13440,6737,Shein,Beauty,20.72,0.0,0
13441,6737,Shein,Lingerie,14.92,0.0,0
13442,6738,Under Armour,Beauty,89.47,0.0,0
13443,6738,Under Armour,Outerwear,98.57,15.32,1
13444,6738,Under Armour,Accessories,56.01,0.0,0
13445,6739,Loewe,Activewear,976.54,0.0,0
13446,6739,Loewe,Activewear,848.92,0.0,0
13447,6739,Loewe,Bags,2028.82,0.0,0
13448,6740,Urban Outfitters,Home,77.49,0.0,0
13449,6741,Gucci,Dresses,1823.98,0.0,0
13450,6742,Loewe,Beauty,876.27,0.0,0
13451,6743,Loewe,Outerwear,3565.04,340.55,1
13452,6744,Urban Outfitters,Dresses,84.97,0.0,0
13453,6744,Urban Outfitters,Bags,125.45,0.0,0
13454,6745,Under Armour,Outerwear,99.82,21.05,1
13455,6745,Under Armour,Swimwear,90.82,0.0,0
13456,6745,Under Armour,Swimwear,94.06,0.0,0
13457,6746,Zara,Lingerie,92.96,0.0,0
13458,6746,Zara,Home,10.4,0.0,0
13459,6747,Loewe,Jeans,1809.52,0.0,0
13460,6747,Loewe,Lingerie,919.43,0.0,0
13461,6748,Shein,Tops,14.21,0.0,0
13462,6748,Shein,Tops,31.33,0.0,0
13463,6749,Prada,Beauty,967.76,0.0,0
13464,6750,Loewe,Jeans,2285.62,0.0,0
13465,6751,Girlfriend Collective,Tops,99.74,30.93,1
13466,6752,Urban Outfitters,Activewear,89.89,0.0,0
13467,6752,Urban Outfitters,Tops,54.56,0.0,0
13468,6753,Urban Outfitters,Swimwear,118.52,0.0,0
13469,6753,Urban Outfitters,Bags,20.0,0.0,0
13470,6753,Urban Outfitters,Tops,75.46,0.0,0
13471,6754,Loewe,Swimwear,893.1,0.0,0
13472,6755,Girlfriend Collective,Home,81.38,0.0,0
13473,6755,Girlfriend Collective,Dresses,73.17,0.0,0
13474,6755,Girlfriend Collective,Jeans,95.12,0.0,0
13475,6756,Urban Outfitters,Swimwear,52.97,0.0,0
13476,6756,Urban Outfitters,Swimwear,93.02,0.0,0
13477,6757,H&M,Bags,59.81,0.0,0
13478,6757,H&M,Jeans,21.86,0.0,0
13479,6757,H&M,Outerwear,62.91,0.0,0
13480,6758,Prada,Swimwear,1011.28,0.0,0
13481,6758,Prada,Swimwear,898.72,0.0,0
13482,6759,Chanel,Tops,1805.18,0.0,0
13483,6759,Chanel,Outerwear,3289.13,0.0,0
13484,6760,Prada,Activewear,680.77,0.0,0
13485,6761,Urban Outfitters,Lingerie,78.48,9.45,1
13486,6762,Prada,Beauty,878.57,0.0,0
13487,6762,Prada,Dresses,1304.0,0.0,0
13488,6762,Prada,Dresses,1557.3,0.0,0
13489,6763,Shein,Tops,37.13,0.0,0
13490,6763,Shein,Footwear,5.0,0.0,0
13491,6763,Shein,Beauty,25.96,4.15,1
13492,6764,Under Armour,Beauty,99.86,12.25,1
13493,6765,Urban Outfitters,Beauty,58.95,0.0,0
13494,6766,Zara,Outerwear,53.65,0.0,0
13495,6766,Zara,Dresses,56.84,18.43,1
13496,6766,Zara,Bags,23.82,0.0,0
13497,6767,Zara,Beauty,73.2,0.0,0
13498,6768,Under Armour,Lingerie,41.3,11.41,1
13499,6768,Under Armour,Accessories,54.63,13.81,1
13500,6768,Under Armour,Outerwear,66.5,0.0,0
13501,6769,Zara,Swimwear,10.72,0.0,0
13502,6770,Urban Outfitters,Dresses,47.32,0.0,0
13503,6770,Urban Outfitters,Swimwear,52.44,0.0,0
13504,6771,H&M,Footwear,81.51,0.0,0
13505,6771,H&M,Jeans,87.37,0.0,0
13506,6772,Chanel,Dresses,1017.32,0.0,0
13507,6772,Chanel,Dresses,947.12,0.0,0
13508,6772,Chanel,Bags,8623.12,0.0,0
13509,6773,Urban Outfitters,Bags,56.72,0.0,0
13510,6774,Urban Outfitters,Tops,108.1,0.0,0
13511,6774,Urban Outfitters,Outerwear,96.25,31.0,1
13512,6775,Prada,Tops,1975.5,0.0,0
13513,6776,Shein,Jeans,26.04,6.64,1
13514,6776,Shein,Dresses,26.24,0.0,0
13515,6776,Shein,Outerwear,5.36,0.0,0
13516,6777,Gucci,Activewear,767.15,0.0,0
13517,6777,Gucci,Lingerie,976.17,0.0,0
13518,6778,Gucci,Beauty,955.25,0.0,0
13519,6779,Urban Outfitters,Lingerie,31.12,0.0,0
13520,6780,Loewe,Home,1077.26,0.0,0
13521,6780,Loewe,Tops,1579.88,0.0,0
13522,6781,H&M,Footwear,44.58,0.0,0
13523,6781,H&M,Swimwear,31.89,0.0,0
13524,6782,H&M,Dresses,53.93,0.0,0
13525,6783,Gucci,Dresses,1502.93,0.0,0
13526,6784,Urban Outfitters,Lingerie,65.61,0.0,0
13527,6785,Chanel,Home,738.77,0.0,0
13528,6786,Zara,Home,84.94,0.0,0
13529,6786,Zara,Swimwear,85.66,11.59,1
13530,6787,Gucci,Lingerie,932.81,0.0,0
13531,6787,Gucci,Swimwear,968.69,0.0,0
13532,6787,Gucci,Bags,2372.47,0.0,0
13533,6788,Shein,Dresses,29.93,0.0,0
13534,6788,Shein,Footwear,20.52,0.0,0
13535,6789,Zara,Home,81.96,0.0,0
13536,6790,H&M,Beauty,20.78,6.78,1
13537,6790,H&M,Lingerie,26.05,0.0,0
13538,6790,H&M,Lingerie,10.0,3.42,1
13539,6791,Zara,Tops,80.04,0.0,0
13540,6792,Gucci,Jeans,1632.0,0.0,0
13541,6792,Gucci,Footwear,625.67,0.0,0
13542,6792,Gucci,Activewear,433.08,0.0,0
13543,6793,Zara,Home,95.25,0.0,0
13544,6794,Shein,Footwear,53.12,0.0,0
13545,6795,Prada,Lingerie,608.3,0.0,0
13546,6796,Gucci,Dresses,1353.83,0.0,0
13547,6796,Gucci,Footwear,930.52,0.0,0
13548,6796,Gucci,Outerwear,3231.84,396.03,1
13549,6797,Under Armour,Swimwear,118.11,0.0,0
13550,6797,Under Armour,Home,67.58,11.38,1
13551,6797,Under Armour,Home,131.51,0.0,0
13552,6798,H&M,Home,115.63,0.0,0
13553,6798,H&M,Jeans,39.59,0.0,0
13554,6799,Girlfriend Collective,Footwear,94.19,0.0,0
13555,6799,Girlfriend Collective,Beauty,85.79,0.0,0
13556,6799,Girlfriend Collective,Tops,63.04,0.0,0
13557,6800,Urban Outfitters,Swimwear,54.77,0.0,0
13558,6800,Urban Outfitters,Tops,77.78,0.0,0
13559,6800,Urban Outfitters,Outerwear,77.98,25.26,1
13560,6801,H&M,Bags,89.75,0.0,0
13561,6801,H&M,Jeans,130.99,0.0,0
13562,6802,Chanel,Footwear,702.64,0.0,0
13563,6803,Chanel,Tops,1716.61,0.0,0
13564,6803,Chanel,Accessories,1008.06,0.0,0
13565,6803,Chanel,Accessories,466.35,0.0,0
13566,6804,Zara,Bags,63.38,0.0,0
13567,6804,Zara,Lingerie,32.2,0.0,0
13568,6805,Shein,Dresses,29.18,0.0,0
13569,6805,Shein,Lingerie,20.2,6.41,1
13570,6806,Girlfriend Collective,Footwear,78.22,0.0,0
13571,6806,Girlfriend Collective,Footwear,81.16,0.0,0
13572,6807,Zara,Tops,103.71,0.0,0
13573,6808,Shein,Tops,9.92,0.0,0
13574,6809,Gucci,Activewear,391.82,0.0,0
13575,6809,Gucci,Activewear,742.08,0.0,0
13576,6810,Urban Outfitters,Lingerie,97.87,0.0,0
13577,6810,Urban Outfitters,Footwear,108.94,0.0,0
13578,6811,Zara,Outerwear,39.38,0.0,0
13579,6811,Zara,Activewear,72.39,0.0,0
13580,6812,Gucci,Tops,1171.98,0.0,0
13581,6813,Under Armour,Lingerie,81.84,0.0,0
13582,6813,Under Armour,Activewear,85.67,0.0,0
13583,6813,Under Armour,Outerwear,110.63,26.36,1
13584,6814,Prada,Tops,2077.15,0.0,0
13585,6814,Prada,Outerwear,3459.57,0.0,0
13586,6815,Zara,Home,22.32,0.0,0
13587,6815,Zara,Lingerie,61.49,5.18,1
13588,6815,Zara,Bags,67.7,8.12,1
13589,6816,Under Armour,Tops,114.96,0.0,0
13590,6816,Under Armour,Activewear,120.63,0.0,0
13591,6817,Girlfriend Collective,Home,80.95,0.0,0
13592,6817,Girlfriend Collective,Activewear,75.18,0.0,0
13593,6817,Girlfriend Collective,Home,77.78,0.0,0
13594,6818,Zara,Swimwear,53.04,0.0,0
13595,6818,Zara,Beauty,81.38,22.27,1
13596,6818,Zara,Footwear,94.68,0.0,0
13597,6819,Under Armour,Dresses,96.43,0.0,0
13598,6819,Under Armour,Swimwear,81.36,27.13,1
13599,6819,Under Armour,Dresses,77.13,0.0,0
13600,6820,Urban Outfitters,Jeans,76.63,0.0,0
13601,6821,Zara,Bags,90.14,26.27,1
13602,6821,Zara,Tops,47.02,0.0,0
13603,6822,Loewe,Lingerie,959.14,0.0,0
13604,6822,Loewe,Lingerie,1037.13,0.0,0
13605,6822,Loewe,Outerwear,3576.07,0.0,0
13606,6823,Urban Outfitters,Lingerie,66.34,0.0,0
13607,6823,Urban Outfitters,Tops,94.56,0.0,0
13608,6823,Urban Outfitters,Tops,69.01,20.84,1
13609,6824,Prada,Lingerie,805.64,0.0,0
13610,6824,Prada,Home,554.84,0.0,0
13611,6825,Gucci,Lingerie,891.52,0.0,0
13612,6825,Gucci,Bags,2583.63,0.0,0
13613,6826,Urban Outfitters,Activewear,56.62,0.0,0
13614,6827,Shein,Outerwear,23.32,5.11,1
13615,6827,Shein,Jeans,6.08,0.44,1
13616,6827,Shein,Home,36.39,0.0,0
13617,6828,Urban Outfitters,Bags,132.71,38.28,1
13618,6829,Zara,Dresses,91.64,0.0,0
13619,6829,Zara,Footwear,83.91,0.0,0
13620,6830,Chanel,Home,1118.0,0.0,0
13621,6831,Loewe,Activewear,1038.35,0.0,0
13622,6831,Loewe,Tops,1812.28,0.0,0
13623,6832,Under Armour,Activewear,97.04,20.57,1
13624,6832,Under Armour,Bags,84.9,0.0,0
13625,6832,Under Armour,Activewear,140.34,0.0,0
13626,6833,Prada,Beauty,387.98,74.03,1
13627,6833,Prada,Jeans,1623.42,0.0,0
13628,6833,Prada,Beauty,842.49,0.0,0
13629,6834,H&M,Lingerie,57.26,0.0,0
13630,6834,H&M,Bags,79.37,0.0,0
13631,6834,H&M,Beauty,84.17,0.0,0
13632,6835,Shein,Bags,16.26,4.99,1
13633,6836,Zara,Accessories,116.26,40.67,1
13634,6836,Zara,Accessories,92.18,0.0,0
13635,6836,Zara,Swimwear,91.9,0.0,0
13636,6837,Under Armour,Footwear,104.62,25.44,1
13637,6838,Shein,Swimwear,12.01,1.72,1
13638,6838,Shein,Dresses,9.92,0.0,0
13639,6838,Shein,Beauty,31.91,0.0,0
13640,6839,H&M,Outerwear,45.84,6.81,1
13641,6839,H&M,Lingerie,33.97,0.0,0
13642,6840,H&M,Jeans,21.33,5.61,1
13643,6840,H&M,Dresses,48.85,12.39,1
13644,6841,Shein,Accessories,34.39,0.0,0
13645,6842,Girlfriend Collective,Tops,59.73,0.0,0
13646,6843,Zara,Outerwear,94.62,5.36,1
13647,6844,Prada,Tops,1207.31,0.0,0
13648,6844,Prada,Outerwear,3687.82,0.0,0
13649,6845,Zara,Jeans,34.51,0.0,0
13650,6845,Zara,Swimwear,33.49,0.0,0
13651,6846,Under Armour,Home,162.46,0.0,0
13652,6846,Under Armour,Footwear,66.05,20.75,1
13653,6846,Under Armour,Jeans,30.0,0.0,0
13654,6847,Shein,Tops,16.15,1.37,1
13655,6848,Urban Outfitters,Swimwear,57.14,9.01,1
13656,6848,Urban Outfitters,Beauty,20.0,0.0,0
13657,6849,H&M,Lingerie,68.15,15.24,1
13658,6849,H&M,Lingerie,79.9,17.33,1
13659,6849,H&M,Lingerie,52.59,0.0,0
13660,6850,Zara,Lingerie,39.05,7.19,1
13661,6850,Zara,Dresses,27.72,0.0,0
13662,6850,Zara,Outerwear,62.7,0.0,0
13663,6851,Girlfriend Collective,Beauty,94.18,0.0,0
13664,6851,Girlfriend Collective,Dresses,127.92,0.0,0
13665,6852,Shein,Beauty,28.13,0.0,0
13666,6853,Zara,Activewear,41.01,0.0,0
13667,6854,Chanel,Outerwear,3134.15,0.0,0
13668,6854,Chanel,Lingerie,656.04,0.0,0
13669,6854,Chanel,Tops,1431.53,0.0,0
13670,6855,Zara,Jeans,52.43,15.18,1
13671,6855,Zara,Tops,50.65,0.0,0
13672,6856,Under Armour,Accessories,177.74,46.82,1
13673,6856,Under Armour,Jeans,52.54,14.94,1
13674,6856,Under Armour,Activewear,68.21,0.0,0
13675,6857,Zara,Accessories,22.51,7.71,1
13676,6857,Zara,Lingerie,14.64,0.0,0
13677,6858,Girlfriend Collective,Activewear,77.79,0.0,0
13678,6859,Shein,Home,15.83,3.85,1
13679,6860,Gucci,Footwear,831.8,0.0,0
13680,6860,Gucci,Activewear,1044.9,0.0,0
13681,6861,H&M,Tops,85.44,0.0,0
13682,6861,H&M,Beauty,93.8,0.0,0
13683,6861,H&M,Activewear,56.94,11.13,1
13684,6862,Prada,Jeans,706.95,0.0,0
13685,6863,Prada,Beauty,734.59,0.0,0
13686,6864,Gucci,Jeans,2110.52,0.0,0
13687,6864,Gucci,Tops,700.0,0.0,0
13688,6864,Gucci,Jeans,1134.72,0.0,0
13689,6865,H&M,Accessories,61.61,0.0,0
13690,6866,Chanel,Footwear,937.39,0.0,0
13691,6866,Chanel,Activewear,1097.71,0.0,0
13692,6867,Zara,Home,65.19,0.0,0
13693,6867,Zara,Bags,123.02,0.0,0
13694,6868,Prada,Home,701.77,0.0,0
13695,6868,Prada,Home,782.82,0.0,0
13696,6868,Prada,Accessories,570.55,0.0,0
13697,6869,Chanel,Tops,823.36,0.0,0
13698,6869,Chanel,Swimwear,890.55,0.0,0
13699,6869,Chanel,Lingerie,985.44,0.0,0
13700,6870,Loewe,Footwear,724.86,0.0,0
13701,6870,Loewe,Home,761.76,0.0,0
13702,6871,Prada,Outerwear,3831.13,0.0,0
13703,6872,Zara,Jeans,60.55,0.0,0
13704,6872,Zara,Dresses,55.6,17.47,1
13705,6873,Girlfriend Collective,Swimwear,50.94,0.0,0
13706,6874,Loewe,Accessories,583.77,0.0,0
13707,6874,Loewe,Tops,1425.19,0.0,0
13708,6874,Loewe,Home,786.06,0.0,0
13709,6875,Zara,Activewear,88.72,5.24,1
13710,6875,Zara,Dresses,67.08,0.0,0
13711,6875,Zara,Outerwear,72.05,19.98,1
13712,6876,Prada,Swimwear,1075.73,0.0,0
13713,6877,Gucci,Outerwear,3213.88,0.0,0
13714,6877,Gucci,Bags,1691.66,0.0,0
13715,6878,Zara,Activewear,38.09,0.0,0
13716,6878,Zara,Tops,55.66,0.0,0
13717,6879,Loewe,Tops,777.33,0.0,0
13718,6879,Loewe,Jeans,1250.06,0.0,0
13719,6879,Loewe,Lingerie,749.56,0.0,0
13720,6880,Zara,Beauty,74.58,15.39,1
13721,6880,Zara,Footwear,10.0,1.57,1
13722,6880,Zara,Activewear,75.43,0.0,0
13723,6881,Zara,Activewear,31.77,0.0,0
13724,6881,Zara,Tops,55.48,0.0,0
13725,6882,Urban Outfitters,Jeans,83.43,0.0,0
13726,6882,Urban Outfitters,Outerwear,52.76,0.0,0
13727,6882,Urban Outfitters,Tops,67.81,0.0,0
13728,6883,Shein,Lingerie,5.0,0.0,0
13729,6883,Shein,Lingerie,40.02,7.45,1
13730,6883,Shein,Swimwear,26.7,0.0,0
13731,6884,Urban Outfitters,Tops,109.02,0.0,0
13732,6884,Urban Outfitters,Outerwear,20.0,0.0,0
13733,6884,Urban Outfitters,Dresses,59.98,4.88,1
13734,6885,Loewe,Tops,1281.45,0.0,0
13735,6885,Loewe,Bags,1980.75,0.0,0
13736,6886,Prada,Outerwear,3487.29,0.0,0
13737,6886,Prada,Jeans,942.46,173.22,1
13738,6886,Prada,Bags,1939.05,0.0,0
13739,6887,Under Armour,Activewear,109.99,0.0,0
13740,6887,Under Armour,Home,54.67,0.0,0
13741,6887,Under Armour,Home,82.27,0.0,0
13742,6888,Chanel,Accessories,674.31,0.0,0
13743,6888,Chanel,Bags,9214.17,0.0,0
13744,6888,Chanel,Dresses,1614.25,0.0,0
13745,6889,Loewe,Bags,2124.33,0.0,0
13746,6889,Loewe,Home,856.99,0.0,0
13747,6890,Girlfriend Collective,Accessories,89.34,0.0,0
13748,6891,Prada,Lingerie,562.22,0.0,0
13749,6891,Prada,Dresses,1115.1,0.0,0
13750,6891,Prada,Accessories,539.18,0.0,0
13751,6892,Girlfriend Collective,Beauty,150.0,13.97,1
13752,6893,Urban Outfitters,Lingerie,42.06,4.61,1
13753,6893,Urban Outfitters,Lingerie,67.14,0.0,0
13754,6894,Under Armour,Jeans,30.0,0.0,0
13755,6894,Under Armour,Activewear,55.03,0.0,0
13756,6894,Under Armour,Outerwear,68.42,0.0,0
13757,6895,Zara,Bags,87.24,0.0,0
13758,6895,Zara,Dresses,39.52,0.0,0
13759,6895,Zara,Jeans,29.31,9.39,1
13760,6896,Urban Outfitters,Activewear,75.92,0.0,0
13761,6896,Urban Outfitters,Footwear,64.86,7.82,1
13762,6897,Urban Outfitters,Footwear,54.43,0.0,0
13763,6898,Under Armour,Tops,155.74,12.98,1
13764,6898,Under Armour,Footwear,55.81,0.0,0
13765,6899,H&M,Accessories,40.9,0.0,0
13766,6899,H&M,Swimwear,33.03,0.0,0
13767,6900,Shein,Activewear,28.78,0.0,0
13768,6901,H&M,Beauty,62.44,0.0,0
13769,6901,H&M,Accessories,44.55,4.81,1
13770,6902,Urban Outfitters,Footwear,48.08,10.74,1
13771,6902,Urban Outfitters,Dresses,120.41,0.0,0
13772,6902,Urban Outfitters,Dresses,80.37,23.09,1
13773,6903,Zara,Tops,52.82,0.0,0
13774,6904,Zara,Dresses,55.75,18.75,1
13775,6904,Zara,Bags,62.06,0.0,0
13776,6905,Loewe,Bags,1824.92,0.0,0
13777,6905,Loewe,Tops,1722.38,0.0,0
13778,6906,Gucci,Jeans,1234.88,0.0,0
13779,6907,H&M,Dresses,47.03,0.0,0
13780,6907,H&M,Accessories,121.15,21.28,1
13781,6908,Under Armour,Dresses,70.09,0.0,0
13782,6909,Loewe,Tops,1961.67,0.0,0
13783,6910,Under Armour,Activewear,30.0,0.0,0
13784,6910,Under Armour,Outerwear,140.07,47.3,1
13785,6911,Gucci,Outerwear,3527.16,0.0,0
13786,6911,Gucci,Lingerie,507.98,80.22,1
13787,6912,Zara,Dresses,73.88,0.0,0
13788,6912,Zara,Lingerie,65.41,0.0,0
13789,6912,Zara,Home,78.28,0.0,0
13790,6913,Zara,Jeans,22.74,0.0,0
13791,6913,Zara,Lingerie,56.01,0.0,0
13792,6914,H&M,Lingerie,90.53,0.0,0
13793,6914,H&M,Swimwear,87.59,0.0,0
13794,6914,H&M,Beauty,10.0,0.0,0
13795,6915,Prada,Home,960.46,0.0,0
13796,6915,Prada,Home,300.0,0.0,0
13797,6916,Chanel,Footwear,878.63,0.0,0
13798,6916,Chanel,Beauty,428.11,0.0,0
13799,6916,Chanel,Footwear,941.34,0.0,0
13800,6917,Under Armour,Accessories,126.2,0.0,0
13801,6917,Under Armour,Tops,160.32,23.88,1
13802,6917,Under Armour,Beauty,41.53,5.62,1
13803,6918,H&M,Jeans,46.98,14.81,1
13804,6919,Under Armour,Beauty,63.36,0.0,0
13805,6919,Under Armour,Swimwear,106.95,22.44,1
13806,6920,Prada,Bags,2329.11,0.0,0
13807,6920,Prada,Swimwear,872.63,0.0,0
13808,6920,Prada,Tops,1611.97,0.0,0
13809,6921,Zara,Lingerie,47.73,11.98,1
13810,6922,Loewe,Lingerie,1056.87,0.0,0
13811,6923,Loewe,Tops,1469.09,0.0,0
13812,6923,Loewe,Lingerie,795.56,0.0,0
13813,6923,Loewe,Activewear,705.6,0.0,0
13814,6924,Chanel,Accessories,670.68,0.0,0
13815,6925,Gucci,Bags,1833.73,0.0,0
13816,6925,Gucci,Dresses,700.0,0.0,0
13817,6925,Gucci,Home,821.14,0.0,0
13818,6926,H&M,Dresses,11.71,0.0,0
13819,6927,Loewe,Jeans,1351.95,0.0,0
13820,6927,Loewe,Activewear,887.7,0.0,0
13821,6927,Loewe,Lingerie,1058.52,0.0,0
13822,6928,Shein,Lingerie,25.94,7.38,1
13823,6928,Shein,Accessories,9.75,0.93,1
13824,6929,Gucci,Tops,2500.0,0.0,0
13825,6929,Gucci,Outerwear,3408.51,0.0,0
13826,6929,Gucci,Accessories,602.84,0.0,0
13827,6930,Zara,Tops,58.82,6.87,1
13828,6931,H&M,Activewear,76.52,5.35,1
13829,6931,H&M,Activewear,70.21,0.0,0
13830,6931,H&M,Accessories,75.9,9.13,1
13831,6932,Under Armour,Footwear,99.8,0.0,0
13832,6932,Under Armour,Beauty,87.5,0.0,0
13833,6933,Gucci,Beauty,1103.36,0.0,0
13834,6933,Gucci,Activewear,840.12,0.0,0
13835,6933,Gucci,Footwear,897.61,0.0,0
13836,6934,H&M,Bags,37.51,0.0,0
13837,6934,H&M,Jeans,81.7,20.8,1
13838,6935,Under Armour,Dresses,87.81,28.86,1
13839,6936,Girlfriend Collective,Dresses,67.71,0.0,0
13840,6936,Girlfriend Collective,Activewear,104.02,0.0,0
13841,6936,Girlfriend Collective,Swimwear,77.42,26.47,1
13842,6937,Shein,Tops,14.54,5.09,1
13843,6937,Shein,Swimwear,31.79,0.0,0
13844,6937,Shein,Lingerie,7.98,1.33,1
13845,6938,Prada,Tops,2159.32,0.0,0
13846,6938,Prada,Bags,1671.71,0.0,0
13847,6938,Prada,Lingerie,581.51,0.0,0
13848,6939,Under Armour,Accessories,139.66,0.0,0
13849,6940,Urban Outfitters,Dresses,106.37,0.0,0
13850,6941,H&M,Bags,43.88,6.19,1
13851,6941,H&M,Accessories,43.32,0.0,0
13852,6942,Urban Outfitters,Beauty,33.96,5.95,1
13853,6942,Urban Outfitters,Lingerie,60.58,0.0,0
13854,6943,Prada,Beauty,1030.0,0.0,0
13855,6943,Prada,Swimwear,661.03,0.0,0
13856,6944,Urban Outfitters,Swimwear,27.07,8.48,1
13857,6944,Urban Outfitters,Home,99.21,0.0,0
13858,6944,Urban Outfitters,Home,89.42,0.0,0
13859,6945,Shein,Swimwear,32.18,6.02,1
13860,6945,Shein,Jeans,19.13,0.0,0
13861,6946,Prada,Beauty,470.19,0.0,0
13862,6946,Prada,Footwear,1022.36,0.0,0
13863,6946,Prada,Activewear,735.5,0.0,0
13864,6947,Girlfriend Collective,Tops,97.07,0.0,0
13865,6947,Girlfriend Collective,Dresses,108.8,6.19,1
13866,6947,Girlfriend Collective,Home,96.62,0.0,0
13867,6948,Zara,Accessories,36.28,2.92,1
13868,6948,Zara,Footwear,61.69,0.0,0
13869,6949,Loewe,Footwear,819.83,0.0,0
13870,6949,Loewe,Footwear,1181.63,0.0,0
13871,6949,Loewe,Activewear,927.99,0.0,0
13872,6950,Gucci,Jeans,1909.46,0.0,0
13873,6950,Gucci,Lingerie,1278.25,0.0,0
13874,6951,Gucci,Footwear,989.62,0.0,0
13875,6951,Gucci,Outerwear,3248.46,0.0,0
13876,6952,Loewe,Accessories,606.54,67.39,1
13877,6953,Under Armour,Outerwear,111.66,34.83,1
13878,6953,Under Armour,Jeans,65.39,0.0,0
13879,6953,Under Armour,Home,30.0,0.0,0
13880,6954,Girlfriend Collective,Jeans,61.43,0.0,0
13881,6954,Girlfriend Collective,Outerwear,115.86,28.81,1
13882,6954,Girlfriend Collective,Beauty,71.81,0.0,0
13883,6955,H&M,Lingerie,72.12,0.0,0
13884,6956,Zara,Lingerie,48.13,0.0,0
13885,6956,Zara,Swimwear,56.27,0.0,0
13886,6957,Zara,Beauty,63.6,14.35,1
13887,6957,Zara,Beauty,88.38,0.0,0
13888,6958,H&M,Activewear,88.48,8.44,1
13889,6959,Urban Outfitters,Accessories,80.82,0.0,0
13890,6960,Gucci,Jeans,1937.24,0.0,0
13891,6961,Loewe,Dresses,1865.95,0.0,0
13892,6961,Loewe,Home,452.75,0.0,0
13893,6962,Loewe,Dresses,1607.54,0.0,0
13894,6962,Loewe,Bags,2382.47,0.0,0
13895,6963,Girlfriend Collective,Footwear,54.0,0.0,0
13896,6964,Shein,Beauty,15.02,0.0,0
13897,6965,Loewe,Jeans,1900.81,0.0,0
13898,6966,Gucci,Outerwear,3276.76,0.0,0
13899,6967,Prada,Tops,1890.72,0.0,0
13900,6968,Urban Outfitters,Swimwear,56.75,0.0,0
13901,6968,Urban Outfitters,Dresses,91.93,0.0,0
13902,6969,Shein,Footwear,27.14,0.0,0
13903,6970,H&M,Swimwear,38.13,0.0,0
13904,6971,Gucci,Lingerie,498.63,0.0,0
13905,6971,Gucci,Accessories,587.34,0.0,0
13906,6971,Gucci,Outerwear,3870.77,0.0,0
13907,6972,Girlfriend Collective,Home,83.66,8.07,1
13908,6972,Girlfriend Collective,Footwear,97.28,0.0,0
13909,6972,Girlfriend Collective,Footwear,73.75,0.0,0
13910,6973,Shein,Activewear,31.06,4.97,1
13911,6973,Shein,Jeans,26.29,0.0,0
13912,6973,Shein,Swimwear,33.41,0.0,0
13913,6974,Urban Outfitters,Accessories,51.08,0.0,0
13914,6974,Urban Outfitters,Accessories,92.98,0.0,0
13915,6975,Shein,Accessories,8.58,0.0,0
13916,6975,Shein,Jeans,41.62,0.0,0
13917,6976,Prada,Activewear,995.91,0.0,0
13918,6977,Urban Outfitters,Accessories,59.57,0.0,0
13919,6977,Urban Outfitters,Activewear,56.58,0.0,0
13920,6977,Urban Outfitters,Accessories,37.52,5.09,1
13921,6978,Urban Outfitters,Bags,62.54,9.78,1
13922,6979,Under Armour,Swimwear,30.0,0.0,0
13923,6979,Under Armour,Footwear,70.84,16.81,1
13924,6979,Under Armour,Lingerie,73.81,0.0,0
13925,6980,Urban Outfitters,Lingerie,42.84,0.0,0
13926,6981,Shein,Bags,22.87,7.68,1
13927,6981,Shein,Lingerie,35.34,0.0,0
13928,6982,Loewe,Footwear,1305.91,0.0,0
13929,6982,Loewe,Accessories,786.47,0.0,0
13930,6983,Gucci,Swimwear,746.53,0.0,0
13931,6984,Prada,Activewear,901.0,0.0,0
13932,6984,Prada,Lingerie,879.15,0.0,0
13933,6985,Urban Outfitters,Bags,28.6,7.07,1
13934,6985,Urban Outfitters,Bags,54.29,11.02,1
13935,6985,Urban Outfitters,Footwear,96.19,0.0,0
13936,6986,Girlfriend Collective,Accessories,53.49,0.0,0
13937,6987,Girlfriend Collective,Outerwear,99.6,0.0,0
13938,6987,Girlfriend Collective,Jeans,97.73,0.0,0
13939,6987,Girlfriend Collective,Dresses,30.0,0.0,0
13940,6988,Gucci,Tops,700.0,0.0,0
13941,6988,Gucci,Swimwear,1330.8,0.0,0
13942,6989,Gucci,Beauty,777.29,0.0,0
13943,6989,Gucci,Home,760.35,0.0,0
13944,6990,Prada,Lingerie,618.15,0.0,0
13945,6991,H&M,Jeans,88.29,0.0,0
13946,6991,H&M,Swimwear,106.73,29.56,1
13947,6991,H&M,Activewear,48.89,13.18,1
13948,6992,Shein,Tops,18.49,0.0,0
13949,6992,Shein,Swimwear,31.45,0.0,0
13950,6993,Prada,Tops,2429.85,0.0,0
13951,6994,Loewe,Activewear,533.01,0.0,0
13952,6994,Loewe,Bags,2035.25,0.0,0
13953,6995,Zara,Beauty,22.13,0.0,0
13954,6995,Zara,Outerwear,51.69,8.0,1
13955,6995,Zara,Outerwear,104.3,17.18,1
13956,6996,Prada,Beauty,652.99,0.0,0
13957,6996,Prada,Accessories,638.17,0.0,0
13958,6996,Prada,Tops,2297.08,0.0,0
13959,6997,Shein,Outerwear,22.53,5.49,1
13960,6997,Shein,Activewear,23.41,5.63,1
13961,6997,Shein,Accessories,19.96,0.0,0
13962,6998,H&M,Dresses,35.44,0.0,0
13963,6998,H&M,Dresses,68.0,0.0,0
13964,6998,H&M,Swimwear,71.09,23.52,1
13965,6999,H&M,Outerwear,44.57,0.0,0
13966,7000,Loewe,Lingerie,1055.52,0.0,0
13967,7000,Loewe,Activewear,565.57,0.0,0
13968,7000,Loewe,Activewear,625.23,0.0,0
13969,7001,Zara,Beauty,29.78,0.0,0
13970,7002,Under Armour,Activewear,30.0,0.0,0
13971,7003,Gucci,Home,1040.42,0.0,0
13972,7003,Gucci,Bags,2272.94,0.0,0
13973,7004,Shein,Activewear,20.3,0.0,0
13974,7004,Shein,Jeans,34.19,0.0,0
13975,7005,H&M,Beauty,57.83,0.0,0
13976,7005,H&M,Bags,46.23,0.0,0
13977,7006,Under Armour,Jeans,87.56,0.0,0
13978,7006,Under Armour,Footwear,65.35,0.0,0
13979,7007,Girlfriend Collective,Accessories,91.61,0.0,0
13980,7008,Prada,Accessories,300.0,0.0,0
13981,7009,Prada,Outerwear,3416.84,0.0,0
13982,7009,Prada,Dresses,1150.61,0.0,0
13983,7010,Girlfriend Collective,Beauty,96.93,0.0,0
13984,7010,Girlfriend Collective,Bags,59.07,14.71,1
13985,7010,Girlfriend Collective,Home,66.45,16.09,1
13986,7011,Girlfriend Collective,Beauty,88.99,0.0,0
13987,7011,Girlfriend Collective,Dresses,96.35,0.0,0
13988,7011,Girlfriend Collective,Tops,87.41,0.0,0
13989,7012,H&M,Beauty,74.85,18.73,1
13990,7012,H&M,Swimwear,81.17,26.85,1
13991,7012,H&M,Jeans,90.98,0.0,0
13992,7013,Loewe,Home,992.55,0.0,0
13993,7013,Loewe,Home,976.27,0.0,0
13994,7013,Loewe,Bags,2059.08,0.0,0
13995,7014,Shein,Bags,21.54,0.0,0
13996,7015,Urban Outfitters,Swimwear,62.85,0.0,0
13997,7015,Urban Outfitters,Accessories,53.31,13.59,1
13998,7016,Chanel,Accessories,518.24,76.78,1
13999,7017,Zara,Lingerie,71.58,0.0,0
14000,7018,Urban Outfitters,Jeans,58.03,0.0,0
14001,7018,Urban Outfitters,Accessories,92.15,8.73,1
14002,7019,Gucci,Bags,1500.0,0.0,0
14003,7019,Gucci,Outerwear,4234.96,0.0,0
14004,7020,Zara,Activewear,10.0,1.83,1
14005,7020,Zara,Beauty,46.28,0.0,0
14006,7021,Girlfriend Collective,Dresses,84.72,0.0,0
14007,7022,Loewe,Lingerie,982.75,0.0,0
14008,7022,Loewe,Activewear,637.45,0.0,0
14009,7022,Loewe,Tops,1467.98,0.0,0
14010,7023,Loewe,Swimwear,723.01,0.0,0
14011,7024,Shein,Tops,26.47,0.0,0
14012,7025,Zara,Bags,96.44,6.54,1
14013,7025,Zara,Swimwear,73.19,0.0,0
14014,7026,Urban Outfitters,Outerwear,52.65,0.0,0
14015,7027,H&M,Home,56.62,18.9,1
14016,7027,H&M,Footwear,28.59,7.36,1
14017,7028,Gucci,Jeans,1791.56,0.0,0
14018,7029,Urban Outfitters,Outerwear,30.85,0.0,0
14019,7029,Urban Outfitters,Swimwear,109.48,0.0,0
14020,7030,Urban Outfitters,Beauty,127.38,0.0,0
14021,7030,Urban Outfitters,Swimwear,44.79,0.0,0
14022,7030,Urban Outfitters,Jeans,20.01,0.0,0
14023,7031,Urban Outfitters,Lingerie,76.36,9.27,1
14024,7031,Urban Outfitters,Lingerie,94.44,0.0,0
14025,7031,Urban Outfitters,Footwear,65.31,0.0,0
14026,7032,Prada,Beauty,696.91,0.0,0
14027,7033,Prada,Jeans,971.57,0.0,0
14028,7033,Prada,Activewear,341.44,0.0,0
14029,7034,H&M,Outerwear,53.08,0.0,0
14030,7034,H&M,Accessories,82.22,0.0,0
14031,7034,H&M,Dresses,23.06,0.0,0
14032,7035,Under Armour,Accessories,66.59,20.99,1
14033,7035,Under Armour,Lingerie,142.59,0.0,0
14034,7036,Prada,Jeans,1924.42,0.0,0
14035,7037,Girlfriend Collective,Tops,102.29,0.0,0
14036,7037,Girlfriend Collective,Activewear,94.67,0.0,0
14037,7037,Girlfriend Collective,Jeans,108.19,0.0,0
14038,7038,Loewe,Home,923.9,0.0,0
14039,7038,Loewe,Bags,2465.45,0.0,0
14040,7038,Loewe,Accessories,480.85,0.0,0
14041,7039,Loewe,Lingerie,751.66,0.0,0
14042,7040,Girlfriend Collective,Dresses,69.63,0.0,0
14043,7040,Girlfriend Collective,Activewear,58.8,0.0,0
14044,7040,Girlfriend Collective,Beauty,68.7,0.0,0
14045,7041,H&M,Activewear,24.49,3.99,1
14046,7041,H&M,Dresses,42.18,0.0,0
14047,7041,H&M,Dresses,22.74,0.0,0
14048,7042,H&M,Home,36.75,0.0,0
14049,7043,Shein,Activewear,25.35,0.0,0
14050,7043,Shein,Footwear,16.53,0.0,0
14051,7044,Under Armour,Tops,96.29,0.0,0
14052,7044,Under Armour,Jeans,139.7,0.0,0
14053,7045,Urban Outfitters,Lingerie,97.55,0.0,0
14054,7045,Urban Outfitters,Lingerie,78.04,7.9,1
14055,7046,Loewe,Outerwear,3664.17,0.0,0
14056,7047,Urban Outfitters,Beauty,78.8,0.0,0
14057,7047,Urban Outfitters,Bags,20.0,6.57,1
14058,7047,Urban Outfitters,Lingerie,107.62,9.2,1
14059,7048,Loewe,Footwear,1028.99,0.0,0
14060,7048,Loewe,Bags,2035.7,591.73,1
14061,7049,Zara,Outerwear,44.22,15.05,1
14062,7050,Zara,Home,71.4,0.0,0
14063,7050,Zara,Footwear,52.03,0.0,0
14064,7050,Zara,Beauty,60.45,0.0,0
14065,7051,Zara,Footwear,96.74,0.0,0
14066,7051,Zara,Beauty,58.31,0.0,0
14067,7052,H&M,Jeans,42.87,0.0,0
14068,7052,H&M,Jeans,62.54,12.19,1
14069,7052,H&M,Footwear,74.08,0.0,0
14070,7053,Loewe,Tops,1694.12,0.0,0
14071,7053,Loewe,Dresses,2153.29,0.0,0
14072,7054,Shein,Footwear,31.03,4.77,1
14073,7054,Shein,Activewear,22.96,0.0,0
14074,7055,Girlfriend Collective,Beauty,82.65,0.0,0
14075,7055,Girlfriend Collective,Accessories,55.17,0.0,0
14076,7055,Girlfriend Collective,Accessories,90.61,0.0,0
14077,7056,Girlfriend Collective,Accessories,93.66,19.79,1
14078,7057,Loewe,Accessories,643.59,0.0,0
14079,7057,Loewe,Lingerie,774.36,0.0,0
14080,7057,Loewe,Swimwear,765.99,0.0,0
14081,7058,H&M,Lingerie,63.8,0.0,0
14082,7058,H&M,Beauty,53.0,0.0,0
14083,7058,H&M,Dresses,52.11,0.0,0
14084,7059,Chanel,Dresses,1365.17,0.0,0
14085,7059,Chanel,Accessories,506.71,0.0,0
14086,7059,Chanel,Outerwear,3440.93,0.0,0
14087,7060,Zara,Beauty,98.31,22.99,1
14088,7060,Zara,Swimwear,10.0,0.0,0
14089,7061,Prada,Tops,759.61,0.0,0
14090,7062,H&M,Home,70.37,0.0,0
14091,7063,Girlfriend Collective,Lingerie,69.94,0.0,0
14092,7064,H&M,Beauty,73.1,0.0,0
14093,7064,H&M,Beauty,72.65,16.91,1
14094,7065,Girlfriend Collective,Jeans,74.0,0.0,0
14095,7066,Shein,Beauty,26.72,0.0,0
14096,7066,Shein,Home,27.84,4.73,1
14097,7066,Shein,Activewear,12.69,4.37,1
14098,7067,Prada,Home,763.79,0.0,0
14099,7067,Prada,Outerwear,3384.93,0.0,0
14100,7067,Prada,Activewear,693.37,166.31,1
14101,7068,Prada,Bags,2096.67,0.0,0
14102,7068,Prada,Tops,1053.19,0.0,0
14103,7068,Prada,Bags,2117.1,0.0,0
14104,7069,Shein,Outerwear,19.69,0.0,0
14105,7070,Girlfriend Collective,Swimwear,67.61,0.0,0
14106,7070,Girlfriend Collective,Tops,69.16,0.0,0
14107,7071,Zara,Accessories,68.83,0.0,0
14108,7071,Zara,Accessories,71.47,18.7,1
14109,7071,Zara,Tops,51.03,0.0,0
14110,7072,Zara,Footwear,78.81,26.22,1
14111,7072,Zara,Accessories,45.47,15.77,1
14112,7072,Zara,Bags,92.92,0.0,0
14113,7073,Girlfriend Collective,Accessories,81.39,0.0,0
14114,7074,H&M,Beauty,38.89,0.0,0
14115,7074,H&M,Tops,92.17,27.71,1
14116,7075,Prada,Jeans,1762.14,0.0,0
14117,7075,Prada,Jeans,1150.62,0.0,0
14118,7075,Prada,Tops,1738.11,0.0,0
14119,7076,H&M,Bags,91.33,0.0,0
14120,7076,H&M,Tops,54.13,0.0,0
14121,7076,H&M,Activewear,69.82,0.0,0
14122,7077,Shein,Swimwear,35.82,0.0,0
14123,7077,Shein,Beauty,17.43,0.0,0
14124,7078,H&M,Activewear,28.66,6.53,1
14125,7079,Zara,Dresses,10.0,1.38,1
14126,7080,H&M,Activewear,56.81,0.0,0
14127,7081,Chanel,Lingerie,667.67,0.0,0
14128,7082,Gucci,Activewear,613.97,0.0,0
14129,7082,Gucci,Footwear,1017.07,0.0,0
14130,7082,Gucci,Beauty,1132.45,0.0,0
14131,7083,Shein,Tops,19.51,0.0,0
14132,7084,Urban Outfitters,Dresses,39.95,0.0,0
14133,7085,Chanel,Beauty,786.34,0.0,0
14134,7086,Shein,Bags,41.67,0.0,0
14135,7087,Loewe,Accessories,706.87,0.0,0
14136,7087,Loewe,Accessories,606.34,0.0,0
14137,7087,Loewe,Home,1089.44,0.0,0
14138,7088,Loewe,Jeans,2101.7,0.0,0
14139,7088,Loewe,Beauty,570.93,0.0,0
14140,7088,Loewe,Accessories,532.84,0.0,0
14141,7089,Loewe,Outerwear,3739.58,0.0,0
14142,7090,Shein,Lingerie,27.61,0.0,0
14143,7090,Shein,Outerwear,11.99,3.61,1
14144,7091,Under Armour,Bags,57.21,0.0,0
14145,7091,Under Armour,Jeans,135.58,0.0,0
14146,7091,Under Armour,Activewear,137.11,0.0,0
14147,7092,Under Armour,Outerwear,89.24,0.0,0
14148,7092,Under Armour,Swimwear,76.7,0.0,0
14149,7092,Under Armour,Swimwear,30.0,0.0,0
14150,7093,Girlfriend Collective,Tops,133.9,28.59,1
14151,7093,Girlfriend Collective,Jeans,58.56,16.27,1
14152,7093,Girlfriend Collective,Outerwear,75.77,0.0,0
14153,7094,Chanel,Footwear,1292.26,0.0,0
14154,7094,Chanel,Outerwear,3614.9,0.0,0
14155,7095,Prada,Dresses,2134.67,0.0,0
14156,7096,Chanel,Beauty,701.92,0.0,0
14157,7096,Chanel,Swimwear,449.32,0.0,0
14158,7096,Chanel,Activewear,635.76,0.0,0
14159,7097,H&M,Accessories,40.0,0.0,0
14160,7098,Zara,Accessories,78.67,20.73,1
14161,7098,Zara,Jeans,10.0,2.56,1
14162,7098,Zara,Jeans,94.17,0.0,0
14163,7099,H&M,Bags,91.89,0.0,0
14164,7099,H&M,Activewear,50.66,0.0,0
14165,7099,H&M,Dresses,34.18,0.0,0
14166,7100,Loewe,Outerwear,3877.78,0.0,0
14167,7100,Loewe,Beauty,562.2,0.0,0
14168,7100,Loewe,Footwear,1266.86,0.0,0
14169,7101,H&M,Footwear,63.08,4.21,1
14170,7102,Urban Outfitters,Tops,59.38,0.0,0
14171,7102,Urban Outfitters,Outerwear,57.46,15.64,1
14172,7102,Urban Outfitters,Jeans,68.44,0.0,0
14173,7103,H&M,Dresses,31.34,5.6,1
14174,7103,H&M,Swimwear,72.55,20.26,1
14175,7104,Girlfriend Collective,Accessories,70.62,0.0,0
14176,7104,Girlfriend Collective,Swimwear,74.42,0.0,0
14177,7104,Girlfriend Collective,Swimwear,71.72,0.0,0
14178,7105,Under Armour,Outerwear,94.52,0.0,0
14179,7105,Under Armour,Outerwear,103.16,7.27,1
14180,7105,Under Armour,Home,122.74,11.46,1
14181,7106,Gucci,Activewear,707.75,0.0,0
14182,7107,Chanel,Lingerie,588.4,0.0,0
14183,7107,Chanel,Home,1155.66,0.0,0
14184,7107,Chanel,Accessories,370.87,0.0,0
14185,7108,Urban Outfitters,Home,130.75,0.0,0
14186,7108,Urban Outfitters,Lingerie,23.15,0.0,0
14187,7109,Urban Outfitters,Beauty,38.78,0.0,0
14188,7109,Urban Outfitters,Footwear,75.4,0.0,0
14189,7110,Gucci,Bags,2601.44,0.0,0
14190,7110,Gucci,Home,441.85,0.0,0
14191,7110,Gucci,Swimwear,844.66,0.0,0
14192,7111,Zara,Swimwear,63.01,0.0,0
14193,7111,Zara,Bags,91.51,15.88,1
14194,7111,Zara,Home,84.99,25.52,1
14195,7112,Urban Outfitters,Beauty,79.26,0.0,0
14196,7112,Urban Outfitters,Accessories,20.0,0.0,0
14197,7113,H&M,Jeans,52.73,0.0,0
14198,7113,H&M,Jeans,28.6,0.0,0
14199,7113,H&M,Bags,10.0,0.0,0
14200,7114,Zara,Dresses,74.43,0.0,0
14201,7114,Zara,Outerwear,48.81,0.0,0
14202,7115,Girlfriend Collective,Outerwear,128.11,0.0,0
14203,7116,H&M,Swimwear,65.6,20.01,1
14204,7116,H&M,Footwear,77.56,0.0,0
14205,7117,Zara,Swimwear,129.22,0.0,0
14206,7118,Under Armour,Accessories,112.75,0.0,0
14207,7118,Under Armour,Lingerie,92.05,5.59,1
14208,7118,Under Armour,Tops,71.19,18.36,1
14209,7119,Gucci,Beauty,828.49,0.0,0
14210,7119,Gucci,Activewear,654.71,0.0,0
14211,7119,Gucci,Jeans,2103.79,0.0,0
14212,7120,H&M,Bags,83.48,0.0,0
14213,7121,Girlfriend Collective,Accessories,49.5,0.0,0
14214,7121,Girlfriend Collective,Accessories,71.39,0.0,0
14215,7122,Zara,Outerwear,75.92,8.96,1
14216,7123,Under Armour,Jeans,117.01,0.0,0
14217,7123,Under Armour,Beauty,111.16,7.54,1
14218,7123,Under Armour,Jeans,60.66,0.0,0
14219,7124,Girlfriend Collective,Jeans,92.31,0.0,0
14220,7125,Prada,Beauty,1002.16,0.0,0
14221,7125,Prada,Jeans,1245.78,0.0,0
14222,7125,Prada,Beauty,839.38,0.0,0
14223,7126,Shein,Dresses,8.12,0.0,0
14224,7127,Urban Outfitters,Accessories,37.71,0.0,0
14225,7127,Urban Outfitters,Beauty,65.25,0.0,0
14226,7127,Urban Outfitters,Footwear,92.14,0.0,0
14227,7128,Loewe,Beauty,844.06,0.0,0
14228,7128,Loewe,Tops,904.53,0.0,0
14229,7129,H&M,Accessories,76.7,0.0,0
14230,7129,H&M,Swimwear,51.8,0.0,0
14231,7129,H&M,Beauty,60.87,0.0,0
14232,7130,Under Armour,Swimwear,42.67,0.0,0
14233,7131,Gucci,Home,1038.8,0.0,0
14234,7132,Loewe,Activewear,1234.58,0.0,0
14235,7133,Gucci,Home,903.53,0.0,0
14236,7133,Gucci,Outerwear,3396.33,0.0,0
14237,7134,Zara,Bags,108.61,0.0,0
14238,7134,Zara,Tops,67.67,18.23,1
14239,7134,Zara,Bags,45.05,0.0,0
14240,7135,Loewe,Home,726.16,170.52,1
14241,7135,Loewe,Bags,2648.67,0.0,0
14242,7136,Prada,Activewear,793.86,0.0,0
14243,7136,Prada,Bags,1967.63,0.0,0
14244,7136,Prada,Dresses,1671.92,0.0,0
14245,7137,Urban Outfitters,Footwear,68.28,0.0,0
14246,7138,Shein,Outerwear,31.43,6.83,1
14247,7138,Shein,Footwear,27.17,3.86,1
14248,7139,Zara,Swimwear,64.64,0.0,0
14249,7139,Zara,Swimwear,109.33,0.0,0
14250,7139,Zara,Beauty,71.18,0.0,0
14251,7140,Urban Outfitters,Swimwear,115.82,0.0,0
14252,7141,Urban Outfitters,Swimwear,45.57,0.0,0
14253,7141,Urban Outfitters,Activewear,99.06,0.0,0
14254,7141,Urban Outfitters,Tops,104.37,11.97,1
14255,7142,H&M,Dresses,40.26,0.0,0
14256,7142,H&M,Outerwear,36.99,0.0,0
14257,7143,Prada,Lingerie,559.5,0.0,0
14258,7143,Prada,Activewear,658.66,0.0,0
14259,7144,H&M,Dresses,41.58,9.6,1
14260,7144,H&M,Lingerie,38.57,9.87,1
14261,7144,H&M,Footwear,53.83,0.0,0
14262,7145,Girlfriend Collective,Swimwear,120.82,0.0,0
14263,7145,Girlfriend Collective,Beauty,89.32,0.0,0
14264,7145,Girlfriend Collective,Accessories,96.14,0.0,0
14265,7146,H&M,Tops,60.25,7.24,1
14266,7146,H&M,Jeans,30.01,0.0,0
14267,7147,Zara,Bags,76.97,0.0,0
14268,7148,Urban Outfitters,Footwear,81.06,0.0,0
14269,7149,Girlfriend Collective,Beauty,150.0,0.0,0
14270,7149,Girlfriend Collective,Jeans,67.96,15.97,1
14271,7149,Girlfriend Collective,Bags,85.35,0.0,0
14272,7150,H&M,Swimwear,69.49,0.0,0
14273,7151,H&M,Accessories,32.16,0.0,0
14274,7152,Urban Outfitters,Swimwear,44.04,0.0,0
14275,7152,Urban Outfitters,Bags,20.0,0.0,0
14276,7152,Urban Outfitters,Activewear,89.85,0.0,0
14277,7153,Gucci,Home,928.07,0.0,0
14278,7153,Gucci,Footwear,1082.54,124.82,1
14279,7153,Gucci,Home,867.46,0.0,0
14280,7154,Zara,Swimwear,115.59,18.04,1
14281,7154,Zara,Dresses,87.73,0.0,0
14282,7154,Zara,Tops,68.09,0.0,0
14283,7155,Girlfriend Collective,Home,94.76,0.0,0
14284,7155,Girlfriend Collective,Swimwear,40.78,0.0,0
14285,7156,Urban Outfitters,Dresses,46.37,0.0,0
14286,7156,Urban Outfitters,Swimwear,54.1,0.0,0
14287,7157,H&M,Home,26.39,0.0,0
14288,7157,H&M,Footwear,35.54,0.0,0
14289,7157,H&M,Swimwear,61.9,0.0,0
14290,7158,Girlfriend Collective,Jeans,107.84,0.0,0
14291,7158,Girlfriend Collective,Lingerie,60.91,15.6,1
14292,7159,Shein,Tops,5.87,0.0,0
14293,7159,Shein,Beauty,33.53,0.0,0
14294,7159,Shein,Lingerie,11.77,0.0,0
14295,7160,Chanel,Home,1027.3,0.0,0
14296,7160,Chanel,Outerwear,2873.89,0.0,0
14297,7160,Chanel,Footwear,901.97,0.0,0
14298,7161,Girlfriend Collective,Lingerie,69.75,0.0,0
14299,7161,Girlfriend Collective,Jeans,59.49,0.0,0
14300,7162,Zara,Activewear,62.71,0.0,0
14301,7162,Zara,Swimwear,36.37,12.45,1
14302,7162,Zara,Jeans,52.35,0.0,0
14303,7163,H&M,Tops,55.61,0.0,0
14304,7164,H&M,Home,50.49,0.0,0
14305,7165,Girlfriend Collective,Outerwear,109.48,0.0,0
14306,7165,Girlfriend Collective,Outerwear,30.0,0.0,0
14307,7166,Gucci,Jeans,2382.9,0.0,0
14308,7167,Prada,Bags,2513.53,0.0,0
14309,7167,Prada,Lingerie,1007.96,0.0,0
14310,7168,Under Armour,Tops,76.14,18.97,1
14311,7168,Under Armour,Footwear,124.9,0.0,0
14312,7169,Gucci,Footwear,636.83,0.0,0
14313,7170,Urban Outfitters,Bags,52.75,0.0,0
14314,7171,Zara,Bags,56.37,0.0,0
14315,7171,Zara,Lingerie,89.48,0.0,0
14316,7171,Zara,Activewear,78.79,0.0,0
14317,7172,Prada,Bags,2228.06,0.0,0
14318,7173,Chanel,Dresses,1419.2,0.0,0
14319,7174,Shein,Dresses,27.8,0.0,0
14320,7174,Shein,Outerwear,19.91,1.13,1
14321,7174,Shein,Footwear,33.26,0.0,0
14322,7175,Shein,Activewear,28.13,0.0,0
14323,7175,Shein,Tops,35.74,11.06,1
14324,7176,Gucci,Beauty,806.72,0.0,0
14325,7177,Zara,Outerwear,65.6,0.0,0
14326,7177,Zara,Dresses,83.15,0.0,0
14327,7177,Zara,Bags,80.3,0.0,0
14328,7178,Loewe,Home,449.09,0.0,0
14329,7178,Loewe,Dresses,1391.1,0.0,0
14330,7178,Loewe,Footwear,728.78,0.0,0
14331,7179,H&M,Home,91.44,24.68,1
14332,7179,H&M,Footwear,77.24,0.0,0
14333,7179,H&M,Lingerie,72.07,0.0,0
14334,7180,Loewe,Tops,2027.23,0.0,0
14335,7181,Zara,Tops,85.75,25.14,1
14336,7181,Zara,Bags,64.2,0.0,0
14337,7182,H&M,Bags,46.08,0.0,0
14338,7182,H&M,Tops,66.06,0.0,0
14339,7183,Shein,Dresses,35.82,0.0,0
14340,7184,Urban Outfitters,Swimwear,81.42,0.0,0
14341,7184,Urban Outfitters,Lingerie,79.75,0.0,0
14342,7185,Prada,Outerwear,4015.01,0.0,0
14343,7185,Prada,Tops,1211.36,0.0,0
14344,7185,Prada,Tops,1445.01,0.0,0
14345,7186,Girlfriend Collective,Jeans,92.88,0.0,0
14346,7186,Girlfriend Collective,Swimwear,70.61,5.03,1
14347,7187,Under Armour,Jeans,113.12,0.0,0
14348,7188,H&M,Beauty,57.26,0.0,0
14349,7189,H&M,Accessories,55.61,10.93,1
14350,7189,H&M,Outerwear,89.48,19.0,1
14351,7189,H&M,Lingerie,105.8,0.0,0
14352,7190,Shein,Jeans,18.56,0.0,0
14353,7191,Zara,Lingerie,84.64,0.0,0
14354,7192,Shein,Lingerie,23.27,0.0,0
14355,7192,Shein,Tops,34.43,0.0,0
14356,7193,Chanel,Lingerie,729.26,0.0,0
14357,7193,Chanel,Accessories,489.1,0.0,0
14358,7194,Prada,Activewear,791.63,0.0,0
14359,7194,Prada,Home,972.41,0.0,0
14360,7194,Prada,Jeans,1459.08,0.0,0
14361,7195,H&M,Swimwear,66.88,0.0,0
14362,7196,Zara,Swimwear,113.65,0.0,0
14363,7196,Zara,Footwear,44.11,0.0,0
14364,7197,Shein,Activewear,30.05,0.0,0
14365,7198,Zara,Tops,84.25,0.0,0
14366,7198,Zara,Footwear,68.74,4.4,1
14367,7199,Girlfriend Collective,Beauty,94.99,0.0,0
14368,7200,H&M,Activewear,63.0,0.0,0
14369,7201,Shein,Jeans,18.41,0.0,0
14370,7201,Shein,Jeans,26.29,0.0,0
14371,7202,Under Armour,Bags,48.05,0.0,0
14372,7202,Under Armour,Outerwear,145.33,32.03,1
14373,7203,Zara,Tops,15.66,0.0,0
14374,7203,Zara,Home,86.2,0.0,0
14375,7203,Zara,Home,58.59,0.0,0
14376,7204,H&M,Swimwear,80.0,0.0,0
14377,7204,H&M,Accessories,54.42,16.97,1
14378,7204,H&M,Swimwear,34.15,0.0,0
14379,7205,Urban Outfitters,Swimwear,25.64,0.0,0
14380,7205,Urban Outfitters,Tops,46.93,0.0,0
14381,7205,Urban Outfitters,Tops,46.25,2.76,1
14382,7206,Shein,Bags,26.64,0.0,0
14383,7206,Shein,Jeans,26.74,8.4,1
14384,7207,Girlfriend Collective,Outerwear,87.91,0.0,0
14385,7207,Girlfriend Collective,Tops,38.14,0.0,0
14386,7207,Girlfriend Collective,Outerwear,93.92,0.0,0
14387,7208,Gucci,Activewear,800.52,0.0,0
14388,7208,Gucci,Bags,2452.28,0.0,0
14389,7208,Gucci,Beauty,938.57,0.0,0
14390,7209,Shein,Swimwear,26.17,7.15,1
14391,7209,Shein,Jeans,34.43,1.73,1
14392,7209,Shein,Bags,21.38,0.0,0
14393,7210,H&M,Jeans,54.36,0.0,0
14394,7210,H&M,Activewear,52.17,12.36,1
14395,7211,Zara,Bags,35.01,0.0,0
14396,7212,Under Armour,Tops,32.98,0.0,0
14397,7213,Urban Outfitters,Tops,30.88,4.61,1
14398,7213,Urban Outfitters,Outerwear,66.52,0.0,0
14399,7213,Urban Outfitters,Activewear,108.92,13.05,1
14400,7214,Prada,Tops,1913.91,0.0,0
14401,7214,Prada,Home,961.9,0.0,0
14402,7214,Prada,Beauty,666.64,0.0,0
14403,7215,Prada,Accessories,554.19,0.0,0
14404,7215,Prada,Beauty,833.86,0.0,0
14405,7215,Prada,Swimwear,845.34,0.0,0
14406,7216,Zara,Dresses,52.86,0.0,0
14407,7217,H&M,Activewear,98.86,0.0,0
14408,7217,H&M,Outerwear,25.65,2.91,1
14409,7217,H&M,Tops,85.79,0.0,0
14410,7218,Shein,Beauty,25.9,0.0,0
14411,7218,Shein,Activewear,27.43,0.0,0
14412,7219,Chanel,Dresses,1489.13,0.0,0
14413,7219,Chanel,Tops,1804.6,0.0,0
14414,7219,Chanel,Lingerie,890.89,0.0,0
14415,7220,H&M,Swimwear,66.57,13.06,1
14416,7220,H&M,Dresses,62.0,0.0,0
14417,7220,H&M,Accessories,83.01,0.0,0
14418,7221,Urban Outfitters,Dresses,38.32,0.0,0
14419,7222,Shein,Accessories,10.62,0.0,0
14420,7222,Shein,Activewear,31.25,0.0,0
14421,7223,Shein,Dresses,24.1,7.89,1
14422,7223,Shein,Swimwear,16.1,0.0,0
14423,7223,Shein,Jeans,23.24,0.0,0
14424,7224,Girlfriend Collective,Bags,86.62,0.0,0
14425,7224,Girlfriend Collective,Jeans,68.98,0.0,0
14426,7225,Chanel,Beauty,623.05,0.0,0
14427,7225,Chanel,Activewear,979.31,0.0,0
14428,7226,Zara,Tops,59.25,0.0,0
14429,7226,Zara,Footwear,102.68,0.0,0
14430,7227,H&M,Lingerie,47.21,9.84,1
14431,7228,H&M,Outerwear,49.81,0.0,0
14432,7228,H&M,Lingerie,53.81,15.13,1
14433,7228,H&M,Bags,48.59,11.97,1
14434,7229,H&M,Lingerie,25.46,0.0,0
14435,7229,H&M,Beauty,60.47,0.0,0
14436,7229,H&M,Jeans,109.68,0.0,0
14437,7230,Under Armour,Footwear,82.01,0.0,0
14438,7231,Loewe,Activewear,696.55,0.0,0
14439,7232,Loewe,Jeans,1705.92,0.0,0
14440,7233,Zara,Lingerie,10.0,0.0,0
14441,7234,Prada,Outerwear,3108.67,0.0,0
14442,7234,Prada,Jeans,1573.39,0.0,0
14443,7235,Under Armour,Dresses,94.5,0.0,0
14444,7236,Under Armour,Outerwear,101.84,33.34,1
14445,7236,Under Armour,Beauty,160.47,0.0,0
14446,7237,Under Armour,Dresses,83.56,0.0,0
14447,7237,Under Armour,Footwear,139.42,0.0,0
14448,7238,Chanel,Jeans,1654.0,0.0,0
14449,7238,Chanel,Beauty,1136.71,0.0,0
14450,7239,H&M,Swimwear,67.37,21.56,1
14451,7240,Shein,Home,5.0,0.0,0
14452,7240,Shein,Beauty,14.31,0.0,0
14453,7241,Shein,Footwear,36.41,9.75,1
14454,7242,H&M,Lingerie,30.05,0.0,0
14455,7243,Girlfriend Collective,Accessories,104.66,15.14,1
14456,7244,Urban Outfitters,Accessories,72.91,0.0,0
14457,7244,Urban Outfitters,Accessories,79.66,0.0,0
14458,7244,Urban Outfitters,Dresses,69.14,0.0,0
14459,7245,Zara,Swimwear,60.27,0.0,0
14460,7245,Zara,Swimwear,70.54,0.0,0
14461,7246,Girlfriend Collective,Footwear,90.4,11.91,1
14462,7246,Girlfriend Collective,Home,109.36,0.0,0
14463,7247,Zara,Swimwear,10.0,0.0,0
14464,7247,Zara,Footwear,70.73,12.38,1
14465,7248,Urban Outfitters,Activewear,43.73,0.0,0
14466,7248,Urban Outfitters,Footwear,38.14,11.5,1
14467,7249,Loewe,Dresses,2419.43,0.0,0
14468,7250,Under Armour,Accessories,50.03,7.39,1
14469,7251,Gucci,Bags,2210.89,0.0,0
14470,7251,Gucci,Tops,1386.78,0.0,0
14471,7251,Gucci,Accessories,487.22,0.0,0
14472,7252,Loewe,Outerwear,3245.12,0.0,0
14473,7253,Shein,Swimwear,18.63,0.0,0
14474,7254,Loewe,Jeans,1181.26,0.0,0
14475,7254,Loewe,Accessories,525.4,0.0,0
14476,7255,H&M,Dresses,27.53,3.5,1
14477,7256,Zara,Dresses,102.35,0.0,0
14478,7256,Zara,Bags,53.86,5.45,1
14479,7257,Shein,Activewear,35.39,9.3,1
14480,7257,Shein,Tops,25.98,0.0,0
14481,7257,Shein,Beauty,12.03,0.0,0
14482,7258,Loewe,Home,713.05,0.0,0
14483,7258,Loewe,Outerwear,3504.89,0.0,0
14484,7258,Loewe,Tops,2156.5,0.0,0
14485,7259,Zara,Swimwear,60.65,0.0,0
14486,7259,Zara,Footwear,60.53,0.0,0
14487,7260,Urban Outfitters,Outerwear,50.24,0.0,0
14488,7260,Urban Outfitters,Accessories,68.56,0.0,0
14489,7261,Shein,Dresses,26.05,6.06,1
14490,7261,Shein,Beauty,28.4,0.0,0
14491,7262,Prada,Outerwear,3315.48,0.0,0
14492,7263,Urban Outfitters,Lingerie,61.87,0.0,0
14493,7263,Urban Outfitters,Activewear,37.29,0.0,0
14494,7263,Urban Outfitters,Bags,82.28,26.96,1
14495,7264,Under Armour,Lingerie,65.17,0.0,0
14496,7264,Under Armour,Tops,100.11,0.0,0
14497,7265,Loewe,Lingerie,772.02,0.0,0
14498,7265,Loewe,Swimwear,860.47,268.19,1
14499,7266,Shein,Beauty,26.7,0.0,0
14500,7267,Under Armour,Swimwear,139.31,26.79,1
14501,7267,Under Armour,Dresses,125.11,0.0,0
14502,7267,Under Armour,Footwear,30.51,0.0,0
14503,7268,Prada,Dresses,2011.77,0.0,0
14504,7269,H&M,Tops,65.3,0.0,0
14505,7269,H&M,Lingerie,87.46,0.0,0
14506,7269,H&M,Swimwear,60.35,0.0,0
14507,7270,Chanel,Beauty,725.8,0.0,0
14508,7271,Zara,Swimwear,53.55,17.44,1
14509,7272,Urban Outfitters,Lingerie,62.98,0.0,0
14510,7272,Urban Outfitters,Bags,38.53,0.0,0
14511,7273,Loewe,Bags,1993.45,0.0,0
14512,7274,Zara,Lingerie,50.35,0.0,0
14513,7274,Zara,Home,43.39,0.0,0
14514,7274,Zara,Outerwear,84.35,0.0,0
14515,7275,Urban Outfitters,Accessories,78.89,0.0,0
14516,7275,Urban Outfitters,Tops,93.94,0.0,0
14517,7275,Urban Outfitters,Jeans,76.04,4.72,1
14518,7276,Urban Outfitters,Footwear,65.67,0.0,0
14519,7277,Gucci,Tops,1708.44,0.0,0
14520,7277,Gucci,Activewear,696.33,0.0,0
14521,7278,Shein,Accessories,22.13,6.04,1
14522,7278,Shein,Bags,23.34,0.0,0
14523,7279,Under Armour,Outerwear,56.85,0.0,0
14524,7279,Under Armour,Home,138.59,39.96,1
14525,7280,Zara,Accessories,81.59,0.0,0
14526,7280,Zara,Accessories,57.1,0.0,0
14527,7280,Zara,Jeans,30.02,1.63,1
14528,7281,Zara,Activewear,47.44,12.72,1
14529,7281,Zara,Footwear,46.84,0.0,0
14530,7282,H&M,Beauty,73.08,0.0,0
14531,7282,H&M,Activewear,55.98,18.62,1
14532,7282,H&M,Jeans,70.03,0.0,0
14533,7283,Girlfriend Collective,Tops,86.03,13.09,1
14534,7283,Girlfriend Collective,Lingerie,108.12,0.0,0
14535,7284,Shein,Dresses,15.0,0.0,0
14536,7284,Shein,Dresses,20.1,2.59,1
14537,7284,Shein,Lingerie,29.83,2.63,1
14538,7285,Shein,Lingerie,22.59,0.0,0
14539,7286,Urban Outfitters,Footwear,38.98,11.31,1
14540,7287,Prada,Jeans,1552.51,0.0,0
14541,7288,Prada,Swimwear,1031.06,0.0,0
14542,7288,Prada,Tops,1503.02,0.0,0
14543,7288,Prada,Outerwear,3582.57,0.0,0
14544,7289,Girlfriend Collective,Accessories,72.77,19.04,1
14545,7289,Girlfriend Collective,Lingerie,75.04,0.0,0
14546,7289,Girlfriend Collective,Activewear,77.18,0.0,0
14547,7290,Prada,Jeans,975.52,0.0,0
14548,7290,Prada,Jeans,1369.46,212.86,1
14549,7291,Under Armour,Footwear,30.0,0.0,0
14550,7291,Under Armour,Accessories,61.61,0.0,0
14551,7292,Zara,Jeans,84.87,4.32,1
14552,7293,Under Armour,Lingerie,66.84,0.0,0
14553,7293,Under Armour,Footwear,104.43,0.0,0
14554,7294,Zara,Accessories,83.12,0.0,0
14555,7294,Zara,Home,41.73,9.82,1
14556,7294,Zara,Outerwear,14.47,3.1,1
14557,7295,Under Armour,Bags,86.28,0.0,0
14558,7295,Under Armour,Accessories,42.68,0.0,0
14559,7295,Under Armour,Home,52.21,0.0,0
14560,7296,Shein,Activewear,19.86,3.07,1
14561,7297,Zara,Lingerie,50.93,5.15,1
14562,7297,Zara,Dresses,108.69,0.0,0
14563,7298,Under Armour,Accessories,83.78,0.0,0
14564,7298,Under Armour,Dresses,74.93,0.0,0
14565,7298,Under Armour,Outerwear,86.51,0.0,0
14566,7299,Gucci,Home,495.75,0.0,0
14567,7299,Gucci,Jeans,1122.65,0.0,0
14568,7299,Gucci,Accessories,760.78,87.6,1
14569,7300,Prada,Outerwear,3593.12,0.0,0
14570,7300,Prada,Bags,2004.32,0.0,0
14571,7301,Under Armour,Home,30.0,5.7,1
14572,7301,Under Armour,Home,134.55,0.0,0
14573,7302,Prada,Home,1114.06,0.0,0
14574,7302,Prada,Bags,2092.78,0.0,0
14575,7302,Prada,Dresses,1952.48,0.0,0
14576,7303,Girlfriend Collective,Accessories,59.55,0.0,0
14577,7304,Gucci,Tops,1003.89,0.0,0
14578,7305,H&M,Swimwear,63.89,0.0,0
14579,7305,H&M,Dresses,60.2,0.0,0
14580,7306,Zara,Lingerie,36.49,0.0,0
14581,7306,Zara,Activewear,84.09,17.41,1
14582,7306,Zara,Beauty,37.41,0.0,0
14583,7307,Gucci,Beauty,941.76,0.0,0
14584,7307,Gucci,Home,723.55,0.0,0
14585,7307,Gucci,Bags,2083.78,0.0,0
14586,7308,H&M,Jeans,76.46,0.0,0
14587,7308,H&M,Footwear,85.71,0.0,0
14588,7309,Girlfriend Collective,Accessories,79.15,0.0,0
14589,7310,Zara,Home,60.42,0.0,0
14590,7310,Zara,Accessories,33.21,2.76,1
14591,7310,Zara,Tops,37.5,0.0,0
14592,7311,Prada,Lingerie,1137.4,0.0,0
14593,7311,Prada,Beauty,644.03,0.0,0
14594,7311,Prada,Lingerie,706.77,0.0,0
14595,7312,Shein,Outerwear,41.74,6.04,1
14596,7312,Shein,Dresses,18.57,0.0,0
14597,7313,Loewe,Footwear,1119.88,0.0,0
14598,7314,Gucci,Accessories,441.72,0.0,0
14599,7314,Gucci,Dresses,1449.56,0.0,0
14600,7315,Shein,Lingerie,27.3,2.13,1
14601,7316,Prada,Beauty,752.61,0.0,0
14602,7316,Prada,Activewear,871.36,0.0,0
14603,7316,Prada,Accessories,501.84,0.0,0
14604,7317,Zara,Bags,81.56,18.62,1
14605,7317,Zara,Lingerie,45.16,6.56,1
14606,7318,Prada,Tops,1069.73,0.0,0
14607,7319,Zara,Swimwear,67.93,0.0,0
14608,7319,Zara,Tops,81.23,0.0,0
14609,7320,H&M,Outerwear,84.21,0.0,0
14610,7320,H&M,Beauty,84.49,0.0,0
14611,7320,H&M,Accessories,92.82,0.0,0
14612,7321,Urban Outfitters,Home,158.79,0.0,0
14613,7321,Urban Outfitters,Jeans,82.24,0.0,0
14614,7322,Shein,Accessories,50.11,0.0,0
14615,7322,Shein,Outerwear,25.43,0.0,0
14616,7323,Chanel,Lingerie,785.0,257.77,1
14617,7323,Chanel,Outerwear,4463.99,0.0,0
14618,7324,H&M,Swimwear,10.0,1.43,1
14619,7324,H&M,Outerwear,63.44,0.0,0
14620,7324,H&M,Accessories,78.83,0.0,0
14621,7325,Urban Outfitters,Swimwear,70.19,19.29,1
14622,7325,Urban Outfitters,Outerwear,93.96,15.73,1
14623,7326,Urban Outfitters,Dresses,72.86,0.0,0
14624,7326,Urban Outfitters,Bags,66.79,0.0,0
14625,7327,H&M,Swimwear,85.53,0.0,0
14626,7328,Gucci,Footwear,948.72,0.0,0
14627,7328,Gucci,Bags,2329.95,0.0,0
14628,7329,Prada,Activewear,300.0,0.0,0
14629,7330,H&M,Tops,39.83,12.56,1
14630,7331,Urban Outfitters,Activewear,29.6,0.0,0
14631,7332,Shein,Beauty,33.54,11.17,1
14632,7333,Chanel,Lingerie,896.58,0.0,0
14633,7333,Chanel,Lingerie,773.68,0.0,0
14634,7334,Loewe,Footwear,642.43,0.0,0
14635,7335,Shein,Accessories,30.65,7.86,1
14636,7335,Shein,Lingerie,30.71,0.0,0
14637,7335,Shein,Footwear,29.08,0.0,0
14638,7336,H&M,Footwear,73.51,0.0,0
14639,7336,H&M,Footwear,62.61,8.03,1
14640,7336,H&M,Bags,58.39,14.81,1
14641,7337,Chanel,Tops,2303.36,0.0,0
14642,7338,Prada,Bags,2778.46,0.0,0
14643,7339,Urban Outfitters,Activewear,39.54,0.0,0
14644,7339,Urban Outfitters,Jeans,42.88,0.0,0
14645,7339,Urban Outfitters,Lingerie,75.51,0.0,0
14646,7340,Zara,Jeans,79.19,20.65,1
14647,7341,Urban Outfitters,Outerwear,60.14,14.25,1
14648,7341,Urban Outfitters,Swimwear,114.27,0.0,0
14649,7342,Loewe,Lingerie,900.98,0.0,0
14650,7342,Loewe,Jeans,2368.33,0.0,0
14651,7342,Loewe,Outerwear,3922.89,0.0,0
14652,7343,H&M,Outerwear,63.14,0.0,0
14653,7343,H&M,Home,57.02,0.0,0
14654,7343,H&M,Bags,108.82,0.0,0
14655,7344,H&M,Activewear,30.25,0.0,0
14656,7344,H&M,Outerwear,18.69,0.0,0
14657,7344,H&M,Home,99.09,0.0,0
14658,7345,Zara,Lingerie,50.91,0.0,0
14659,7345,Zara,Lingerie,50.86,6.25,1
14660,7345,Zara,Tops,71.42,8.12,1
14661,7346,H&M,Dresses,22.06,0.0,0
14662,7347,Zara,Swimwear,27.09,0.0,0
14663,7348,Prada,Dresses,1078.48,0.0,0
14664,7348,Prada,Jeans,840.78,0.0,0
14665,7349,Girlfriend Collective,Dresses,62.92,0.0,0
14666,7350,Urban Outfitters,Swimwear,38.86,0.0,0
14667,7351,Shein,Beauty,26.37,0.0,0
14668,7352,Loewe,Footwear,963.72,0.0,0
14669,7353,Under Armour,Tops,75.74,0.0,0
14670,7354,H&M,Home,89.11,0.0,0
14671,7354,H&M,Jeans,23.93,2.44,1
14672,7355,Gucci,Accessories,392.87,0.0,0
14673,7355,Gucci,Bags,1595.52,0.0,0
14674,7355,Gucci,Tops,1762.15,0.0,0
14675,7356,Chanel,Tops,2020.81,0.0,0
14676,7356,Chanel,Activewear,771.55,0.0,0
14677,7356,Chanel,Activewear,638.63,0.0,0
14678,7357,Chanel,Outerwear,3344.08,0.0,0
14679,7357,Chanel,Home,699.2,0.0,0
14680,7357,Chanel,Tops,1292.94,0.0,0
14681,7358,Prada,Dresses,1644.3,0.0,0
14682,7359,Shein,Jeans,32.28,10.91,1
14683,7359,Shein,Beauty,25.46,0.0,0
14684,7360,Under Armour,Home,75.25,0.0,0
14685,7360,Under Armour,Lingerie,82.56,0.0,0
14686,7360,Under Armour,Home,85.89,16.11,1
14687,7361,Shein,Footwear,53.51,0.0,0
14688,7362,Loewe,Dresses,2174.85,0.0,0
14689,7362,Loewe,Activewear,539.19,0.0,0
14690,7362,Loewe,Lingerie,680.5,0.0,0
14691,7363,Gucci,Activewear,691.09,0.0,0
14692,7363,Gucci,Tops,1919.03,0.0,0
14693,7363,Gucci,Swimwear,942.22,0.0,0
14694,7364,Zara,Beauty,88.13,0.0,0
14695,7364,Zara,Home,37.48,12.6,1
14696,7365,Chanel,Outerwear,3395.74,0.0,0
14697,7365,Chanel,Dresses,774.8,0.0,0
14698,7366,Gucci,Activewear,997.27,0.0,0
14699,7366,Gucci,Jeans,1633.36,0.0,0
14700,7366,Gucci,Beauty,970.66,0.0,0
14701,7367,Zara,Lingerie,24.57,0.0,0
14702,7367,Zara,Accessories,10.0,0.0,0
14703,7367,Zara,Jeans,74.34,0.0,0
14704,7368,H&M,Bags,34.6,0.0,0
14705,7368,H&M,Home,44.12,0.0,0
14706,7369,Gucci,Swimwear,663.02,0.0,0
14707,7370,Shein,Jeans,44.23,0.0,0
14708,7371,Girlfriend Collective,Bags,73.86,13.85,1
14709,7372,Urban Outfitters,Tops,59.97,0.0,0
14710,7372,Urban Outfitters,Tops,109.51,9.72,1
14711,7372,Urban Outfitters,Activewear,68.14,10.68,1
14712,7373,Zara,Outerwear,87.45,0.0,0
14713,7374,Loewe,Bags,2329.51,0.0,0
14714,7375,Zara,Bags,19.71,0.0,0
14715,7375,Zara,Activewear,80.48,0.0,0
14716,7376,Urban Outfitters,Outerwear,95.13,0.0,0
14717,7377,Gucci,Outerwear,3274.7,0.0,0
14718,7377,Gucci,Accessories,373.91,0.0,0
14719,7377,Gucci,Beauty,635.0,0.0,0
14720,7378,H&M,Outerwear,19.58,2.41,1
14721,7378,H&M,Outerwear,78.13,0.0,0
14722,7378,H&M,Swimwear,41.52,0.0,0
14723,7379,Girlfriend Collective,Jeans,88.72,15.26,1
14724,7380,Zara,Outerwear,104.98,29.81,1
14725,7381,Prada,Outerwear,3707.87,0.0,0
14726,7381,Prada,Activewear,775.02,0.0,0
14727,7382,Prada,Footwear,877.26,0.0,0
14728,7383,Shein,Jeans,20.02,0.0,0
14729,7384,Zara,Tops,26.26,0.0,0
14730,7384,Zara,Jeans,71.26,0.0,0
14731,7385,Gucci,Tops,1290.03,0.0,0
14732,7385,Gucci,Beauty,840.09,0.0,0
14733,7385,Gucci,Home,938.11,0.0,0
14734,7386,Chanel,Swimwear,810.31,0.0,0
14735,7387,Girlfriend Collective,Lingerie,92.77,22.97,1
14736,7387,Girlfriend Collective,Activewear,54.31,0.0,0
14737,7388,Zara,Dresses,84.19,0.0,0
14738,7388,Zara,Footwear,55.98,0.0,0
14739,7388,Zara,Bags,113.0,0.0,0
14740,7389,Under Armour,Outerwear,51.21,0.0,0
14741,7389,Under Armour,Footwear,108.37,0.0,0
14742,7389,Under Armour,Beauty,124.92,40.33,1
14743,7390,Girlfriend Collective,Activewear,93.18,0.0,0
14744,7390,Girlfriend Collective,Home,84.7,0.0,0
14745,7390,Girlfriend Collective,Accessories,47.79,0.0,0
14746,7391,Zara,Swimwear,57.05,0.0,0
14747,7391,Zara,Footwear,62.81,0.0,0
14748,7391,Zara,Home,21.84,7.07,1
14749,7392,Shein,Swimwear,16.9,0.0,0
14750,7392,Shein,Accessories,39.07,0.0,0
14751,7393,Urban Outfitters,Footwear,53.13,0.0,0
14752,7393,Urban Outfitters,Jeans,73.95,0.0,0
14753,7393,Urban Outfitters,Home,54.58,11.37,1
14754,7394,Urban Outfitters,Home,109.24,0.0,0
14755,7395,Shein,Home,29.39,0.0,0
14756,7395,Shein,Outerwear,22.42,0.0,0
14757,7396,Chanel,Accessories,685.89,0.0,0
14758,7396,Chanel,Footwear,918.56,129.95,1
14759,7396,Chanel,Beauty,663.95,0.0,0
14760,7397,Gucci,Outerwear,3225.55,0.0,0
14761,7398,Girlfriend Collective,Tops,87.19,0.0,0
14762,7398,Girlfriend Collective,Outerwear,40.16,0.0,0
14763,7398,Girlfriend Collective,Beauty,44.78,0.0,0
14764,7399,Under Armour,Tops,73.18,0.0,0
14765,7399,Under Armour,Dresses,100.81,27.24,1
14766,7399,Under Armour,Footwear,86.09,0.0,0
14767,7400,Urban Outfitters,Home,155.55,0.0,0
14768,7400,Urban Outfitters,Accessories,75.36,0.0,0
14769,7401,Urban Outfitters,Jeans,96.97,0.0,0
14770,7401,Urban Outfitters,Swimwear,74.62,0.0,0
14771,7401,Urban Outfitters,Lingerie,29.67,0.0,0
14772,7402,H&M,Dresses,63.64,0.0,0
14773,7402,H&M,Jeans,56.38,0.0,0
14774,7402,H&M,Beauty,111.39,0.0,0
14775,7403,Urban Outfitters,Lingerie,92.7,8.32,1
14776,7404,Urban Outfitters,Footwear,40.42,0.0,0
14777,7404,Urban Outfitters,Bags,101.28,0.0,0
14778,7405,Chanel,Activewear,599.82,0.0,0
14779,7405,Chanel,Bags,9552.79,0.0,0
14780,7405,Chanel,Accessories,555.91,0.0,0
14781,7406,Zara,Activewear,64.57,0.0,0
14782,7406,Zara,Accessories,49.91,15.74,1
14783,7406,Zara,Dresses,62.44,0.0,0
14784,7407,Shein,Beauty,28.5,0.0,0
14785,7408,Loewe,Dresses,1482.23,0.0,0
14786,7409,Prada,Dresses,1698.59,0.0,0
14787,7409,Prada,Lingerie,749.98,0.0,0
14788,7410,Shein,Tops,30.75,0.0,0
14789,7410,Shein,Footwear,24.75,2.81,1
14790,7410,Shein,Dresses,15.16,1.75,1
14791,7411,Chanel,Swimwear,612.32,0.0,0
14792,7411,Chanel,Lingerie,625.24,0.0,0
14793,7411,Chanel,Home,687.21,0.0,0
14794,7412,Shein,Footwear,49.01,0.0,0
14795,7412,Shein,Activewear,36.26,0.0,0
14796,7412,Shein,Dresses,6.88,0.0,0
14797,7413,Shein,Tops,12.28,0.0,0
14798,7413,Shein,Swimwear,33.96,0.0,0
14799,7413,Shein,Dresses,22.66,0.0,0
14800,7414,Chanel,Swimwear,439.65,0.0,0
14801,7415,Urban Outfitters,Footwear,20.0,0.0,0
14802,7415,Urban Outfitters,Lingerie,39.14,0.0,0
14803,7415,Urban Outfitters,Lingerie,73.53,0.0,0
14804,7416,Shein,Bags,32.18,0.0,0
14805,7417,Under Armour,Outerwear,91.59,0.0,0
14806,7417,Under Armour,Lingerie,85.51,0.0,0
14807,7418,Girlfriend Collective,Tops,82.49,4.42,1
14808,7418,Girlfriend Collective,Activewear,66.41,0.0,0
14809,7419,Chanel,Tops,1748.27,438.42,1
14810,7420,Girlfriend Collective,Activewear,93.79,0.0,0
14811,7421,Zara,Beauty,58.06,0.0,0
14812,7422,H&M,Bags,92.42,0.0,0
14813,7423,Loewe,Dresses,1479.37,0.0,0
14814,7423,Loewe,Lingerie,733.53,0.0,0
14815,7423,Loewe,Swimwear,943.15,0.0,0
14816,7424,Prada,Activewear,699.76,0.0,0
14817,7424,Prada,Dresses,754.3,0.0,0
14818,7425,H&M,Accessories,72.05,0.0,0
14819,7426,Chanel,Accessories,592.72,0.0,0
14820,7426,Chanel,Lingerie,799.65,0.0,0
14821,7426,Chanel,Jeans,2024.54,0.0,0
14822,7427,Under Armour,Swimwear,51.97,13.01,1
14823,7427,Under Armour,Jeans,53.36,0.0,0
14824,7428,Gucci,Footwear,796.64,0.0,0
14825,7428,Gucci,Jeans,1527.62,163.19,1
14826,7429,Zara,Footwear,76.03,14.43,1
14827,7430,Girlfriend Collective,Outerwear,53.0,0.0,0
14828,7430,Girlfriend Collective,Activewear,65.79,0.0,0
14829,7430,Girlfriend Collective,Outerwear,67.21,0.0,0
14830,7431,Urban Outfitters,Activewear,49.13,0.0,0
14831,7432,Zara,Footwear,26.78,0.0,0
14832,7433,Under Armour,Home,70.66,0.0,0
14833,7433,Under Armour,Footwear,116.4,0.0,0
14834,7433,Under Armour,Accessories,91.54,16.27,1
14835,7434,Gucci,Bags,1604.41,0.0,0
14836,7434,Gucci,Beauty,870.67,0.0,0
14837,7435,Gucci,Outerwear,3720.74,0.0,0
14838,7435,Gucci,Outerwear,3140.0,0.0,0
14839,7436,Gucci,Footwear,1107.48,0.0,0
14840,7437,H&M,Jeans,78.3,0.0,0
14841,7437,H&M,Tops,110.89,0.0,0
14842,7437,H&M,Dresses,56.11,9.18,1
14843,7438,Girlfriend Collective,Lingerie,96.76,0.0,0
14844,7439,Under Armour,Activewear,67.47,0.0,0
14845,7439,Under Armour,Lingerie,57.01,14.43,1
14846,7439,Under Armour,Beauty,54.85,0.0,0
14847,7440,Gucci,Bags,1857.63,237.68,1
14848,7440,Gucci,Beauty,665.02,0.0,0
14849,7440,Gucci,Swimwear,822.89,0.0,0
14850,7441,Zara,Beauty,85.25,0.0,0
14851,7441,Zara,Beauty,56.53,0.0,0
14852,7442,Zara,Bags,27.13,0.0,0
14853,7442,Zara,Activewear,50.65,15.55,1
14854,7443,Shein,Jeans,16.59,0.0,0
14855,7443,Shein,Activewear,8.95,1.03,1
14856,7443,Shein,Dresses,7.3,0.0,0
14857,7444,H&M,Jeans,10.0,1.76,1
14858,7444,H&M,Lingerie,80.01,0.0,0
14859,7445,Shein,Accessories,44.6,8.22,1
14860,7445,Shein,Jeans,23.79,3.61,1
14861,7446,Shein,Home,28.62,0.0,0
14862,7446,Shein,Tops,36.02,0.0,0
14863,7447,Urban Outfitters,Bags,62.85,20.58,1
14864,7447,Urban Outfitters,Beauty,48.57,0.0,0
14865,7448,H&M,Home,45.31,0.0,0
14866,7448,H&M,Accessories,50.58,0.0,0
14867,7448,H&M,Accessories,82.55,0.0,0
14868,7449,Zara,Home,21.11,0.0,0
14869,7449,Zara,Outerwear,52.67,0.0,0
14870,7450,Prada,Dresses,700.0,0.0,0
14871,7451,Zara,Dresses,100.9,8.08,1
14872,7451,Zara,Home,61.86,0.0,0
14873,7451,Zara,Beauty,58.48,0.0,0
14874,7452,Girlfriend Collective,Home,111.18,0.0,0
14875,7453,Under Armour,Beauty,137.88,0.0,0
14876,7453,Under Armour,Lingerie,42.76,0.0,0
14877,7454,Under Armour,Beauty,71.82,20.42,1
14878,7454,Under Armour,Accessories,122.71,0.0,0
14879,7454,Under Armour,Accessories,99.67,0.0,0
14880,7455,Urban Outfitters,Accessories,42.43,5.61,1
14881,7455,Urban Outfitters,Home,101.11,0.0,0
14882,7455,Urban Outfitters,Beauty,80.32,0.0,0
14883,7456,Shein,Footwear,15.26,0.0,0
14884,7457,Under Armour,Dresses,102.69,0.0,0
14885,7457,Under Armour,Home,84.89,0.0,0
14886,7458,Urban Outfitters,Activewear,33.35,0.0,0
14887,7459,H&M,Accessories,75.36,0.0,0
14888,7460,Gucci,Jeans,1877.65,0.0,0
14889,7460,Gucci,Tops,1725.47,0.0,0
14890,7461,Zara,Swimwear,47.88,0.0,0
14891,7461,Zara,Home,51.34,0.0,0
14892,7461,Zara,Home,93.59,0.0,0
14893,7462,H&M,Outerwear,66.28,0.0,0
14894,7462,H&M,Bags,98.44,22.26,1
14895,7462,H&M,Bags,46.11,0.0,0
14896,7463,Zara,Tops,42.98,0.0,0
14897,7463,Zara,Jeans,79.79,0.0,0
14898,7463,Zara,Footwear,42.79,0.0,0
14899,7464,Loewe,Home,873.7,0.0,0
14900,7465,Urban Outfitters,Jeans,93.16,0.0,0
14901,7466,H&M,Tops,58.2,0.0,0
14902,7466,H&M,Beauty,13.4,0.0,0
14903,7467,Zara,Outerwear,97.15,0.0,0
14904,7468,Zara,Footwear,68.37,15.19,1
14905,7468,Zara,Beauty,105.45,0.0,0
14906,7468,Zara,Jeans,43.82,6.95,1
14907,7469,Shein,Bags,31.94,0.0,0
14908,7469,Shein,Dresses,32.94,0.0,0
14909,7469,Shein,Beauty,23.83,0.0,0
14910,7470,Prada,Lingerie,445.93,0.0,0
14911,7470,Prada,Tops,1244.0,0.0,0
14912,7471,Zara,Bags,107.91,0.0,0
14913,7472,H&M,Dresses,89.34,0.0,0
14914,7473,H&M,Activewear,54.68,0.0,0
14915,7473,H&M,Dresses,38.7,0.0,0
14916,7474,Chanel,Jeans,1353.9,0.0,0
14917,7474,Chanel,Lingerie,920.71,0.0,0
14918,7474,Chanel,Outerwear,3582.83,0.0,0
14919,7475,Loewe,Activewear,543.41,0.0,0
14920,7475,Loewe,Jeans,818.61,0.0,0
14921,7476,Zara,Outerwear,79.8,0.0,0
14922,7476,Zara,Home,72.93,0.0,0
14923,7476,Zara,Tops,58.26,0.0,0
14924,7477,Shein,Swimwear,27.25,0.0,0
14925,7478,Gucci,Home,625.81,0.0,0
14926,7478,Gucci,Bags,2377.63,0.0,0
14927,7478,Gucci,Accessories,607.51,0.0,0
14928,7479,Urban Outfitters,Footwear,72.27,21.17,1
14929,7479,Urban Outfitters,Outerwear,46.52,0.0,0
14930,7479,Urban Outfitters,Accessories,126.25,0.0,0
14931,7480,Shein,Tops,38.63,0.0,0
14932,7480,Shein,Accessories,17.17,2.28,1
14933,7480,Shein,Accessories,30.76,6.05,1
14934,7481,Loewe,Footwear,892.95,0.0,0
14935,7481,Loewe,Tops,1773.9,0.0,0
14936,7481,Loewe,Tops,1722.67,0.0,0
14937,7482,Shein,Beauty,11.27,0.0,0
14938,7483,Under Armour,Footwear,187.09,0.0,0
14939,7484,Loewe,Activewear,1099.88,0.0,0
14940,7485,Urban Outfitters,Home,192.54,46.23,1
14941,7485,Urban Outfitters,Bags,134.34,0.0,0
14942,7485,Urban Outfitters,Activewear,94.77,0.0,0
14943,7486,Chanel,Beauty,638.55,0.0,0
14944,7486,Chanel,Jeans,2167.94,0.0,0
14945,7487,Gucci,Home,736.28,0.0,0
14946,7488,H&M,Beauty,35.21,0.0,0
14947,7488,H&M,Jeans,61.17,6.12,1
14948,7489,H&M,Swimwear,61.16,0.0,0
14949,7489,H&M,Home,52.4,0.0,0
14950,7489,H&M,Footwear,62.94,0.0,0
14951,7490,Girlfriend Collective,Activewear,136.65,0.0,0
14952,7490,Girlfriend Collective,Home,123.83,0.0,0
14953,7490,Girlfriend Collective,Tops,66.07,0.0,0
14954,7491,H&M,Swimwear,41.88,0.0,0
14955,7491,H&M,Swimwear,29.84,0.0,0
14956,7491,H&M,Bags,37.7,0.0,0
14957,7492,Loewe,Lingerie,752.01,0.0,0
14958,7492,Loewe,Jeans,2012.21,0.0,0
14959,7493,Urban Outfitters,Lingerie,130.63,7.7,1
14960,7494,H&M,Footwear,79.95,0.0,0
14961,7494,H&M,Tops,49.4,0.0,0
14962,7495,Loewe,Tops,933.43,0.0,0
14963,7495,Loewe,Activewear,547.6,0.0,0
14964,7496,Girlfriend Collective,Accessories,108.6,0.0,0
14965,7496,Girlfriend Collective,Footwear,75.04,9.98,1
14966,7496,Girlfriend Collective,Accessories,78.39,0.0,0
14967,7497,Zara,Beauty,86.22,0.0,0
14968,7498,H&M,Beauty,42.49,0.0,0
14969,7498,H&M,Dresses,31.3,5.93,1
14970,7498,H&M,Beauty,39.88,0.0,0
14971,7499,Gucci,Swimwear,886.34,0.0,0
14972,7499,Gucci,Footwear,667.74,0.0,0
14973,7499,Gucci,Tops,1942.37,0.0,0
14974,7500,Prada,Dresses,1398.82,0.0,0
14975,7500,Prada,Accessories,707.02,0.0,0
14976,7500,Prada,Activewear,652.54,0.0,0
14977,7501,Urban Outfitters,Jeans,99.63,0.0,0
14978,7502,Gucci,Bags,2320.61,0.0,0
14979,7502,Gucci,Swimwear,1227.98,0.0,0
14980,7502,Gucci,Lingerie,828.51,0.0,0
14981,7503,Girlfriend Collective,Bags,45.26,0.0,0
14982,7503,Girlfriend Collective,Jeans,112.56,0.0,0
14983,7503,Girlfriend Collective,Lingerie,90.32,15.89,1
14984,7504,Chanel,Dresses,1581.44,0.0,0
14985,7505,Under Armour,Jeans,61.58,0.0,0
14986,7505,Under Armour,Jeans,80.69,16.44,1
14987,7505,Under Armour,Accessories,94.26,0.0,0
14988,7506,Shein,Accessories,23.59,3.68,1
14989,7506,Shein,Activewear,6.32,0.0,0
14990,7506,Shein,Dresses,50.14,12.89,1
14991,7507,Chanel,Jeans,1419.13,0.0,0
14992,7507,Chanel,Jeans,1027.42,0.0,0
14993,7508,Gucci,Bags,2283.45,0.0,0
14994,7508,Gucci,Home,623.77,0.0,0
14995,7508,Gucci,Footwear,921.62,0.0,0
14996,7509,Loewe,Jeans,1901.67,0.0,0
14997,7509,Loewe,Tops,1406.41,0.0,0
14998,7509,Loewe,Accessories,664.54,0.0,0
14999,7510,Zara,Outerwear,43.33,15.12,1
15000,7511,Under Armour,Outerwear,84.21,17.83,1
15001,7512,Gucci,Accessories,460.89,0.0,0
15002,7512,Gucci,Home,895.34,0.0,0
15003,7512,Gucci,Footwear,1000.45,0.0,0
15004,7513,H&M,Jeans,111.59,0.0,0
15005,7513,H&M,Bags,46.69,0.0,0
15006,7514,Urban Outfitters,Footwear,111.06,0.0,0
15007,7514,Urban Outfitters,Outerwear,106.37,0.0,0
15008,7515,Zara,Lingerie,52.43,0.0,0
15009,7516,H&M,Activewear,44.29,10.81,1
15010,7516,H&M,Beauty,68.08,10.08,1
15011,7516,H&M,Home,73.16,0.0,0
15012,7517,Gucci,Swimwear,1377.32,0.0,0
15013,7517,Gucci,Bags,2131.59,0.0,0
15014,7517,Gucci,Bags,2530.43,0.0,0
15015,7518,Girlfriend Collective,Footwear,105.12,0.0,0
15016,7518,Girlfriend Collective,Beauty,82.9,0.0,0
15017,7518,Girlfriend Collective,Dresses,49.46,0.0,0
15018,7519,Shein,Tops,25.68,0.0,0
15019,7519,Shein,Swimwear,31.83,0.0,0
15020,7519,Shein,Beauty,18.66,0.0,0
15021,7520,Loewe,Beauty,663.16,0.0,0
15022,7520,Loewe,Tops,801.95,0.0,0
15023,7521,Under Armour,Beauty,30.0,8.15,1
15024,7521,Under Armour,Tops,75.16,25.52,1
15025,7522,Gucci,Outerwear,3668.79,0.0,0
15026,7523,Shein,Bags,11.74,0.0,0
15027,7523,Shein,Outerwear,36.05,0.0,0
15028,7523,Shein,Outerwear,25.58,0.0,0
15029,7524,H&M,Tops,56.22,0.0,0
15030,7524,H&M,Tops,23.69,5.86,1
15031,7525,H&M,Jeans,82.07,0.0,0
15032,7525,H&M,Tops,58.2,0.0,0
15033,7525,H&M,Accessories,41.45,0.0,0
15034,7526,Prada,Beauty,1042.23,0.0,0
15035,7526,Prada,Footwear,952.52,0.0,0
15036,7527,Shein,Tops,12.03,0.0,0
15037,7527,Shein,Tops,11.64,2.87,1
15038,7527,Shein,Tops,19.46,0.0,0
15039,7528,H&M,Tops,60.99,0.0,0
15040,7528,H&M,Swimwear,48.36,0.0,0
15041,7528,H&M,Home,49.73,0.0,0
15042,7529,Zara,Accessories,77.56,0.0,0
15043,7530,Shein,Footwear,16.13,3.83,1
15044,7530,Shein,Home,34.34,0.0,0
15045,7531,Girlfriend Collective,Jeans,102.57,10.25,1
15046,7531,Girlfriend Collective,Lingerie,61.7,0.0,0
15047,7531,Girlfriend Collective,Jeans,98.82,29.27,1
15048,7532,Under Armour,Footwear,132.99,0.0,0
15049,7533,H&M,Bags,73.73,0.0,0
15050,7533,H&M,Outerwear,35.98,0.0,0
15051,7534,Zara,Home,51.29,0.0,0
15052,7534,Zara,Swimwear,44.26,0.0,0
15053,7535,Girlfriend Collective,Beauty,74.14,0.0,0
15054,7535,Girlfriend Collective,Home,90.75,30.77,1
15055,7536,Shein,Beauty,17.07,0.0,0
15056,7537,Girlfriend Collective,Footwear,39.92,0.0,0
15057,7537,Girlfriend Collective,Beauty,105.7,0.0,0
15058,7538,Shein,Dresses,15.94,0.0,0
15059,7539,Shein,Dresses,17.2,0.0,0
15060,7540,Zara,Swimwear,82.5,12.52,1
15061,7540,Zara,Tops,76.45,4.48,1
15062,7540,Zara,Dresses,22.71,0.0,0
15063,7541,Loewe,Home,412.32,0.0,0
15064,7541,Loewe,Footwear,895.63,0.0,0
15065,7542,H&M,Accessories,53.86,0.0,0
15066,7542,H&M,Lingerie,63.91,0.0,0
15067,7542,H&M,Beauty,78.21,0.0,0
15068,7543,Chanel,Footwear,1156.15,0.0,0
15069,7543,Chanel,Beauty,1108.57,0.0,0
15070,7543,Chanel,Dresses,849.19,0.0,0
15071,7544,Loewe,Activewear,661.33,0.0,0
15072,7544,Loewe,Bags,2663.9,0.0,0
15073,7544,Loewe,Dresses,724.28,0.0,0
15074,7545,Under Armour,Lingerie,80.46,0.0,0
15075,7545,Under Armour,Lingerie,72.94,0.0,0
15076,7545,Under Armour,Jeans,78.76,0.0,0
15077,7546,Under Armour,Outerwear,84.29,0.0,0
15078,7546,Under Armour,Beauty,131.98,0.0,0
15079,7547,Shein,Swimwear,6.47,0.0,0
15080,7548,Girlfriend Collective,Tops,77.47,0.0,0
15081,7548,Girlfriend Collective,Tops,30.0,0.0,0
15082,7549,Loewe,Activewear,678.27,0.0,0
15083,7549,Loewe,Accessories,563.79,0.0,0
15084,7550,Shein,Bags,35.04,0.0,0
15085,7550,Shein,Bags,29.15,0.0,0
15086,7550,Shein,Tops,5.0,0.0,0
15087,7551,Shein,Jeans,16.27,0.0,0
15088,7551,Shein,Activewear,33.79,8.04,1
15089,7551,Shein,Home,14.74,0.0,0
15090,7552,Zara,Activewear,78.23,0.0,0
15091,7552,Zara,Swimwear,52.38,0.0,0
15092,7553,H&M,Outerwear,57.55,0.0,0
15093,7553,H&M,Footwear,85.88,0.0,0
15094,7553,H&M,Activewear,77.35,0.0,0
15095,7554,H&M,Outerwear,65.07,0.0,0
15096,7554,H&M,Footwear,82.69,15.61,1
15097,7555,Gucci,Beauty,1074.38,298.26,1
15098,7556,Shein,Beauty,22.28,0.0,0
15099,7557,Under Armour,Jeans,114.3,0.0,0
15100,7558,Urban Outfitters,Home,20.0,0.0,0
15101,7559,Girlfriend Collective,Swimwear,147.25,29.63,1
15102,7559,Girlfriend Collective,Accessories,61.15,0.0,0
15103,7559,Girlfriend Collective,Home,124.82,38.3,1
15104,7560,Zara,Bags,51.18,0.0,0
15105,7560,Zara,Dresses,56.76,0.0,0
15106,7560,Zara,Beauty,16.78,0.0,0
15107,7561,Girlfriend Collective,Swimwear,132.95,0.0,0
15108,7561,Girlfriend Collective,Outerwear,44.06,0.0,0
15109,7562,H&M,Activewear,68.12,0.0,0
15110,7563,Prada,Home,768.37,0.0,0
15111,7563,Prada,Jeans,1385.48,0.0,0
15112,7564,Prada,Footwear,605.35,0.0,0
15113,7564,Prada,Jeans,1813.55,0.0,0
15114,7564,Prada,Home,1120.13,0.0,0
15115,7565,H&M,Footwear,88.43,12.01,1
15116,7566,H&M,Activewear,105.84,0.0,0
15117,7566,H&M,Footwear,40.24,12.34,1
15118,7566,H&M,Activewear,46.84,0.0,0
15119,7567,Loewe,Jeans,1754.56,0.0,0
15120,7567,Loewe,Jeans,1134.84,0.0,0
15121,7567,Loewe,Footwear,778.6,0.0,0
15122,7568,Prada,Beauty,620.38,0.0,0
15123,7569,H&M,Accessories,94.86,0.0,0
15124,7570,Zara,Lingerie,76.21,0.0,0
15125,7571,Shein,Jeans,20.38,0.0,0
15126,7572,Gucci,Accessories,697.32,128.38,1
15127,7572,Gucci,Outerwear,4051.83,0.0,0
15128,7573,Loewe,Bags,2459.07,0.0,0
15129,7574,Chanel,Dresses,1846.11,0.0,0
15130,7575,H&M,Accessories,82.33,0.0,0
15131,7575,H&M,Footwear,36.01,0.0,0
15132,7575,H&M,Dresses,66.06,0.0,0
15133,7576,Loewe,Bags,2260.45,0.0,0
15134,7576,Loewe,Lingerie,1059.22,0.0,0
15135,7577,Chanel,Accessories,300.0,0.0,0
15136,7577,Chanel,Tops,1844.33,0.0,0
15137,7578,Zara,Footwear,84.45,0.0,0
15138,7579,Loewe,Home,873.25,0.0,0
15139,7579,Loewe,Dresses,1374.09,0.0,0
15140,7580,Chanel,Home,1015.07,0.0,0
15141,7580,Chanel,Accessories,557.22,0.0,0
15142,7581,Prada,Outerwear,3080.15,0.0,0
15143,7581,Prada,Swimwear,770.49,0.0,0
15144,7582,Urban Outfitters,Lingerie,95.58,0.0,0
15145,7583,Urban Outfitters,Home,43.42,0.0,0
15146,7583,Urban Outfitters,Swimwear,118.54,0.0,0
15147,7584,Zara,Swimwear,61.45,0.0,0
15148,7585,H&M,Lingerie,55.04,0.0,0
15149,7585,H&M,Activewear,66.46,0.0,0
15150,7585,H&M,Swimwear,79.07,0.0,0
15151,7586,Zara,Beauty,67.69,0.0,0
15152,7586,Zara,Lingerie,89.92,0.0,0
15153,7586,Zara,Bags,30.37,0.0,0
15154,7587,H&M,Accessories,37.12,0.0,0
15155,7587,H&M,Beauty,106.11,27.83,1
15156,7587,H&M,Footwear,72.36,11.1,1
15157,7588,Urban Outfitters,Activewear,20.0,5.88,1
15158,7588,Urban Outfitters,Outerwear,75.84,0.0,0
15159,7589,Chanel,Bags,9378.81,0.0,0
15160,7590,H&M,Dresses,82.05,0.0,0
15161,7591,Loewe,Tops,1287.37,0.0,0
15162,7592,Shein,Lingerie,14.9,0.0,0
15163,7592,Shein,Lingerie,38.54,0.0,0
15164,7592,Shein,Swimwear,46.78,4.42,1
15165,7593,Urban Outfitters,Lingerie,36.89,0.0,0
15166,7593,Urban Outfitters,Swimwear,62.57,0.0,0
15167,7594,H&M,Footwear,82.69,18.38,1
15168,7594,H&M,Beauty,59.44,0.0,0
15169,7595,Zara,Dresses,79.68,0.0,0
15170,7595,Zara,Activewear,19.04,0.0,0
15171,7595,Zara,Footwear,60.51,13.27,1
15172,7596,Chanel,Bags,8961.45,0.0,0
15173,7597,Prada,Bags,2592.19,0.0,0
15174,7597,Prada,Accessories,614.2,0.0,0
15175,7598,Gucci,Footwear,500.0,0.0,0
15176,7599,Zara,Bags,90.36,28.98,1
15177,7599,Zara,Tops,68.76,0.0,0
15178,7599,Zara,Activewear,10.0,0.0,0
15179,7600,H&M,Swimwear,70.28,0.0,0
15180,7600,H&M,Activewear,71.66,0.0,0
15181,7600,H&M,Footwear,37.2,5.27,1
15182,7601,Urban Outfitters,Activewear,20.0,0.0,0
15183,7601,Urban Outfitters,Home,94.03,0.0,0
15184,7601,Urban Outfitters,Accessories,69.07,16.49,1
15185,7602,Gucci,Activewear,822.51,0.0,0
15186,7603,Loewe,Outerwear,3745.13,0.0,0
15187,7603,Loewe,Beauty,751.44,0.0,0
15188,7604,Gucci,Bags,2259.79,0.0,0
15189,7605,Under Armour,Activewear,71.63,0.0,0
15190,7605,Under Armour,Outerwear,80.68,0.0,0
15191,7605,Under Armour,Home,37.2,0.0,0
15192,7606,Shein,Footwear,12.72,3.64,1
15193,7606,Shein,Home,26.0,2.46,1
15194,7607,Prada,Outerwear,3936.97,0.0,0
15195,7607,Prada,Footwear,634.05,0.0,0
15196,7608,Shein,Beauty,26.03,0.0,0
15197,7608,Shein,Activewear,12.3,0.0,0
15198,7609,H&M,Lingerie,26.77,6.92,1
15199,7609,H&M,Outerwear,69.53,21.71,1
15200,7609,H&M,Outerwear,29.84,0.0,0
15201,7610,H&M,Tops,21.17,0.0,0
15202,7610,H&M,Accessories,49.59,0.0,0
15203,7611,Under Armour,Beauty,58.99,0.0,0
15204,7612,Zara,Footwear,86.85,27.61,1
15205,7612,Zara,Footwear,39.57,0.0,0
15206,7612,Zara,Home,60.2,0.0,0
15207,7613,H&M,Footwear,35.32,0.0,0
15208,7614,Urban Outfitters,Dresses,116.99,0.0,0
15209,7614,Urban Outfitters,Activewear,61.53,0.0,0
15210,7614,Urban Outfitters,Lingerie,36.41,0.0,0
15211,7615,Urban Outfitters,Outerwear,126.73,33.83,1
15212,7615,Urban Outfitters,Jeans,76.84,17.33,1
15213,7615,Urban Outfitters,Activewear,69.15,0.0,0
15214,7616,Urban Outfitters,Swimwear,110.02,0.0,0
15215,7616,Urban Outfitters,Tops,36.48,3.95,1
15216,7617,Shein,Footwear,33.25,0.0,0
15217,7618,Under Armour,Swimwear,82.06,0.0,0
15218,7618,Under Armour,Swimwear,30.0,0.0,0
15219,7618,Under Armour,Beauty,108.64,30.04,1
15220,7619,Gucci,Dresses,2416.22,0.0,0
15221,7620,Loewe,Swimwear,636.64,0.0,0
15222,7621,Chanel,Swimwear,805.13,0.0,0
15223,7622,Loewe,Tops,2058.89,0.0,0
15224,7623,Under Armour,Accessories,71.62,7.64,1
15225,7624,Urban Outfitters,Tops,22.04,4.7,1
15226,7624,Urban Outfitters,Accessories,90.86,0.0,0
15227,7624,Urban Outfitters,Accessories,100.75,0.0,0
15228,7625,Prada,Jeans,1392.9,0.0,0
15229,7626,Gucci,Beauty,858.14,0.0,0
15230,7627,Urban Outfitters,Tops,88.89,0.0,0
15231,7627,Urban Outfitters,Bags,69.4,0.0,0
15232,7627,Urban Outfitters,Jeans,137.59,0.0,0
15233,7628,Shein,Bags,18.99,6.46,1
15234,7628,Shein,Beauty,33.79,0.0,0
15235,7629,Urban Outfitters,Home,227.04,0.0,0
15236,7629,Urban Outfitters,Dresses,102.5,0.0,0
15237,7629,Urban Outfitters,Lingerie,63.1,0.0,0
15238,7630,Zara,Activewear,84.95,0.0,0
15239,7630,Zara,Footwear,41.76,0.0,0
15240,7630,Zara,Tops,31.51,0.0,0
15241,7631,H&M,Bags,14.79,1.97,1
15242,7631,H&M,Bags,25.92,8.13,1
15243,7631,H&M,Swimwear,74.88,0.0,0
15244,7632,Girlfriend Collective,Dresses,68.23,0.0,0
15245,7632,Girlfriend Collective,Beauty,126.98,0.0,0
15246,7633,H&M,Swimwear,58.27,0.0,0
15247,7633,H&M,Activewear,41.7,0.0,0
15248,7634,H&M,Jeans,36.93,8.37,1
15249,7634,H&M,Beauty,57.84,0.0,0
15250,7635,H&M,Home,63.5,0.0,0
15251,7635,H&M,Dresses,67.55,0.0,0
15252,7636,Urban Outfitters,Activewear,31.63,0.0,0
15253,7637,Girlfriend Collective,Bags,77.51,0.0,0
15254,7637,Girlfriend Collective,Beauty,83.52,0.0,0
15255,7638,Zara,Tops,78.68,0.0,0
15256,7638,Zara,Home,46.01,16.05,1
15257,7639,Urban Outfitters,Footwear,55.92,16.22,1
15258,7639,Urban Outfitters,Activewear,64.97,19.34,1
15259,7640,Girlfriend Collective,Home,107.9,0.0,0
15260,7641,Gucci,Lingerie,1121.16,0.0,0
15261,7642,Chanel,Activewear,733.48,0.0,0
15262,7642,Chanel,Activewear,1078.7,0.0,0
15263,7643,Zara,Activewear,37.21,0.0,0
15264,7643,Zara,Dresses,51.68,0.0,0
15265,7644,Urban Outfitters,Swimwear,37.76,0.0,0
15266,7644,Urban Outfitters,Home,20.0,6.79,1
15267,7644,Urban Outfitters,Swimwear,89.61,0.0,0
15268,7645,Prada,Lingerie,426.72,0.0,0
15269,7645,Prada,Outerwear,4206.21,0.0,0
15270,7645,Prada,Footwear,500.0,0.0,0
15271,7646,Gucci,Outerwear,4025.21,0.0,0
15272,7647,H&M,Beauty,35.82,0.0,0
15273,7647,H&M,Outerwear,52.86,9.97,1
15274,7647,H&M,Beauty,25.19,4.58,1
15275,7648,Under Armour,Bags,71.07,0.0,0
15276,7648,Under Armour,Outerwear,123.95,0.0,0
15277,7649,Prada,Bags,1933.14,0.0,0
15278,7650,Chanel,Tops,1388.82,0.0,0
15279,7651,Under Armour,Tops,81.29,12.01,1
15280,7651,Under Armour,Activewear,91.83,0.0,0
15281,7652,Zara,Dresses,109.58,9.9,1
15282,7653,Zara,Lingerie,76.76,0.0,0
15283,7653,Zara,Tops,32.36,0.0,0
15284,7653,Zara,Home,104.93,0.0,0
15285,7654,Zara,Lingerie,66.99,22.89,1
15286,7655,Zara,Jeans,74.91,0.0,0
15287,7656,Zara,Tops,66.26,0.0,0
15288,7657,H&M,Home,85.36,0.0,0
15289,7657,H&M,Tops,72.72,0.0,0
15290,7658,Urban Outfitters,Lingerie,79.66,24.63,1
15291,7658,Urban Outfitters,Lingerie,86.87,23.5,1
15292,7659,Prada,Footwear,737.15,251.35,1
15293,7659,Prada,Tops,1367.07,0.0,0
15294,7660,Urban Outfitters,Beauty,107.32,0.0,0
15295,7661,Under Armour,Home,96.59,0.0,0
15296,7662,Urban Outfitters,Dresses,27.84,0.0,0
15297,7663,Loewe,Footwear,1019.76,0.0,0
15298,7663,Loewe,Jeans,1124.83,0.0,0
15299,7663,Loewe,Footwear,986.77,0.0,0
15300,7664,Loewe,Activewear,730.17,0.0,0
15301,7664,Loewe,Jeans,2189.25,0.0,0
15302,7664,Loewe,Tops,1333.14,0.0,0
15303,7665,Urban Outfitters,Beauty,22.33,0.0,0
15304,7665,Urban Outfitters,Outerwear,96.27,29.06,1
15305,7666,Urban Outfitters,Accessories,105.52,16.92,1
15306,7667,Under Armour,Activewear,128.0,0.0,0
15307,7667,Under Armour,Home,42.12,0.0,0
15308,7668,Zara,Outerwear,10.0,0.0,0
15309,7669,Girlfriend Collective,Footwear,97.71,24.9,1
15310,7670,Gucci,Dresses,2203.79,0.0,0
15311,7670,Gucci,Home,974.35,0.0,0
15312,7670,Gucci,Home,887.54,0.0,0
15313,7671,Chanel,Jeans,1524.68,0.0,0
15314,7672,Gucci,Swimwear,522.03,0.0,0
15315,7672,Gucci,Footwear,715.92,0.0,0
15316,7672,Gucci,Home,818.17,0.0,0
15317,7673,H&M,Bags,17.55,0.99,1
15318,7674,Loewe,Tops,1350.22,82.8,1
15319,7675,H&M,Tops,91.04,30.51,1
15320,7675,H&M,Jeans,74.29,25.08,1
15321,7675,H&M,Activewear,151.11,0.0,0
15322,7676,Shein,Dresses,15.24,0.0,0
15323,7676,Shein,Jeans,32.48,0.0,0
15324,7677,Prada,Jeans,2016.19,0.0,0
15325,7677,Prada,Lingerie,474.66,0.0,0
15326,7678,Loewe,Bags,2048.14,396.26,1
15327,7678,Loewe,Dresses,1672.2,0.0,0
15328,7678,Loewe,Jeans,1121.94,0.0,0
15329,7679,Under Armour,Jeans,48.15,0.0,0
15330,7680,Chanel,Bags,8393.06,0.0,0
15331,7680,Chanel,Lingerie,428.51,0.0,0
15332,7680,Chanel,Outerwear,3908.89,0.0,0
15333,7681,H&M,Jeans,70.43,0.0,0
15334,7681,H&M,Outerwear,72.29,23.06,1
15335,7682,H&M,Activewear,62.18,0.0,0
15336,7682,H&M,Tops,63.73,0.0,0
15337,7683,Chanel,Accessories,527.24,0.0,0
15338,7683,Chanel,Outerwear,3718.92,0.0,0
15339,7683,Chanel,Jeans,1452.0,0.0,0
15340,7684,H&M,Tops,70.35,0.0,0
15341,7684,H&M,Activewear,35.78,5.54,1
15342,7684,H&M,Dresses,87.06,0.0,0
15343,7685,Loewe,Jeans,1207.56,0.0,0
15344,7685,Loewe,Swimwear,928.59,0.0,0
15345,7686,Chanel,Lingerie,744.41,0.0,0
15346,7687,Zara,Beauty,84.24,0.0,0
15347,7687,Zara,Lingerie,73.57,11.31,1
15348,7687,Zara,Bags,69.79,18.48,1
15349,7688,Under Armour,Accessories,113.46,24.57,1
15350,7689,Prada,Outerwear,3622.11,0.0,0
15351,7690,Urban Outfitters,Beauty,52.11,14.57,1
15352,7690,Urban Outfitters,Lingerie,57.63,13.13,1
15353,7690,Urban Outfitters,Outerwear,122.75,0.0,0
15354,7691,Zara,Accessories,16.52,1.52,1
15355,7691,Zara,Jeans,75.68,0.0,0
15356,7691,Zara,Accessories,64.85,0.0,0
15357,7692,H&M,Swimwear,48.82,0.0,0
15358,7693,Urban Outfitters,Beauty,102.26,0.0,0
15359,7694,Under Armour,Outerwear,200.0,21.88,1
15360,7694,Under Armour,Beauty,71.76,0.0,0
15361,7695,Shein,Swimwear,25.43,5.62,1
15362,7695,Shein,Home,10.36,1.04,1
15363,7695,Shein,Swimwear,28.89,3.59,1
15364,7696,Girlfriend Collective,Activewear,105.01,28.2,1
15365,7696,Girlfriend Collective,Activewear,132.97,0.0,0
15366,7697,Chanel,Beauty,604.02,0.0,0
15367,7697,Chanel,Dresses,1694.85,0.0,0
15368,7698,Loewe,Accessories,667.89,0.0,0
15369,7698,Loewe,Bags,2368.33,0.0,0
15370,7698,Loewe,Dresses,902.07,0.0,0
15371,7699,Girlfriend Collective,Jeans,75.8,0.0,0
15372,7699,Girlfriend Collective,Beauty,88.73,0.0,0
15373,7700,Under Armour,Outerwear,60.41,0.0,0
15374,7700,Under Armour,Dresses,89.63,0.0,0
15375,7700,Under Armour,Dresses,105.87,0.0,0
15376,7701,Loewe,Outerwear,3574.26,0.0,0
15377,7701,Loewe,Accessories,444.87,0.0,0
15378,7702,Shein,Tops,17.22,0.0,0
15379,7703,H&M,Dresses,104.95,0.0,0
15380,7703,H&M,Dresses,32.69,4.76,1
15381,7703,H&M,Bags,58.83,0.0,0
15382,7704,H&M,Dresses,64.74,0.0,0
15383,7705,Loewe,Bags,1500.0,0.0,0
15384,7705,Loewe,Activewear,1115.92,0.0,0
15385,7705,Loewe,Accessories,747.72,0.0,0
15386,7706,Zara,Home,60.61,0.0,0
15387,7706,Zara,Swimwear,51.61,8.02,1
15388,7706,Zara,Home,60.44,0.0,0
15389,7707,Urban Outfitters,Footwear,116.61,0.0,0
15390,7707,Urban Outfitters,Home,99.84,0.0,0
15391,7707,Urban Outfitters,Footwear,25.93,8.17,1
15392,7708,Girlfriend Collective,Tops,55.0,16.02,1
15393,7708,Girlfriend Collective,Footwear,91.35,21.72,1
15394,7708,Girlfriend Collective,Outerwear,85.09,0.0,0
15395,7709,Zara,Tops,14.53,0.0,0
15396,7710,Girlfriend Collective,Jeans,55.94,0.0,0
15397,7710,Girlfriend Collective,Swimwear,78.56,0.0,0
15398,7710,Girlfriend Collective,Footwear,46.22,13.83,1
15399,7711,H&M,Accessories,60.41,12.24,1
15400,7711,H&M,Accessories,32.73,0.0,0
15401,7711,H&M,Outerwear,59.72,16.88,1
15402,7712,Urban Outfitters,Accessories,119.36,11.13,1
15403,7713,H&M,Home,68.59,6.54,1
15404,7713,H&M,Home,38.11,0.0,0
15405,7714,Girlfriend Collective,Footwear,88.76,0.0,0
15406,7715,Under Armour,Home,109.49,0.0,0
15407,7715,Under Armour,Jeans,101.8,15.33,1
15408,7715,Under Armour,Tops,71.76,0.0,0
15409,7716,Girlfriend Collective,Home,105.0,0.0,0
15410,7717,Shein,Activewear,23.05,0.0,0
15411,7717,Shein,Home,14.66,1.27,1
15412,7718,Chanel,Lingerie,779.88,0.0,0
15413,7719,H&M,Outerwear,59.37,9.68,1
15414,7720,Zara,Activewear,64.93,18.72,1
15415,7721,H&M,Home,40.56,0.0,0
15416,7722,Shein,Accessories,36.69,0.0,0
15417,7722,Shein,Accessories,27.35,0.0,0
15418,7723,Under Armour,Activewear,84.44,0.0,0
15419,7724,Chanel,Dresses,1257.8,0.0,0
15420,7724,Chanel,Jeans,1807.51,0.0,0
15421,7725,Chanel,Lingerie,1031.4,0.0,0
15422,7726,Under Armour,Accessories,82.09,0.0,0
15423,7727,Zara,Jeans,82.12,0.0,0
15424,7727,Zara,Beauty,102.62,23.52,1
15425,7728,Girlfriend Collective,Swimwear,84.43,0.0,0
15426,7728,Girlfriend Collective,Dresses,107.04,0.0,0
15427,7728,Girlfriend Collective,Bags,83.5,14.1,1
15428,7729,Shein,Tops,35.14,0.0,0
15429,7729,Shein,Beauty,22.21,0.0,0
15430,7729,Shein,Tops,5.0,0.65,1
15431,7730,H&M,Outerwear,46.27,0.0,0
15432,7730,H&M,Beauty,80.65,0.0,0
15433,7731,Under Armour,Bags,103.14,0.0,0
15434,7732,Girlfriend Collective,Accessories,71.42,0.0,0
15435,7733,Loewe,Tops,1356.07,0.0,0
15436,7733,Loewe,Jeans,1457.3,0.0,0
15437,7733,Loewe,Outerwear,3778.96,0.0,0
15438,7734,Gucci,Accessories,790.45,0.0,0
15439,7735,Under Armour,Home,78.34,26.99,1
15440,7735,Under Armour,Swimwear,30.0,9.89,1
15441,7736,Zara,Tops,91.63,0.0,0
15442,7736,Zara,Lingerie,35.78,0.0,0
15443,7737,Zara,Outerwear,24.78,0.0,0
15444,7737,Zara,Jeans,61.74,0.0,0
15445,7738,Shein,Lingerie,34.95,7.67,1
15446,7738,Shein,Footwear,47.96,0.0,0
15447,7739,Urban Outfitters,Dresses,75.31,0.0,0
15448,7740,Shein,Outerwear,30.09,0.0,0
15449,7741,Shein,Accessories,16.85,5.27,1
15450,7742,Urban Outfitters,Tops,44.55,0.0,0
15451,7743,Prada,Lingerie,900.38,0.0,0
15452,7744,Gucci,Tops,1041.51,0.0,0
15453,7744,Gucci,Activewear,834.32,0.0,0
15454,7744,Gucci,Swimwear,847.0,0.0,0
15455,7745,Under Armour,Home,98.09,0.0,0
15456,7745,Under Armour,Accessories,109.2,0.0,0
15457,7746,Girlfriend Collective,Tops,86.99,7.42,1
15458,7746,Girlfriend Collective,Bags,93.82,9.2,1
15459,7746,Girlfriend Collective,Swimwear,92.32,0.0,0
15460,7747,Zara,Lingerie,100.57,0.0,0
15461,7748,H&M,Dresses,83.62,0.0,0
15462,7748,H&M,Footwear,76.31,0.0,0
15463,7748,H&M,Bags,41.08,0.0,0
15464,7749,Under Armour,Bags,64.14,0.0,0
15465,7749,Under Armour,Tops,117.32,0.0,0
15466,7750,Under Armour,Swimwear,145.18,0.0,0
15467,7750,Under Armour,Beauty,58.68,0.0,0
15468,7750,Under Armour,Lingerie,116.45,0.0,0
15469,7751,H&M,Tops,62.78,0.0,0
15470,7751,H&M,Outerwear,51.58,0.0,0
15471,7752,Loewe,Beauty,965.2,0.0,0
15472,7752,Loewe,Beauty,986.6,0.0,0
15473,7753,Under Armour,Dresses,99.26,12.33,1
15474,7753,Under Armour,Jeans,51.33,0.0,0
15475,7753,Under Armour,Home,103.28,0.0,0
15476,7754,Shein,Footwear,33.25,4.75,1
15477,7754,Shein,Outerwear,18.4,0.0,0
15478,7755,Gucci,Dresses,922.33,0.0,0
15479,7755,Gucci,Lingerie,775.27,0.0,0
15480,7756,Zara,Home,36.61,0.0,0
15481,7756,Zara,Lingerie,57.92,0.0,0
15482,7756,Zara,Accessories,67.33,0.0,0
15483,7757,Zara,Dresses,82.76,9.73,1
15484,7758,Urban Outfitters,Dresses,81.7,0.0,0
15485,7758,Urban Outfitters,Dresses,55.93,0.0,0
15486,7758,Urban Outfitters,Dresses,20.0,0.0,0
15487,7759,Zara,Tops,94.57,0.0,0
15488,7759,Zara,Bags,55.93,9.48,1
15489,7759,Zara,Accessories,80.79,10.73,1
15490,7760,H&M,Swimwear,50.23,0.0,0
15491,7760,H&M,Tops,86.31,0.0,0
15492,7761,Under Armour,Outerwear,108.75,0.0,0
15493,7761,Under Armour,Tops,88.05,0.0,0
15494,7761,Under Armour,Home,87.12,0.0,0
15495,7762,Urban Outfitters,Activewear,63.64,0.0,0
15496,7762,Urban Outfitters,Accessories,69.65,0.0,0
15497,7762,Urban Outfitters,Swimwear,91.87,0.0,0
15498,7763,H&M,Home,60.57,9.24,1
15499,7764,Shein,Footwear,22.29,0.0,0
15500,7765,Urban Outfitters,Bags,57.45,0.0,0
15501,7766,Urban Outfitters,Activewear,76.53,0.0,0
15502,7766,Urban Outfitters,Lingerie,82.98,19.08,1
15503,7766,Urban Outfitters,Tops,48.86,0.0,0
15504,7767,Chanel,Outerwear,3403.95,0.0,0
15505,7768,Shein,Accessories,16.33,0.0,0
15506,7768,Shein,Activewear,35.25,0.0,0
15507,7769,H&M,Tops,68.45,0.0,0
15508,7769,H&M,Dresses,94.35,0.0,0
15509,7769,H&M,Outerwear,55.47,0.0,0
15510,7770,Zara,Dresses,60.99,0.0,0
15511,7771,H&M,Footwear,19.52,3.64,1
15512,7771,H&M,Lingerie,10.0,1.76,1
15513,7772,Shein,Beauty,17.37,6.03,1
15514,7773,Prada,Swimwear,847.56,0.0,0
15515,7773,Prada,Tops,897.46,0.0,0
15516,7773,Prada,Activewear,788.62,0.0,0
15517,7774,Under Armour,Beauty,30.0,0.0,0
15518,7774,Under Armour,Dresses,104.24,0.0,0
15519,7774,Under Armour,Jeans,30.0,10.38,1
15520,7775,Shein,Activewear,22.46,0.0,0
15521,7776,H&M,Tops,79.71,9.01,1
15522,7776,H&M,Bags,50.57,0.0,0
15523,7776,H&M,Outerwear,60.95,6.85,1
15524,7777,Urban Outfitters,Swimwear,38.35,0.0,0
15525,7777,Urban Outfitters,Activewear,108.83,25.36,1
15526,7777,Urban Outfitters,Bags,72.01,0.0,0
15527,7778,Urban Outfitters,Home,277.25,0.0,0
15528,7778,Urban Outfitters,Dresses,28.26,5.95,1
15529,7779,Urban Outfitters,Tops,110.12,0.0,0
15530,7779,Urban Outfitters,Lingerie,48.12,0.0,0
15531,7779,Urban Outfitters,Lingerie,169.15,0.0,0
15532,7780,Shein,Dresses,25.82,0.0,0
15533,7780,Shein,Beauty,33.06,0.0,0
15534,7781,Shein,Outerwear,34.9,8.93,1
15535,7781,Shein,Activewear,17.63,0.0,0
15536,7781,Shein,Accessories,30.92,0.0,0
15537,7782,H&M,Activewear,107.18,19.14,1
15538,7782,H&M,Home,39.23,0.0,0
15539,7783,Under Armour,Tops,127.05,25.2,1
15540,7784,Girlfriend Collective,Home,95.98,0.0,0
15541,7784,Girlfriend Collective,Beauty,30.0,0.0,0
15542,7785,Gucci,Lingerie,725.47,0.0,0
15543,7785,Gucci,Jeans,1216.78,0.0,0
15544,7786,Under Armour,Outerwear,30.28,7.12,1
15545,7787,Zara,Tops,53.4,6.11,1
15546,7787,Zara,Accessories,71.95,7.48,1
15547,7788,H&M,Outerwear,87.85,0.0,0
15548,7788,H&M,Tops,46.63,0.0,0
15549,7788,H&M,Beauty,81.5,0.0,0
15550,7789,Gucci,Activewear,850.11,0.0,0
15551,7789,Gucci,Activewear,847.69,0.0,0
15552,7790,Girlfriend Collective,Lingerie,87.92,0.0,0
15553,7790,Girlfriend Collective,Dresses,58.68,4.85,1
15554,7791,H&M,Dresses,38.5,0.0,0
15555,7791,H&M,Swimwear,41.48,2.34,1
15556,7791,H&M,Tops,10.0,1.89,1
15557,7792,Gucci,Jeans,1681.74,0.0,0
15558,7792,Gucci,Footwear,694.68,0.0,0
15559,7793,H&M,Bags,85.76,13.3,1
15560,7794,Zara,Jeans,104.63,34.08,1
15561,7794,Zara,Swimwear,12.48,0.0,0
15562,7794,Zara,Jeans,102.85,0.0,0
15563,7795,Zara,Accessories,38.27,0.0,0
15564,7796,Zara,Beauty,63.22,0.0,0
15565,7796,Zara,Footwear,44.69,0.0,0
15566,7796,Zara,Footwear,16.04,0.0,0
15567,7797,Under Armour,Accessories,69.81,0.0,0
15568,7798,Gucci,Swimwear,921.3,0.0,0
15569,7798,Gucci,Swimwear,588.41,0.0,0
15570,7798,Gucci,Outerwear,3373.09,0.0,0
15571,7799,Girlfriend Collective,Bags,108.32,35.56,1
15572,7800,Girlfriend Collective,Swimwear,62.11,0.0,0
15573,7800,Girlfriend Collective,Accessories,136.21,0.0,0
15574,7800,Girlfriend Collective,Beauty,116.04,35.99,1
15575,7801,Prada,Dresses,2055.76,0.0,0
15576,7801,Prada,Jeans,882.78,0.0,0
15577,7801,Prada,Bags,2464.51,0.0,0
15578,7802,Under Armour,Swimwear,138.15,0.0,0
15579,7802,Under Armour,Beauty,110.61,0.0,0
15580,7803,Zara,Lingerie,90.71,14.7,1
15581,7804,Urban Outfitters,Jeans,58.37,0.0,0
15582,7804,Urban Outfitters,Outerwear,56.26,0.0,0
15583,7805,Under Armour,Jeans,94.99,0.0,0
15584,7805,Under Armour,Outerwear,65.22,0.0,0
15585,7806,Urban Outfitters,Tops,97.81,0.0,0
15586,7807,Girlfriend Collective,Home,77.36,0.0,0
15587,7808,Shein,Tops,42.7,12.57,1
15588,7808,Shein,Swimwear,44.56,10.29,1
15589,7809,Gucci,Home,910.17,0.0,0
15590,7809,Gucci,Activewear,402.8,0.0,0
15591,7810,Under Armour,Footwear,92.54,27.38,1
15592,7810,Under Armour,Outerwear,147.89,7.54,1
15593,7811,Shein,Lingerie,20.34,4.79,1
15594,7811,Shein,Beauty,29.66,5.12,1
15595,7811,Shein,Lingerie,21.58,0.0,0
15596,7812,Shein,Home,31.95,0.0,0
15597,7812,Shein,Bags,25.83,2.9,1
15598,7813,Girlfriend Collective,Jeans,76.51,21.85,1
15599,7814,Under Armour,Beauty,72.36,0.0,0
15600,7814,Under Armour,Jeans,121.83,0.0,0
15601,7815,Prada,Lingerie,858.95,53.62,1
15602,7815,Prada,Tops,1590.17,0.0,0
15603,7816,H&M,Activewear,71.4,0.0,0
15604,7817,H&M,Dresses,83.41,13.9,1
15605,7818,Under Armour,Accessories,56.18,0.0,0
15606,7818,Under Armour,Accessories,75.34,0.0,0
15607,7818,Under Armour,Home,91.84,0.0,0
15608,7819,Zara,Lingerie,67.56,7.28,1
15609,7820,Loewe,Lingerie,627.97,0.0,0
15610,7820,Loewe,Accessories,539.91,0.0,0
15611,7821,Chanel,Accessories,794.1,0.0,0
15612,7821,Chanel,Outerwear,3520.88,0.0,0
15613,7821,Chanel,Home,538.96,0.0,0
15614,7822,Girlfriend Collective,Tops,50.71,0.0,0
15615,7822,Girlfriend Collective,Beauty,63.87,0.0,0
15616,7822,Girlfriend Collective,Jeans,60.47,0.0,0
15617,7823,H&M,Bags,70.58,8.98,1
15618,7823,H&M,Outerwear,70.95,0.0,0
15619,7823,H&M,Outerwear,76.89,0.0,0
15620,7824,Zara,Tops,36.91,0.0,0
15621,7824,Zara,Home,75.29,0.0,0
15622,7825,Chanel,Footwear,1352.36,0.0,0
15623,7825,Chanel,Activewear,791.81,0.0,0
15624,7825,Chanel,Footwear,614.33,0.0,0
15625,7826,Zara,Lingerie,61.9,0.0,0
15626,7826,Zara,Footwear,57.08,2.88,1
15627,7826,Zara,Beauty,45.98,0.0,0
15628,7827,Zara,Tops,97.63,0.0,0
15629,7827,Zara,Footwear,58.88,0.0,0
15630,7827,Zara,Home,24.15,0.0,0
15631,7828,Girlfriend Collective,Home,60.57,0.0,0
15632,7828,Girlfriend Collective,Beauty,52.45,0.0,0
15633,7828,Girlfriend Collective,Activewear,30.0,0.0,0
15634,7829,Gucci,Home,612.32,0.0,0
15635,7829,Gucci,Home,985.45,78.81,1
15636,7829,Gucci,Dresses,2500.0,0.0,0
15637,7830,Under Armour,Dresses,72.36,0.0,0
15638,7830,Under Armour,Outerwear,92.14,9.71,1
15639,7831,H&M,Lingerie,64.66,17.0,1
15640,7831,H&M,Activewear,111.34,0.0,0
15641,7832,Urban Outfitters,Accessories,106.62,0.0,0
15642,7832,Urban Outfitters,Bags,163.4,0.0,0
15643,7833,Prada,Dresses,1437.58,0.0,0
15644,7833,Prada,Jeans,1606.07,0.0,0
15645,7834,Under Armour,Tops,82.14,0.0,0
15646,7835,Urban Outfitters,Home,80.0,0.0,0
15647,7835,Urban Outfitters,Activewear,128.28,25.67,1
15648,7835,Urban Outfitters,Footwear,80.42,11.68,1
15649,7836,Under Armour,Beauty,72.62,0.0,0
15650,7836,Under Armour,Home,65.67,0.0,0
15651,7836,Under Armour,Dresses,172.85,0.0,0
15652,7837,Loewe,Outerwear,3001.52,724.78,1
15653,7838,H&M,Lingerie,48.97,0.0,0
15654,7838,H&M,Accessories,42.48,0.0,0
15655,7838,H&M,Accessories,95.07,0.0,0
15656,7839,Loewe,Jeans,1634.57,0.0,0
15657,7839,Loewe,Accessories,479.89,0.0,0
15658,7839,Loewe,Outerwear,2895.27,0.0,0
15659,7840,Zara,Outerwear,68.83,0.0,0
15660,7841,Under Armour,Dresses,61.35,4.36,1
15661,7841,Under Armour,Dresses,94.46,0.0,0
15662,7842,H&M,Tops,77.39,0.0,0
15663,7843,Girlfriend Collective,Swimwear,64.83,8.11,1
15664,7844,Chanel,Lingerie,861.95,0.0,0
15665,7844,Chanel,Jeans,1910.93,635.09,1
15666,7844,Chanel,Jeans,1793.37,0.0,0
15667,7845,Girlfriend Collective,Tops,77.86,14.43,1
15668,7845,Girlfriend Collective,Activewear,114.93,0.0,0
15669,7846,Zara,Swimwear,83.4,24.1,1
15670,7846,Zara,Accessories,32.69,0.0,0
15671,7847,Prada,Footwear,777.11,0.0,0
15672,7848,Girlfriend Collective,Tops,84.29,0.0,0
15673,7848,Girlfriend Collective,Accessories,50.27,0.0,0
15674,7849,Zara,Home,52.38,0.0,0
15675,7849,Zara,Activewear,68.7,0.0,0
15676,7849,Zara,Outerwear,44.19,0.0,0
15677,7850,Prada,Swimwear,1092.78,0.0,0
15678,7850,Prada,Footwear,918.71,0.0,0
15679,7850,Prada,Jeans,1596.96,0.0,0
15680,7851,Urban Outfitters,Activewear,123.15,0.0,0
15681,7851,Urban Outfitters,Dresses,47.85,0.0,0
15682,7852,Gucci,Footwear,864.26,0.0,0
15683,7852,Gucci,Swimwear,627.93,0.0,0
15684,7852,Gucci,Jeans,1418.1,0.0,0
15685,7853,Prada,Dresses,1465.35,0.0,0
15686,7853,Prada,Home,677.8,0.0,0
15687,7854,Shein,Activewear,10.67,0.0,0
15688,7855,Zara,Accessories,35.14,0.0,0
15689,7856,Chanel,Lingerie,853.65,0.0,0
15690,7856,Chanel,Footwear,500.0,0.0,0
15691,7856,Chanel,Home,572.67,0.0,0
15692,7857,Zara,Bags,80.67,0.0,0
15693,7857,Zara,Home,77.21,15.57,1
15694,7857,Zara,Dresses,68.67,0.0,0
15695,7858,Girlfriend Collective,Bags,90.22,0.0,0
15696,7858,Girlfriend Collective,Swimwear,87.35,0.0,0
15697,7858,Girlfriend Collective,Lingerie,62.45,11.87,1
15698,7859,Urban Outfitters,Outerwear,44.47,0.0,0
15699,7859,Urban Outfitters,Home,218.81,54.09,1
15700,7860,Loewe,Tops,1441.82,106.9,1
15701,7860,Loewe,Accessories,381.89,0.0,0
15702,7861,H&M,Footwear,73.66,0.0,0
15703,7862,Urban Outfitters,Bags,40.23,10.27,1
15704,7862,Urban Outfitters,Lingerie,24.79,0.0,0
15705,7862,Urban Outfitters,Accessories,53.95,0.0,0
15706,7863,H&M,Swimwear,104.53,0.0,0
15707,7863,H&M,Outerwear,21.7,0.0,0
15708,7863,H&M,Activewear,45.49,10.99,1
15709,7864,Urban Outfitters,Activewear,70.33,0.0,0
15710,7864,Urban Outfitters,Footwear,50.51,0.0,0
15711,7865,H&M,Outerwear,53.68,0.0,0
15712,7865,H&M,Swimwear,46.68,6.82,1
15713,7865,H&M,Tops,92.88,0.0,0
15714,7866,Shein,Outerwear,28.74,0.0,0
15715,7866,Shein,Accessories,23.24,0.0,0
15716,7867,Shein,Dresses,32.82,0.0,0
15717,7867,Shein,Outerwear,38.23,0.0,0
15718,7868,Zara,Bags,69.57,0.0,0
15719,7868,Zara,Bags,50.62,17.08,1
15720,7869,Gucci,Lingerie,548.03,0.0,0
15721,7870,Zara,Accessories,60.5,0.0,0
15722,7871,H&M,Footwear,48.35,4.43,1
15723,7871,H&M,Jeans,61.0,0.0,0
15724,7872,Girlfriend Collective,Beauty,53.7,4.09,1
15725,7872,Girlfriend Collective,Swimwear,80.43,12.33,1
15726,7873,Zara,Outerwear,42.39,0.0,0
15727,7873,Zara,Swimwear,17.19,4.49,1
15728,7873,Zara,Dresses,77.86,0.0,0
15729,7874,Shein,Footwear,15.0,2.21,1
15730,7875,Gucci,Tops,1513.55,0.0,0
15731,7875,Gucci,Outerwear,4002.88,0.0,0
15732,7876,Under Armour,Footwear,125.24,0.0,0
15733,7876,Under Armour,Dresses,81.26,0.0,0
15734,7876,Under Armour,Jeans,40.37,0.0,0
15735,7877,Chanel,Accessories,667.89,0.0,0
15736,7877,Chanel,Swimwear,1061.03,0.0,0
15737,7877,Chanel,Footwear,982.91,121.19,1
15738,7878,H&M,Footwear,80.51,0.0,0
15739,7879,Loewe,Outerwear,3818.79,0.0,0
15740,7879,Loewe,Outerwear,3998.37,0.0,0
15741,7879,Loewe,Home,1040.97,0.0,0
15742,7880,Shein,Bags,31.71,0.0,0
15743,7880,Shein,Bags,40.32,4.34,1
15744,7880,Shein,Activewear,31.9,0.0,0
15745,7881,H&M,Tops,31.55,0.0,0
15746,7881,H&M,Jeans,99.36,0.0,0
15747,7881,H&M,Swimwear,42.54,5.64,1
15748,7882,Prada,Tops,1327.18,0.0,0
15749,7882,Prada,Dresses,1341.09,0.0,0
15750,7882,Prada,Dresses,1934.69,0.0,0
15751,7883,Girlfriend Collective,Activewear,66.08,0.0,0
15752,7883,Girlfriend Collective,Accessories,99.94,18.62,1
15753,7884,Girlfriend Collective,Home,92.68,0.0,0
15754,7884,Girlfriend Collective,Beauty,85.17,0.0,0
15755,7884,Girlfriend Collective,Home,45.96,0.0,0
15756,7885,Shein,Footwear,38.1,0.0,0
15757,7886,Prada,Dresses,1699.62,0.0,0
15758,7886,Prada,Footwear,845.62,239.81,1
15759,7886,Prada,Beauty,605.65,0.0,0
15760,7887,Shein,Bags,20.1,0.0,0
15761,7888,Loewe,Beauty,755.05,0.0,0
15762,7888,Loewe,Beauty,747.55,0.0,0
15763,7889,Loewe,Lingerie,649.09,0.0,0
15764,7889,Loewe,Outerwear,3080.32,0.0,0
15765,7890,Loewe,Activewear,945.58,0.0,0
15766,7890,Loewe,Dresses,1551.71,0.0,0
15767,7890,Loewe,Jeans,1720.99,0.0,0
15768,7891,Gucci,Outerwear,3871.34,0.0,0
15769,7891,Gucci,Beauty,810.17,106.96,1
15770,7892,Zara,Jeans,64.02,0.0,0
15771,7893,Urban Outfitters,Jeans,87.11,0.0,0
15772,7893,Urban Outfitters,Activewear,29.43,0.0,0
15773,7894,Zara,Home,63.53,0.0,0
15774,7894,Zara,Bags,37.01,0.0,0
15775,7894,Zara,Beauty,95.7,0.0,0
15776,7895,Under Armour,Swimwear,151.17,0.0,0
15777,7895,Under Armour,Home,88.95,0.0,0
15778,7896,Shein,Swimwear,37.91,0.0,0
15779,7896,Shein,Home,22.92,0.0,0
15780,7896,Shein,Lingerie,14.01,0.0,0
15781,7897,H&M,Bags,76.75,13.55,1
15782,7897,H&M,Footwear,45.55,0.0,0
15783,7897,H&M,Dresses,25.93,0.0,0
15784,7898,Girlfriend Collective,Home,62.76,0.0,0
15785,7898,Girlfriend Collective,Accessories,96.44,0.0,0
15786,7899,Prada,Beauty,714.35,0.0,0
15787,7899,Prada,Accessories,640.33,0.0,0
15788,7900,Urban Outfitters,Jeans,118.62,0.0,0
15789,7900,Urban Outfitters,Dresses,39.77,0.0,0
15790,7900,Urban Outfitters,Home,67.09,11.57,1
15791,7901,Shein,Footwear,8.85,0.0,0
15792,7901,Shein,Beauty,24.19,0.0,0
15793,7901,Shein,Outerwear,19.91,4.32,1
15794,7902,Shein,Lingerie,28.8,0.0,0
15795,7902,Shein,Bags,24.68,0.0,0
15796,7903,Zara,Dresses,43.8,0.0,0
15797,7903,Zara,Outerwear,52.29,0.0,0
15798,7904,Zara,Home,26.47,0.0,0
15799,7905,Loewe,Dresses,1295.84,0.0,0
15800,7905,Loewe,Footwear,965.49,308.73,1
15801,7905,Loewe,Lingerie,672.01,0.0,0
15802,7906,Urban Outfitters,Dresses,96.4,0.0,0
15803,7906,Urban Outfitters,Outerwear,38.86,0.0,0
15804,7906,Urban Outfitters,Tops,115.48,0.0,0
15805,7907,Under Armour,Home,156.97,46.41,1
15806,7908,Zara,Home,73.7,0.0,0
15807,7909,Gucci,Outerwear,3114.36,0.0,0
15808,7909,Gucci,Swimwear,850.27,0.0,0
15809,7910,Under Armour,Footwear,71.17,0.0,0
15810,7911,Prada,Lingerie,864.65,0.0,0
15811,7911,Prada,Jeans,1706.47,0.0,0
15812,7912,Zara,Dresses,58.01,0.0,0
15813,7913,Prada,Bags,2350.85,0.0,0
15814,7913,Prada,Beauty,787.09,0.0,0
15815,7913,Prada,Home,1085.26,0.0,0
15816,7914,Girlfriend Collective,Swimwear,69.94,0.0,0
15817,7914,Girlfriend Collective,Bags,87.34,0.0,0
15818,7915,Girlfriend Collective,Bags,100.13,0.0,0
15819,7915,Girlfriend Collective,Bags,79.49,0.0,0
15820,7916,Under Armour,Beauty,73.2,0.0,0
15821,7916,Under Armour,Outerwear,120.96,16.22,1
15822,7916,Under Armour,Accessories,55.11,0.0,0
15823,7917,Shein,Footwear,20.64,0.0,0
15824,7918,Urban Outfitters,Jeans,81.42,0.0,0
15825,7918,Urban Outfitters,Footwear,20.0,0.0,0
15826,7918,Urban Outfitters,Accessories,70.75,19.48,1
15827,7919,H&M,Activewear,65.72,0.0,0
15828,7919,H&M,Outerwear,48.85,0.0,0
15829,7919,H&M,Home,68.11,0.0,0
15830,7920,Under Armour,Bags,62.75,7.65,1
15831,7921,Zara,Footwear,31.26,0.0,0
15832,7921,Zara,Outerwear,65.41,0.0,0
15833,7921,Zara,Footwear,108.96,0.0,0
15834,7922,H&M,Beauty,46.94,2.39,1
15835,7922,H&M,Dresses,49.57,0.0,0
15836,7922,H&M,Dresses,24.66,3.91,1
15837,7923,Shein,Accessories,18.17,4.41,1
15838,7923,Shein,Tops,39.39,0.0,0
15839,7923,Shein,Tops,22.73,5.34,1
15840,7924,Zara,Bags,17.37,4.92,1
15841,7925,H&M,Dresses,55.21,12.1,1
15842,7925,H&M,Lingerie,59.35,0.0,0
15843,7926,H&M,Dresses,59.34,0.0,0
15844,7926,H&M,Tops,68.83,0.0,0
15845,7927,Loewe,Jeans,1681.09,0.0,0
15846,7927,Loewe,Tops,1377.17,0.0,0
15847,7928,Gucci,Swimwear,1048.45,0.0,0
15848,7928,Gucci,Activewear,891.43,0.0,0
15849,7928,Gucci,Bags,2086.59,0.0,0
15850,7929,Under Armour,Bags,110.47,0.0,0
15851,7929,Under Armour,Home,70.66,0.0,0
15852,7929,Under Armour,Beauty,45.7,7.84,1
15853,7930,Urban Outfitters,Beauty,81.32,0.0,0
15854,7930,Urban Outfitters,Accessories,72.91,0.0,0
15855,7931,Under Armour,Swimwear,31.2,0.0,0
15856,7931,Under Armour,Accessories,70.78,0.0,0
15857,7932,Under Armour,Swimwear,56.44,0.0,0
15858,7932,Under Armour,Accessories,143.96,0.0,0
15859,7933,Shein,Outerwear,24.93,0.0,0
15860,7933,Shein,Footwear,33.05,1.95,1
15861,7934,Urban Outfitters,Activewear,94.74,0.0,0
15862,7934,Urban Outfitters,Outerwear,36.75,9.22,1
15863,7934,Urban Outfitters,Bags,20.0,2.42,1
15864,7935,Zara,Footwear,79.67,0.0,0
15865,7936,Urban Outfitters,Dresses,60.54,0.0,0
15866,7936,Urban Outfitters,Outerwear,87.18,30.36,1
15867,7937,Chanel,Lingerie,880.8,0.0,0
15868,7937,Chanel,Outerwear,3291.4,0.0,0
15869,7938,Girlfriend Collective,Accessories,74.78,0.0,0
15870,7939,Girlfriend Collective,Footwear,102.87,21.75,1
15871,7939,Girlfriend Collective,Jeans,88.31,0.0,0
15872,7939,Girlfriend Collective,Swimwear,97.51,25.25,1
15873,7940,H&M,Jeans,46.24,0.0,0
15874,7940,H&M,Accessories,84.36,0.0,0
15875,7940,H&M,Lingerie,56.57,0.0,0
15876,7941,Gucci,Bags,2138.75,0.0,0
15877,7941,Gucci,Tops,700.0,140.11,1
15878,7942,Girlfriend Collective,Tops,62.05,0.0,0
15879,7943,Girlfriend Collective,Jeans,41.99,0.0,0
15880,7944,Gucci,Activewear,955.05,0.0,0
15881,7944,Gucci,Tops,1123.43,0.0,0
15882,7944,Gucci,Jeans,1582.56,0.0,0
15883,7945,Gucci,Swimwear,913.59,0.0,0
15884,7945,Gucci,Activewear,584.28,0.0,0
15885,7945,Gucci,Home,906.31,184.31,1
15886,7946,Zara,Lingerie,59.37,0.0,0
15887,7947,Under Armour,Jeans,155.93,0.0,0
15888,7947,Under Armour,Lingerie,99.64,28.81,1
15889,7948,Gucci,Accessories,559.87,0.0,0
15890,7949,Under Armour,Beauty,63.84,0.0,0
15891,7949,Under Armour,Beauty,82.07,0.0,0
15892,7950,Under Armour,Swimwear,149.87,0.0,0
15893,7950,Under Armour,Bags,101.37,0.0,0
15894,7950,Under Armour,Dresses,62.74,0.0,0
15895,7951,Zara,Outerwear,74.76,7.61,1
15896,7951,Zara,Bags,72.89,8.4,1
15897,7952,Chanel,Bags,9118.8,0.0,0
15898,7952,Chanel,Dresses,732.68,0.0,0
15899,7952,Chanel,Swimwear,845.98,0.0,0
15900,7953,Urban Outfitters,Tops,133.08,0.0,0
15901,7953,Urban Outfitters,Jeans,86.53,0.0,0
15902,7953,Urban Outfitters,Dresses,20.0,0.0,0
15903,7954,Urban Outfitters,Jeans,93.5,27.89,1
15904,7954,Urban Outfitters,Bags,87.27,0.0,0
15905,7955,Under Armour,Swimwear,55.87,0.0,0
15906,7955,Under Armour,Footwear,97.52,29.99,1
15907,7956,Loewe,Outerwear,3042.3,0.0,0
15908,7956,Loewe,Accessories,367.92,0.0,0
15909,7957,Urban Outfitters,Activewear,64.67,0.0,0
15910,7957,Urban Outfitters,Lingerie,29.04,0.0,0
15911,7957,Urban Outfitters,Jeans,55.09,8.32,1
15912,7958,Zara,Beauty,62.6,0.0,0
15913,7958,Zara,Footwear,59.84,0.0,0
15914,7958,Zara,Beauty,101.18,6.12,1
15915,7959,Girlfriend Collective,Bags,30.0,0.0,0
15916,7959,Girlfriend Collective,Swimwear,136.44,0.0,0
15917,7959,Girlfriend Collective,Home,77.08,0.0,0
15918,7960,Prada,Swimwear,998.98,0.0,0
15919,7960,Prada,Tops,1370.6,0.0,0
15920,7960,Prada,Beauty,803.79,0.0,0
15921,7961,Prada,Accessories,833.55,140.54,1
15922,7962,Zara,Dresses,77.89,0.0,0
15923,7962,Zara,Lingerie,90.94,0.0,0
15924,7963,Loewe,Activewear,740.14,0.0,0
15925,7963,Loewe,Accessories,697.32,0.0,0
15926,7963,Loewe,Tops,2381.25,0.0,0
15927,7964,Zara,Activewear,106.51,0.0,0
15928,7964,Zara,Home,32.68,0.0,0
15929,7964,Zara,Tops,82.93,0.0,0
15930,7965,Urban Outfitters,Dresses,63.26,0.0,0
15931,7965,Urban Outfitters,Lingerie,20.0,2.98,1
15932,7965,Urban Outfitters,Jeans,105.37,20.62,1
15933,7966,Prada,Lingerie,1200.11,0.0,0
15934,7966,Prada,Footwear,1236.71,0.0,0
15935,7966,Prada,Dresses,1228.97,0.0,0
15936,7967,H&M,Beauty,96.27,0.0,0
15937,7968,Prada,Beauty,632.54,0.0,0
15938,7969,Loewe,Footwear,884.18,0.0,0
15939,7970,Urban Outfitters,Activewear,115.03,0.0,0
15940,7970,Urban Outfitters,Footwear,77.77,0.0,0
15941,7970,Urban Outfitters,Lingerie,20.0,4.81,1
15942,7971,Zara,Dresses,50.57,0.0,0
15943,7971,Zara,Footwear,52.61,0.0,0
15944,7971,Zara,Dresses,86.52,0.0,0
15945,7972,Girlfriend Collective,Footwear,88.24,0.0,0
15946,7972,Girlfriend Collective,Activewear,86.85,0.0,0
15947,7972,Girlfriend Collective,Lingerie,111.22,6.07,1
15948,7973,Loewe,Jeans,1287.29,0.0,0
15949,7973,Loewe,Jeans,1084.13,0.0,0
15950,7973,Loewe,Dresses,866.27,0.0,0
15951,7974,Urban Outfitters,Jeans,121.31,0.0,0
15952,7974,Urban Outfitters,Dresses,60.83,0.0,0
15953,7974,Urban Outfitters,Dresses,41.97,0.0,0
15954,7975,Loewe,Footwear,837.35,0.0,0
15955,7976,Urban Outfitters,Dresses,47.78,0.0,0
15956,7977,Gucci,Accessories,791.88,0.0,0
15957,7977,Gucci,Beauty,944.2,0.0,0
15958,7977,Gucci,Beauty,817.73,0.0,0
15959,7978,Shein,Home,25.04,0.0,0
15960,7979,Loewe,Lingerie,562.84,0.0,0
15961,7980,H&M,Bags,30.99,0.0,0
15962,7980,H&M,Bags,66.12,0.0,0
15963,7980,H&M,Accessories,79.38,9.41,1
15964,7981,Zara,Jeans,39.91,4.07,1
15965,7981,Zara,Outerwear,46.26,14.48,1
15966,7982,Shein,Beauty,28.72,0.0,0
15967,7982,Shein,Bags,19.66,0.0,0
15968,7983,H&M,Lingerie,32.68,10.08,1
15969,7983,H&M,Accessories,100.56,31.5,1
15970,7984,Girlfriend Collective,Jeans,51.54,15.63,1
15971,7984,Girlfriend Collective,Footwear,78.17,0.0,0
15972,7984,Girlfriend Collective,Tops,145.68,0.0,0
15973,7985,Gucci,Outerwear,2711.21,0.0,0
15974,7985,Gucci,Beauty,1024.09,0.0,0
15975,7986,Gucci,Bags,2476.54,0.0,0
15976,7987,Loewe,Swimwear,708.59,0.0,0
15977,7987,Loewe,Bags,1922.53,0.0,0
15978,7988,Chanel,Bags,8652.0,0.0,0
15979,7989,Zara,Beauty,87.88,0.0,0
15980,7989,Zara,Beauty,56.51,16.36,1
15981,7990,Girlfriend Collective,Bags,49.61,0.0,0
15982,7990,Girlfriend Collective,Home,73.16,0.0,0
15983,7991,Urban Outfitters,Footwear,34.09,0.0,0
15984,7991,Urban Outfitters,Footwear,40.31,0.0,0
15985,7991,Urban Outfitters,Dresses,72.39,0.0,0
15986,7992,Zara,Swimwear,87.2,20.59,1
15987,7992,Zara,Swimwear,92.56,0.0,0
15988,7992,Zara,Jeans,15.53,2.29,1
15989,7993,Zara,Beauty,113.06,24.55,1
15990,7994,Zara,Lingerie,82.92,0.0,0
15991,7994,Zara,Lingerie,70.05,0.0,0
15992,7995,Urban Outfitters,Footwear,48.24,0.0,0
15993,7995,Urban Outfitters,Activewear,114.8,0.0,0
15994,7995,Urban Outfitters,Jeans,48.55,0.0,0
15995,7996,Girlfriend Collective,Outerwear,48.44,0.0,0
15996,7996,Girlfriend Collective,Bags,90.7,0.0,0
15997,7996,Girlfriend Collective,Bags,92.37,25.66,1
15998,7997,H&M,Beauty,85.79,0.0,0
15999,7998,Urban Outfitters,Bags,90.32,0.0,0
16000,7999,Zara,Home,92.65,18.59,1
16001,7999,Zara,Lingerie,47.44,0.0,0
16002,8000,Gucci,Footwear,839.52,0.0,0
