return_id,order_item_id,request_date,days_since_purchase,receipt_flag,item_condition,return_reason,label
1,3673,2025-04-15,24,1,new,Changed mind,eligible
2,634,2024-10-10,27,1,new,Wrong item,eligible
3,303,2025-11-27,58,0,new,No reason,ineligible
4,7305,2025-07-09,38,1,tried-on,Too small,eligible
5,14644,2025-06-18,55,1,new,Defective,ineligible
6,1,2025-04-07,3,1,tried-on,No reason,eligible
7,4118,2024-07-27,23,1,new,Defective,eligible
8,15797,2024-03-21,47,1,worn,Too large,ineligible
9,1944,2024-12-02,51,1,new,Too small,ineligible
10,2707,2025-08-18,21,1,new,No reason,eligible
11,10330,2025-03-04,1,0,damaged,Too small,ineligible
12,1564,2025-04-13,39,1,tried-on,Defective,ineligible
13,10731,2025-09-27,47,0,new,Defective,ineligible
14,15795,2024-09-05,36,1,new,Wrong item,needs_review
15,14042,2024-09-30,38,1,tried-on,Too large,ineligible
16,201,2024-06-03,50,1,tried-on,Changed mind,ineligible
17,922,2023-12-26,46,1,new,Changed mind,ineligible
18,8596,2024-08-13,20,1,new,Defective,ineligible
19,11017,2025-01-17,57,1,new,Wrong item,eligible
20,15162,2025-12-07,44,1,new,Changed mind,ineligible
21,12789,2025-09-18,39,1,new,Defective,ineligible
22,3187,2025-03-15,54,0,new,Defective,ineligible
23,15396,2023-12-10,3,1,new,Wrong item,eligible
24,155,2025-06-20,14,1,new,No reason,ineligible
25,837,2024-01-19,46,1,tried-on,Changed mind,ineligible
26,12723,2024-10-29,29,1,tried-on,Defective,eligible
27,8686,2025-07-18,22,0,new,Changed mind,needs_review
28,11274,2024-05-02,15,1,new,Defective,needs_review
29,2293,2024-01-25,58,1,tried-on,Defective,ineligible
30,14092,2025-07-29,46,1,new,Too large,ineligible
31,4002,2025-09-26,6,0,new,Wrong item,needs_review
32,3529,2025-10-08,53,0,new,Wrong item,ineligible
33,10388,2024-03-16,17,1,tried-on,Changed mind,eligible
34,9486,2025-07-02,36,1,new,No reason,ineligible
35,4455,2024-01-03,24,1,worn,Changed mind,ineligible
36,21,2024-04-05,44,1,tried-on,Changed mind,eligible
37,9727,2024-05-09,52,1,worn,Changed mind,ineligible
38,632,2025-11-09,44,1,new,No reason,eligible
39,4213,2024-01-31,43,1,new,Wrong item,ineligible
40,6960,2024-08-13,3,1,new,No reason,eligible
41,4522,2025-07-12,7,1,tried-on,Too small,eligible
42,652,2025-01-14,57,1,new,Wrong item,eligible
43,4684,2025-10-17,46,1,new,No reason,ineligible
44,14467,2024-08-09,10,1,tried-on,Changed mind,eligible
45,9201,2024-04-07,57,1,new,Too small,eligible
46,14760,2024-05-04,12,1,new,Defective,eligible
47,11691,2025-10-11,52,1,new,Wrong item,ineligible
48,13576,2024-09-16,23,1,tried-on,No reason,eligible
49,4020,2024-02-20,39,1,new,Too large,ineligible
50,8627,2025-03-17,49,1,new,Wrong item,ineligible
51,2712,2024-01-16,17,1,new,Too small,eligible
52,12799,2025-09-08,49,0,tried-on,No reason,ineligible
53,12681,2025-04-15,21,1,new,Defective,eligible
54,14977,2024-04-19,2,1,new,Wrong item,eligible
55,2644,2025-02-07,40,1,new,Changed mind,ineligible
56,1872,2025-11-11,3,1,new,Defective,eligible
57,10809,2024-09-04,31,1,new,Too small,ineligible
58,5372,2025-08-17,59,1,tried-on,Wrong item,ineligible
59,6160,2024-03-11,59,1,new,Changed mind,ineligible
60,6540,2024-10-26,57,0,new,Too large,ineligible
61,5784,2024-10-21,54,1,new,Defective,ineligible
62,10490,2025-09-19,6,1,new,Too large,eligible
63,4662,2024-10-20,48,0,new,Wrong item,ineligible
64,11654,2025-10-20,9,1,tried-on,No reason,ineligible
65,2908,2025-10-12,60,1,new,Changed mind,ineligible
66,15139,2024-01-23,56,0,new,Defective,ineligible
67,6322,2024-09-01,51,1,new,Defective,ineligible
68,11701,2024-03-20,2,1,new,Too small,eligible
69,7393,2025-11-19,41,1,new,No reason,ineligible
70,13179,2025-03-26,12,0,tried-on,Defective,needs_review
71,14658,2024-11-15,44,0,new,Defective,ineligible
72,12829,2025-07-13,37,1,new,Too large,ineligible
73,1950,2025-08-31,47,1,new,Too small,ineligible
74,15808,2024-09-08,49,1,tried-on,Changed mind,ineligible
75,13460,2024-08-09,42,1,new,Defective,ineligible
76,5564,2025-10-09,47,1,tried-on,Changed mind,ineligible
77,11745,2025-06-06,17,1,tried-on,Changed mind,eligible
78,13357,2024-03-22,45,1,new,Too large,ineligible
79,3398,2024-05-07,55,1,new,No reason,eligible
80,3544,2025-03-26,37,1,tried-on,Defective,ineligible
81,7682,2024-01-15,8,1,new,No reason,eligible
82,14270,2024-07-14,42,1,worn,Changed mind,ineligible
83,4271,2023-11-30,8,1,new,Wrong item,eligible
84,6853,2024-01-03,55,1,tried-on,Defective,ineligible
85,1376,2025-08-14,40,1,new,Changed mind,ineligible
86,10326,2024-04-26,52,1,tried-on,Too small,ineligible
87,2311,2024-10-22,35,1,new,Wrong item,eligible
88,6635,2024-11-26,51,1,new,Too small,ineligible
89,1456,2024-03-30,59,1,new,No reason,ineligible
90,14556,2025-06-27,11,1,new,Too large,eligible
91,13069,2024-01-05,19,1,new,Too large,eligible
92,15613,2024-10-03,19,1,tried-on,Changed mind,needs_review
93,5252,2024-06-14,53,1,tried-on,Changed mind,ineligible
94,9091,2025-09-21,12,1,new,Changed mind,eligible
95,10203,2025-03-06,15,1,new,Defective,eligible
96,3463,2025-11-23,26,1,new,No reason,ineligible
97,15333,2025-11-09,2,1,tried-on,Too small,eligible
98,11528,2024-01-05,50,0,new,Too small,ineligible
99,7522,2024-06-07,14,1,tried-on,No reason,eligible
100,9968,2024-12-05,53,1,new,Changed mind,ineligible
101,10271,2024-12-12,30,1,new,Too large,ineligible
102,13394,2025-06-11,1,1,new,Too large,eligible
103,1773,2025-01-27,42,1,new,Changed mind,ineligible
104,889,2024-03-12,10,1,new,Changed mind,eligible
105,11639,2024-10-30,19,0,tried-on,Wrong item,ineligible
106,5429,2025-06-25,21,1,new,No reason,needs_review
107,14668,2025-02-26,4,1,new,Too small,eligible
108,7096,2024-10-02,35,1,new,Too large,needs_review
109,15342,2024-07-17,7,1,new,No reason,eligible
110,454,2025-09-18,4,1,tried-on,No reason,eligible
111,12058,2024-12-10,49,1,damaged,Too small,ineligible
112,7148,2025-07-12,1,1,new,Changed mind,eligible
113,3363,2025-05-14,38,1,new,Too small,eligible
114,11449,2024-01-18,33,1,worn,Changed mind,ineligible
115,8955,2024-02-02,39,1,new,Changed mind,ineligible
116,8385,2024-06-13,26,1,new,Defective,ineligible
117,4513,2024-11-01,12,1,new,Changed mind,eligible
118,5223,2024-02-17,3,0,new,Wrong item,needs_review
119,13544,2024-07-30,22,1,worn,No reason,ineligible
120,4584,2025-05-22,0,1,damaged,Changed mind,ineligible
121,6861,2025-04-02,45,1,new,No reason,ineligible
122,3770,2025-09-05,35,1,new,Too large,ineligible
123,15224,2024-05-20,51,1,new,Changed mind,eligible
124,873,2025-03-03,12,1,tried-on,Too small,eligible
125,1387,2024-04-20,4,1,new,No reason,eligible
126,6499,2024-04-12,4,1,tried-on,Too small,eligible
127,13945,2024-03-22,44,1,tried-on,Too small,ineligible
128,13408,2024-05-04,39,1,new,No reason,ineligible
129,10309,2024-10-18,1,1,tried-on,Defective,eligible
130,15791,2024-06-03,50,1,new,Wrong item,ineligible
131,10988,2025-08-03,9,1,new,Too small,eligible
132,10637,2025-03-16,8,0,new,Too large,needs_review
133,11636,2025-09-13,21,1,new,Wrong item,eligible
134,13712,2025-02-19,35,1,new,Too small,ineligible
135,13421,2024-05-11,59,1,new,No reason,ineligible
136,5282,2025-09-29,44,1,damaged,No reason,ineligible
137,15477,2025-08-17,26,1,worn,Wrong item,ineligible
138,15233,2025-07-17,41,1,tried-on,Too small,ineligible
139,2742,2024-03-28,19,1,new,Defective,eligible
140,10337,2025-02-01,49,1,tried-on,Too small,ineligible
141,8211,2024-02-17,51,1,new,No reason,ineligible
142,927,2024-09-20,26,1,new,Wrong item,eligible
143,11351,2024-01-18,8,1,new,No reason,eligible
144,11886,2024-06-18,6,1,worn,Defective,ineligible
145,9479,2024-10-25,16,1,worn,Wrong item,ineligible
146,12326,2024-01-12,3,1,new,Wrong item,eligible
147,4951,2024-01-26,38,1,new,Defective,ineligible
148,8398,2025-12-06,31,1,new,Too large,ineligible
149,4075,2024-10-26,39,1,damaged,Too large,ineligible
150,10301,2024-09-01,33,1,new,Too small,eligible
151,2917,2024-10-18,8,1,damaged,Too large,ineligible
152,2650,2023-12-18,12,1,tried-on,Changed mind,eligible
153,16001,2024-03-14,56,1,tried-on,Too small,ineligible
154,10945,2024-05-16,36,1,tried-on,Too large,eligible
155,8135,2024-10-20,21,1,new,Defective,eligible
156,9133,2025-05-19,38,1,new,Defective,ineligible
157,15205,2024-08-18,19,1,damaged,No reason,ineligible
158,13075,2025-11-26,31,1,new,Defective,needs_review
159,4018,2024-01-12,0,1,worn,Too small,ineligible
160,10060,2024-09-06,53,1,tried-on,Wrong item,ineligible
161,7191,2024-01-04,29,1,new,Wrong item,eligible
162,6010,2024-07-01,45,1,new,Defective,ineligible
163,7140,2025-11-28,40,1,damaged,Defective,ineligible
164,1980,2024-12-26,42,1,worn,No reason,ineligible
165,6522,2025-09-22,13,1,new,No reason,eligible
166,5638,2025-05-26,13,1,tried-on,Too large,ineligible
167,5033,2025-06-21,39,1,new,Too large,ineligible
168,3762,2024-01-21,46,1,new,Defective,ineligible
169,4660,2024-10-18,49,1,new,Too small,ineligible
170,12658,2024-06-09,3,1,worn,Defective,ineligible
171,12649,2024-07-06,28,1,tried-on,No reason,eligible
172,7338,2024-04-08,25,1,new,Changed mind,eligible
173,3140,2025-10-24,27,1,tried-on,Too small,eligible
174,802,2024-07-05,2,1,tried-on,Wrong item,eligible
175,11073,2025-10-15,54,0,new,Too large,ineligible
176,9698,2025-08-26,16,1,new,Too small,eligible
177,5294,2024-12-06,17,1,tried-on,Defective,eligible
178,12766,2024-05-16,13,1,new,Defective,eligible
179,9717,2025-01-01,12,1,new,No reason,eligible
180,14724,2024-04-04,22,1,new,Too large,eligible
181,9694,2024-09-28,54,0,new,Wrong item,ineligible
182,2497,2025-05-31,49,1,new,Too large,ineligible
183,10012,2025-05-04,42,1,new,Changed mind,ineligible
184,8227,2025-05-22,52,1,new,No reason,ineligible
185,5355,2025-01-03,48,1,new,Defective,ineligible
186,13492,2025-03-13,48,1,damaged,Too small,ineligible
187,12158,2025-07-17,39,1,new,Defective,ineligible
188,10982,2024-02-04,29,1,new,Too large,ineligible
189,9129,2025-02-09,38,1,new,Too small,ineligible
190,5051,2024-06-05,59,1,new,No reason,ineligible
191,8154,2024-08-06,51,0,new,No reason,ineligible
192,4915,2025-12-04,33,1,tried-on,Wrong item,ineligible
193,13715,2025-02-19,23,1,tried-on,Too small,eligible
194,11721,2025-07-09,8,1,new,Wrong item,eligible
195,15266,2024-01-14,37,1,new,Wrong item,needs_review
196,10039,2025-10-05,12,1,new,Changed mind,ineligible
197,15278,2025-02-22,6,1,new,Defective,eligible
198,7583,2025-09-30,27,1,new,Wrong item,eligible
199,13106,2024-08-29,44,0,new,Changed mind,ineligible
200,7289,2025-11-21,57,1,new,Wrong item,ineligible
201,1268,2024-01-16,23,1,new,Changed mind,ineligible
202,7114,2025-11-23,22,1,new,Too large,eligible
203,2352,2025-09-20,52,1,tried-on,Too large,ineligible
204,8021,2025-09-01,7,1,tried-on,Too small,eligible
205,1870,2025-12-05,58,1,new,No reason,ineligible
206,5698,2025-07-05,23,1,tried-on,No reason,ineligible
207,10707,2025-02-01,36,1,new,Too large,ineligible
208,13610,2025-07-26,58,0,new,Changed mind,ineligible
209,9692,2025-02-24,6,1,new,Defective,eligible
210,13935,2025-01-26,44,0,new,No reason,ineligible
211,1181,2024-06-09,34,1,new,Changed mind,ineligible
212,9671,2024-03-10,7,1,new,No reason,eligible
213,3480,2025-11-14,17,1,tried-on,Too small,eligible
214,3124,2024-01-17,14,1,new,Wrong item,eligible
215,2320,2024-09-20,31,1,tried-on,Defective,ineligible
216,12868,2025-03-12,51,0,new,Defective,ineligible
217,642,2023-12-23,42,1,tried-on,Defective,ineligible
218,696,2025-06-06,0,1,worn,Wrong item,ineligible
219,12893,2024-09-24,16,1,new,Too small,eligible
220,13594,2025-04-22,12,1,tried-on,No reason,eligible
221,12373,2025-10-04,24,1,new,Too large,ineligible
222,4512,2024-10-25,5,1,new,Wrong item,eligible
223,15610,2025-06-03,30,1,new,Too large,ineligible
224,3881,2025-09-23,57,1,new,Defective,ineligible
225,10647,2024-03-18,7,0,new,Wrong item,needs_review
226,12192,2024-12-21,8,1,new,Defective,eligible
227,6699,2025-05-11,6,1,damaged,Too large,ineligible
228,12242,2024-12-12,40,0,new,Changed mind,ineligible
229,5968,2025-08-17,5,1,worn,Too large,ineligible
230,4736,2025-07-24,9,1,new,Wrong item,eligible
231,7698,2024-09-10,31,0,new,Defective,needs_review
232,14498,2024-12-19,15,1,tried-on,Defective,needs_review
233,6145,2024-06-06,49,1,new,No reason,ineligible
234,4504,2024-05-16,25,1,new,Wrong item,ineligible
235,3000,2025-03-04,7,0,tried-on,Too small,needs_review
236,11767,2024-06-27,25,1,damaged,No reason,ineligible
237,2619,2025-01-08,29,1,new,Wrong item,eligible
238,9923,2025-03-14,34,1,new,Too large,needs_review
239,2282,2025-09-23,8,1,new,No reason,eligible
240,9376,2024-04-29,16,1,tried-on,No reason,needs_review
241,6930,2024-01-19,32,1,new,Changed mind,needs_review
242,2965,2025-03-01,9,1,tried-on,Too small,eligible
243,5735,2025-04-05,19,1,damaged,No reason,ineligible
244,6493,2024-05-21,33,0,new,Defective,needs_review
245,15170,2025-02-27,5,0,worn,Changed mind,ineligible
246,4697,2025-09-08,31,1,new,Defective,needs_review
247,15664,2025-04-06,50,1,new,Too small,ineligible
248,713,2025-04-08,32,1,worn,Changed mind,ineligible
249,9626,2024-09-21,39,1,new,Changed mind,ineligible
250,11557,2025-03-16,29,1,new,No reason,ineligible
251,4966,2025-01-16,27,1,tried-on,No reason,ineligible
252,14795,2024-03-27,23,1,new,Changed mind,eligible
253,8528,2025-08-17,37,1,new,Wrong item,ineligible
254,8592,2024-07-05,37,1,new,Defective,needs_review
255,8427,2025-11-04,57,1,new,Too large,ineligible
256,9789,2025-12-17,45,1,worn,Defective,ineligible
257,5109,2024-01-30,34,0,new,No reason,needs_review
258,14604,2024-11-28,52,1,new,Wrong item,ineligible
259,735,2024-01-12,21,1,new,Too small,eligible
260,5932,2025-02-09,12,1,new,Defective,eligible
261,625,2025-11-28,47,1,new,Too small,ineligible
262,13305,2025-10-17,22,1,new,Changed mind,eligible
263,14354,2024-05-08,50,1,tried-on,Wrong item,ineligible
264,8100,2024-11-16,46,1,new,Defective,ineligible
265,669,2024-02-27,58,1,new,Wrong item,ineligible
266,9741,2024-02-20,30,0,new,Too large,needs_review
267,11667,2025-10-13,47,1,new,Too small,ineligible
268,8694,2025-07-09,6,1,tried-on,Wrong item,eligible
269,14736,2025-04-13,56,1,worn,Defective,ineligible
270,15696,2025-06-02,38,1,new,Changed mind,ineligible
271,11411,2024-10-29,41,0,new,Too large,ineligible
272,6694,2025-10-28,17,1,new,Wrong item,needs_review
273,3915,2024-06-13,24,1,new,Wrong item,ineligible
274,4850,2025-10-27,34,1,tried-on,Wrong item,needs_review
275,4106,2025-08-14,59,1,tried-on,Wrong item,ineligible
276,1239,2024-04-22,22,1,new,Changed mind,eligible
277,3960,2024-12-16,51,1,tried-on,Too large,ineligible
278,15726,2024-03-01,40,1,tried-on,Too small,ineligible
279,5410,2025-01-25,30,0,tried-on,Too large,ineligible
280,12274,2025-10-19,22,1,new,Changed mind,eligible
281,1095,2025-12-01,29,0,tried-on,Too small,needs_review
282,6991,2025-01-13,8,1,tried-on,Too large,eligible
283,10350,2025-10-26,46,0,tried-on,Defective,ineligible
284,2238,2024-05-04,26,1,tried-on,Changed mind,eligible
285,11167,2025-09-18,33,1,tried-on,Too large,needs_review
286,3904,2024-11-19,43,1,new,Too small,ineligible
287,11556,2025-03-31,44,1,new,No reason,ineligible
288,15939,2024-03-23,28,1,new,Too small,eligible
289,6000,2025-01-09,47,1,new,Too large,ineligible
290,5174,2025-06-08,37,1,tried-on,No reason,ineligible
291,3370,2025-06-10,49,1,tried-on,Defective,ineligible
292,7826,2025-09-21,24,1,new,Too large,eligible
293,39,2024-03-14,42,1,tried-on,Too large,ineligible
294,187,2024-08-11,12,1,worn,Changed mind,ineligible
295,9923,2025-02-18,10,1,new,Wrong item,eligible
296,8517,2024-02-09,15,1,tried-on,Changed mind,needs_review
297,7887,2024-12-10,36,1,new,Too small,eligible
298,1997,2024-01-26,26,1,new,Defective,ineligible
299,5124,2025-06-02,12,1,new,No reason,eligible
300,2540,2024-02-07,13,1,tried-on,No reason,eligible
301,8900,2025-11-06,45,1,new,Too large,ineligible
302,15240,2024-02-15,47,1,new,Wrong item,ineligible
303,8773,2024-10-23,27,1,new,Defective,eligible
304,799,2024-03-14,38,1,new,Wrong item,ineligible
305,8615,2024-07-06,5,1,new,No reason,eligible
306,2760,2024-02-13,18,1,new,Too small,eligible
307,11453,2025-09-12,32,1,tried-on,Too small,ineligible
308,9155,2025-03-23,41,1,new,Too small,eligible
309,15183,2024-09-16,59,1,new,Wrong item,ineligible
310,6412,2025-07-03,46,1,new,Changed mind,ineligible
311,11818,2025-03-19,51,1,new,No reason,ineligible
312,15646,2025-06-18,46,0,new,No reason,ineligible
313,11047,2025-08-24,17,1,new,Defective,eligible
314,1006,2024-06-25,7,1,new,Changed mind,eligible
315,7396,2024-03-02,52,1,new,Too small,ineligible
316,12344,2024-07-11,28,1,new,Changed mind,ineligible
317,9833,2024-10-06,27,1,new,Wrong item,eligible
318,14004,2024-01-01,4,1,tried-on,Wrong item,eligible
319,5610,2024-06-15,18,1,tried-on,Too small,needs_review
320,13565,2023-12-22,18,1,new,Defective,needs_review
321,2160,2025-11-09,8,0,new,Too small,needs_review
322,1310,2024-01-18,39,0,tried-on,Defective,ineligible
323,12831,2025-06-28,22,1,new,No reason,ineligible
324,15585,2024-11-08,29,1,new,Defective,eligible
325,14091,2024-11-25,16,1,new,No reason,eligible
326,6766,2024-08-05,22,1,worn,Changed mind,ineligible
327,9800,2024-10-10,28,1,new,Defective,ineligible
328,3473,2024-05-29,35,1,new,Too small,needs_review
329,7478,2025-10-14,40,1,new,Defective,ineligible
330,14177,2024-11-26,28,1,new,Defective,eligible
331,15975,2025-03-26,9,1,tried-on,No reason,eligible
332,3427,2025-01-29,33,1,new,Too small,needs_review
333,15376,2024-04-08,3,1,new,Defective,eligible
334,6747,2025-09-12,49,1,tried-on,Wrong item,ineligible
335,4220,2024-03-27,4,1,new,No reason,ineligible
336,14614,2025-07-14,34,1,new,Too large,needs_review
337,14546,2025-04-21,14,1,worn,Changed mind,ineligible
338,7552,2025-09-26,3,1,new,Too small,eligible
339,10301,2024-08-30,31,1,new,Wrong item,eligible
340,8289,2025-07-31,58,1,new,Too large,ineligible
341,11474,2024-06-14,44,1,new,Changed mind,ineligible
342,15938,2025-10-09,8,1,new,Changed mind,eligible
343,7636,2024-05-27,16,1,new,No reason,needs_review
344,7798,2025-06-07,3,0,new,Too large,needs_review
345,14767,2025-02-09,60,1,new,Changed mind,ineligible
346,13491,2024-12-19,13,1,worn,Defective,ineligible
347,14189,2025-04-17,9,1,new,Wrong item,eligible
348,781,2024-07-17,40,0,new,Changed mind,ineligible
349,10329,2025-03-20,17,1,new,Too large,eligible
350,7032,2024-05-19,42,1,tried-on,No reason,ineligible
351,1464,2024-08-23,34,1,new,Changed mind,needs_review
352,1134,2025-08-09,16,1,new,Too small,eligible
353,13281,2025-06-11,22,1,new,Changed mind,eligible
354,11893,2024-01-22,48,1,new,Changed mind,ineligible
355,14175,2024-11-17,19,1,new,Wrong item,eligible
356,3683,2024-11-10,44,1,tried-on,Too large,ineligible
357,15683,2025-08-05,12,1,tried-on,Too large,eligible
358,3934,2024-12-18,56,1,new,No reason,ineligible
359,9734,2025-09-08,10,1,tried-on,Too large,ineligible
360,14715,2024-12-11,15,1,new,Wrong item,eligible
361,9357,2024-06-28,26,1,damaged,Defective,ineligible
362,4068,2024-12-12,10,1,new,Defective,eligible
363,9401,2025-09-22,3,1,new,Wrong item,eligible
364,5642,2024-12-02,28,1,new,Too small,eligible
365,3017,2024-10-24,14,1,tried-on,Changed mind,eligible
366,4536,2024-09-17,31,1,new,Too small,ineligible
367,4226,2025-02-18,11,1,new,Changed mind,eligible
368,847,2025-02-13,56,1,new,Too small,ineligible
369,6407,2025-10-06,53,1,new,No reason,ineligible
370,4278,2025-08-22,10,1,new,No reason,eligible
371,15086,2025-03-19,56,1,new,Defective,ineligible
372,8995,2025-04-27,41,1,new,No reason,ineligible
373,13306,2024-12-10,51,1,new,Too large,ineligible
374,6617,2025-09-11,29,0,worn,Wrong item,ineligible
375,741,2025-05-27,45,1,new,Too large,ineligible
376,14888,2024-06-22,41,0,new,Too large,ineligible
377,12396,2024-08-14,13,1,new,Too small,eligible
378,4499,2024-12-12,27,1,new,No reason,eligible
379,9391,2025-10-23,37,1,tried-on,Defective,ineligible
380,5205,2024-01-14,40,1,new,No reason,ineligible
381,12874,2024-09-12,6,1,tried-on,Too small,eligible
382,15712,2024-08-06,56,1,new,Too large,ineligible
383,5790,2025-03-08,21,1,new,Too large,eligible
384,9106,2024-01-20,8,0,new,Too large,needs_review
385,13914,2023-11-29,10,1,new,Wrong item,eligible
386,14900,2025-04-01,33,1,new,Changed mind,needs_review
387,2722,2024-09-24,30,1,damaged,Changed mind,ineligible
388,8501,2023-12-18,5,1,new,Too small,eligible
389,5603,2025-10-11,44,1,new,Wrong item,ineligible
390,15283,2025-04-20,25,1,damaged,Too large,ineligible
391,13308,2025-03-31,20,1,damaged,No reason,ineligible
392,15999,2024-06-22,4,1,tried-on,Too small,eligible
393,1571,2024-09-12,59,1,new,Defective,ineligible
394,8730,2024-07-24,33,1,new,Defective,ineligible
395,12907,2024-04-17,29,1,new,Wrong item,eligible
396,11614,2025-07-03,55,1,new,Too large,ineligible
397,2753,2024-01-20,41,1,new,Defective,ineligible
398,13931,2025-05-10,40,1,new,Defective,ineligible
399,11165,2024-11-12,13,1,new,Defective,eligible
400,2748,2024-02-19,59,1,new,Wrong item,eligible
401,10323,2024-04-28,42,1,worn,Wrong item,ineligible
402,9330,2024-06-08,4,1,tried-on,Too small,ineligible
403,10055,2025-11-23,39,1,worn,Too large,ineligible
404,11926,2024-10-23,51,0,new,Changed mind,ineligible
405,13295,2025-03-30,60,1,new,Too large,ineligible
406,14281,2025-07-25,59,1,new,Defective,ineligible
407,10775,2025-09-27,38,1,tried-on,No reason,ineligible
408,12386,2024-12-19,59,1,new,No reason,ineligible
409,964,2023-11-29,13,1,new,Wrong item,eligible
410,2002,2024-04-29,55,1,new,Changed mind,ineligible
411,11505,2025-09-13,30,1,new,Wrong item,ineligible
412,4643,2024-10-02,25,1,new,Defective,eligible
413,5377,2024-02-24,44,1,new,Defective,ineligible
414,12127,2024-11-26,18,1,new,Wrong item,eligible
415,9479,2024-11-29,51,1,tried-on,Too large,ineligible
416,14059,2025-06-17,16,1,tried-on,Too large,needs_review
417,4420,2025-09-12,37,1,damaged,Wrong item,ineligible
418,12062,2025-10-22,42,0,new,Wrong item,ineligible
419,11491,2024-08-28,45,1,tried-on,Wrong item,ineligible
420,11132,2025-08-14,45,1,tried-on,Too small,ineligible
421,15671,2025-02-13,55,0,new,Wrong item,ineligible
422,9212,2025-04-30,27,1,new,No reason,eligible
423,8652,2024-01-13,11,1,new,Defective,eligible
424,702,2025-08-06,42,1,new,Too large,ineligible
425,9519,2025-10-30,32,1,new,Defective,ineligible
426,12782,2025-08-15,43,1,new,Changed mind,ineligible
427,6121,2025-08-07,37,0,new,No reason,needs_review
428,5729,2025-03-18,1,1,new,Wrong item,ineligible
429,3244,2024-06-19,57,1,new,Wrong item,ineligible
430,12807,2025-01-14,8,1,new,Changed mind,eligible
431,11233,2024-07-13,25,1,new,Too large,ineligible
432,8548,2024-04-28,36,1,tried-on,Wrong item,needs_review
433,13744,2024-03-29,21,1,new,Too large,needs_review
434,10990,2025-10-18,50,1,new,Too large,ineligible
435,10875,2024-11-25,14,1,new,Too small,eligible
436,9672,2024-03-17,14,1,new,Wrong item,eligible
437,8713,2025-09-14,55,1,tried-on,Too small,ineligible
438,338,2024-10-12,26,1,tried-on,Wrong item,ineligible
439,7154,2025-08-30,16,1,damaged,Changed mind,ineligible
440,5,2025-07-18,5,1,new,Too large,ineligible
441,3295,2024-04-12,23,1,new,Too small,eligible
442,12868,2025-02-03,14,1,new,Wrong item,eligible
443,502,2023-12-02,8,1,tried-on,Too small,eligible
444,12232,2025-03-18,12,1,new,Too small,eligible
445,15771,2024-05-14,13,1,new,Too large,eligible
446,4573,2025-06-26,34,1,new,Too small,ineligible
447,8391,2025-01-02,35,1,new,Changed mind,ineligible
448,576,2025-10-06,14,1,worn,Defective,ineligible
449,625,2025-11-02,21,1,new,No reason,needs_review
450,11575,2024-01-09,35,1,tried-on,Changed mind,ineligible
451,2323,2024-01-15,50,1,worn,Changed mind,ineligible
452,7909,2025-03-20,23,1,new,Too small,ineligible
453,7645,2025-05-08,13,0,new,Changed mind,needs_review
454,880,2024-01-13,17,1,new,Changed mind,needs_review
455,8610,2025-05-23,30,1,new,Wrong item,ineligible
456,3321,2024-07-27,30,1,new,Too large,eligible
457,3532,2024-11-16,9,1,new,Wrong item,eligible
458,6979,2024-12-12,39,1,new,Changed mind,ineligible
459,1965,2024-01-19,54,1,new,Defective,ineligible
460,7501,2025-11-03,7,1,new,Defective,eligible
461,12470,2025-04-24,46,1,tried-on,Defective,ineligible
462,15337,2025-05-17,36,1,new,Wrong item,ineligible
463,9346,2024-07-22,18,1,tried-on,Too large,ineligible
464,244,2024-05-08,16,0,new,Defective,needs_review
465,4176,2024-11-01,19,1,new,Defective,eligible
466,739,2025-05-17,35,1,new,Wrong item,ineligible
467,13109,2023-12-19,6,0,tried-on,Too small,needs_review
468,13101,2024-01-07,42,1,new,No reason,ineligible
469,11641,2024-02-15,46,1,new,Too large,ineligible
470,2296,2024-11-30,29,1,new,Defective,eligible
471,9778,2024-02-25,51,1,new,Changed mind,ineligible
472,2776,2025-08-24,60,0,new,Too small,ineligible
473,6579,2024-10-19,44,1,new,No reason,ineligible
474,13997,2024-11-24,32,1,new,Too small,needs_review
475,8356,2024-06-03,4,1,tried-on,Defective,eligible
476,7714,2025-03-05,16,1,tried-on,Defective,eligible
477,6707,2025-04-04,21,1,tried-on,Defective,eligible
478,6883,2023-12-09,9,1,tried-on,Wrong item,eligible
479,7330,2024-01-10,30,1,tried-on,Wrong item,ineligible
480,4288,2025-09-14,39,1,new,Too small,ineligible
481,11241,2024-05-05,21,1,new,Too large,eligible
482,3042,2024-04-05,35,1,tried-on,Too large,needs_review
483,2983,2024-09-25,18,1,new,Defective,needs_review
484,12514,2024-10-06,60,1,new,No reason,ineligible
485,4702,2024-07-25,0,1,worn,Changed mind,ineligible
486,9808,2025-05-29,26,1,new,Changed mind,eligible
487,10853,2025-01-11,20,1,tried-on,Too small,eligible
488,3009,2025-02-14,51,1,tried-on,Changed mind,ineligible
489,12383,2025-08-01,49,1,new,Wrong item,ineligible
490,13476,2024-02-04,42,0,new,Changed mind,ineligible
491,10124,2024-11-15,28,1,worn,No reason,ineligible
492,231,2024-12-25,26,1,worn,No reason,ineligible
493,7216,2024-10-01,38,1,new,Too large,ineligible
494,7099,2024-03-02,13,0,new,Changed mind,needs_review
495,12628,2024-08-15,17,1,new,No reason,eligible
496,8002,2024-12-27,26,1,new,Changed mind,eligible
497,15504,2025-12-01,37,1,new,Defective,ineligible
498,5810,2024-10-24,37,1,new,Defective,needs_review
499,10600,2025-10-14,47,0,tried-on,No reason,ineligible
500,15954,2025-02-06,27,1,tried-on,Wrong item,ineligible
501,8971,2025-08-09,48,0,worn,Changed mind,ineligible
502,4664,2024-06-18,53,1,new,Defective,ineligible
503,7876,2025-08-22,7,1,new,Defective,eligible
504,9080,2025-11-23,47,1,new,Wrong item,ineligible
505,6249,2024-12-05,37,1,new,Too large,needs_review
506,11687,2024-12-30,45,1,tried-on,No reason,ineligible
507,6811,2024-08-04,5,1,tried-on,Defective,eligible
508,9903,2025-01-10,9,1,tried-on,Defective,eligible
509,3111,2024-12-07,51,1,new,Wrong item,ineligible
510,6191,2024-12-29,3,1,new,Defective,eligible
511,2747,2025-02-21,51,1,new,Defective,eligible
512,7253,2024-04-11,29,1,new,Too small,ineligible
513,14396,2025-11-18,10,1,tried-on,Too small,eligible
514,271,2025-12-04,39,1,new,Too small,ineligible
515,1714,2024-07-05,1,0,tried-on,Changed mind,needs_review
516,7193,2025-06-05,20,1,tried-on,Defective,eligible
517,9429,2024-09-27,8,1,new,Changed mind,eligible
518,1468,2024-05-30,0,0,new,Too small,needs_review
519,927,2024-09-08,14,1,tried-on,Changed mind,eligible
520,7096,2024-09-26,29,1,new,Changed mind,eligible
521,11990,2024-03-12,14,1,new,Wrong item,eligible
522,5966,2025-05-16,26,0,tried-on,Too small,ineligible
523,15809,2024-03-05,20,1,new,Too large,eligible
524,3460,2025-12-26,51,1,new,Defective,ineligible
525,515,2024-04-04,29,1,new,Wrong item,eligible
526,10284,2024-05-31,18,1,new,Changed mind,ineligible
527,3546,2024-08-26,59,1,new,Too large,ineligible
528,1874,2025-01-15,9,1,worn,No reason,ineligible
529,2993,2024-06-22,34,1,tried-on,Changed mind,needs_review
530,11875,2024-11-21,38,1,new,Too small,ineligible
531,14658,2024-11-23,52,1,new,Wrong item,ineligible
532,331,2024-10-10,0,1,tried-on,Changed mind,eligible
533,10115,2024-06-12,29,1,worn,Wrong item,ineligible
534,6773,2024-11-06,49,1,new,Changed mind,eligible
535,2149,2024-03-18,33,1,worn,Wrong item,ineligible
536,139,2025-04-16,8,1,new,No reason,eligible
537,9970,2025-01-15,4,1,tried-on,Too small,eligible
538,12256,2025-03-01,48,1,tried-on,Defective,ineligible
539,15036,2025-01-24,10,1,tried-on,Too small,eligible
540,685,2025-08-31,41,1,new,Wrong item,eligible
541,90,2024-04-05,36,1,tried-on,Defective,needs_review
542,5183,2025-08-14,22,1,damaged,Too small,ineligible
543,15681,2025-04-09,14,1,new,Changed mind,eligible
544,10560,2024-07-10,23,1,new,No reason,ineligible
545,8451,2023-11-21,8,1,new,Defective,eligible
546,291,2025-01-06,7,1,tried-on,Too large,eligible
547,12061,2024-08-25,12,0,tried-on,No reason,needs_review
548,3882,2025-08-21,24,1,new,No reason,eligible
549,2234,2025-03-29,28,1,tried-on,Wrong item,ineligible
550,6984,2025-06-09,45,0,tried-on,Defective,ineligible
551,11989,2024-02-28,1,1,new,Defective,eligible
552,5665,2025-08-20,10,0,new,Too large,needs_review
553,4193,2024-10-02,37,1,new,Changed mind,needs_review
554,9692,2025-03-31,41,1,new,Wrong item,ineligible
555,279,2025-01-20,9,1,tried-on,Wrong item,eligible
556,11459,2025-10-28,50,1,new,No reason,eligible
557,10779,2024-04-29,12,1,new,No reason,eligible
558,14024,2024-07-25,2,1,tried-on,Wrong item,eligible
559,12547,2024-02-04,47,1,tried-on,No reason,ineligible
560,2854,2025-07-04,0,1,new,Defective,eligible
561,6782,2024-08-11,33,1,new,Too small,ineligible
562,10650,2024-09-14,18,1,new,Too large,eligible
563,14319,2024-12-03,20,1,new,Too small,eligible
564,488,2025-05-26,53,1,damaged,Too large,ineligible
565,11282,2025-03-06,44,1,new,Defective,ineligible
566,7570,2025-02-10,15,1,new,No reason,eligible
567,8516,2024-09-17,5,1,tried-on,Wrong item,eligible
568,3461,2025-01-06,53,1,tried-on,Wrong item,ineligible
569,6748,2025-08-19,25,1,new,Defective,eligible
570,7176,2024-11-05,59,1,new,Too small,ineligible
571,5953,2025-08-27,10,1,new,No reason,eligible
572,5748,2024-09-17,49,1,worn,Too large,ineligible
573,4426,2024-08-16,55,1,new,No reason,ineligible
574,13358,2025-04-15,45,1,new,Changed mind,ineligible
575,13807,2024-09-13,5,1,new,Too small,eligible
576,3969,2024-05-22,55,1,new,No reason,ineligible
577,6656,2025-02-09,13,1,new,Wrong item,eligible
578,4163,2024-10-23,43,1,new,Too small,ineligible
579,3665,2024-02-07,39,1,new,Changed mind,ineligible
580,12654,2025-01-05,8,1,new,Wrong item,eligible
581,8836,2025-03-19,12,1,new,Changed mind,eligible
582,12040,2025-11-28,23,1,new,Changed mind,eligible
583,180,2024-01-12,14,1,tried-on,Wrong item,eligible
584,8403,2024-02-25,46,0,new,Too large,ineligible
585,10108,2024-03-03,60,1,new,Wrong item,ineligible
586,5948,2025-09-22,55,1,new,Wrong item,ineligible
587,1437,2025-06-28,27,0,tried-on,Defective,needs_review
588,13225,2024-02-09,33,1,new,Too small,needs_review
589,5143,2025-03-26,44,1,tried-on,No reason,ineligible
590,14405,2023-12-20,8,0,new,Too large,needs_review
591,9815,2025-09-27,19,1,new,Too large,eligible
592,2224,2025-09-11,9,1,tried-on,No reason,eligible
593,6989,2025-09-04,39,1,new,Wrong item,ineligible
594,4404,2024-06-29,39,1,new,Too small,ineligible
595,8651,2024-02-19,48,1,tried-on,Too small,eligible
596,10696,2025-07-15,24,1,worn,Changed mind,ineligible
597,10326,2024-04-22,48,1,new,No reason,ineligible
598,6851,2025-04-18,0,1,new,Defective,ineligible
599,7787,2025-09-05,44,0,new,Wrong item,ineligible
600,7021,2024-12-08,4,0,new,No reason,needs_review
601,6045,2024-03-08,6,1,new,Defective,eligible
602,11170,2024-01-24,43,0,tried-on,Wrong item,ineligible
603,38,2024-09-18,11,1,new,Changed mind,eligible
604,3874,2024-11-05,23,1,new,Wrong item,ineligible
605,3866,2025-02-24,45,1,new,No reason,eligible
606,15364,2025-08-07,47,1,damaged,No reason,ineligible
607,12202,2025-11-28,43,1,tried-on,Wrong item,ineligible
608,1105,2025-11-22,30,1,tried-on,Too small,eligible
609,2135,2024-05-29,19,1,new,Too small,eligible
610,13483,2025-11-24,54,1,tried-on,Defective,ineligible
611,4535,2024-04-05,4,1,new,No reason,eligible
612,3634,2025-06-16,40,1,new,Changed mind,ineligible
613,8612,2024-04-07,58,1,tried-on,Defective,eligible
614,1949,2023-12-26,42,1,new,Too large,ineligible
615,8164,2025-11-11,23,1,worn,Changed mind,ineligible
616,7277,2024-08-18,17,1,tried-on,Too small,eligible
617,1717,2025-11-06,58,1,worn,Too large,ineligible
618,8095,2024-11-28,1,1,new,Changed mind,eligible
619,3419,2024-05-15,44,1,new,Wrong item,ineligible
620,623,2024-02-18,0,1,new,Changed mind,ineligible
621,15026,2024-08-03,13,1,new,Wrong item,eligible
622,4673,2025-05-19,19,1,new,Changed mind,eligible
623,8491,2025-09-15,16,1,new,Too large,needs_review
624,3330,2024-09-18,60,1,new,No reason,ineligible
625,10394,2024-05-25,9,1,new,Too small,eligible
626,12254,2025-06-06,12,1,worn,Too small,ineligible
627,15133,2024-02-21,11,1,tried-on,Too large,eligible
628,10742,2023-12-11,29,1,worn,Defective,ineligible
629,12034,2024-10-10,27,1,worn,No reason,ineligible
630,1705,2025-07-27,53,1,new,Defective,ineligible
631,4320,2025-11-14,15,0,tried-on,Defective,needs_review
632,10488,2024-09-13,35,0,new,Changed mind,ineligible
633,7290,2025-01-12,21,1,new,Too small,eligible
634,1291,2024-12-31,3,1,new,Wrong item,eligible
635,9027,2024-02-16,4,1,tried-on,Defective,eligible
636,6391,2025-05-04,57,1,new,Too large,ineligible
637,11452,2025-09-14,34,1,worn,Changed mind,ineligible
638,15723,2025-11-01,0,1,tried-on,Too small,eligible
639,6513,2025-11-16,49,1,new,Defective,ineligible
640,9564,2024-11-18,2,1,new,Too small,eligible
641,15449,2025-06-27,0,1,tried-on,Too small,eligible
642,728,2025-09-28,24,1,new,Too large,eligible
643,13523,2025-01-27,26,1,new,Changed mind,eligible
644,15672,2024-05-12,12,1,new,Changed mind,eligible
645,10240,2024-07-11,53,1,worn,Defective,ineligible
646,10683,2024-07-08,32,1,new,Wrong item,needs_review
647,1956,2024-01-27,10,1,new,Changed mind,eligible
648,11240,2024-05-14,30,1,new,Changed mind,eligible
649,14879,2024-02-12,27,1,new,Wrong item,eligible
650,4310,2024-02-02,37,1,new,Defective,needs_review
651,9145,2025-05-11,33,1,new,Too small,needs_review
652,3320,2024-07-18,21,1,new,Defective,eligible
653,13475,2024-01-23,30,1,new,Defective,eligible
654,8648,2024-10-28,0,1,damaged,Too large,ineligible
655,10371,2024-05-29,12,1,new,Wrong item,eligible
656,2017,2025-07-28,38,1,tried-on,Defective,ineligible
657,3891,2025-01-30,8,0,tried-on,Defective,needs_review
658,4959,2024-04-06,45,1,tried-on,Too small,eligible
659,13127,2025-06-08,8,1,new,Wrong item,eligible
660,4724,2025-11-21,49,1,new,No reason,ineligible
661,14653,2023-11-29,11,1,new,Too small,eligible
662,4158,2025-04-08,50,1,damaged,Wrong item,ineligible
663,7907,2024-11-11,58,1,new,No reason,ineligible
664,1526,2025-08-15,50,1,new,Defective,ineligible
665,7691,2024-02-14,40,1,new,Too large,ineligible
666,10201,2024-05-09,12,1,new,Changed mind,eligible
667,13172,2024-08-16,37,1,new,Defective,ineligible
668,10256,2025-06-25,34,1,new,Too small,ineligible
669,12560,2024-08-31,47,1,new,Too small,eligible
670,5032,2025-06-01,19,0,new,No reason,needs_review
671,13406,2024-01-10,56,1,new,Defective,ineligible
672,1069,2025-01-16,7,1,new,Changed mind,eligible
673,14351,2024-11-25,49,1,new,Changed mind,ineligible
674,9028,2024-12-03,29,1,new,Too small,eligible
675,5761,2024-03-12,14,1,tried-on,Too large,eligible
676,7187,2025-11-30,24,1,worn,Changed mind,ineligible
677,9243,2025-04-21,41,1,worn,Wrong item,ineligible
678,11128,2025-08-23,47,0,new,No reason,ineligible
679,11952,2024-03-29,5,1,new,No reason,eligible
680,1365,2024-08-25,30,0,tried-on,Too large,needs_review
681,15548,2024-08-08,13,1,worn,Defective,ineligible
682,14230,2025-10-30,0,1,tried-on,Too large,eligible
683,5880,2024-07-08,37,1,new,Wrong item,needs_review
684,953,2025-06-17,21,1,new,Changed mind,needs_review
685,5634,2025-02-14,8,1,new,No reason,eligible
686,13604,2025-03-12,53,1,new,Changed mind,ineligible
687,8596,2024-07-27,3,1,new,Too small,ineligible
688,1168,2025-10-19,5,1,tried-on,Too large,eligible
689,14959,2024-11-05,26,1,damaged,Wrong item,ineligible
690,2627,2025-02-15,14,0,new,No reason,needs_review
691,7038,2025-08-06,17,1,tried-on,Defective,eligible
692,6001,2024-11-28,5,1,new,Defective,eligible
693,8397,2025-12-19,44,1,new,Changed mind,ineligible
694,1923,2024-08-17,37,1,new,Changed mind,ineligible
695,8622,2024-06-17,26,1,new,Defective,eligible
696,14109,2024-08-09,4,1,new,Too small,eligible
697,900,2024-02-13,58,1,worn,Defective,ineligible
698,1082,2024-05-30,6,1,new,Too large,eligible
699,1650,2024-04-24,46,1,new,Too small,ineligible
700,12259,2025-05-12,26,1,tried-on,Defective,ineligible
701,7223,2025-02-14,41,1,new,Too small,ineligible
702,10073,2024-06-18,51,1,new,Wrong item,ineligible
703,5741,2024-06-04,29,0,new,Defective,needs_review
704,8188,2025-08-30,54,1,new,No reason,ineligible
705,2846,2024-09-07,24,1,tried-on,Too large,eligible
706,12833,2024-10-19,18,1,new,Too small,ineligible
707,1099,2024-11-27,4,1,new,Too large,eligible
708,1214,2024-04-05,38,1,new,Too small,ineligible
709,7870,2025-06-30,27,0,new,Wrong item,ineligible
710,8014,2024-04-01,41,1,new,Too small,ineligible
711,15623,2024-03-23,0,1,new,Too large,eligible
712,4186,2024-05-02,19,0,new,Defective,needs_review
713,13140,2024-04-25,60,1,new,No reason,eligible
714,8817,2024-10-04,42,1,tried-on,Defective,ineligible
715,6112,2025-02-01,43,1,new,Wrong item,ineligible
716,11467,2024-06-15,40,1,tried-on,Wrong item,ineligible
717,207,2024-04-10,2,1,new,Wrong item,eligible
718,13338,2025-02-28,60,1,new,Too small,ineligible
719,5793,2025-09-12,12,1,new,No reason,eligible
720,3805,2023-11-20,11,1,new,Defective,eligible
721,12386,2024-12-12,52,0,tried-on,Defective,ineligible
722,2021,2025-07-21,21,1,new,Defective,eligible
723,191,2025-09-04,37,1,tried-on,Too large,needs_review
724,1056,2025-02-04,2,1,worn,Wrong item,ineligible
725,2116,2024-04-17,53,0,new,No reason,ineligible
726,12930,2025-02-15,56,1,tried-on,Changed mind,ineligible
727,2561,2025-01-17,18,1,new,No reason,eligible
728,11319,2025-08-26,56,1,new,No reason,ineligible
729,4734,2025-01-19,26,1,tried-on,Wrong item,eligible
730,13176,2024-12-27,56,1,tried-on,No reason,ineligible
731,6567,2024-12-02,49,1,new,Wrong item,ineligible
732,9411,2025-10-23,42,1,damaged,Changed mind,ineligible
733,1025,2023-12-21,33,1,worn,Wrong item,ineligible
734,12202,2025-10-20,4,1,new,Defective,eligible
735,10211,2025-09-24,33,1,new,Changed mind,ineligible
736,13279,2025-04-04,11,1,new,No reason,eligible
737,619,2024-04-13,43,1,new,Wrong item,ineligible
738,13621,2024-09-06,60,1,new,Too small,ineligible
739,11524,2024-09-20,33,1,new,Changed mind,needs_review
740,4874,2024-03-19,17,1,new,Too small,needs_review
741,12556,2025-09-13,0,1,new,Changed mind,eligible
742,15184,2024-09-12,55,1,new,Too small,ineligible
743,10926,2024-07-29,35,1,new,Too large,needs_review
744,7447,2024-09-04,13,1,worn,Defective,ineligible
745,8958,2025-07-15,17,1,new,Changed mind,needs_review
746,10499,2024-08-01,54,1,new,Changed mind,ineligible
747,6976,2025-01-13,50,1,new,Too small,ineligible
748,13767,2025-05-21,3,1,worn,No reason,ineligible
749,10697,2024-04-20,18,1,tried-on,Too large,eligible
750,3352,2025-07-10,47,1,worn,Too large,ineligible
751,6159,2025-09-22,44,1,new,No reason,ineligible
752,13619,2025-04-24,10,1,new,Defective,eligible
753,4508,2024-02-23,26,1,new,Changed mind,eligible
754,15534,2024-07-27,38,0,new,Too small,ineligible
755,1525,2025-07-20,24,1,new,Wrong item,ineligible
756,8694,2025-08-02,30,1,new,Too small,eligible
757,6516,2024-03-31,57,1,new,Defective,ineligible
758,12845,2025-07-09,47,1,new,Wrong item,ineligible
759,12216,2025-01-24,52,0,worn,No reason,ineligible
760,14765,2024-03-22,21,1,new,Wrong item,eligible
761,9959,2024-01-25,3,0,new,Changed mind,needs_review
762,15097,2024-01-12,20,1,new,Changed mind,ineligible
763,2036,2024-01-17,14,1,new,Wrong item,eligible
764,13058,2024-10-20,54,1,tried-on,Too large,ineligible
765,7077,2024-08-01,1,1,tried-on,No reason,eligible
766,10467,2025-06-26,0,1,new,Defective,eligible
767,5261,2025-08-18,22,1,new,Too large,eligible
768,485,2025-09-05,31,1,tried-on,Defective,eligible
769,3582,2025-10-30,32,1,new,Too small,ineligible
770,8354,2024-07-14,45,0,tried-on,Wrong item,ineligible
771,5488,2024-04-22,17,1,new,Changed mind,eligible
772,7481,2024-01-04,14,1,new,Too large,eligible
773,3354,2025-08-02,58,1,new,Too small,ineligible
774,240,2025-11-24,45,1,new,Changed mind,ineligible
775,7759,2025-02-03,52,0,new,Defective,ineligible
776,12356,2024-12-26,12,0,new,Changed mind,needs_review
777,14041,2025-04-04,50,1,new,Too large,ineligible
778,14109,2024-08-22,17,1,tried-on,Too large,eligible
779,15086,2025-02-13,22,1,tried-on,Defective,eligible
780,1080,2025-02-13,9,0,worn,Defective,ineligible
781,11234,2025-11-17,21,1,new,No reason,eligible
782,3156,2025-08-11,38,1,new,Too large,eligible
783,4880,2024-09-26,33,1,new,Too small,ineligible
784,7779,2025-07-12,5,1,tried-on,Wrong item,eligible
785,7712,2024-10-23,51,1,worn,Defective,ineligible
786,11113,2024-06-02,55,1,new,Too small,ineligible
787,9127,2025-01-22,20,1,new,Too small,eligible
788,3910,2025-06-16,40,1,tried-on,Changed mind,eligible
789,2585,2024-01-24,36,1,tried-on,Wrong item,ineligible
790,12731,2023-12-08,29,1,worn,Defective,ineligible
791,13909,2024-12-29,54,1,tried-on,Too small,ineligible
792,12889,2024-06-19,10,1,tried-on,Too small,eligible
793,1495,2024-08-30,15,1,tried-on,Changed mind,needs_review
794,13123,2025-10-28,4,0,worn,Changed mind,ineligible
795,10224,2025-10-16,35,1,new,Too large,needs_review
796,4106,2025-08-11,56,1,new,Changed mind,ineligible
797,12260,2025-06-15,60,1,new,No reason,ineligible
798,6839,2024-03-04,5,1,new,Too small,ineligible
799,5013,2025-07-21,25,1,tried-on,Defective,ineligible
800,14330,2024-08-30,39,1,new,No reason,ineligible
801,15299,2024-04-28,36,1,tried-on,No reason,ineligible
802,4956,2025-03-25,29,1,new,No reason,eligible
803,6250,2024-12-18,50,0,tried-on,Changed mind,ineligible
804,8626,2023-11-23,2,1,new,Too large,eligible
805,10623,2024-11-17,30,1,new,No reason,eligible
806,1935,2025-06-01,42,0,new,Wrong item,ineligible
807,9781,2024-03-05,47,1,new,Defective,ineligible
808,14236,2025-12-23,45,1,new,Too small,ineligible
809,10751,2025-09-08,33,1,tried-on,Changed mind,ineligible
810,11678,2025-07-23,28,1,worn,No reason,ineligible
811,1549,2025-07-19,47,1,new,Wrong item,ineligible
812,10068,2024-04-19,8,1,worn,Wrong item,ineligible
813,11805,2023-11-30,6,1,new,Changed mind,eligible
814,2045,2025-11-18,43,1,tried-on,Defective,ineligible
815,14008,2025-02-07,57,0,new,Too large,ineligible
816,11703,2025-10-16,1,1,new,Too small,ineligible
817,2246,2025-04-05,10,1,worn,Wrong item,ineligible
818,11025,2025-02-25,43,1,worn,No reason,ineligible
819,1456,2024-02-26,26,1,new,Defective,eligible
820,12183,2024-04-27,4,1,worn,Too small,ineligible
821,1870,2025-10-14,6,1,worn,Too small,ineligible
822,15200,2025-10-27,6,1,new,Changed mind,eligible
823,1182,2024-05-28,22,1,tried-on,Wrong item,ineligible
824,3717,2024-08-11,16,1,new,Defective,needs_review
825,3335,2024-03-17,46,1,new,No reason,ineligible
826,13322,2024-10-07,44,1,new,Wrong item,ineligible
827,11436,2023-12-01,13,1,new,Wrong item,ineligible
828,270,2025-08-06,28,0,new,No reason,ineligible
829,6917,2024-02-22,54,1,new,Changed mind,ineligible
830,1257,2025-05-02,48,1,new,No reason,ineligible
831,8550,2024-08-16,46,1,new,Defective,ineligible
832,3966,2025-08-17,35,1,new,Changed mind,ineligible
833,2619,2025-01-23,44,1,new,Defective,eligible
834,5258,2024-11-16,10,1,new,Changed mind,eligible
835,11910,2024-10-27,24,1,new,Defective,ineligible
836,13752,2024-05-27,32,1,tried-on,Defective,needs_review
837,5856,2025-01-04,5,1,tried-on,Too large,ineligible
838,12871,2023-12-22,3,1,new,Changed mind,eligible
839,2996,2024-01-26,7,0,new,No reason,ineligible
840,14030,2024-01-08,18,1,new,Defective,eligible
841,15185,2025-10-20,36,1,new,Defective,ineligible
842,6013,2024-01-15,32,1,new,Wrong item,ineligible
843,7158,2025-05-13,26,1,new,Changed mind,eligible
844,10216,2025-06-27,24,1,new,No reason,eligible
845,3809,2025-11-19,26,1,tried-on,Too small,eligible
846,2065,2025-11-04,55,0,new,Defective,ineligible
847,8499,2025-01-26,40,1,new,Changed mind,ineligible
848,6933,2025-08-30,53,1,tried-on,Wrong item,ineligible
849,10567,2025-08-31,5,1,worn,Changed mind,ineligible
850,2648,2025-09-14,53,1,new,Too small,ineligible
851,11460,2025-10-25,47,0,new,Too small,needs_review
852,3260,2025-06-19,45,1,new,Defective,ineligible
853,15690,2025-04-14,13,1,tried-on,Changed mind,eligible
854,6457,2024-12-06,21,1,new,Wrong item,eligible
855,8290,2025-03-10,21,1,new,Too small,ineligible
856,615,2025-08-13,12,1,new,Wrong item,eligible
857,5275,2024-06-14,33,1,tried-on,Wrong item,needs_review
858,7505,2025-06-10,52,1,tried-on,No reason,ineligible
859,8755,2025-04-12,20,1,new,Too large,eligible
860,8500,2025-02-06,51,1,new,Too large,ineligible
861,15804,2025-06-27,18,1,worn,No reason,ineligible
862,1089,2025-01-11,40,1,tried-on,Too small,ineligible
863,12539,2024-12-01,25,0,new,Too large,needs_review
864,12262,2025-09-21,37,1,new,Too large,needs_review
865,4799,2024-05-13,45,0,new,Wrong item,ineligible
866,8670,2024-06-04,31,1,new,Defective,ineligible
867,301,2024-02-17,32,1,new,Too large,ineligible
868,1976,2025-06-10,50,1,tried-on,Too large,ineligible
869,11235,2025-11-15,19,1,worn,Too large,ineligible
870,5877,2024-01-23,27,1,worn,Too large,ineligible
871,5785,2024-09-09,12,1,new,Defective,eligible
872,11965,2024-10-27,15,0,new,No reason,ineligible
873,9265,2024-06-24,40,1,new,Wrong item,eligible
874,6386,2024-05-19,58,0,new,Changed mind,ineligible
875,15170,2025-04-10,47,1,new,Too large,ineligible
876,8037,2024-11-21,40,0,new,Changed mind,ineligible
877,843,2025-05-16,9,1,new,Changed mind,eligible
878,12273,2025-05-18,53,1,worn,Too small,ineligible
879,2082,2025-05-20,47,0,tried-on,Defective,ineligible
880,14572,2024-11-18,49,1,tried-on,Wrong item,eligible
881,7430,2024-11-09,29,1,tried-on,Changed mind,ineligible
882,15903,2025-04-28,20,1,tried-on,Defective,eligible
883,9579,2025-06-04,52,0,new,Wrong item,ineligible
884,8030,2025-06-26,14,1,tried-on,Defective,eligible
885,4797,2024-04-16,18,1,new,Too small,eligible
886,9410,2025-11-01,51,1,new,Changed mind,ineligible
887,13418,2023-12-17,26,1,new,No reason,ineligible
888,15935,2024-09-12,36,1,new,Too large,ineligible
889,6990,2025-08-24,28,1,tried-on,Too large,eligible
890,7594,2024-08-03,17,0,damaged,Too small,ineligible
891,2277,2024-05-23,53,1,new,Too large,ineligible
892,1848,2024-04-08,32,1,tried-on,Too large,ineligible
893,4570,2024-08-24,5,1,new,Defective,eligible
894,299,2025-04-13,57,1,new,Changed mind,ineligible
895,10896,2024-06-03,21,1,tried-on,No reason,eligible
896,6380,2025-01-11,27,1,new,Defective,ineligible
897,4311,2025-02-04,43,1,worn,Too large,ineligible
898,5278,2025-10-22,32,1,new,Defective,eligible
899,10715,2025-06-13,14,1,new,Too large,eligible
900,2765,2024-02-05,5,1,tried-on,Defective,eligible
901,2666,2025-03-17,26,1,new,Too large,ineligible
902,11034,2025-07-11,44,1,new,Wrong item,ineligible
903,3341,2025-08-02,16,1,tried-on,Too large,eligible
904,14032,2025-08-09,35,1,tried-on,No reason,eligible
905,9078,2025-11-21,45,1,new,No reason,ineligible
906,2006,2025-04-02,22,1,tried-on,Wrong item,eligible
907,6666,2025-09-07,9,1,new,Changed mind,eligible
908,10592,2025-03-08,16,1,tried-on,Too small,eligible
909,2180,2023-12-19,26,1,new,Wrong item,ineligible
910,3885,2025-11-21,57,1,tried-on,Too small,ineligible
911,14346,2024-01-19,32,1,tried-on,Too large,needs_review
912,3233,2024-09-17,46,1,new,No reason,ineligible
913,5888,2025-09-06,9,1,new,Changed mind,eligible
914,5146,2025-11-20,38,1,new,Too large,ineligible
915,13686,2025-06-12,6,1,tried-on,No reason,eligible
916,15253,2024-10-26,22,1,new,No reason,eligible
917,2469,2024-02-08,21,1,tried-on,No reason,eligible
918,13191,2024-09-15,43,1,new,Wrong item,eligible
919,1625,2025-08-13,8,1,worn,No reason,ineligible
920,14856,2025-08-10,18,1,tried-on,Wrong item,eligible
921,10289,2025-03-08,7,1,tried-on,Changed mind,eligible
922,518,2024-11-07,39,1,new,Wrong item,ineligible
923,14241,2025-05-20,29,1,new,Too small,ineligible
924,11993,2025-07-02,42,1,tried-on,Changed mind,ineligible
925,2734,2025-10-16,26,1,tried-on,Too small,eligible
926,15872,2024-02-08,37,1,tried-on,Changed mind,needs_review
927,4342,2025-11-18,32,1,new,Changed mind,needs_review
928,15762,2024-12-28,36,0,new,No reason,ineligible
929,8355,2024-07-11,42,1,new,Too small,ineligible
930,4455,2024-02-08,60,1,tried-on,Too large,ineligible
931,9089,2025-10-09,30,1,new,Wrong item,ineligible
932,3342,2025-09-01,46,1,new,No reason,ineligible
933,685,2025-08-19,29,1,tried-on,No reason,eligible
934,2200,2024-12-11,51,1,damaged,Defective,ineligible
935,14869,2024-02-29,17,1,new,Wrong item,eligible
936,9886,2024-04-26,25,1,new,Wrong item,ineligible
937,11912,2024-02-05,56,1,new,No reason,ineligible
938,8816,2024-09-02,10,1,tried-on,Too large,eligible
939,5648,2025-01-12,46,1,worn,Too small,ineligible
940,13613,2024-12-11,28,1,tried-on,Too large,eligible
941,1245,2024-01-11,59,1,new,Too large,ineligible
942,14065,2025-08-29,0,1,new,Wrong item,eligible
943,5555,2024-07-01,50,1,new,Wrong item,eligible
944,5345,2024-09-04,51,1,new,Changed mind,ineligible
945,15763,2025-07-17,8,1,new,No reason,eligible
946,15999,2024-08-13,56,1,tried-on,Wrong item,ineligible
947,9259,2024-08-20,60,1,tried-on,Changed mind,ineligible
948,8335,2024-02-17,8,1,new,Wrong item,eligible
949,1805,2024-02-21,33,1,tried-on,Changed mind,ineligible
950,5265,2024-03-13,43,1,damaged,Defective,ineligible
951,8140,2025-11-08,35,1,new,Defective,eligible
952,369,2025-08-21,45,1,new,Too large,ineligible
953,1799,2024-08-18,53,1,new,Wrong item,ineligible
954,12760,2024-03-11,43,0,new,Too small,ineligible
955,5381,2024-02-24,0,1,tried-on,Wrong item,eligible
956,14235,2025-11-20,12,1,new,Changed mind,eligible
957,12424,2024-12-08,55,1,new,Too small,ineligible
958,992,2024-03-23,29,1,new,No reason,eligible
959,6453,2024-02-05,51,1,new,Too large,ineligible
960,572,2025-08-11,20,1,tried-on,Wrong item,needs_review
961,2307,2024-12-02,6,1,new,Too large,eligible
962,2270,2025-12-15,38,1,tried-on,Defective,eligible
963,12102,2025-02-19,53,1,worn,Too small,ineligible
964,6930,2024-01-09,22,1,damaged,Too small,ineligible
965,4569,2024-08-25,6,1,tried-on,Changed mind,eligible
966,2810,2025-04-25,0,1,new,Wrong item,eligible
967,7165,2025-08-13,59,1,new,Defective,ineligible
968,826,2025-07-14,59,1,new,Wrong item,eligible
969,15841,2025-02-15,45,1,new,Defective,ineligible
970,15132,2025-10-01,26,1,new,Too large,eligible
971,1579,2025-01-24,52,1,new,Too large,ineligible
972,10853,2025-01-01,10,1,tried-on,No reason,eligible
973,7838,2025-07-12,8,1,new,Too small,ineligible
974,9648,2024-11-29,54,1,new,Too large,ineligible
975,10879,2024-02-11,37,1,tried-on,Too small,needs_review
976,6336,2025-08-07,27,1,tried-on,Too large,eligible
977,8194,2025-10-22,41,1,new,Too large,ineligible
978,2479,2024-05-27,48,1,new,Too large,ineligible
979,8319,2024-09-03,13,1,worn,Wrong item,ineligible
980,4283,2025-06-04,9,1,tried-on,Changed mind,eligible
981,6695,2025-11-24,44,1,new,Too large,ineligible
982,5143,2025-03-30,48,0,new,No reason,ineligible
983,3868,2024-07-14,47,1,new,Changed mind,ineligible
984,7722,2024-03-16,29,1,new,No reason,ineligible
985,445,2025-07-26,8,1,new,Too large,eligible
986,5605,2025-10-01,34,1,tried-on,Wrong item,needs_review
987,15567,2024-02-25,47,1,new,Too large,eligible
988,6722,2024-07-31,53,1,tried-on,Too small,ineligible
989,2604,2025-10-31,5,1,tried-on,Too large,eligible
990,7529,2024-06-16,30,1,new,No reason,eligible
991,15937,2024-06-26,56,1,worn,Too large,ineligible
992,14660,2024-11-04,33,1,tried-on,Too large,needs_review
993,11710,2024-05-28,18,1,tried-on,No reason,eligible
994,4519,2025-04-22,58,1,new,Too small,ineligible
995,10343,2024-07-09,39,1,new,Too small,ineligible
996,2010,2025-12-24,55,1,new,Too large,eligible
997,4790,2024-03-28,42,0,tried-on,Defective,needs_review
998,12957,2025-11-12,14,1,damaged,No reason,ineligible
999,11348,2024-12-18,57,1,new,No reason,eligible
1000,714,2025-04-18,42,1,tried-on,No reason,ineligible
1001,15427,2025-05-25,2,1,new,Too large,eligible
1002,15427,2025-06-23,31,1,new,Defective,needs_review
1003,2437,2024-04-08,29,1,new,No reason,ineligible
1004,8031,2025-06-14,2,1,new,Changed mind,eligible
1005,12960,2025-04-16,59,1,new,Too small,ineligible
1006,2412,2025-06-27,9,0,tried-on,Too small,needs_review
1007,6215,2024-12-29,53,1,new,No reason,eligible
1008,1238,2024-12-03,27,1,new,Changed mind,eligible
1009,7591,2025-11-16,33,1,new,Too large,needs_review
1010,1604,2025-05-02,33,1,new,Defective,needs_review
1011,9434,2025-02-04,17,1,new,Too large,eligible
1012,10140,2025-09-21,1,1,new,No reason,eligible
1013,10347,2024-07-02,14,1,tried-on,Wrong item,eligible
1014,5251,2024-05-01,9,1,new,Defective,eligible
1015,15275,2025-03-06,31,1,new,Changed mind,eligible
1016,12219,2024-05-11,48,1,worn,Too large,ineligible
1017,15662,2024-03-22,13,1,tried-on,Defective,eligible
1018,13632,2025-08-05,35,1,new,Changed mind,needs_review
1019,687,2025-10-13,52,1,new,Wrong item,eligible
1020,10620,2024-12-11,20,1,new,Too small,needs_review
1021,1695,2025-06-02,24,1,tried-on,Defective,ineligible
1022,5149,2025-12-04,48,1,tried-on,No reason,eligible
1023,15094,2025-08-09,60,1,new,Too small,ineligible
1024,7114,2025-12-01,30,1,worn,Defective,ineligible
1025,1066,2024-02-20,13,1,tried-on,Too large,eligible
1026,2527,2024-06-17,12,1,new,Too small,eligible
1027,4695,2024-09-06,42,0,damaged,Wrong item,ineligible
1028,12902,2025-03-28,59,1,tried-on,No reason,ineligible
1029,3253,2025-09-13,17,1,worn,Defective,ineligible
1030,15015,2025-05-21,42,1,new,Defective,ineligible
1031,12214,2025-01-16,44,1,new,Wrong item,ineligible
1032,6936,2025-09-06,1,1,tried-on,Changed mind,eligible
1033,14827,2024-12-24,30,0,new,Wrong item,needs_review
1034,1223,2025-03-12,18,1,new,No reason,needs_review
1035,11785,2025-03-11,39,1,worn,No reason,ineligible
1036,6370,2024-12-04,26,1,new,Too small,ineligible
1037,15332,2025-11-27,41,1,new,Changed mind,ineligible
1038,10429,2024-02-16,60,1,tried-on,Too small,ineligible
1039,3926,2024-08-21,39,0,damaged,Too large,ineligible
1040,14661,2025-06-02,17,1,new,Defective,eligible
1041,12705,2025-03-17,8,1,tried-on,No reason,eligible
1042,13958,2025-01-21,55,1,tried-on,No reason,ineligible
1043,15209,2025-12-02,31,1,new,Wrong item,needs_review
1044,11670,2024-11-21,50,1,new,Wrong item,ineligible
1045,10469,2024-10-28,14,1,new,Changed mind,eligible
1046,3031,2025-12-28,56,1,tried-on,No reason,eligible
1047,7044,2025-08-05,7,1,worn,Too small,ineligible
1048,901,2024-07-04,53,1,tried-on,Changed mind,ineligible
1049,5107,2024-11-20,33,0,new,Defective,needs_review
1050,8832,2025-11-12,6,1,new,Wrong item,eligible
1051,5594,2025-03-03,27,1,tried-on,Changed mind,ineligible
1052,8243,2025-08-21,1,1,new,Wrong item,eligible
1053,3481,2025-12-02,35,1,new,Wrong item,needs_review
1054,12571,2025-12-18,50,1,tried-on,Too large,ineligible
1055,11488,2025-03-14,39,1,new,Too large,ineligible
1056,7308,2025-05-27,49,1,tried-on,No reason,ineligible
1057,14258,2025-08-20,37,0,new,Wrong item,ineligible
1058,9489,2025-07-22,11,1,tried-on,Too large,ineligible
1059,10785,2025-11-02,46,1,damaged,Wrong item,ineligible
1060,13980,2024-06-21,34,1,tried-on,Too small,ineligible
1061,9349,2025-05-08,47,1,new,Changed mind,ineligible
1062,7527,2024-06-01,54,1,new,No reason,ineligible
1063,2295,2024-09-06,29,1,new,No reason,eligible
1064,13236,2024-06-09,51,1,tried-on,Too large,ineligible
1065,7922,2024-05-13,58,1,worn,Too small,ineligible
1066,8185,2025-02-13,49,1,damaged,Defective,ineligible
1067,6398,2024-07-14,9,1,tried-on,Defective,eligible
1068,13093,2024-01-22,26,1,tried-on,Too small,ineligible
1069,7340,2024-09-27,21,1,tried-on,Changed mind,eligible
1070,1330,2024-09-19,48,1,new,Defective,ineligible
1071,2515,2025-03-27,16,1,new,Too small,eligible
1072,13499,2025-11-01,40,1,new,Changed mind,eligible
1073,5904,2025-11-19,21,1,new,Defective,eligible
1074,3018,2024-10-18,8,1,tried-on,Defective,eligible
1075,2821,2025-08-12,36,1,tried-on,No reason,needs_review
1076,11077,2024-03-31,0,1,new,Defective,eligible
1077,9386,2025-10-16,16,1,new,Defective,eligible
1078,14862,2024-04-19,4,1,new,Too large,eligible
1079,3348,2025-04-12,38,0,tried-on,Defective,ineligible
1080,12614,2024-01-13,59,1,tried-on,Too large,ineligible
1081,9456,2024-06-21,36,1,tried-on,No reason,needs_review
1082,10896,2024-05-31,18,1,tried-on,Too large,eligible
1083,3150,2025-05-10,27,1,new,Changed mind,ineligible
1084,8174,2025-06-18,33,1,new,Too small,needs_review
1085,6017,2025-07-03,47,1,tried-on,Too large,eligible
1086,6712,2024-11-21,13,1,new,Too small,eligible
1087,12220,2025-06-04,43,1,new,Wrong item,ineligible
1088,13975,2024-06-23,18,1,new,Changed mind,ineligible
1089,8959,2025-08-25,5,1,new,Too large,eligible
1090,7952,2025-03-19,15,1,tried-on,Wrong item,eligible
1091,2983,2024-09-16,9,1,new,Changed mind,eligible
1092,8648,2024-11-23,26,1,new,Defective,ineligible
1093,114,2025-08-19,52,1,tried-on,Too large,ineligible
1094,12516,2024-09-06,30,1,tried-on,Too large,eligible
1095,6399,2024-08-07,33,1,tried-on,No reason,ineligible
1096,3663,2024-11-19,9,1,new,Wrong item,eligible
1097,15732,2024-10-20,17,1,worn,No reason,ineligible
1098,10771,2024-12-29,23,1,new,Wrong item,eligible
1099,4134,2025-07-06,4,1,damaged,Too small,ineligible
1100,9128,2025-02-27,56,1,new,No reason,ineligible
1101,4866,2024-08-16,43,1,new,Changed mind,ineligible
1102,15259,2025-11-10,31,1,new,Too large,needs_review
1103,5122,2023-12-26,30,1,new,Changed mind,ineligible
1104,4570,2024-09-23,35,1,new,No reason,ineligible
1105,15174,2024-10-19,54,1,new,Defective,ineligible
1106,9339,2024-04-16,54,1,damaged,Too large,ineligible
1107,2015,2024-09-23,14,1,tried-on,No reason,eligible
1108,15825,2024-09-03,51,1,new,Too small,ineligible
1109,10161,2025-03-18,17,1,tried-on,Wrong item,needs_review
1110,8803,2025-02-04,47,1,new,Defective,ineligible
1111,8008,2024-07-16,32,1,worn,Too large,ineligible
1112,4368,2024-03-28,18,1,tried-on,Too small,needs_review
1113,2197,2024-11-11,38,1,new,Too small,ineligible
1114,9561,2024-08-06,10,1,new,No reason,eligible
1115,6223,2024-07-12,18,0,new,Changed mind,needs_review
1116,12975,2025-01-08,40,1,tried-on,Wrong item,ineligible
1117,8771,2024-11-05,45,1,tried-on,Too small,ineligible
1118,15660,2025-09-09,37,1,new,Changed mind,eligible
1119,12541,2025-08-26,39,1,worn,Too large,ineligible
1120,11038,2025-03-21,35,1,tried-on,Wrong item,ineligible
1121,6061,2024-05-11,10,1,new,Changed mind,eligible
1122,13091,2025-10-15,39,1,new,Wrong item,ineligible
1123,12149,2025-05-04,52,1,new,Wrong item,eligible
1124,7196,2024-10-11,8,1,new,Too small,eligible
1125,8738,2025-01-20,36,1,new,Too large,eligible
1126,12426,2024-11-30,47,1,tried-on,Too small,ineligible
1127,989,2025-05-14,4,1,new,Defective,eligible
1128,12422,2024-02-05,7,1,new,No reason,eligible
1129,15986,2024-06-13,39,0,new,Changed mind,ineligible
1130,10878,2024-01-21,16,1,new,Too small,eligible
1131,7731,2024-01-21,31,1,damaged,Changed mind,ineligible
1132,11065,2025-01-21,25,1,tried-on,No reason,ineligible
1133,5662,2025-11-14,8,1,new,Too small,eligible
1134,6671,2024-09-22,4,1,new,Wrong item,eligible
1135,8862,2025-08-11,40,1,new,Changed mind,ineligible
1136,8771,2024-10-12,21,1,new,Defective,eligible
1137,5141,2025-02-15,5,0,damaged,No reason,ineligible
1138,333,2025-01-31,7,0,new,Defective,needs_review
1139,15328,2025-09-12,24,0,new,Wrong item,ineligible
1140,11500,2025-04-16,13,1,new,Wrong item,eligible
1141,2629,2024-01-20,35,1,tried-on,No reason,needs_review
1142,4581,2025-04-24,57,0,new,No reason,ineligible
1143,14952,2025-07-13,38,1,tried-on,Too large,ineligible
1144,14492,2024-08-31,36,1,new,No reason,needs_review
1145,10189,2024-02-21,26,1,new,Too small,eligible
1146,9152,2025-03-16,45,1,new,Changed mind,ineligible
1147,6581,2025-06-27,29,1,new,Changed mind,ineligible
1148,10854,2025-01-03,12,1,tried-on,Too large,eligible
1149,2916,2025-11-13,37,1,tried-on,Too small,ineligible
1150,7587,2024-09-12,59,1,worn,Too large,ineligible
1151,1186,2025-04-26,26,1,tried-on,No reason,eligible
1152,73,2024-09-30,37,1,worn,Too small,ineligible
1153,3737,2024-06-06,27,1,new,Changed mind,eligible
1154,12154,2025-02-05,16,1,new,Wrong item,eligible
1155,1618,2024-12-04,45,1,new,Too small,eligible
1156,12830,2025-06-06,0,1,new,No reason,eligible
1157,2909,2025-09-24,42,1,tried-on,Changed mind,ineligible
1158,5651,2023-12-28,38,1,new,Defective,ineligible
1159,8214,2025-08-22,10,1,new,No reason,eligible
1160,10928,2024-01-02,23,1,new,Defective,ineligible
1161,1435,2025-07-14,43,1,new,No reason,ineligible
1162,14637,2025-03-23,37,1,new,Defective,needs_review
1163,13094,2024-06-05,24,1,new,No reason,eligible
1164,3072,2024-03-13,33,1,new,No reason,needs_review
1165,13208,2025-05-29,17,1,new,Too small,needs_review
1166,12021,2024-10-18,41,1,damaged,No reason,ineligible
1167,7351,2024-04-28,48,0,new,Defective,ineligible
1168,8956,2024-02-23,60,1,new,Too large,ineligible
1169,7764,2024-08-19,26,0,new,Wrong item,needs_review
1170,639,2025-11-09,13,1,new,No reason,eligible
1171,11207,2025-04-19,28,1,new,Wrong item,eligible
1172,14802,2024-12-05,57,1,new,No reason,ineligible
1173,2603,2025-10-02,44,1,new,Wrong item,ineligible
1174,13234,2024-07-02,35,1,new,Too large,needs_review
1175,14058,2024-06-17,56,1,new,Changed mind,ineligible
1176,12379,2024-11-01,51,1,worn,Wrong item,ineligible
1177,10579,2025-07-24,45,1,new,Changed mind,ineligible
1178,6262,2025-06-01,48,1,new,Too small,ineligible
1179,4735,2025-01-16,23,1,new,Defective,eligible
1180,15646,2025-05-16,13,1,new,Too large,eligible
1181,6203,2024-11-30,41,1,new,Wrong item,ineligible
1182,12747,2025-07-01,33,1,new,Too large,needs_review
1183,12308,2025-10-02,17,1,new,No reason,eligible
1184,3028,2024-06-04,57,1,new,Wrong item,ineligible
1185,1556,2024-07-01,3,1,tried-on,No reason,eligible
1186,14137,2025-04-30,33,1,new,Too large,ineligible
1187,12658,2024-07-31,55,1,new,Defective,ineligible
1188,813,2024-12-29,25,1,tried-on,Defective,ineligible
1189,8822,2023-12-31,21,1,worn,No reason,ineligible
1190,7947,2024-05-11,51,1,new,No reason,ineligible
1191,8298,2025-06-12,53,1,new,Too small,ineligible
1192,8638,2025-08-24,25,1,new,No reason,eligible
1193,2637,2024-04-13,8,1,new,Defective,eligible
1194,10222,2025-03-23,0,1,new,Too large,eligible
1195,837,2023-12-17,13,1,tried-on,Wrong item,eligible
1196,11379,2024-09-28,40,1,new,Too small,ineligible
1197,11572,2024-07-12,60,1,new,No reason,ineligible
1198,12106,2024-05-12,53,1,new,No reason,ineligible
1199,12531,2024-12-01,9,1,new,No reason,eligible
1200,14007,2025-01-31,50,1,tried-on,Defective,ineligible
1201,5091,2025-02-12,29,0,tried-on,Too large,needs_review
1202,4067,2025-04-21,9,1,tried-on,Changed mind,eligible
1203,10538,2024-11-18,36,0,tried-on,Defective,needs_review
1204,1710,2025-03-22,49,1,tried-on,Too small,ineligible
1205,848,2025-07-01,14,1,new,Too large,eligible
1206,15470,2025-07-02,43,1,new,Wrong item,ineligible
1207,12822,2024-09-07,30,1,new,Too small,eligible
1208,8600,2025-11-17,45,0,new,Too large,ineligible
1209,9957,2025-08-26,42,1,tried-on,Too small,ineligible
1210,2976,2024-08-29,34,1,tried-on,No reason,ineligible
1211,8046,2025-03-14,46,1,worn,Changed mind,ineligible
1212,9685,2024-07-17,21,1,tried-on,No reason,eligible
1213,14895,2025-10-21,56,1,worn,No reason,ineligible
1214,9326,2024-07-08,54,1,new,Defective,eligible
1215,4437,2025-12-09,37,1,tried-on,Defective,needs_review
1216,6020,2025-12-27,60,0,new,No reason,ineligible
1217,2654,2025-01-14,7,1,damaged,Too large,ineligible
1218,15433,2024-12-30,52,1,new,No reason,eligible
1219,14065,2025-09-08,10,1,new,Defective,eligible
1220,10303,2025-09-05,58,1,new,Defective,eligible
1221,6460,2025-04-21,35,1,tried-on,No reason,needs_review
1222,12545,2024-06-14,24,1,new,Defective,eligible
1223,15768,2024-10-28,20,1,new,Too small,needs_review
1224,14930,2024-09-21,12,1,new,Defective,eligible
1225,6148,2025-09-02,49,1,new,Defective,ineligible
1226,14747,2025-09-25,6,0,tried-on,Changed mind,needs_review
1227,5864,2025-08-29,2,1,new,Defective,ineligible
1228,9340,2024-11-11,7,1,tried-on,Defective,eligible
1229,1531,2025-01-27,31,0,new,Too small,needs_review
1230,15745,2024-10-19,6,1,tried-on,Too small,eligible
1231,14308,2024-08-30,33,1,damaged,No reason,ineligible
1232,9581,2025-03-21,34,1,tried-on,No reason,ineligible
1233,13890,2025-06-25,50,1,new,Defective,ineligible
1234,7004,2024-05-05,22,1,new,Changed mind,eligible
1235,15845,2025-09-14,11,1,new,Too large,eligible
1236,15619,2025-02-08,31,1,new,No reason,needs_review
1237,15258,2024-06-19,2,1,new,Too large,eligible
1238,15248,2025-03-16,52,1,new,Wrong item,ineligible
1239,11692,2025-10-10,51,1,new,Too small,ineligible
1240,4441,2024-03-11,5,1,worn,No reason,ineligible
1241,4172,2024-09-13,33,1,tried-on,Too small,needs_review
1242,14176,2024-11-25,27,1,new,Too large,eligible
1243,3472,2024-04-25,1,0,new,Wrong item,needs_review
1244,14862,2024-04-19,4,1,new,Changed mind,eligible
1245,13,2023-12-30,11,1,new,Changed mind,eligible
1246,8754,2025-04-05,13,0,new,Too large,needs_review
1247,14317,2024-04-14,27,1,worn,Too small,ineligible
1248,1611,2023-12-04,22,1,tried-on,No reason,ineligible
1249,2761,2024-02-16,21,1,damaged,Too small,ineligible
1250,8149,2024-08-22,37,0,worn,Too small,ineligible
1251,4592,2024-04-14,11,1,tried-on,Changed mind,eligible
1252,9013,2025-04-27,7,1,worn,Changed mind,ineligible
1253,3848,2025-09-06,18,1,tried-on,Too large,eligible
1254,7435,2025-01-15,54,1,new,Wrong item,ineligible
1255,14315,2024-02-12,1,1,new,Too small,eligible
1256,10768,2025-11-14,20,1,new,Wrong item,eligible
1257,12399,2025-08-16,53,0,new,No reason,ineligible
1258,13381,2025-11-29,41,1,new,Too large,ineligible
1259,15613,2024-10-10,26,1,new,Wrong item,ineligible
1260,11361,2025-01-08,42,1,new,Too large,ineligible
1261,2122,2024-03-30,11,0,new,Wrong item,needs_review
1262,9641,2024-03-20,20,1,tried-on,Changed mind,ineligible
1263,9632,2025-10-05,50,0,new,Wrong item,ineligible
1264,1158,2024-05-01,3,1,new,No reason,eligible
1265,10804,2024-03-09,29,1,new,Too large,eligible
1266,5314,2025-06-14,42,1,new,Wrong item,ineligible
1267,2844,2024-12-25,0,1,new,No reason,eligible
1268,10989,2025-08-23,29,1,new,Too small,eligible
1269,4411,2024-03-12,39,1,new,Too large,eligible
1270,8513,2024-11-23,31,1,new,Too small,ineligible
1271,13573,2025-05-24,21,1,tried-on,No reason,eligible
1272,3480,2025-11-11,14,1,new,Too small,eligible
1273,1349,2024-07-30,26,1,new,Defective,eligible
1274,9638,2025-12-21,47,1,new,Changed mind,ineligible
1275,5744,2025-12-29,60,1,new,Too large,ineligible
1276,4058,2024-07-17,23,1,new,Defective,eligible
1277,13824,2023-12-09,30,1,new,Changed mind,ineligible
1278,9158,2024-08-23,46,1,new,No reason,ineligible
1279,5338,2024-09-17,17,1,tried-on,Wrong item,needs_review
1280,6899,2025-07-26,39,1,new,Too small,ineligible
1281,15721,2024-04-13,42,1,new,Wrong item,ineligible
1282,2459,2025-08-13,3,1,damaged,No reason,ineligible
1283,1888,2024-07-04,57,0,new,Changed mind,ineligible
1284,16001,2024-01-22,4,1,new,Changed mind,eligible
1285,13379,2025-11-15,27,1,new,Changed mind,eligible
1286,10288,2025-04-24,54,1,tried-on,No reason,ineligible
1287,5568,2025-06-29,33,1,tried-on,Too small,needs_review
1288,10272,2024-06-20,42,1,tried-on,Wrong item,ineligible
1289,11994,2025-07-18,58,0,new,Too large,ineligible
1290,5257,2023-12-14,11,1,worn,Changed mind,ineligible
1291,8720,2024-02-12,45,1,tried-on,Too large,ineligible
1292,13792,2024-07-22,52,1,tried-on,Too small,ineligible
1293,10667,2025-05-16,44,1,worn,Changed mind,ineligible
1294,5886,2025-03-02,45,1,damaged,Defective,ineligible
1295,1196,2024-01-18,57,1,worn,Wrong item,ineligible
1296,10532,2025-08-22,17,0,new,Wrong item,needs_review
1297,10392,2024-09-20,56,1,worn,Changed mind,ineligible
1298,12652,2024-01-29,14,1,new,Defective,eligible
1299,5766,2024-12-13,0,1,tried-on,Changed mind,eligible
1300,5336,2024-06-20,11,1,new,No reason,eligible
1301,9838,2025-08-14,20,1,tried-on,No reason,eligible
1302,12238,2024-07-09,48,1,new,Defective,ineligible
1303,7159,2025-03-31,22,1,tried-on,No reason,ineligible
1304,13734,2025-04-11,54,1,new,Too large,ineligible
1305,5021,2024-02-08,25,0,new,Too large,needs_review
1306,10395,2024-07-06,51,1,new,Too large,ineligible
1307,3566,2024-07-17,44,1,worn,Defective,ineligible
1308,14028,2024-11-08,30,1,tried-on,Defective,ineligible
1309,1281,2025-05-16,40,1,tried-on,No reason,ineligible
1310,8099,2024-10-09,8,1,new,Defective,eligible
1311,414,2024-09-02,5,0,new,Wrong item,needs_review
1312,1435,2025-07-01,30,1,new,No reason,ineligible
1313,11723,2025-04-28,31,0,new,Changed mind,needs_review
1314,9818,2024-09-23,9,1,new,Wrong item,eligible
1315,12204,2025-11-18,33,1,new,Defective,needs_review
1316,15607,2024-03-16,49,1,new,Too small,eligible
1317,15073,2024-01-07,43,0,new,Changed mind,ineligible
1318,12544,2024-12-30,11,1,tried-on,Wrong item,eligible
1319,3612,2024-12-16,4,1,tried-on,No reason,eligible
1320,3055,2024-12-05,28,1,tried-on,Defective,eligible
1321,8008,2024-06-17,3,1,tried-on,No reason,eligible
1322,2829,2025-01-01,19,1,new,Too small,eligible
1323,3485,2025-05-27,28,1,new,Too large,ineligible
1324,5358,2024-12-14,25,1,new,Wrong item,eligible
1325,9946,2025-08-11,53,0,tried-on,Defective,ineligible
1326,5483,2025-07-03,37,1,new,No reason,ineligible
1327,9975,2024-08-28,28,1,tried-on,Too small,eligible
1328,6148,2025-07-21,6,1,tried-on,Changed mind,eligible
1329,10896,2024-05-25,12,1,new,Too large,eligible
1330,9902,2025-01-10,9,0,new,Changed mind,needs_review
1331,13043,2025-02-25,0,1,damaged,Too large,ineligible
1332,162,2024-02-08,4,1,new,Too small,eligible
1333,5623,2025-09-16,14,1,tried-on,Too small,eligible
1334,4850,2025-09-27,4,1,new,Too small,eligible
1335,586,2025-03-11,10,0,new,Changed mind,ineligible
1336,7136,2024-06-22,3,0,new,Too large,needs_review
1337,6269,2025-04-18,35,1,tried-on,Too small,needs_review
1338,2214,2024-02-16,54,1,new,Wrong item,ineligible
1339,5866,2024-12-03,28,1,new,No reason,ineligible
1340,11634,2024-11-29,21,1,tried-on,No reason,needs_review
1341,1483,2025-08-27,42,1,new,Changed mind,ineligible
1342,9465,2025-11-15,20,1,new,Too small,eligible
1343,15582,2025-11-02,53,1,tried-on,Too small,ineligible
1344,11452,2025-09-15,35,1,new,Wrong item,ineligible
1345,9608,2024-07-25,21,1,new,Defective,needs_review
1346,13251,2025-05-30,15,1,new,Wrong item,eligible
1347,11825,2024-01-23,14,1,new,Too small,eligible
1348,778,2025-08-03,25,1,worn,No reason,ineligible
1349,11619,2024-03-12,6,1,damaged,Wrong item,ineligible
1350,3611,2024-09-14,37,1,tried-on,Changed mind,needs_review
1351,9432,2025-01-29,11,1,tried-on,Defective,eligible
1352,2578,2025-03-26,26,1,tried-on,Wrong item,eligible
1353,9333,2024-04-06,45,1,new,Changed mind,ineligible
1354,8065,2024-07-14,55,1,worn,Changed mind,ineligible
1355,7890,2023-12-12,13,1,tried-on,Changed mind,eligible
1356,1135,2025-08-01,8,1,new,Changed mind,eligible
1357,13219,2024-12-25,46,1,new,Too small,ineligible
1358,12489,2025-07-27,56,1,damaged,Changed mind,ineligible
1359,2155,2025-09-27,34,1,new,Defective,ineligible
1360,14058,2024-06-17,56,1,new,Changed mind,ineligible
1361,14951,2025-07-12,37,1,new,No reason,needs_review
1362,6927,2024-07-22,15,1,new,Defective,eligible
1363,9997,2025-04-15,8,1,worn,Defective,ineligible
1364,8456,2025-11-20,12,1,new,Changed mind,eligible
1365,4694,2025-11-25,23,1,new,No reason,eligible
1366,3935,2024-01-28,37,1,new,Defective,ineligible
1367,10065,2024-09-14,15,1,new,Changed mind,ineligible
1368,6564,2024-02-01,35,1,new,Defective,needs_review
1369,7766,2024-04-29,10,1,new,Defective,eligible
1370,15451,2025-03-18,26,1,new,Defective,ineligible
1371,724,2024-07-12,32,1,new,Wrong item,ineligible
1372,5426,2025-08-19,52,1,new,Changed mind,ineligible
1373,9370,2024-08-27,20,0,worn,Too large,ineligible
1374,5417,2025-11-08,45,1,tried-on,Too large,ineligible
1375,14987,2024-01-10,17,1,new,Too small,eligible
1376,4615,2025-08-28,38,1,tried-on,Wrong item,eligible
1377,6046,2024-04-09,38,0,new,No reason,ineligible
1378,11666,2023-12-21,38,1,new,Defective,eligible
1379,15397,2024-02-05,60,1,tried-on,Defective,ineligible
1380,13713,2024-07-22,4,1,new,Wrong item,eligible
1381,6849,2024-07-16,20,1,tried-on,Too large,eligible
1382,13652,2024-07-15,9,0,new,Too large,needs_review
1383,9635,2025-10-16,23,1,worn,Changed mind,ineligible
1384,4918,2025-01-31,37,1,new,Changed mind,ineligible
1385,2031,2025-05-30,12,1,tried-on,Defective,eligible
1386,11440,2025-03-12,29,0,new,No reason,ineligible
1387,12673,2025-09-15,31,1,new,No reason,needs_review
1388,9662,2025-01-16,36,1,new,Too large,needs_review
1389,14061,2024-03-31,51,1,new,Too small,ineligible
1390,15985,2024-11-06,35,1,tried-on,Too large,needs_review
1391,5577,2025-04-04,54,0,new,No reason,ineligible
1392,7878,2025-01-22,2,1,new,Defective,eligible
1393,10231,2024-07-22,12,1,new,Changed mind,eligible
1394,4972,2025-07-13,15,1,new,No reason,ineligible
1395,6159,2025-09-12,34,1,new,Too small,needs_review
1396,3168,2024-05-02,28,1,new,Too small,ineligible
1397,13263,2025-03-07,29,1,new,Too large,ineligible
1398,2738,2025-10-10,54,1,worn,Defective,ineligible
1399,14789,2025-10-22,27,1,new,Too small,eligible
1400,2000,2025-08-27,7,1,new,Too large,ineligible
1401,10416,2024-08-06,49,1,new,Too small,ineligible
1402,12688,2025-02-03,37,0,tried-on,No reason,needs_review
1403,9311,2025-09-17,8,1,tried-on,No reason,eligible
1404,8223,2024-07-16,60,1,tried-on,Too small,ineligible
1405,4980,2024-10-06,49,1,new,Wrong item,ineligible
1406,7529,2024-06-08,22,1,new,Defective,eligible
1407,10462,2025-07-13,35,0,new,Defective,ineligible
1408,12545,2024-05-27,6,1,tried-on,Wrong item,eligible
1409,8577,2025-01-02,59,1,damaged,No reason,ineligible
1410,14978,2024-06-15,25,1,new,Defective,ineligible
1411,1813,2024-01-25,56,1,worn,No reason,ineligible
1412,4329,2023-11-30,7,1,new,Defective,eligible
1413,13425,2025-11-10,25,1,new,Changed mind,ineligible
1414,6950,2024-03-18,36,1,new,No reason,needs_review
1415,11987,2024-09-22,39,1,tried-on,Defective,ineligible
1416,14875,2025-12-28,51,1,tried-on,Too large,ineligible
1417,9729,2025-07-18,44,0,new,No reason,ineligible
1418,11385,2025-07-02,15,0,new,Too small,needs_review
1419,12020,2024-09-14,7,1,tried-on,Changed mind,eligible
1420,2224,2025-10-03,31,1,new,Changed mind,needs_review
1421,6725,2025-02-27,9,1,new,Too small,eligible
1422,5980,2025-06-10,12,1,new,Defective,ineligible
1423,11873,2024-05-13,20,1,tried-on,Changed mind,eligible
1424,8337,2024-05-28,26,1,tried-on,Defective,eligible
1425,8027,2025-08-21,20,0,new,Too small,needs_review
1426,2928,2024-02-04,56,1,new,Defective,ineligible
1427,6916,2024-02-19,51,1,worn,Too small,ineligible
1428,302,2024-02-13,28,1,new,Wrong item,ineligible
1429,2817,2024-08-01,4,1,tried-on,Too large,eligible
1430,5918,2024-12-08,4,1,tried-on,Wrong item,eligible
1431,5802,2025-01-13,47,1,damaged,Too small,ineligible
1432,4057,2025-05-09,25,1,tried-on,Changed mind,ineligible
1433,5081,2023-12-19,13,1,new,Too large,eligible
1434,918,2025-08-02,20,1,new,Too large,eligible
1435,2688,2025-10-01,18,1,new,Wrong item,eligible
1436,7223,2025-02-08,35,1,new,Wrong item,needs_review
1437,7796,2025-10-03,46,1,new,Too large,ineligible
1438,9758,2025-07-28,51,1,new,No reason,ineligible
1439,3966,2025-07-30,17,1,tried-on,Too large,needs_review
1440,8304,2024-02-08,4,1,tried-on,Defective,eligible
1441,2373,2024-11-20,3,1,tried-on,Too large,eligible
1442,8056,2024-02-16,34,0,tried-on,No reason,needs_review
1443,7503,2025-05-16,27,1,tried-on,Wrong item,eligible
1444,5820,2024-12-05,31,1,new,Too small,ineligible
1445,3423,2024-10-09,38,1,new,Too large,ineligible
1446,8023,2024-06-24,54,0,new,Defective,ineligible
1447,4093,2024-07-20,36,1,tried-on,Too large,needs_review
1448,6468,2024-12-05,55,1,new,No reason,ineligible
1449,11128,2025-07-25,18,1,new,Changed mind,eligible
1450,8834,2025-12-12,36,1,new,Too large,needs_review
1451,14032,2025-08-21,47,1,new,Wrong item,eligible
1452,8788,2025-01-18,46,0,tried-on,Too small,ineligible
1453,4271,2024-01-17,56,1,new,No reason,ineligible
1454,3151,2025-05-09,26,1,new,Defective,eligible
1455,10551,2025-07-03,20,1,new,Changed mind,eligible
1456,8818,2024-08-13,53,1,new,Changed mind,ineligible
1457,15538,2025-11-28,50,0,tried-on,Wrong item,ineligible
1458,5955,2025-02-11,22,1,worn,No reason,ineligible
1459,5391,2024-06-28,17,1,new,Too small,eligible
1460,5072,2023-11-29,7,1,new,Wrong item,eligible
1461,3418,2024-05-31,60,1,tried-on,No reason,ineligible
1462,12175,2025-03-13,43,1,damaged,Defective,ineligible
1463,11909,2024-11-02,30,1,tried-on,Wrong item,eligible
1464,10612,2025-05-13,23,1,new,Defective,eligible
1465,8284,2023-12-07,15,1,new,Wrong item,eligible
1466,6064,2025-11-29,32,0,tried-on,No reason,needs_review
1467,8607,2024-11-15,52,1,new,Changed mind,ineligible
1468,13134,2024-09-03,60,1,new,Too large,ineligible
1469,3765,2024-12-16,34,1,tried-on,Changed mind,eligible
1470,494,2025-03-06,44,1,new,Too small,eligible
1471,13310,2025-03-19,8,1,damaged,Changed mind,ineligible
1472,8961,2024-09-19,3,1,new,Too large,ineligible
1473,9355,2025-09-01,44,0,new,Wrong item,ineligible
1474,1481,2025-09-12,58,1,new,Too large,ineligible
1475,9299,2024-11-04,19,1,new,Too small,needs_review
1476,7277,2024-09-28,58,1,tried-on,No reason,ineligible
1477,6354,2024-05-05,58,1,damaged,Too large,ineligible
1478,8933,2025-06-12,23,1,new,Defective,eligible
1479,13071,2024-02-10,55,1,worn,Wrong item,ineligible
1480,13132,2025-12-20,59,0,tried-on,Too small,ineligible
1481,14397,2024-06-27,24,0,tried-on,No reason,needs_review
1482,2572,2024-08-04,33,1,tried-on,No reason,ineligible
1483,11010,2024-01-29,27,0,new,Defective,needs_review
1484,6240,2024-09-28,18,0,tried-on,Too large,needs_review
1485,4277,2025-04-28,33,0,new,Wrong item,needs_review
1486,11865,2024-09-26,33,0,worn,Defective,ineligible
1487,12040,2025-12-15,40,1,new,Too large,ineligible
1488,467,2024-04-02,5,1,new,Defective,eligible
1489,11811,2024-07-14,43,1,new,Too small,ineligible
1490,2844,2024-12-26,1,1,new,Defective,eligible
1491,10576,2025-07-14,25,1,new,Changed mind,eligible
1492,1461,2024-09-19,58,1,new,No reason,ineligible
1493,212,2025-02-27,6,1,tried-on,Too large,eligible
1494,14907,2025-08-07,20,1,tried-on,Changed mind,eligible
1495,8763,2024-06-14,12,1,tried-on,No reason,eligible
1496,10566,2025-05-06,15,1,worn,Too large,ineligible
1497,9666,2024-01-21,49,1,new,No reason,ineligible
1498,12502,2024-05-30,43,1,new,Wrong item,ineligible
1499,12133,2025-10-06,50,1,new,Too small,ineligible
1500,7228,2025-11-13,16,1,new,Defective,eligible
1501,7158,2025-05-11,24,1,new,Wrong item,eligible
1502,14772,2025-01-21,15,1,new,Wrong item,eligible
1503,852,2025-01-18,34,1,new,No reason,eligible
1504,7093,2024-07-09,52,1,new,No reason,ineligible
1505,8687,2025-08-14,30,1,tried-on,Too large,ineligible
1506,4486,2024-01-05,32,1,new,Changed mind,ineligible
1507,6890,2025-03-20,24,1,tried-on,Defective,eligible
1508,6184,2025-12-19,59,1,new,Too large,eligible
1509,10777,2025-09-06,17,1,worn,Changed mind,ineligible
1510,3331,2025-03-15,26,1,new,Changed mind,eligible
1511,9874,2024-03-04,38,1,tried-on,Too small,ineligible
1512,15044,2024-07-31,27,1,worn,Too small,ineligible
1513,2537,2024-06-08,31,1,new,Wrong item,needs_review
1514,14879,2024-02-29,44,1,tried-on,Too small,eligible
1515,4191,2025-11-30,43,1,new,No reason,ineligible
1516,14311,2025-10-27,56,1,new,Too large,eligible
1517,3628,2025-05-30,10,1,tried-on,No reason,eligible
1518,10972,2024-08-09,42,1,worn,Changed mind,ineligible
1519,890,2025-03-25,27,1,tried-on,No reason,eligible
1520,15670,2025-08-06,54,1,new,Too small,ineligible
1521,9345,2025-07-05,8,1,tried-on,Too small,eligible
1522,77,2024-01-30,43,1,new,Changed mind,ineligible
1523,4479,2024-06-17,59,1,new,Too large,ineligible
1524,2755,2024-03-13,22,1,new,Too large,eligible
1525,1859,2025-09-02,45,1,new,Too large,ineligible
1526,1950,2025-09-07,54,1,worn,Too small,ineligible
1527,1296,2025-05-19,30,0,tried-on,Too small,needs_review
1528,4788,2024-04-04,28,0,new,Wrong item,ineligible
1529,759,2025-03-27,0,1,tried-on,No reason,eligible
1530,4627,2025-11-28,56,1,new,Defective,eligible
1531,11882,2024-01-29,17,1,tried-on,Defective,eligible
1532,1546,2024-11-07,36,1,new,Too large,needs_review
1533,5136,2025-08-22,9,1,new,Defective,eligible
1534,8400,2025-03-02,26,1,new,Defective,eligible
1535,378,2024-05-19,33,0,new,Too small,needs_review
1536,8934,2024-09-04,34,1,new,Defective,ineligible
1537,14141,2024-12-07,53,1,new,Changed mind,ineligible
1538,219,2024-01-14,48,1,new,Too small,ineligible
1539,7489,2024-04-12,6,1,new,Too large,eligible
1540,10481,2025-05-30,26,1,new,Too large,ineligible
1541,10538,2024-10-14,1,1,new,Defective,eligible
1542,8692,2024-11-04,49,1,tried-on,Changed mind,ineligible
1543,15429,2025-12-15,57,1,new,Changed mind,ineligible
1544,14715,2024-12-18,22,0,new,Too large,needs_review
1545,2030,2025-01-05,56,1,worn,Too large,ineligible
1546,5221,2024-04-13,29,1,new,Too small,ineligible
1547,2145,2024-02-22,56,0,tried-on,No reason,ineligible
1548,13739,2024-01-11,20,1,new,Defective,eligible
1549,4042,2025-12-02,31,1,new,Wrong item,ineligible
1550,10220,2025-04-09,17,1,new,Changed mind,ineligible
1551,14880,2024-11-21,60,1,new,Too small,ineligible
1552,14020,2025-07-01,14,1,new,Defective,ineligible
1553,3710,2025-02-19,7,1,new,Too small,eligible
1554,14265,2025-05-31,20,1,new,Too large,eligible
1555,4334,2025-03-31,10,1,new,Too large,eligible
1556,2811,2024-08-15,34,1,worn,No reason,ineligible
1557,2141,2024-06-19,33,1,new,Too large,needs_review
1558,28,2025-05-07,7,1,new,Wrong item,eligible
1559,3186,2025-01-14,52,1,new,Too large,ineligible
1560,11948,2025-02-13,3,0,new,Wrong item,needs_review
1561,1478,2024-09-03,13,1,new,Changed mind,eligible
1562,5781,2025-06-05,33,1,new,Too small,needs_review
1563,1063,2025-02-08,42,1,new,Wrong item,ineligible
1564,74,2024-09-27,34,1,tried-on,Changed mind,needs_review
1565,12042,2025-10-31,40,1,tried-on,Too small,ineligible
1566,13910,2024-05-19,50,1,damaged,Too large,ineligible
1567,544,2024-09-17,16,1,new,No reason,needs_review
1568,5708,2024-05-10,49,1,new,Too large,ineligible
1569,1738,2024-08-12,50,1,tried-on,Wrong item,ineligible
1570,11275,2024-05-03,60,1,new,Too large,ineligible
1571,9902,2025-01-31,30,0,damaged,No reason,ineligible
1572,1094,2024-09-27,41,1,worn,No reason,ineligible
1573,13291,2024-11-11,50,1,tried-on,Changed mind,eligible
1574,12442,2025-02-15,11,0,tried-on,Defective,ineligible
1575,6005,2025-04-26,56,1,new,Wrong item,ineligible
1576,12000,2025-04-19,21,1,new,Too small,eligible
1577,12862,2025-11-13,56,1,tried-on,Too small,ineligible
1578,10377,2025-03-17,50,1,new,Too small,ineligible
1579,7193,2025-06-13,28,1,new,Too large,eligible
1580,3872,2023-12-18,27,1,worn,Too large,ineligible
1581,3828,2024-02-06,11,0,new,Too large,needs_review
1582,9651,2024-03-12,56,0,new,Changed mind,ineligible
1583,1358,2024-08-07,23,1,worn,No reason,ineligible
1584,3913,2024-11-30,21,1,tried-on,Wrong item,eligible
1585,8258,2025-02-02,49,1,tried-on,Wrong item,ineligible
1586,14266,2025-06-17,37,1,new,Too large,needs_review
1587,12406,2024-01-24,33,1,new,Changed mind,ineligible
1588,11295,2025-07-15,11,1,new,Changed mind,eligible
1589,13135,2024-08-14,40,1,new,Changed mind,ineligible
1590,6501,2025-07-12,5,1,tried-on,Changed mind,ineligible
1591,12577,2024-05-10,13,0,tried-on,No reason,needs_review
1592,7436,2024-12-30,38,1,damaged,Defective,ineligible
1593,1984,2024-06-03,29,1,new,Too large,ineligible
1594,3085,2025-05-25,54,1,new,Defective,ineligible
1595,6687,2025-07-23,14,1,new,Too small,eligible
1596,3647,2025-06-17,3,1,tried-on,Too small,eligible
1597,3396,2024-03-22,9,1,tried-on,Defective,eligible
1598,12442,2025-03-06,30,1,new,Too small,ineligible
1599,2513,2025-05-08,58,1,tried-on,Defective,ineligible
1600,2615,2024-11-09,2,1,new,Defective,ineligible
1601,11458,2024-06-28,58,1,tried-on,Changed mind,eligible
1602,8511,2025-07-01,53,1,new,Changed mind,ineligible
1603,3745,2024-04-01,47,1,tried-on,Too large,ineligible
1604,15868,2025-04-20,51,1,new,Wrong item,ineligible
1605,13086,2024-12-11,36,1,new,Changed mind,ineligible
1606,13813,2024-05-01,42,1,new,Too large,ineligible
1607,6216,2024-11-11,5,1,worn,Defective,ineligible
1608,2495,2024-09-04,50,1,damaged,Defective,ineligible
1609,5701,2025-04-17,54,0,tried-on,No reason,ineligible
1610,13333,2024-07-17,25,1,new,No reason,eligible
1611,4541,2024-11-02,47,1,new,Too large,ineligible
1612,322,2025-08-12,49,1,new,Too small,ineligible
1613,5056,2025-02-05,34,1,tried-on,Too large,needs_review
1614,8287,2025-02-06,41,1,tried-on,Too small,ineligible
1615,15773,2025-09-14,22,1,new,No reason,eligible
1616,10560,2024-07-15,28,1,new,Too small,ineligible
1617,3427,2025-01-12,16,1,new,Too large,eligible
1618,13993,2025-08-30,16,1,worn,Defective,ineligible
1619,6718,2024-04-06,54,0,tried-on,Too small,needs_review
1620,1079,2025-11-28,49,1,damaged,Defective,ineligible
1621,11749,2023-12-31,16,1,new,Defective,eligible
1622,12514,2024-08-17,10,1,new,No reason,eligible
1623,6282,2025-06-19,27,1,new,Too small,ineligible
1624,13020,2025-01-23,13,1,new,Defective,ineligible
1625,7779,2025-07-30,23,1,new,Too small,ineligible
1626,2560,2025-10-11,29,1,new,No reason,eligible
1627,10445,2025-07-04,22,1,damaged,Too large,ineligible
1628,6530,2024-04-05,43,1,new,Wrong item,ineligible
1629,4338,2024-05-19,31,1,worn,Too large,ineligible
1630,71,2024-10-02,36,1,new,No reason,needs_review
1631,5877,2024-02-04,39,1,new,Wrong item,ineligible
1632,3829,2024-03-16,50,1,new,Defective,ineligible
1633,12858,2024-07-08,7,1,new,Too large,eligible
1634,4257,2024-03-18,37,1,new,Changed mind,needs_review
1635,1229,2023-12-08,3,1,tried-on,No reason,eligible
1636,11446,2025-07-14,5,1,damaged,Too large,ineligible
1637,12114,2025-05-06,20,0,damaged,No reason,ineligible
1638,10382,2024-05-24,35,1,tried-on,Too small,needs_review
1639,1158,2024-06-15,48,1,tried-on,Defective,eligible
1640,12261,2025-12-02,38,1,worn,Too large,ineligible
1641,11323,2025-10-09,48,1,damaged,Defective,ineligible
1642,15360,2025-10-05,49,1,new,Too small,ineligible
1643,14770,2024-06-21,49,1,tried-on,Changed mind,ineligible
1644,344,2025-05-07,13,1,worn,Wrong item,ineligible
1645,11673,2024-06-21,39,1,new,Too small,ineligible
1646,1983,2025-09-04,3,1,tried-on,Wrong item,eligible
1647,13542,2025-04-16,27,1,new,Too small,ineligible
1648,13070,2024-01-22,36,1,new,Too large,needs_review
1649,15786,2024-10-17,12,1,worn,Defective,ineligible
1650,103,2024-09-21,51,0,new,Defective,ineligible
1651,15444,2024-12-12,13,1,new,Too small,eligible
1652,4298,2024-03-07,2,1,new,Too small,eligible
1653,15437,2024-01-10,25,1,new,Wrong item,ineligible
1654,8528,2025-08-28,48,1,new,Too small,ineligible
1655,9050,2025-06-14,38,1,new,Changed mind,ineligible
1656,4427,2024-12-12,55,1,tried-on,Wrong item,ineligible
1657,7036,2024-07-10,10,1,new,Too large,eligible
1658,15325,2025-04-14,11,0,new,Changed mind,needs_review
1659,3807,2024-03-08,41,0,tried-on,Changed mind,ineligible
1660,12055,2025-07-11,5,1,new,Wrong item,eligible
1661,13855,2025-03-30,55,1,new,Wrong item,ineligible
1662,9857,2024-01-30,22,1,new,Too small,eligible
1663,518,2024-10-04,5,1,worn,Defective,ineligible
1664,11601,2025-11-01,40,0,tried-on,Too small,ineligible
1665,9858,2024-01-16,8,1,new,Defective,eligible
1666,4807,2025-09-06,34,1,worn,No reason,ineligible
1667,437,2024-12-12,56,1,worn,No reason,ineligible
1668,5642,2025-01-03,60,1,new,Changed mind,ineligible
1669,4062,2024-10-28,46,1,tried-on,Too large,ineligible
1670,8327,2025-09-15,47,1,tried-on,Too large,ineligible
1671,2555,2025-07-19,37,1,damaged,Too small,ineligible
1672,12137,2025-10-05,17,1,new,Too large,eligible
1673,536,2025-07-17,31,1,new,Wrong item,ineligible
1674,9611,2024-12-15,7,1,new,Too large,eligible
1675,9807,2025-06-01,13,1,new,Wrong item,eligible
1676,4766,2025-09-24,3,1,new,Too large,eligible
1677,13118,2024-02-15,39,1,tried-on,Too small,ineligible
1678,7371,2025-03-08,55,1,new,Changed mind,ineligible
1679,313,2024-06-19,6,1,tried-on,Too small,eligible
1680,4740,2024-07-08,24,1,new,Defective,eligible
1681,2760,2024-03-18,52,1,new,Too small,ineligible
1682,862,2024-09-10,46,1,new,Defective,ineligible
1683,7120,2025-05-04,4,1,tried-on,Too small,eligible
1684,6333,2025-06-13,20,1,new,Too small,eligible
1685,8601,2025-06-20,33,1,tried-on,Defective,needs_review
1686,1789,2025-06-18,16,1,new,No reason,eligible
1687,7572,2024-11-03,36,1,tried-on,No reason,eligible
1688,4953,2025-02-21,44,1,new,Too small,ineligible
1689,1786,2025-02-28,38,1,worn,Too small,ineligible
1690,2849,2025-06-09,45,1,new,Too large,ineligible
1691,14759,2024-12-25,32,1,new,No reason,ineligible
1692,5415,2024-09-21,8,1,new,No reason,eligible
1693,14496,2024-02-01,26,1,new,No reason,eligible
1694,3817,2025-10-11,26,0,new,Wrong item,needs_review
1695,13223,2024-02-27,24,1,tried-on,Defective,ineligible
1696,276,2024-03-08,13,1,tried-on,No reason,eligible
1697,7074,2024-05-11,56,1,new,Too large,eligible
1698,3515,2023-12-27,44,1,tried-on,Defective,ineligible
1699,14862,2024-05-29,44,1,tried-on,Too small,ineligible
1700,8141,2025-11-04,31,1,new,Too small,eligible
1701,9035,2025-10-23,59,1,tried-on,Defective,ineligible
1702,1020,2024-03-22,20,1,new,No reason,needs_review
1703,11154,2025-08-23,47,0,new,No reason,needs_review
1704,3356,2025-07-16,56,1,new,Wrong item,ineligible
1705,2564,2024-06-12,21,1,new,Defective,eligible
1706,7817,2025-11-21,19,1,new,Wrong item,needs_review
1707,4681,2025-09-20,15,1,new,Changed mind,eligible
1708,6303,2024-01-09,34,1,new,Defective,ineligible
1709,13850,2025-06-30,26,1,tried-on,No reason,eligible
1710,12305,2024-04-10,58,1,new,Wrong item,eligible
1711,11554,2024-04-21,53,1,tried-on,Defective,ineligible
1712,2744,2024-05-07,59,1,new,Too small,ineligible
1713,10795,2024-02-21,56,1,tried-on,Too large,ineligible
1714,14189,2025-04-13,5,1,new,Wrong item,eligible
1715,4330,2024-10-17,22,1,new,Too small,eligible
1716,14267,2025-11-24,33,1,worn,No reason,ineligible
1717,13152,2025-10-06,42,1,new,Too small,ineligible
1718,13019,2024-03-05,59,1,new,Wrong item,ineligible
1719,11681,2025-09-26,43,1,new,Changed mind,ineligible
1720,14285,2025-06-05,31,1,new,Too small,needs_review
1721,13388,2025-01-07,22,1,new,Changed mind,eligible
1722,9338,2024-03-08,15,1,tried-on,Wrong item,eligible
1723,12685,2025-11-21,58,1,tried-on,No reason,ineligible
1724,2757,2024-12-05,32,1,new,Defective,needs_review
1725,7266,2024-08-09,21,1,new,Defective,needs_review
1726,467,2024-04-14,17,1,new,Too small,eligible
1727,3637,2025-07-25,31,1,worn,Defective,ineligible
1728,4223,2025-04-11,42,1,worn,Too large,ineligible
1729,4271,2023-12-26,34,0,tried-on,No reason,needs_review
1730,7529,2024-05-31,14,1,new,Wrong item,eligible
1731,4301,2024-07-18,57,1,damaged,No reason,ineligible
1732,11563,2024-02-07,32,1,worn,Changed mind,ineligible
1733,1152,2024-06-01,14,1,new,No reason,eligible
1734,321,2024-06-08,58,1,new,Changed mind,ineligible
1735,10816,2024-04-22,56,0,tried-on,Too small,ineligible
1736,5516,2024-09-02,2,1,new,No reason,eligible
1737,12952,2025-11-03,13,1,tried-on,Wrong item,eligible
1738,7131,2025-10-31,60,1,new,Too small,ineligible
1739,6792,2025-06-16,60,1,worn,Too large,ineligible
1740,12364,2023-12-16,23,1,new,No reason,eligible
1741,7073,2024-08-12,33,1,tried-on,Changed mind,needs_review
1742,3789,2025-01-17,22,1,new,Wrong item,eligible
1743,14516,2023-12-19,16,1,new,Changed mind,eligible
1744,14549,2024-09-10,41,1,new,No reason,eligible
1745,13155,2024-08-31,48,0,tried-on,Too small,ineligible
1746,9500,2024-05-01,34,1,new,No reason,needs_review
1747,10789,2025-10-04,49,0,tried-on,Too large,ineligible
1748,13543,2024-09-19,21,0,tried-on,Too large,needs_review
1749,6169,2025-05-15,27,1,new,Wrong item,eligible
1750,11206,2025-09-27,55,1,worn,Too small,ineligible
1751,5951,2025-02-26,56,1,new,Too large,ineligible
1752,4864,2025-05-09,0,1,worn,Defective,ineligible
1753,9301,2025-03-10,47,1,worn,Too small,ineligible
1754,14355,2024-03-22,3,1,new,Too large,eligible
1755,7806,2025-01-01,2,1,new,Changed mind,eligible
1756,14866,2025-07-30,6,1,new,Defective,eligible
1757,7410,2024-09-02,60,1,damaged,Too large,ineligible
1758,13816,2025-03-17,4,0,tried-on,Too large,needs_review
1759,15709,2024-03-23,36,1,new,Too small,needs_review
1760,15891,2025-10-21,25,1,new,Too large,ineligible
1761,5764,2025-01-24,40,1,new,Changed mind,ineligible
1762,13824,2024-01-06,58,0,new,Too large,ineligible
1763,3630,2025-06-22,33,1,new,Too small,eligible
1764,13546,2024-06-06,27,1,new,Wrong item,ineligible
1765,10296,2025-05-02,19,0,new,Changed mind,needs_review
1766,13829,2025-02-08,28,1,new,Wrong item,eligible
1767,11090,2025-09-30,58,1,new,Wrong item,ineligible
1768,4097,2025-08-23,29,1,worn,Too small,ineligible
1769,2725,2025-02-22,34,1,worn,Too large,ineligible
1770,3584,2024-06-15,58,1,new,Too large,ineligible
1771,15487,2025-10-15,12,1,tried-on,Too small,eligible
1772,8894,2025-12-21,60,1,new,Too small,ineligible
1773,5797,2025-03-23,44,1,tried-on,No reason,ineligible
1774,6611,2024-03-21,33,0,new,Wrong item,needs_review
1775,14826,2025-05-09,31,1,new,Defective,needs_review
1776,2835,2024-03-02,31,0,new,Wrong item,needs_review
1777,11629,2023-11-24,0,1,new,Changed mind,eligible
1778,6467,2024-12-30,13,1,tried-on,No reason,eligible
1779,13859,2025-11-29,40,1,new,Too small,ineligible
1780,11092,2023-12-30,34,1,new,Too small,needs_review
1781,15438,2025-01-10,7,1,new,Wrong item,eligible
1782,12975,2024-12-10,11,1,tried-on,Changed mind,ineligible
1783,770,2024-06-06,43,1,new,No reason,ineligible
1784,55,2024-09-18,5,1,new,Defective,eligible
1785,4485,2023-12-17,13,1,tried-on,Changed mind,eligible
1786,4957,2025-03-26,30,1,new,Too small,eligible
1787,10738,2025-05-05,18,1,tried-on,No reason,eligible
1788,14555,2025-07-15,29,1,new,Changed mind,eligible
1789,8465,2025-11-06,35,0,new,No reason,needs_review
1790,9902,2025-01-21,20,1,new,Too small,eligible
1791,13096,2024-06-05,24,1,tried-on,Too large,eligible
1792,6298,2025-09-04,19,1,new,Defective,ineligible
1793,4598,2025-01-24,36,1,new,Too small,needs_review
1794,9047,2025-01-28,49,1,new,Changed mind,eligible
1795,6763,2024-09-26,28,1,new,Too small,eligible
1796,13751,2025-10-20,60,1,new,Changed mind,ineligible
1797,977,2024-05-23,12,1,new,Defective,eligible
1798,1449,2025-03-17,17,0,worn,No reason,ineligible
1799,1255,2024-04-04,31,1,new,Changed mind,needs_review
1800,11081,2024-09-11,53,1,worn,Defective,ineligible
1801,4989,2025-09-15,36,1,new,Wrong item,needs_review
1802,13324,2024-12-27,42,1,worn,Too large,ineligible
1803,8989,2024-04-03,57,1,worn,No reason,ineligible
1804,170,2025-01-27,38,1,damaged,Too small,ineligible
1805,14404,2024-01-09,28,1,new,Defective,ineligible
1806,2683,2024-07-01,21,1,new,Wrong item,eligible
1807,8409,2024-12-04,40,1,tried-on,Too small,ineligible
1808,8755,2025-04-08,16,1,new,Changed mind,eligible
1809,9327,2024-05-19,1,1,tried-on,No reason,eligible
1810,8458,2024-01-30,46,1,tried-on,Changed mind,ineligible
1811,6038,2024-09-28,38,1,new,Too large,ineligible
1812,8063,2024-01-10,4,1,new,No reason,ineligible
1813,4407,2025-09-27,4,1,new,Too small,eligible
1814,6675,2025-07-29,25,1,tried-on,Defective,ineligible
1815,870,2025-12-12,34,1,tried-on,Wrong item,ineligible
1816,12090,2025-01-22,19,1,worn,Wrong item,ineligible
1817,11000,2024-08-19,29,1,new,Too small,eligible
1818,2998,2025-04-13,47,1,worn,Wrong item,ineligible
1819,2225,2025-06-20,36,1,tried-on,No reason,ineligible
1820,2808,2025-05-26,31,1,new,Changed mind,needs_review
1821,3127,2024-04-25,47,0,new,Too large,ineligible
1822,5102,2024-05-30,2,1,damaged,Changed mind,ineligible
1823,9052,2025-11-07,46,1,tried-on,No reason,ineligible
1824,7786,2024-11-24,7,1,tried-on,No reason,eligible
1825,12044,2025-03-21,59,1,tried-on,Too small,ineligible
1826,7697,2024-10-31,57,1,new,Defective,ineligible
1827,2393,2024-05-17,7,1,tried-on,Too large,eligible
1828,3359,2024-12-10,0,1,tried-on,No reason,eligible
1829,4198,2024-02-18,24,1,new,Wrong item,eligible
1830,1786,2025-03-02,40,1,new,Changed mind,ineligible
1831,1691,2025-03-02,5,1,new,Too small,eligible
1832,1998,2024-09-03,5,1,new,No reason,eligible
1833,14849,2025-05-11,29,1,new,Defective,ineligible
1834,3085,2025-04-17,16,1,new,No reason,eligible
1835,3271,2025-04-18,57,1,tried-on,Changed mind,ineligible
1836,14141,2024-10-22,7,1,worn,Too small,ineligible
1837,15133,2024-03-14,33,1,tried-on,Defective,ineligible
1838,2136,2024-05-27,17,1,tried-on,Defective,eligible
1839,1219,2025-03-25,12,1,new,Wrong item,ineligible
1840,13566,2025-01-03,50,1,new,Wrong item,ineligible
1841,10312,2025-03-02,13,0,new,No reason,needs_review
1842,1967,2025-07-31,8,1,tried-on,Changed mind,eligible
1843,330,2024-11-22,43,1,damaged,Changed mind,ineligible
1844,3369,2025-07-10,48,1,new,No reason,ineligible
1845,10197,2025-07-08,29,1,tried-on,No reason,ineligible
1846,1688,2025-08-17,28,0,new,No reason,needs_review
1847,6549,2024-10-11,4,1,new,Wrong item,eligible
1848,9535,2025-07-07,41,1,new,Too large,ineligible
1849,11389,2024-03-13,0,1,tried-on,Wrong item,eligible
1850,12634,2024-11-19,50,1,tried-on,Too small,ineligible
1851,13645,2024-09-12,39,1,new,Too large,ineligible
1852,5963,2024-05-23,32,1,new,Changed mind,eligible
1853,14424,2025-06-12,20,1,tried-on,Too large,eligible
1854,3985,2024-04-29,50,0,new,Defective,ineligible
1855,12443,2025-04-03,58,1,new,Defective,ineligible
1856,690,2025-05-31,0,0,new,Too small,needs_review
1857,2712,2024-01-08,9,1,worn,Changed mind,ineligible
1858,9351,2025-05-12,51,1,tried-on,Changed mind,ineligible
1859,1841,2024-09-23,6,1,tried-on,No reason,eligible
1860,2167,2025-09-14,24,1,tried-on,Changed mind,ineligible
1861,13085,2024-11-26,21,1,new,No reason,eligible
1862,9012,2025-08-21,1,1,new,Wrong item,eligible
1863,1109,2024-06-14,37,1,tried-on,No reason,needs_review
1864,2654,2025-01-29,22,1,tried-on,Too large,eligible
1865,4799,2024-04-30,32,1,new,No reason,needs_review
1866,8058,2024-08-16,16,1,worn,Wrong item,ineligible
1867,12778,2024-03-10,27,1,worn,No reason,ineligible
1868,2457,2025-03-14,28,1,tried-on,Wrong item,eligible
1869,1540,2025-09-02,25,1,new,Wrong item,eligible
1870,1109,2024-06-14,37,1,new,No reason,needs_review
1871,1391,2024-12-11,9,1,tried-on,Too large,eligible
1872,14560,2025-02-16,45,1,worn,Changed mind,ineligible
1873,9285,2025-07-21,4,0,new,Defective,needs_review
1874,1941,2024-01-15,58,1,worn,No reason,ineligible
1875,630,2025-11-08,43,1,tried-on,Changed mind,eligible
1876,8578,2024-12-01,27,1,worn,Too large,ineligible
1877,12066,2024-02-13,7,1,worn,Defective,ineligible
1878,12296,2025-06-19,11,1,damaged,Too large,ineligible
1879,3710,2025-02-26,14,1,new,Too large,eligible
1880,2321,2023-11-30,4,1,tried-on,No reason,eligible
1881,15193,2025-11-25,30,0,tried-on,Defective,needs_review
1882,5131,2024-08-31,46,1,tried-on,Wrong item,ineligible
1883,3795,2025-11-13,55,1,damaged,Too small,ineligible
1884,9542,2024-06-28,50,1,tried-on,Changed mind,ineligible
1885,3979,2024-05-03,45,1,new,Changed mind,ineligible
1886,3223,2024-11-16,35,1,new,Wrong item,ineligible
1887,1655,2024-09-19,24,1,tried-on,Too small,ineligible
1888,14552,2024-05-05,13,1,new,Too small,eligible
1889,14774,2025-01-16,10,1,new,Too large,ineligible
1890,15393,2025-03-10,59,1,new,Too small,ineligible
1891,6510,2025-10-31,12,1,new,Too small,eligible
1892,8341,2024-11-07,19,1,tried-on,No reason,needs_review
1893,1559,2025-07-25,0,1,worn,Wrong item,ineligible
1894,8271,2025-11-23,37,1,tried-on,Too large,ineligible
1895,1917,2025-09-01,28,1,tried-on,Too large,eligible
1896,9659,2024-11-09,48,1,tried-on,No reason,ineligible
1897,15765,2024-03-15,26,0,new,Changed mind,ineligible
1898,14271,2024-07-27,55,1,worn,No reason,ineligible
1899,13238,2024-11-22,60,1,new,Wrong item,eligible
1900,10678,2025-01-07,11,1,new,Wrong item,eligible
1901,4545,2024-12-01,2,1,new,No reason,eligible
1902,15392,2025-01-15,5,1,new,Too small,eligible
1903,2623,2024-06-26,52,1,new,Changed mind,ineligible
1904,15468,2025-10-02,27,0,new,No reason,needs_review
1905,11220,2025-03-25,48,0,tried-on,Changed mind,ineligible
1906,436,2024-11-12,26,1,new,Changed mind,eligible
1907,11478,2025-04-27,17,1,new,Wrong item,eligible
1908,5769,2024-02-26,37,1,new,Too small,needs_review
1909,10305,2024-10-16,16,0,damaged,Wrong item,ineligible
1910,15423,2025-11-26,26,1,new,Changed mind,eligible
1911,13650,2024-04-28,28,1,worn,Defective,ineligible
1912,12172,2024-08-14,26,1,new,Wrong item,ineligible
1913,8344,2024-08-12,9,1,new,No reason,eligible
1914,1541,2024-12-08,47,1,new,Wrong item,ineligible
1915,8786,2025-01-29,57,0,new,Too small,ineligible
1916,11937,2025-08-24,32,1,new,No reason,ineligible
1917,12674,2025-09-09,25,1,new,Too small,eligible
1918,7612,2025-01-25,22,1,tried-on,Wrong item,eligible
1919,3500,2025-10-04,35,1,new,Too large,needs_review
1920,3436,2024-02-27,58,1,new,Too small,ineligible
1921,13905,2024-06-30,59,0,tried-on,No reason,ineligible
1922,6305,2024-02-01,5,1,new,Too small,eligible
1923,15317,2024-10-01,43,1,new,Defective,ineligible
1924,10475,2024-11-04,0,1,new,Changed mind,eligible
1925,8692,2024-11-05,50,1,tried-on,Changed mind,ineligible
1926,5913,2024-05-18,7,1,new,No reason,eligible
1927,6286,2024-08-30,55,1,new,Changed mind,ineligible
1928,14181,2025-07-12,23,1,new,Changed mind,ineligible
1929,3516,2023-12-18,35,0,new,Wrong item,needs_review
1930,14014,2025-08-22,20,1,new,Changed mind,eligible
1931,1073,2025-09-21,23,1,new,No reason,ineligible
1932,4754,2025-08-16,27,1,new,Too small,eligible
1933,4412,2025-07-06,20,1,worn,Defective,ineligible
1934,8949,2025-10-12,0,1,new,Too small,eligible
1935,6849,2024-08-04,39,1,damaged,Wrong item,ineligible
1936,5809,2024-10-22,35,1,new,Too small,needs_review
1937,66,2025-09-12,29,1,tried-on,Too large,ineligible
1938,4936,2025-07-31,59,1,tried-on,Wrong item,ineligible
1939,6139,2024-11-18,44,1,tried-on,Too small,ineligible
1940,3103,2024-09-16,37,1,tried-on,No reason,ineligible
1941,8900,2025-11-12,51,1,new,Changed mind,ineligible
1942,6791,2025-11-17,45,1,new,Too large,ineligible
1943,2172,2024-03-10,51,1,new,No reason,ineligible
1944,3233,2024-09-04,33,1,new,Too small,needs_review
1945,447,2025-08-28,41,0,new,Too small,ineligible
1946,2934,2025-01-19,48,1,tried-on,Changed mind,ineligible
1947,6874,2024-08-13,36,1,new,Too small,eligible
1948,13432,2025-05-21,42,1,tried-on,Too large,ineligible
1949,15998,2024-08-20,44,1,tried-on,No reason,ineligible
1950,916,2024-01-28,11,0,new,Defective,ineligible
1951,7172,2024-03-03,24,1,new,Too large,eligible
1952,3199,2024-08-09,9,1,new,No reason,eligible
1953,3477,2025-10-23,40,1,new,No reason,ineligible
1954,8506,2025-09-24,46,1,tried-on,Changed mind,ineligible
1955,6717,2023-11-30,18,1,new,Wrong item,eligible
1956,4778,2025-09-30,37,1,tried-on,Changed mind,needs_review
1957,3481,2025-11-06,9,1,new,Too small,eligible
1958,1436,2025-06-29,28,1,new,Changed mind,eligible
1959,4085,2024-05-13,8,0,new,Too small,needs_review
1960,9907,2025-07-11,42,1,tried-on,Wrong item,ineligible
1961,11996,2025-03-11,54,1,new,No reason,eligible
1962,14532,2025-03-03,49,1,new,Wrong item,ineligible
1963,9001,2024-03-15,25,1,new,No reason,eligible
1964,14074,2025-01-19,1,1,tried-on,Defective,ineligible
1965,1083,2024-06-08,15,1,new,Too small,eligible
1966,42,2025-10-20,36,1,new,Wrong item,needs_review
1967,14251,2025-07-28,27,1,tried-on,Too small,eligible
1968,15765,2024-04-17,59,1,new,No reason,ineligible
1969,15489,2025-11-21,49,1,new,Wrong item,ineligible
1970,4661,2025-10-27,60,1,worn,Defective,ineligible
1971,3244,2024-05-15,22,1,new,Too small,eligible
1972,9390,2024-04-18,27,1,worn,Changed mind,ineligible
1973,3532,2024-11-13,6,1,new,Defective,eligible
1974,10503,2024-04-06,11,1,new,No reason,eligible
1975,7708,2024-09-04,28,1,tried-on,No reason,eligible
1976,2199,2024-11-24,51,1,new,Too small,ineligible
1977,4382,2025-09-28,1,1,new,Defective,eligible
1978,12313,2025-02-09,48,1,tried-on,Changed mind,eligible
1979,1010,2025-02-05,28,1,worn,Defective,ineligible
1980,12039,2025-12-13,38,1,new,Too large,ineligible
1981,15802,2025-06-21,12,1,new,No reason,eligible
1982,13947,2024-04-01,54,1,tried-on,No reason,ineligible
1983,12431,2024-07-25,45,1,new,Changed mind,ineligible
1984,2779,2025-08-18,0,1,tried-on,Defective,eligible
1985,11615,2025-05-13,4,1,tried-on,Changed mind,eligible
1986,10466,2025-07-25,29,1,new,Wrong item,eligible
1987,7627,2025-04-05,56,1,new,Too large,ineligible
1988,393,2024-09-27,4,1,new,Wrong item,eligible
1989,8014,2024-04-01,41,1,tried-on,Wrong item,ineligible
1990,449,2025-02-18,3,1,new,Wrong item,eligible
1991,13034,2025-07-20,35,1,new,Defective,needs_review
1992,3296,2025-02-16,60,1,worn,Wrong item,ineligible
1993,14458,2024-03-26,5,1,new,No reason,eligible
1994,12102,2025-02-19,53,1,tried-on,Wrong item,ineligible
1995,15922,2024-11-10,60,1,new,Changed mind,ineligible
1996,7632,2024-01-02,4,1,tried-on,Too small,eligible
1997,8008,2024-06-18,4,1,new,Changed mind,eligible
1998,9258,2025-10-29,17,0,worn,Too small,ineligible
1999,3501,2025-10-11,42,1,new,Too small,ineligible
2000,7668,2025-01-16,60,1,new,Defective,ineligible
2001,4565,2025-04-01,54,1,tried-on,Wrong item,ineligible
2002,4545,2025-01-23,55,1,worn,Defective,ineligible
2003,4665,2025-10-05,31,1,new,Wrong item,ineligible
2004,10090,2024-11-04,20,0,new,Defective,needs_review
2005,13157,2024-08-05,22,1,new,Changed mind,eligible
2006,15448,2024-04-26,18,0,new,No reason,needs_review
2007,11613,2025-02-06,53,1,new,Defective,ineligible
2008,3479,2025-11-24,27,1,new,Wrong item,eligible
2009,1636,2025-12-29,55,0,tried-on,Too large,ineligible
2010,9925,2024-05-27,9,1,worn,Wrong item,ineligible
2011,7651,2025-10-26,19,1,new,Too small,eligible
2012,11326,2025-09-12,1,1,tried-on,No reason,eligible
2013,7546,2024-09-03,41,1,tried-on,Wrong item,eligible
2014,14406,2025-07-26,51,1,new,Too small,ineligible
2015,227,2025-08-31,37,1,new,Too small,ineligible
2016,8542,2024-05-23,56,1,worn,Wrong item,ineligible
2017,9033,2024-04-07,15,1,new,Changed mind,eligible
2018,4001,2025-10-10,20,1,new,Too large,eligible
2019,3995,2025-03-26,26,1,worn,Defective,ineligible
2020,7094,2024-10-22,55,1,tried-on,Too small,ineligible
2021,6642,2025-11-03,20,0,new,Wrong item,needs_review
2022,7494,2025-03-17,37,1,new,Too small,needs_review
2023,15074,2025-03-12,12,1,new,Defective,eligible
2024,6812,2024-08-07,8,1,new,Wrong item,eligible
2025,14948,2024-03-19,59,1,worn,No reason,ineligible
2026,13304,2025-09-28,60,1,tried-on,Changed mind,ineligible
2027,521,2025-08-16,19,1,new,No reason,needs_review
2028,15035,2025-05-10,44,0,damaged,Changed mind,ineligible
2029,5338,2024-09-29,29,0,new,Too large,ineligible
2030,13977,2024-05-22,54,1,tried-on,Too large,eligible
2031,130,2024-08-17,24,1,tried-on,Wrong item,eligible
2032,10769,2025-12-17,53,1,new,No reason,ineligible
2033,7907,2024-09-23,9,1,new,Too small,eligible
2034,7407,2024-04-07,14,1,tried-on,Wrong item,eligible
2035,3083,2025-01-01,35,1,damaged,Too large,ineligible
2036,3088,2024-05-21,21,1,worn,Too large,ineligible
2037,851,2024-12-30,15,0,worn,Changed mind,ineligible
2038,6918,2024-07-07,28,0,tried-on,Too large,needs_review
2039,4836,2025-04-28,16,1,worn,Defective,ineligible
2040,4930,2025-09-29,34,1,tried-on,Too large,needs_review
2041,3874,2024-11-09,27,1,new,Changed mind,ineligible
2042,12582,2024-05-03,52,1,new,Changed mind,ineligible
2043,1316,2025-08-25,44,1,new,Too small,ineligible
2044,8803,2025-01-07,19,1,new,Changed mind,needs_review
2045,4495,2025-07-22,9,1,new,Changed mind,eligible
2046,5420,2024-03-04,10,1,new,Changed mind,eligible
2047,15388,2025-04-10,35,1,new,Too large,needs_review
2048,10625,2025-01-14,50,1,new,Wrong item,ineligible
2049,990,2025-06-02,23,1,new,Defective,eligible
2050,13043,2025-03-31,34,1,tried-on,Defective,ineligible
2051,5747,2024-09-08,40,1,tried-on,Wrong item,ineligible
2052,13282,2025-06-08,19,1,new,No reason,eligible
2053,13444,2024-12-21,12,1,tried-on,No reason,eligible
2054,9153,2025-03-31,60,1,new,Changed mind,ineligible
2055,7190,2024-11-30,38,1,tried-on,Wrong item,ineligible
2056,1772,2024-09-23,21,1,new,Defective,eligible
2057,12731,2023-11-10,1,0,tried-on,Changed mind,needs_review
2058,11335,2025-10-06,18,1,damaged,Too small,ineligible
2059,9225,2024-02-20,57,1,new,Too small,ineligible
2060,8508,2023-12-03,20,1,new,Wrong item,needs_review
2061,9258,2025-10-12,0,0,tried-on,Too large,needs_review
2062,14769,2024-07-02,60,0,new,Wrong item,ineligible
2063,10592,2025-03-25,33,1,new,Changed mind,needs_review
2064,6924,2025-04-02,4,1,tried-on,Too small,eligible
2065,11574,2023-12-28,23,1,tried-on,Too large,ineligible
2066,1966,2023-12-31,35,0,new,No reason,needs_review
2067,1849,2024-05-06,60,1,damaged,Changed mind,ineligible
2068,1844,2025-07-22,34,1,new,Wrong item,ineligible
2069,5515,2024-12-13,24,1,new,Changed mind,eligible
2070,14643,2025-05-03,9,1,new,Wrong item,eligible
2071,13031,2024-09-24,10,1,tried-on,No reason,eligible
2072,15421,2024-02-18,40,1,tried-on,Too small,ineligible
2073,9630,2025-09-08,29,1,tried-on,No reason,eligible
2074,2166,2025-09-12,22,1,new,Wrong item,ineligible
2075,7611,2025-01-17,14,1,new,Changed mind,eligible
2076,631,2025-11-01,36,1,tried-on,Defective,eligible
2077,6786,2025-02-04,18,1,tried-on,No reason,eligible
2078,9554,2025-08-23,6,1,new,Too small,eligible
2079,14099,2025-05-07,15,1,tried-on,Too small,needs_review
2080,13531,2025-03-14,6,1,new,Changed mind,eligible
2081,10544,2024-08-08,58,1,new,Defective,ineligible
2082,11955,2024-10-14,55,0,tried-on,No reason,ineligible
2083,14586,2024-07-04,10,1,new,Changed mind,eligible
2084,2319,2024-10-08,49,0,new,Wrong item,ineligible
2085,4288,2025-09-14,39,1,damaged,Changed mind,ineligible
2086,6366,2025-03-15,43,1,new,Too large,ineligible
2087,3255,2025-08-20,29,1,new,Defective,eligible
2088,7746,2024-06-18,41,1,damaged,Too small,ineligible
2089,6083,2025-02-08,24,1,tried-on,Too small,eligible
2090,14514,2025-02-28,38,1,new,Changed mind,ineligible
2091,3044,2025-07-03,6,1,new,No reason,eligible
2092,9156,2024-09-06,60,1,new,Too large,ineligible
2093,5755,2024-08-04,3,1,tried-on,Too small,eligible
2094,11539,2025-08-11,44,1,new,Wrong item,ineligible
2095,14150,2025-07-04,27,1,new,Wrong item,eligible
2096,11004,2024-01-05,52,1,new,Changed mind,ineligible
2097,926,2025-12-01,51,1,new,Changed mind,ineligible
2098,10491,2025-10-07,24,1,new,Too small,eligible
2099,4410,2024-08-31,38,1,new,Too large,ineligible
2100,9594,2024-11-19,37,1,new,Changed mind,ineligible
2101,5056,2025-02-26,55,1,new,Too small,ineligible
2102,1873,2025-03-03,56,1,damaged,Defective,ineligible
2103,964,2023-12-29,43,1,tried-on,No reason,ineligible
2104,6691,2025-08-13,27,1,new,Too small,eligible
2105,3506,2024-08-11,36,1,new,Too small,ineligible
2106,4086,2024-06-05,31,1,damaged,Too small,ineligible
2107,3090,2024-11-24,33,1,new,Too large,needs_review
2108,15576,2024-12-02,51,1,tried-on,Defective,ineligible
2109,9054,2025-07-15,38,1,tried-on,Wrong item,ineligible
2110,3310,2025-06-27,2,1,new,Wrong item,eligible
2111,13964,2025-01-19,43,1,new,Defective,ineligible
2112,5915,2024-12-20,54,0,new,Defective,ineligible
2113,7379,2025-04-02,2,1,tried-on,Too small,eligible
2114,14473,2025-03-04,17,1,new,Wrong item,eligible
2115,15399,2024-01-24,46,1,new,No reason,ineligible
2116,818,2024-09-19,14,1,tried-on,Too small,eligible
2117,12787,2025-09-23,44,1,new,No reason,ineligible
2118,3319,2025-11-30,23,1,new,Too small,ineligible
2119,13441,2025-04-05,57,1,new,Too small,ineligible
2120,12995,2023-11-24,10,1,new,No reason,eligible
2121,3725,2024-05-04,7,1,new,Too small,eligible
2122,11435,2024-10-14,16,1,new,No reason,ineligible
2123,2476,2025-01-29,26,1,tried-on,Wrong item,ineligible
2124,8907,2024-09-13,44,1,new,Too large,ineligible
2125,10485,2025-08-11,39,1,new,Too small,ineligible
2126,3222,2024-11-16,35,1,tried-on,Wrong item,ineligible
2127,7373,2024-06-23,3,1,new,Defective,eligible
2128,3394,2025-04-25,58,1,new,No reason,ineligible
2129,3462,2024-12-25,41,1,new,Defective,ineligible
2130,6417,2025-07-17,56,1,new,Changed mind,ineligible
2131,8179,2025-04-30,21,1,tried-on,Too small,ineligible
2132,14714,2025-01-08,43,1,new,Too large,ineligible
2133,41,2024-03-08,36,0,new,Changed mind,needs_review
2134,8713,2025-08-25,35,1,tried-on,Defective,needs_review
2135,15042,2024-11-05,55,1,tried-on,Defective,ineligible
2136,4696,2024-08-15,20,1,tried-on,Wrong item,needs_review
2137,5798,2025-04-01,53,1,new,Too large,ineligible
2138,6351,2025-01-07,12,1,worn,Changed mind,ineligible
2139,15178,2025-07-11,22,1,new,Too large,eligible
2140,4012,2024-07-20,31,1,tried-on,No reason,needs_review
2141,7698,2024-10-03,54,1,new,Too small,ineligible
2142,12403,2024-07-15,26,1,new,Changed mind,ineligible
2143,4374,2024-03-22,22,1,new,Defective,eligible
2144,12982,2025-04-29,0,1,new,Wrong item,eligible
2145,4011,2024-06-26,7,1,new,Wrong item,eligible
2146,9792,2024-07-25,0,1,new,Too small,eligible
2147,10721,2025-08-17,58,1,new,Changed mind,ineligible
2148,2623,2024-06-10,36,1,tried-on,No reason,needs_review
2149,6129,2023-11-20,2,1,tried-on,Changed mind,eligible
2150,8766,2025-11-08,38,1,tried-on,Wrong item,eligible
2151,2172,2024-02-15,27,1,worn,Wrong item,ineligible
2152,3886,2025-10-26,31,1,new,Defective,needs_review
2153,6188,2024-07-12,38,0,new,No reason,ineligible
2154,1103,2024-06-26,11,1,new,Wrong item,eligible
2155,4471,2024-03-14,27,0,new,Wrong item,ineligible
2156,7724,2024-11-04,23,1,worn,Changed mind,ineligible
2157,4787,2025-11-10,55,1,new,Changed mind,ineligible
2158,14298,2024-07-09,32,1,tried-on,Wrong item,needs_review
2159,8948,2025-11-22,41,1,new,Changed mind,ineligible
2160,6479,2025-04-26,7,1,new,Wrong item,eligible
2161,9126,2024-04-08,2,0,new,Changed mind,needs_review
2162,15564,2024-07-24,34,1,new,Too small,ineligible
2163,10427,2024-05-04,49,1,new,Too small,ineligible
2164,3563,2025-10-30,47,1,new,Too small,ineligible
2165,8914,2025-10-29,49,1,new,Wrong item,ineligible
2166,14717,2024-04-05,42,1,damaged,Wrong item,ineligible
2167,10023,2025-08-21,12,1,worn,Changed mind,ineligible
2168,11982,2024-02-24,35,1,tried-on,Too small,needs_review
2169,6248,2024-12-13,45,1,tried-on,Wrong item,ineligible
2170,14991,2024-11-02,12,1,tried-on,Too large,eligible
2171,9396,2024-05-11,54,1,new,Wrong item,ineligible
2172,619,2024-04-22,52,1,new,Wrong item,ineligible
2173,3539,2025-01-16,28,0,tried-on,Wrong item,ineligible
2174,15025,2024-04-14,35,1,tried-on,No reason,ineligible
2175,9198,2024-08-20,59,1,new,Changed mind,ineligible
2176,13856,2024-06-27,43,1,tried-on,Too small,ineligible
2177,3017,2024-10-18,8,1,tried-on,Too large,eligible
2178,9898,2026-01-03,56,1,new,Wrong item,ineligible
2179,2994,2025-02-11,21,1,new,No reason,eligible
2180,566,2025-02-18,55,1,tried-on,Too small,ineligible
2181,12497,2024-04-24,26,1,new,No reason,eligible
2182,10022,2025-09-22,44,1,worn,Changed mind,ineligible
2183,13731,2024-06-20,56,1,new,Defective,ineligible
2184,7492,2024-09-02,59,1,worn,Too large,ineligible
2185,10247,2024-09-16,39,1,new,Wrong item,ineligible
2186,12035,2025-02-20,29,1,tried-on,Too small,ineligible
2187,10127,2025-01-04,55,1,tried-on,Defective,ineligible
2188,2242,2024-01-30,32,1,new,Defective,ineligible
2189,15303,2025-08-25,28,1,new,Too large,ineligible
2190,10662,2023-12-22,22,1,worn,Too small,ineligible
2191,14492,2024-08-31,36,1,new,Too small,needs_review
2192,7241,2025-11-03,15,1,tried-on,Changed mind,eligible
2193,5071,2024-08-15,26,1,tried-on,Wrong item,eligible
2194,2787,2025-07-20,31,1,new,Too small,ineligible
2195,8488,2024-12-27,19,1,new,Defective,ineligible
2196,3138,2025-10-10,13,1,new,Changed mind,eligible
2197,15149,2024-11-11,55,0,new,Changed mind,ineligible
2198,5770,2024-03-18,58,1,new,Too large,ineligible
2199,180,2023-12-29,0,1,tried-on,Too small,eligible
2200,10227,2024-03-15,15,1,new,Too small,needs_review
2201,2205,2025-05-20,11,1,new,Wrong item,eligible
2202,15239,2024-02-24,56,1,new,Too large,ineligible
2203,5373,2025-07-24,35,1,tried-on,Changed mind,ineligible
2204,12634,2024-10-14,14,1,new,Too small,eligible
2205,10033,2024-06-03,28,1,new,Too small,eligible
2206,13080,2025-10-25,29,1,new,Defective,ineligible
2207,5251,2024-06-15,54,1,new,Too large,ineligible
2208,1930,2025-07-05,54,0,new,Changed mind,needs_review
2209,4138,2024-03-29,12,1,tried-on,Defective,eligible
2210,13174,2024-07-27,17,1,new,Too small,needs_review
2211,6679,2024-10-07,3,1,tried-on,Too small,eligible
2212,8456,2025-12-31,53,1,new,Too large,eligible
2213,9281,2024-09-24,58,1,new,No reason,ineligible
2214,14754,2025-07-17,36,1,tried-on,Wrong item,needs_review
2215,3747,2024-08-03,0,1,new,Too large,eligible
2216,10355,2025-06-18,46,1,new,Wrong item,ineligible
2217,11150,2025-09-24,60,1,new,No reason,ineligible
2218,10916,2025-03-20,32,1,new,Defective,needs_review
2219,5624,2025-09-10,8,1,new,Wrong item,eligible
2220,15584,2024-04-19,15,0,tried-on,Defective,needs_review
2221,15795,2024-09-01,32,1,tried-on,Too large,needs_review
2222,6842,2024-02-16,2,1,damaged,No reason,ineligible
2223,10505,2024-02-06,46,0,tried-on,Defective,ineligible
2224,9195,2024-05-29,17,1,tried-on,Wrong item,needs_review
2225,3329,2024-09-08,50,1,tried-on,Changed mind,ineligible
2226,14117,2025-02-18,46,1,worn,No reason,ineligible
2227,4792,2024-06-06,27,0,tried-on,Too small,needs_review
2228,7275,2024-07-23,36,1,tried-on,Too large,ineligible
2229,12105,2024-05-05,46,0,new,Too large,ineligible
2230,15931,2024-01-26,53,1,new,Wrong item,ineligible
2231,1093,2024-01-28,34,1,new,Too large,needs_review
2232,15848,2024-01-09,22,1,damaged,Defective,ineligible
2233,13042,2025-08-02,35,0,new,Changed mind,needs_review
2234,5954,2025-10-16,60,1,tried-on,Defective,ineligible
2235,12193,2025-01-27,45,1,tried-on,Defective,ineligible
2236,10114,2024-02-02,28,1,tried-on,Too large,ineligible
2237,12365,2023-12-13,20,0,worn,Wrong item,ineligible
2238,15981,2024-11-13,39,0,new,Too large,ineligible
2239,5994,2024-02-15,12,1,new,Changed mind,eligible
2240,11210,2024-11-24,38,0,tried-on,Wrong item,ineligible
2241,3840,2025-05-31,54,1,new,Defective,ineligible
2242,1379,2025-01-06,38,1,new,Too large,eligible
2243,15681,2025-04-06,11,1,new,Changed mind,eligible
2244,12443,2025-03-26,50,1,new,Too small,ineligible
2245,6802,2025-08-19,10,1,tried-on,Defective,eligible
2246,7890,2024-01-17,49,1,worn,Changed mind,ineligible
2247,8247,2025-09-06,1,1,new,No reason,eligible
2248,657,2024-06-12,7,1,new,Wrong item,eligible
2249,851,2025-01-14,30,1,new,Too large,eligible
2250,1309,2025-06-12,57,1,damaged,No reason,ineligible
2251,8911,2024-05-22,58,1,new,Defective,ineligible
2252,5296,2024-06-10,31,1,new,Wrong item,ineligible
2253,5262,2025-08-01,5,1,new,Wrong item,eligible
2254,15163,2025-12-23,60,1,new,Changed mind,ineligible
2255,1818,2023-12-30,41,1,new,Changed mind,ineligible
2256,4073,2025-06-30,6,1,new,Too small,eligible
2257,4488,2025-08-31,34,0,new,No reason,needs_review
2258,11370,2024-11-07,9,1,new,Changed mind,eligible
2259,1739,2024-09-15,1,1,new,Wrong item,eligible
2260,8820,2024-06-04,21,1,new,Wrong item,ineligible
2261,11064,2024-06-24,6,1,new,Changed mind,eligible
2262,9501,2024-04-06,9,0,new,Defective,needs_review
2263,13012,2024-04-04,9,1,new,Changed mind,eligible
2264,6742,2024-10-18,40,1,new,Defective,ineligible
2265,10248,2024-09-30,53,1,tried-on,Defective,ineligible
2266,10327,2023-11-28,19,0,new,Defective,needs_review
2267,15184,2024-07-27,8,1,worn,No reason,ineligible
2268,10469,2024-12-01,48,1,tried-on,Wrong item,ineligible
2269,8447,2024-08-20,54,1,tried-on,Defective,eligible
2270,1987,2025-07-04,57,0,tried-on,Too large,ineligible
2271,590,2024-01-10,32,1,new,Too small,ineligible
2272,14525,2025-03-18,9,1,new,Changed mind,eligible
2273,7206,2024-09-06,23,1,new,Defective,ineligible
2274,14134,2025-07-12,35,1,tried-on,Wrong item,needs_review
2275,8078,2023-12-17,29,1,tried-on,Too small,eligible
2276,10647,2024-04-18,38,1,new,Too small,ineligible
2277,2421,2024-03-24,24,1,worn,Too small,ineligible
2278,13905,2024-05-31,29,1,new,Wrong item,ineligible
2279,8412,2024-02-02,28,1,worn,Changed mind,ineligible
2280,15039,2025-04-11,38,0,worn,Too small,ineligible
2281,14221,2025-09-12,53,1,new,No reason,ineligible
2282,8096,2024-12-26,29,1,new,Changed mind,eligible
2283,13644,2025-09-12,19,1,tried-on,Too small,eligible
2284,14043,2024-10-04,42,1,new,Too small,ineligible
2285,8904,2025-06-28,14,1,new,No reason,eligible
2286,4620,2025-08-12,32,1,damaged,Too large,ineligible
2287,9520,2025-11-19,52,1,new,Wrong item,ineligible
2288,3573,2025-10-09,49,1,tried-on,Too small,ineligible
2289,7410,2024-07-11,7,1,new,Changed mind,eligible
2290,8345,2025-08-20,35,1,new,Too large,needs_review
2291,3934,2024-11-23,31,1,new,Wrong item,needs_review
2292,9974,2025-11-14,52,1,new,No reason,ineligible
2293,10087,2025-01-17,7,1,new,Changed mind,eligible
2294,15258,2024-06-18,1,1,new,No reason,eligible
2295,2909,2025-09-17,35,1,new,Changed mind,ineligible
2296,5666,2025-09-12,33,1,new,Too large,ineligible
2297,10303,2025-09-05,58,1,new,No reason,eligible
2298,3149,2025-05-23,40,1,new,Wrong item,ineligible
2299,5041,2025-03-10,48,1,new,Changed mind,ineligible
2300,10188,2025-04-05,1,1,new,Changed mind,ineligible
2301,15830,2025-11-10,8,1,tried-on,Too small,eligible
2302,8384,2024-06-06,19,1,worn,Wrong item,ineligible
2303,6432,2024-11-11,56,1,worn,Wrong item,ineligible
2304,3005,2025-11-25,43,1,worn,Too small,ineligible
2305,6048,2024-03-21,16,1,damaged,Too small,ineligible
2306,5572,2024-04-24,17,1,new,Wrong item,needs_review
2307,853,2025-01-29,45,1,worn,No reason,ineligible
2308,9095,2025-01-27,37,1,damaged,Wrong item,ineligible
2309,11326,2025-09-30,19,1,new,Too small,needs_review
2310,15440,2025-01-10,32,1,tried-on,Defective,eligible
2311,13275,2025-07-30,7,1,tried-on,Too large,eligible
2312,1530,2025-02-14,49,1,new,Too small,ineligible
2313,1363,2025-08-17,51,1,new,Too small,ineligible
2314,15215,2023-11-18,1,1,new,Changed mind,eligible
2315,13921,2024-12-26,35,1,tried-on,Wrong item,needs_review
2316,14120,2024-12-29,56,0,tried-on,Wrong item,ineligible
2317,1206,2024-06-07,50,1,new,Too small,ineligible
2318,1583,2025-01-18,10,1,new,No reason,eligible
2319,3392,2025-08-25,33,1,new,Defective,ineligible
2320,4336,2025-04-05,15,1,new,Wrong item,ineligible
2321,15188,2024-01-04,13,1,new,No reason,eligible
2322,3102,2024-09-07,28,1,new,Changed mind,ineligible
2323,9515,2024-10-17,22,1,new,Defective,ineligible
2324,1878,2025-01-24,6,1,worn,Changed mind,ineligible
2325,776,2025-04-10,46,1,new,Wrong item,ineligible
2326,15459,2024-12-28,24,1,tried-on,Wrong item,eligible
2327,8633,2025-05-04,28,1,damaged,Too large,ineligible
2328,10503,2024-05-25,60,1,tried-on,No reason,ineligible
2329,15490,2024-11-28,49,1,tried-on,No reason,ineligible
2330,5676,2025-08-23,0,1,new,Defective,eligible
2331,5143,2025-03-05,23,1,new,Defective,ineligible
2332,2670,2024-12-29,52,1,new,Defective,ineligible
2333,90,2024-03-06,6,1,new,Changed mind,eligible
2334,5033,2025-05-16,3,1,tried-on,Too large,eligible
2335,3747,2024-08-28,25,1,new,Too large,eligible
2336,10762,2025-04-20,57,1,new,Changed mind,ineligible
2337,935,2024-09-24,3,1,new,Changed mind,eligible
2338,4661,2025-09-08,11,1,new,No reason,eligible
2339,11048,2024-11-28,16,1,tried-on,Too small,eligible
2340,6903,2024-10-04,32,1,tried-on,Too small,eligible
2341,12701,2024-09-21,7,1,new,Changed mind,eligible
2342,3100,2023-12-05,19,1,new,No reason,eligible
2343,14774,2025-02-11,36,0,tried-on,Too large,ineligible
2344,15159,2025-05-26,10,1,tried-on,Too large,eligible
2345,1421,2025-03-20,40,1,new,Wrong item,ineligible
2346,9448,2024-12-17,22,0,new,Too large,needs_review
2347,6941,2024-06-23,59,1,tried-on,Changed mind,ineligible
2348,7582,2024-02-06,47,1,new,Too large,ineligible
2349,6478,2025-04-25,6,1,worn,Wrong item,ineligible
2350,8933,2025-06-05,16,0,worn,No reason,ineligible
2351,12185,2024-06-21,59,1,new,Too small,ineligible
2352,4440,2024-05-28,12,1,new,No reason,eligible
2353,9936,2024-11-17,48,1,new,Changed mind,ineligible
2354,15173,2024-09-17,22,1,new,No reason,ineligible
2355,10143,2024-10-05,20,1,new,Wrong item,eligible
2356,12102,2025-01-26,29,1,tried-on,Wrong item,ineligible
2357,12845,2025-07-01,39,1,tried-on,Too small,ineligible
2358,6083,2025-03-05,49,0,new,Too small,ineligible
2359,6715,2023-12-16,34,1,new,Too small,needs_review
2360,11281,2025-05-01,23,1,new,Wrong item,eligible
2361,13227,2024-12-18,59,1,tried-on,Too small,ineligible
2362,10985,2025-10-01,34,1,new,Wrong item,ineligible
2363,2735,2024-01-16,4,1,new,Defective,eligible
2364,5773,2024-09-25,57,1,tried-on,Too small,ineligible
2365,11816,2024-03-06,35,0,new,Defective,needs_review
2366,10646,2024-10-05,15,1,new,Too large,eligible
2367,3367,2024-05-05,28,1,worn,Too large,ineligible
2368,12413,2024-08-16,3,1,new,Too small,eligible
2369,14164,2023-12-26,26,1,new,No reason,eligible
2370,1257,2025-03-21,6,1,new,Too large,eligible
2371,14148,2024-05-05,28,1,tried-on,No reason,eligible
2372,1088,2024-12-30,51,1,new,No reason,ineligible
2373,11188,2025-04-21,11,1,new,Too small,eligible
2374,8901,2025-12-21,53,1,new,Too small,ineligible
2375,14610,2025-11-15,53,1,tried-on,Wrong item,ineligible
2376,12201,2024-07-30,49,1,new,Changed mind,ineligible
2377,8341,2024-10-24,5,1,new,No reason,eligible
2378,4617,2025-06-03,34,1,new,Too large,ineligible
2379,12776,2024-05-10,14,1,new,Changed mind,eligible
2380,1616,2024-01-09,27,1,new,Changed mind,ineligible
2381,14507,2025-07-31,9,1,tried-on,No reason,ineligible
2382,201,2024-04-20,6,1,new,Too large,eligible
2383,2383,2025-03-22,23,1,new,Changed mind,eligible
2384,482,2025-05-15,30,1,new,Too large,eligible
2385,12547,2024-02-13,56,1,new,Too small,ineligible
2386,15395,2025-02-17,28,1,tried-on,No reason,eligible
2387,7070,2025-07-17,33,1,tried-on,Wrong item,needs_review
2388,853,2025-01-27,43,1,tried-on,Too small,eligible
2389,8664,2025-01-24,21,1,tried-on,No reason,eligible
2390,12299,2025-04-20,19,1,new,Defective,eligible
2391,10147,2025-06-30,53,1,worn,No reason,ineligible
2392,14925,2024-08-28,6,1,new,Changed mind,eligible
2393,15415,2025-11-13,47,1,new,Defective,ineligible
2394,15695,2025-06-23,59,1,tried-on,Wrong item,ineligible
2395,9899,2025-11-15,7,0,new,Changed mind,needs_review
2396,9023,2025-09-15,39,1,worn,Changed mind,ineligible
2397,12882,2024-05-22,50,1,new,Wrong item,ineligible
2398,13843,2024-04-12,58,1,tried-on,Changed mind,ineligible
2399,14728,2024-10-05,12,1,worn,Defective,ineligible
2400,12521,2025-10-31,58,0,tried-on,Too large,ineligible
2401,9826,2025-07-30,3,1,tried-on,Defective,eligible
2402,10573,2023-12-01,8,1,tried-on,Defective,eligible
2403,13072,2025-09-04,40,1,tried-on,Wrong item,ineligible
2404,6898,2025-08-11,55,1,tried-on,Too small,ineligible
2405,7160,2024-10-10,55,1,new,Too large,ineligible
2406,11634,2024-11-23,15,1,tried-on,Defective,needs_review
2407,7628,2025-03-16,36,1,tried-on,Changed mind,needs_review
2408,12204,2025-11-10,25,0,tried-on,Too large,needs_review
2409,6172,2024-07-30,10,0,new,Changed mind,needs_review
2410,941,2024-02-28,17,1,worn,No reason,ineligible
2411,10381,2024-06-10,52,1,new,No reason,ineligible
2412,13723,2024-01-23,12,1,tried-on,Wrong item,eligible
2413,14622,2025-04-05,44,1,new,Too small,ineligible
2414,7301,2023-12-26,38,1,tried-on,Defective,eligible
2415,14466,2025-07-28,12,0,new,Changed mind,needs_review
2416,2125,2024-12-29,5,1,tried-on,Wrong item,eligible
2417,8364,2024-04-29,16,1,new,Defective,eligible
2418,935,2024-11-04,44,1,new,Changed mind,ineligible
2419,8200,2025-10-17,28,1,tried-on,Defective,eligible
2420,724,2024-07-11,31,1,new,No reason,ineligible
2421,10997,2024-06-24,18,1,new,Defective,eligible
2422,13026,2024-06-23,19,1,new,No reason,eligible
2423,425,2025-08-15,1,1,new,Wrong item,eligible
2424,7553,2025-11-10,48,1,new,Changed mind,ineligible
2425,2991,2024-05-22,3,1,tried-on,Too small,eligible
2426,9395,2025-10-03,52,1,tried-on,Changed mind,ineligible
2427,6095,2024-02-13,41,1,new,Changed mind,eligible
2428,8253,2024-10-18,43,1,new,No reason,ineligible
2429,3945,2024-05-30,57,1,worn,Changed mind,ineligible
2430,9148,2024-11-18,5,1,tried-on,Changed mind,eligible
2431,3079,2025-07-29,29,1,new,Too large,ineligible
2432,14068,2025-01-17,35,1,damaged,No reason,ineligible
2433,9500,2024-04-17,20,1,new,Changed mind,eligible
2434,11120,2023-12-24,8,1,new,Defective,eligible
2435,9215,2024-03-23,37,1,new,Too small,ineligible
2436,10079,2025-06-03,38,1,new,No reason,ineligible
2437,13801,2024-12-17,48,1,new,Too small,eligible
2438,14087,2023-11-26,9,1,new,Wrong item,ineligible
2439,13077,2024-01-14,23,1,new,Changed mind,ineligible
2440,1624,2025-09-16,42,1,tried-on,Too small,eligible
2441,12768,2024-05-28,25,0,new,Defective,needs_review
2442,11236,2024-08-17,57,1,new,Changed mind,ineligible
2443,1607,2024-11-15,41,1,tried-on,No reason,ineligible
2444,10795,2024-02-04,39,1,new,Defective,ineligible
2445,9559,2024-08-05,9,1,new,Defective,eligible
2446,2848,2025-05-10,15,1,tried-on,Wrong item,eligible
2447,1943,2023-11-21,2,1,new,Too large,eligible
2448,9343,2025-07-19,22,1,new,Changed mind,ineligible
2449,7231,2025-11-01,33,0,new,Too small,ineligible
2450,4602,2024-03-21,6,1,new,Too small,eligible
2451,14582,2024-07-22,50,0,new,Too large,ineligible
2452,12051,2025-07-18,43,1,new,Defective,ineligible
2453,7413,2024-09-07,26,1,tried-on,No reason,ineligible
2454,9645,2024-03-20,37,1,new,Defective,needs_review
2455,1116,2024-07-17,22,1,new,No reason,eligible
2456,4943,2025-01-28,23,1,tried-on,Too small,ineligible
2457,12119,2023-12-29,11,1,tried-on,Too large,eligible
2458,11989,2024-03-20,22,1,new,Too small,eligible
2459,2237,2024-04-23,15,1,tried-on,Wrong item,eligible
2460,10733,2024-05-04,30,1,damaged,No reason,ineligible
2461,9093,2024-06-27,33,1,new,Changed mind,needs_review
2462,8498,2024-08-24,25,1,new,Wrong item,ineligible
2463,14904,2024-03-22,9,1,new,Too large,eligible
2464,3296,2024-12-20,2,1,new,Wrong item,eligible
2465,5639,2025-01-11,13,1,new,Too large,eligible
2466,9167,2024-01-12,55,1,new,Wrong item,ineligible
2467,6426,2024-07-21,25,1,tried-on,Defective,eligible
2468,3798,2023-12-26,34,1,new,Too small,ineligible
2469,11976,2024-08-08,17,1,new,Changed mind,eligible
2470,837,2024-02-02,60,1,new,Too large,ineligible
2471,2032,2025-05-27,9,1,damaged,Wrong item,ineligible
2472,8972,2025-07-18,26,1,new,Too large,eligible
2473,583,2024-06-08,36,1,new,Too small,needs_review
2474,5240,2025-02-23,40,1,new,No reason,ineligible
2475,14836,2025-01-23,53,1,new,Defective,ineligible
2476,15599,2024-06-14,60,1,new,Changed mind,ineligible
2477,1849,2024-04-11,35,1,tried-on,Defective,ineligible
2478,1366,2024-10-03,30,1,new,No reason,eligible
2479,7898,2025-11-16,36,1,new,No reason,needs_review
2480,7276,2024-09-12,42,1,new,Wrong item,ineligible
2481,11045,2025-09-17,14,1,new,Wrong item,eligible
2482,1722,2023-12-25,9,1,new,Wrong item,eligible
2483,2475,2025-01-26,23,1,tried-on,Defective,ineligible
2484,11100,2025-05-24,25,1,new,Changed mind,eligible
2485,570,2025-09-17,57,1,new,Changed mind,ineligible
2486,15479,2025-09-27,34,1,new,Too small,ineligible
2487,11074,2024-11-26,40,1,new,Defective,ineligible
2488,246,2025-11-10,5,1,new,Too large,eligible
2489,1873,2025-02-25,50,1,damaged,Wrong item,ineligible
2490,14489,2025-02-16,54,1,worn,Too small,ineligible
2491,6117,2024-03-11,13,1,new,Too large,ineligible
2492,13845,2024-04-29,45,1,worn,No reason,ineligible
2493,12466,2024-12-04,22,1,new,Defective,eligible
2494,14627,2024-10-09,59,1,new,Wrong item,ineligible
2495,1399,2024-02-24,14,1,tried-on,Too large,eligible
2496,15158,2024-08-20,45,1,new,Too small,ineligible
2497,5762,2024-03-04,6,1,new,Changed mind,eligible
2498,4128,2024-08-05,6,1,new,Too small,eligible
2499,6923,2025-05-15,47,1,new,Wrong item,ineligible
2500,7894,2024-10-29,41,1,worn,Changed mind,ineligible
2501,1701,2024-08-13,47,1,new,Too small,ineligible
2502,15947,2024-06-14,44,1,new,Defective,ineligible
2503,14305,2024-06-19,15,1,new,Defective,eligible
2504,6711,2025-08-04,1,1,new,Wrong item,eligible
2505,4393,2025-10-30,37,1,new,Changed mind,ineligible
2506,12267,2024-07-04,51,1,new,Wrong item,ineligible
2507,7183,2025-08-31,21,1,tried-on,Too small,needs_review
2508,13538,2024-07-07,57,1,new,Wrong item,ineligible
2509,5230,2023-12-27,45,1,new,Defective,eligible
2510,4199,2024-02-24,30,1,tried-on,Defective,eligible
2511,7801,2025-11-22,57,1,new,Wrong item,eligible
2512,14873,2024-01-12,30,1,new,No reason,ineligible
2513,15814,2024-08-21,21,1,new,Too large,ineligible
2514,1806,2025-05-16,37,1,new,Too large,ineligible
2515,9569,2025-08-20,46,0,tried-on,Wrong item,needs_review
2516,12577,2024-06-10,44,1,new,Wrong item,ineligible
2517,10300,2025-08-29,24,1,tried-on,No reason,eligible
2518,10192,2025-08-09,14,1,new,Defective,eligible
2519,5717,2025-02-22,46,1,new,No reason,ineligible
2520,3290,2025-04-27,30,1,damaged,No reason,ineligible
2521,1894,2023-12-09,11,1,new,Too small,eligible
2522,14345,2024-01-21,34,1,new,No reason,needs_review
2523,12192,2024-12-25,12,1,new,Defective,eligible
2524,2082,2025-05-11,38,1,new,Defective,ineligible
2525,11172,2024-12-25,35,1,new,Defective,ineligible
2526,1835,2024-04-19,54,1,worn,Wrong item,ineligible
2527,10441,2024-08-12,38,1,new,Too large,ineligible
2528,6571,2025-07-24,53,1,new,Defective,ineligible
2529,551,2025-06-23,41,1,new,Wrong item,ineligible
2530,13814,2024-12-01,36,1,new,Too large,ineligible
2531,15757,2024-07-08,45,1,tried-on,Defective,ineligible
2532,10428,2024-04-20,35,1,new,Too small,ineligible
2533,13174,2024-07-20,10,1,new,No reason,eligible
2534,14533,2025-01-18,41,1,new,Wrong item,ineligible
2535,1188,2025-06-30,37,1,tried-on,No reason,eligible
2536,6916,2024-02-28,60,1,tried-on,Too small,eligible
2537,8160,2025-02-18,18,1,tried-on,Wrong item,needs_review
2538,9965,2024-04-23,39,1,tried-on,No reason,ineligible
2539,4512,2024-11-01,12,0,damaged,Defective,ineligible
2540,13040,2025-07-19,21,0,worn,Changed mind,ineligible
2541,6693,2025-08-09,23,1,new,Wrong item,eligible
2542,15652,2024-08-26,40,1,new,Wrong item,ineligible
2543,5565,2025-09-09,17,1,new,Too large,needs_review
2544,887,2024-01-15,35,1,new,Changed mind,ineligible
2545,1890,2024-05-21,19,1,new,Too large,ineligible
2546,446,2025-08-21,34,1,new,Wrong item,needs_review
2547,15052,2025-02-23,10,0,tried-on,Wrong item,needs_review
2548,2451,2025-10-02,36,0,worn,Too large,ineligible
2549,14928,2024-10-21,42,1,tried-on,Changed mind,ineligible
2550,15007,2025-05-22,35,1,new,Too large,needs_review
2551,8178,2025-05-17,38,1,tried-on,Too large,eligible
2552,7797,2025-07-27,53,1,new,Wrong item,ineligible
2553,12982,2025-06-28,60,1,tried-on,Changed mind,ineligible
2554,8660,2025-10-05,52,1,tried-on,Changed mind,ineligible
2555,13791,2024-09-08,42,1,new,Defective,ineligible
2556,11482,2024-05-31,57,1,tried-on,Too small,ineligible
2557,14906,2024-03-16,3,0,new,No reason,needs_review
2558,10547,2025-07-25,35,0,new,Defective,needs_review
2559,10728,2024-07-30,17,0,new,No reason,needs_review
2560,15848,2024-02-03,47,1,tried-on,Too small,ineligible
2561,6137,2024-10-08,3,1,new,Too small,eligible
2562,3131,2024-07-30,28,1,new,No reason,ineligible
2563,4394,2025-11-13,51,1,tried-on,No reason,ineligible
2564,3953,2025-01-29,46,1,new,Defective,ineligible
2565,5796,2024-11-15,60,1,damaged,Defective,ineligible
2566,2183,2024-11-17,50,1,new,Defective,ineligible
2567,5792,2025-09-24,24,1,new,Too large,eligible
2568,9734,2025-10-08,40,1,new,Too large,ineligible
2569,6742,2024-09-24,16,1,new,Changed mind,eligible
2570,2478,2025-03-31,50,1,new,Too small,ineligible
2571,4683,2025-10-11,40,1,new,Changed mind,ineligible
2572,11064,2024-06-18,0,1,worn,Wrong item,ineligible
2573,6352,2024-05-06,59,1,new,Defective,ineligible
2574,11276,2024-04-09,36,1,new,No reason,ineligible
2575,11025,2025-02-09,27,1,worn,Wrong item,ineligible
2576,7966,2025-02-26,32,1,new,Changed mind,needs_review
2577,525,2025-05-02,43,1,tried-on,No reason,ineligible
2578,12417,2025-11-08,15,1,new,Changed mind,eligible
2579,9076,2024-12-01,10,1,new,Too large,eligible
2580,528,2024-01-11,9,1,new,Too small,eligible
2581,2396,2025-04-11,11,1,worn,No reason,ineligible
2582,3863,2025-01-18,19,1,new,Too small,eligible
2583,8947,2025-06-08,50,1,worn,No reason,ineligible
2584,12696,2025-11-06,59,1,new,Too small,ineligible
2585,5103,2024-02-26,8,1,tried-on,Too small,eligible
2586,8768,2025-08-07,52,1,new,Too large,ineligible
2587,1378,2025-07-21,16,0,new,No reason,needs_review
2588,9085,2025-11-14,31,1,worn,No reason,ineligible
2589,14954,2025-08-20,49,1,new,Defective,ineligible
2590,7789,2024-12-06,35,1,worn,Too small,ineligible
2591,7256,2024-02-04,34,0,new,Defective,needs_review
2592,9947,2025-01-16,52,0,new,Changed mind,ineligible
2593,12631,2024-11-22,16,1,new,Wrong item,needs_review
2594,13586,2025-10-25,5,1,new,Wrong item,eligible
2595,15091,2024-10-10,35,1,new,No reason,needs_review
2596,4944,2025-01-09,4,1,new,Too small,eligible
2597,11574,2024-01-04,30,0,new,Too small,ineligible
2598,7476,2025-06-06,7,0,new,Too small,needs_review
2599,6688,2025-09-06,59,1,new,Too small,ineligible
2600,11523,2025-12-25,49,1,tried-on,Too large,ineligible
2601,2678,2024-12-19,60,1,damaged,Defective,ineligible
2602,4350,2024-11-25,40,1,worn,Too large,ineligible
2603,4071,2024-04-23,5,1,worn,No reason,ineligible
2604,12204,2025-12-01,46,1,tried-on,Too small,ineligible
2605,4474,2025-10-06,18,1,new,Defective,eligible
2606,12981,2025-06-09,41,1,new,No reason,ineligible
2607,5063,2025-09-19,42,1,new,Changed mind,ineligible
2608,9551,2024-11-18,17,1,worn,Too large,ineligible
2609,11687,2024-12-18,33,1,new,Changed mind,ineligible
2610,15017,2025-04-18,9,1,new,No reason,eligible
2611,2310,2024-10-23,36,1,tried-on,Too large,eligible
2612,1660,2024-10-01,44,1,new,Wrong item,ineligible
2613,12538,2024-11-06,0,1,tried-on,Changed mind,eligible
2614,12124,2025-07-12,34,0,tried-on,Too large,ineligible
2615,4682,2024-05-01,11,1,new,Too large,ineligible
2616,10394,2024-07-01,46,0,new,Wrong item,ineligible
2617,11952,2024-03-26,2,1,new,Changed mind,eligible
2618,7827,2025-09-13,16,1,damaged,Defective,ineligible
2619,1497,2024-10-11,57,1,new,Defective,ineligible
2620,6860,2024-10-13,33,1,tried-on,No reason,eligible
2621,8796,2024-08-14,50,1,tried-on,Too large,eligible
2622,2559,2025-09-13,1,1,new,No reason,eligible
2623,8848,2024-05-05,37,1,new,No reason,needs_review
2624,12913,2024-07-19,20,1,new,Too large,ineligible
2625,2035,2024-01-20,17,1,new,Changed mind,needs_review
2626,14550,2024-09-05,36,0,new,Changed mind,needs_review
2627,11638,2024-10-12,1,1,new,No reason,eligible
2628,8451,2023-12-08,25,1,new,Wrong item,eligible
2629,15686,2024-11-07,1,1,tried-on,Changed mind,eligible
2630,11074,2024-11-03,17,1,tried-on,No reason,needs_review
2631,3503,2024-08-09,28,1,tried-on,No reason,ineligible
2632,6964,2023-12-19,18,1,tried-on,Changed mind,eligible
2633,6276,2025-02-15,4,1,tried-on,Too small,ineligible
2634,11491,2024-08-11,28,1,new,Wrong item,eligible
2635,14459,2025-09-22,53,1,new,Too large,ineligible
2636,223,2024-01-18,52,1,tried-on,No reason,ineligible
2637,13001,2024-01-06,32,0,new,Defective,needs_review
2638,8403,2024-01-20,10,1,new,Wrong item,eligible
2639,15719,2024-01-25,5,1,new,Defective,eligible
2640,340,2024-10-01,15,1,new,Too large,eligible
2641,10414,2024-09-06,23,1,new,Too large,eligible
2642,6088,2025-03-13,2,1,new,No reason,ineligible
2643,758,2025-05-06,40,1,tried-on,No reason,ineligible
2644,1664,2025-06-08,7,1,tried-on,Defective,eligible
2645,5755,2024-09-17,47,1,worn,Defective,ineligible
2646,963,2024-09-21,33,1,new,No reason,ineligible
2647,1115,2024-08-09,45,1,new,Defective,ineligible
2648,10273,2024-05-28,19,1,new,Defective,needs_review
2649,6718,2024-02-28,16,1,new,Defective,eligible
2650,12934,2024-11-09,2,1,tried-on,Too large,ineligible
2651,12314,2025-02-17,56,0,new,Too small,needs_review
2652,8071,2025-04-19,46,1,tried-on,Too small,ineligible
2653,1980,2024-11-21,7,1,new,Wrong item,eligible
2654,15965,2024-05-24,30,1,new,Too small,eligible
2655,9658,2025-08-01,40,1,new,Wrong item,ineligible
2656,2046,2025-02-02,30,1,new,Too large,eligible
2657,12098,2025-08-25,52,0,tried-on,Changed mind,ineligible
2658,1510,2025-11-30,54,1,new,Wrong item,ineligible
2659,1155,2025-02-12,5,1,tried-on,Defective,eligible
2660,3952,2025-03-23,48,1,tried-on,Too small,ineligible
2661,7892,2024-09-18,0,1,tried-on,Defective,eligible
2662,4567,2024-03-13,16,1,worn,No reason,ineligible
2663,9546,2023-11-21,9,1,new,Changed mind,eligible
2664,12424,2024-10-25,11,1,tried-on,Too large,eligible
2665,7851,2024-07-15,40,1,tried-on,Too large,ineligible
2666,8416,2024-01-18,36,0,new,Changed mind,ineligible
2667,2677,2024-11-04,15,1,new,Too large,eligible
2668,3293,2024-04-08,19,1,new,Too large,ineligible
2669,784,2025-01-03,46,1,tried-on,Defective,eligible
2670,1833,2024-12-30,23,1,tried-on,Too large,eligible
2671,6017,2025-05-24,7,1,new,No reason,eligible
2672,9289,2024-10-19,49,1,new,Too large,ineligible
2673,10244,2024-09-06,28,1,new,No reason,eligible
2674,2489,2025-09-26,40,1,worn,Too small,ineligible
2675,13880,2024-12-10,38,1,new,Too large,ineligible
2676,230,2024-09-05,32,1,new,Changed mind,needs_review
2677,11511,2025-09-21,50,1,tried-on,No reason,ineligible
2678,15858,2024-06-27,0,1,new,Too small,eligible
2679,15859,2024-03-19,60,1,worn,Defective,ineligible
2680,5714,2024-11-01,34,1,new,Too large,eligible
2681,6036,2024-11-01,19,1,new,Too large,needs_review
2682,14993,2024-02-05,46,1,new,Changed mind,ineligible
2683,9685,2024-07-05,9,1,new,No reason,eligible
2684,4378,2025-04-27,42,1,new,Wrong item,ineligible
2685,7469,2025-08-28,15,0,new,No reason,needs_review
2686,980,2025-03-10,5,1,new,Defective,eligible
2687,4972,2025-08-26,59,1,tried-on,Defective,ineligible
2688,15111,2025-03-09,0,1,new,Too large,eligible
2689,5968,2025-09-30,49,1,new,Changed mind,ineligible
2690,770,2024-05-22,28,1,new,Too small,eligible
2691,10144,2024-10-12,53,1,new,Defective,ineligible
2692,9516,2024-11-22,58,1,new,Defective,ineligible
2693,3317,2025-06-10,2,1,new,Wrong item,eligible
2694,13617,2024-03-03,16,1,new,Changed mind,eligible
2695,4917,2024-07-14,5,1,worn,Wrong item,ineligible
2696,12969,2025-09-21,27,0,new,Defective,ineligible
2697,8741,2025-01-22,34,1,tried-on,Wrong item,eligible
2698,9258,2025-10-30,18,1,new,Wrong item,eligible
2699,12467,2024-12-24,42,0,new,Too large,ineligible
2700,11999,2025-02-01,18,1,new,Too small,eligible
2701,4332,2024-12-25,46,1,new,Changed mind,ineligible
2702,9608,2024-08-17,44,1,new,No reason,ineligible
2703,5501,2025-09-11,6,0,new,Wrong item,needs_review
2704,7027,2025-09-28,49,1,new,Changed mind,eligible
2705,13935,2025-01-06,24,1,new,Defective,eligible
2706,10778,2024-05-01,14,1,new,Defective,ineligible
2707,14628,2025-01-07,33,1,new,Wrong item,ineligible
2708,9761,2025-10-16,49,1,new,Defective,ineligible
2709,10038,2025-12-07,58,1,new,Changed mind,ineligible
2710,2976,2024-08-03,8,0,new,No reason,needs_review
2711,10997,2024-07-29,53,1,worn,Too large,ineligible
2712,9105,2024-01-29,17,1,new,Changed mind,eligible
2713,10500,2024-06-25,17,1,new,Defective,eligible
2714,8057,2024-09-25,56,1,new,Too small,ineligible
2715,3529,2025-10-09,54,1,new,Too large,ineligible
2716,3121,2025-10-06,20,1,tried-on,Defective,eligible
2717,712,2024-06-23,58,0,new,Wrong item,ineligible
2718,6800,2025-04-04,49,1,new,Too small,ineligible
2719,3517,2024-02-08,13,1,tried-on,Too large,eligible
2720,9218,2025-04-29,2,1,new,Defective,eligible
2721,7993,2025-03-16,58,0,new,Changed mind,ineligible
2722,5025,2024-06-21,37,1,tried-on,Defective,ineligible
2723,12917,2025-10-31,30,1,tried-on,No reason,eligible
2724,7127,2024-01-18,31,1,new,Too large,needs_review
2725,9176,2024-11-03,28,1,tried-on,Changed mind,ineligible
2726,685,2025-07-28,7,0,new,Wrong item,needs_review
2727,13512,2024-10-23,10,1,tried-on,Too small,eligible
2728,6423,2025-04-04,0,1,new,Wrong item,eligible
2729,2239,2024-07-29,2,1,new,Wrong item,eligible
2730,10904,2024-02-08,4,1,new,Defective,eligible
2731,5520,2025-12-03,55,1,new,Defective,ineligible
2732,2480,2025-05-11,5,1,new,Too small,eligible
2733,9704,2025-10-18,5,1,new,Changed mind,eligible
2734,7805,2025-01-06,7,1,tried-on,No reason,eligible
2735,10816,2024-03-30,33,0,tried-on,Too large,ineligible
2736,3574,2024-04-30,16,1,new,Too small,eligible
2737,15708,2025-01-26,6,1,new,Too small,eligible
2738,15822,2024-10-05,0,1,tried-on,Wrong item,eligible
2739,9447,2025-09-25,21,1,new,Too small,eligible
2740,2216,2025-01-26,24,1,tried-on,Changed mind,ineligible
2741,11748,2025-09-11,23,1,new,Too small,ineligible
2742,7464,2023-11-28,14,0,worn,Too large,ineligible
2743,2980,2025-09-05,10,1,new,Changed mind,eligible
2744,12025,2024-11-12,2,1,new,Too small,eligible
2745,14155,2025-04-25,30,1,tried-on,Too small,ineligible
2746,11513,2025-02-11,52,1,new,Wrong item,ineligible
2747,6224,2024-02-02,59,1,new,No reason,eligible
2748,3983,2025-08-24,2,1,new,Wrong item,eligible
2749,12684,2024-05-25,49,1,new,Changed mind,ineligible
2750,4933,2024-04-21,40,1,new,Too small,ineligible
2751,13060,2025-03-21,2,1,tried-on,No reason,eligible
2752,6390,2025-02-01,52,1,new,No reason,ineligible
2753,2925,2025-09-30,35,1,tried-on,Changed mind,ineligible
2754,8076,2025-09-03,27,0,tried-on,No reason,ineligible
2755,13375,2025-03-15,35,1,new,Defective,ineligible
2756,544,2024-10-23,52,1,new,Too large,ineligible
2757,43,2025-09-15,1,1,new,Too small,eligible
2758,9193,2024-05-16,4,1,tried-on,Changed mind,eligible
2759,5708,2024-05-16,55,1,new,Changed mind,ineligible
2760,66,2025-08-18,4,1,new,Too small,eligible
2761,120,2025-04-15,17,1,tried-on,Changed mind,eligible
2762,13226,2024-02-16,40,1,new,Wrong item,ineligible
2763,9571,2024-06-06,8,1,new,Too small,eligible
2764,10289,2025-03-15,14,1,worn,No reason,ineligible
2765,15493,2024-09-28,55,1,new,Defective,eligible
2766,3871,2023-11-23,2,0,new,Too small,needs_review
2767,9922,2025-04-05,56,1,tried-on,Too large,ineligible
2768,657,2024-07-13,38,1,new,Changed mind,ineligible
2769,14045,2024-06-07,53,1,tried-on,Changed mind,ineligible
2770,11516,2025-02-13,28,1,new,Changed mind,eligible
2771,7718,2024-02-19,19,1,new,Changed mind,needs_review
2772,216,2025-10-28,41,1,new,Wrong item,ineligible
2773,7714,2025-04-08,50,1,new,Too large,ineligible
2774,420,2024-11-07,27,1,tried-on,No reason,ineligible
2775,10560,2024-07-28,41,1,tried-on,Too large,ineligible
2776,5323,2025-11-14,40,1,new,Changed mind,eligible
2777,12982,2025-05-01,2,1,new,No reason,eligible
2778,5582,2023-11-19,4,1,new,No reason,eligible
2779,7986,2025-09-27,54,1,new,Too large,ineligible
2780,11347,2024-06-12,27,1,new,Changed mind,eligible
2781,14187,2024-06-18,11,1,tried-on,Too large,ineligible
2782,5095,2024-01-15,34,1,worn,No reason,ineligible
2783,6463,2024-11-25,18,1,worn,Defective,ineligible
2784,4299,2024-03-16,11,1,new,Too large,eligible
2785,4363,2023-12-21,37,1,new,No reason,ineligible
2786,10792,2024-10-23,18,1,new,Defective,eligible
2787,8528,2025-08-09,29,1,new,Too large,ineligible
2788,8626,2024-01-14,54,1,new,Defective,ineligible
2789,13692,2025-07-25,43,1,new,Wrong item,ineligible
2790,6075,2024-06-25,54,1,new,Too small,ineligible
2791,12956,2024-03-20,28,1,new,Too small,ineligible
2792,710,2024-05-23,27,1,new,Too large,eligible
2793,4825,2024-05-11,18,0,tried-on,Too large,needs_review
2794,2836,2024-02-27,27,1,new,Wrong item,eligible
2795,4095,2025-05-30,9,1,new,No reason,eligible
2796,12510,2024-08-17,28,1,tried-on,Changed mind,eligible
2797,10690,2025-08-01,37,1,new,Changed mind,needs_review
2798,2550,2024-10-30,50,0,new,Wrong item,ineligible
2799,8476,2025-12-09,53,1,new,No reason,eligible
2800,956,2025-01-10,37,1,new,No reason,ineligible
2801,2248,2025-04-09,14,1,new,Changed mind,eligible
2802,13224,2024-01-30,23,1,new,Too large,eligible
2803,14155,2025-05-20,55,0,new,Defective,ineligible
2804,10766,2024-12-28,11,1,tried-on,Too small,eligible
2805,7997,2024-03-04,14,1,new,Too small,eligible
2806,13233,2024-07-22,56,1,new,Wrong item,ineligible
2807,2435,2023-12-11,24,1,new,Too small,ineligible
2808,4085,2024-05-30,25,1,new,Too small,ineligible
2809,2382,2024-09-21,0,1,tried-on,Too large,eligible
2810,4298,2024-03-11,6,1,tried-on,No reason,eligible
2811,4734,2025-02-20,58,1,worn,Defective,ineligible
2812,5979,2025-07-01,44,1,new,Too large,ineligible
2813,3388,2025-06-08,7,1,new,No reason,eligible
2814,6232,2024-04-20,25,1,new,Too large,ineligible
2815,15430,2025-10-21,2,1,new,Too small,eligible
2816,8910,2024-04-03,9,1,new,Wrong item,eligible
2817,12154,2025-03-13,52,1,new,No reason,ineligible
2818,10693,2024-05-25,18,1,new,Defective,needs_review
2819,12633,2024-12-28,52,1,tried-on,Changed mind,ineligible
2820,14814,2024-09-24,8,1,new,Wrong item,eligible
2821,3566,2024-07-14,41,1,new,Changed mind,eligible
2822,12425,2024-11-23,40,0,tried-on,Defective,ineligible
2823,9516,2024-10-25,30,0,new,No reason,ineligible
2824,10622,2024-11-09,22,1,tried-on,Changed mind,eligible
2825,8552,2025-06-28,15,1,tried-on,Changed mind,needs_review
2826,11162,2024-02-10,10,1,tried-on,No reason,eligible
2827,15776,2024-07-07,50,1,new,Defective,eligible
2828,11126,2025-07-27,24,1,tried-on,Too large,ineligible
2829,1064,2024-03-16,38,1,new,Defective,ineligible
2830,8351,2025-06-25,42,1,worn,Changed mind,ineligible
2831,11163,2024-11-09,10,1,tried-on,Too large,eligible
2832,9431,2024-08-18,33,1,new,Defective,needs_review
2833,2017,2025-06-28,8,1,new,Too large,eligible
2834,11830,2024-02-07,9,0,tried-on,Too large,needs_review
2835,5287,2024-12-10,5,1,new,Too small,eligible
2836,12499,2024-09-02,35,1,new,Wrong item,needs_review
2837,9662,2024-12-30,19,1,worn,Too small,ineligible
2838,14568,2025-01-20,42,1,new,Too large,ineligible
2839,12039,2025-12-01,26,1,tried-on,Wrong item,ineligible
2840,10616,2023-11-23,5,1,new,No reason,eligible
2841,481,2025-01-13,26,1,new,Changed mind,eligible
2842,9386,2025-10-08,8,1,new,Changed mind,eligible
2843,500,2024-10-21,21,1,new,Defective,eligible
2844,7966,2025-02-15,21,1,new,Too large,eligible
2845,12902,2025-03-04,35,1,new,Defective,needs_review
2846,11407,2024-12-06,10,1,new,Changed mind,eligible
2847,8855,2024-04-23,47,1,tried-on,Too small,ineligible
2848,7647,2023-12-25,21,1,worn,No reason,ineligible
2849,14090,2025-08-12,12,1,new,Defective,eligible
2850,7300,2025-09-24,36,1,new,No reason,needs_review
2851,12074,2024-07-31,15,1,new,Too large,eligible
2852,8463,2024-04-30,24,0,new,Too large,ineligible
2853,6365,2024-01-09,31,1,new,Too small,needs_review
2854,5387,2025-04-18,7,0,new,No reason,needs_review
2855,8207,2025-05-10,30,1,tried-on,Changed mind,eligible
2856,1189,2025-07-10,47,1,tried-on,No reason,eligible
2857,14788,2025-10-21,26,1,tried-on,Changed mind,eligible
2858,8958,2025-08-12,45,0,worn,Too small,ineligible
2859,11029,2024-02-17,58,1,damaged,Defective,ineligible
2860,10560,2024-06-27,10,0,new,Too small,needs_review
2861,9504,2025-09-30,7,1,new,No reason,eligible
2862,9116,2025-05-06,45,1,tried-on,No reason,ineligible
2863,14378,2025-02-06,22,1,new,Defective,eligible
2864,8229,2025-05-05,2,0,new,Too small,ineligible
2865,1212,2024-04-26,59,1,worn,Wrong item,ineligible
2866,13957,2024-12-25,28,1,tried-on,Changed mind,ineligible
2867,4731,2025-02-21,47,1,tried-on,No reason,ineligible
2868,12339,2025-01-05,3,1,tried-on,Wrong item,eligible
2869,6909,2024-05-11,3,1,tried-on,Too large,eligible
2870,13274,2025-08-24,32,1,tried-on,Changed mind,ineligible
2871,13077,2024-01-17,26,1,worn,Too large,ineligible
2872,5916,2024-11-05,9,1,new,Too large,eligible
2873,3978,2025-10-28,1,1,new,Too large,eligible
2874,781,2024-06-09,2,1,tried-on,Changed mind,eligible
2875,4937,2024-06-04,41,1,new,Too large,ineligible
2876,14203,2024-08-15,55,0,new,Wrong item,ineligible
2877,3376,2025-02-15,38,1,tried-on,No reason,ineligible
2878,15176,2025-08-07,49,1,damaged,Wrong item,ineligible
2879,8825,2025-06-04,37,1,new,Wrong item,ineligible
2880,13501,2025-02-04,39,1,damaged,No reason,ineligible
2881,11677,2025-08-09,45,1,tried-on,Defective,ineligible
2882,13708,2025-08-24,21,1,new,Changed mind,needs_review
2883,9704,2025-11-08,26,1,new,Too small,ineligible
2884,14763,2025-01-07,41,1,new,Too large,ineligible
2885,7110,2023-12-30,39,1,worn,Too small,ineligible
2886,12146,2025-02-09,54,1,tried-on,No reason,eligible
2887,11157,2024-07-02,40,1,new,Changed mind,ineligible
2888,11775,2025-04-05,6,1,new,Too small,eligible
2889,15767,2024-02-26,8,1,new,Wrong item,eligible
2890,12329,2025-03-13,48,0,tried-on,No reason,ineligible
2891,740,2025-05-14,32,1,new,No reason,ineligible
2892,11085,2024-11-19,46,1,damaged,Wrong item,ineligible
2893,13087,2024-02-05,46,1,new,No reason,ineligible
2894,10333,2025-07-28,51,1,new,Too small,ineligible
2895,152,2024-11-26,58,1,new,Wrong item,ineligible
2896,3157,2025-07-26,22,1,worn,Changed mind,ineligible
2897,15224,2024-04-15,16,1,tried-on,Changed mind,eligible
2898,8465,2025-11-29,58,1,tried-on,Changed mind,ineligible
2899,15465,2025-02-01,50,1,tried-on,No reason,eligible
2900,6789,2025-06-29,5,1,new,Too large,eligible
2901,1975,2025-04-22,55,1,tried-on,Changed mind,ineligible
2902,5770,2024-01-20,0,1,new,Too large,eligible
2903,4726,2024-07-20,35,1,new,Changed mind,needs_review
2904,15851,2025-09-26,39,0,new,Defective,needs_review
2905,1275,2024-01-20,59,1,new,No reason,ineligible
2906,3295,2024-04-14,25,1,new,Too small,eligible
2907,2463,2025-08-22,27,1,new,Changed mind,ineligible
2908,2233,2024-09-25,2,1,tried-on,Wrong item,eligible
2909,6632,2024-01-19,28,1,new,Defective,eligible
2910,5887,2025-09-07,10,1,new,Changed mind,eligible
2911,7529,2024-06-18,32,1,new,Changed mind,needs_review
2912,11507,2024-02-06,21,1,new,Wrong item,needs_review
2913,2558,2025-10-29,47,1,new,Too small,ineligible
2914,8363,2024-05-09,26,1,new,No reason,eligible
2915,9086,2024-01-04,17,1,new,Too large,eligible
2916,13120,2023-11-22,11,1,new,Too small,eligible
2917,5660,2025-11-24,18,1,new,Too small,needs_review
2918,8913,2025-10-23,43,1,new,Defective,ineligible
2919,7376,2025-03-09,6,1,new,No reason,eligible
2920,2908,2025-08-15,2,1,new,Too large,eligible
2921,15209,2025-11-19,18,1,new,Wrong item,eligible
2922,286,2024-05-11,44,1,new,Too large,ineligible
2923,5074,2024-05-29,53,1,tried-on,Defective,eligible
2924,6531,2024-03-18,11,1,new,Wrong item,eligible
2925,7036,2024-08-08,39,1,new,Too large,ineligible
2926,13656,2025-11-08,10,1,new,Too small,ineligible
2927,2288,2024-03-23,52,1,new,Too large,ineligible
2928,966,2024-01-07,26,1,new,Too large,ineligible
2929,4768,2024-07-03,4,1,new,Changed mind,eligible
2930,1237,2024-12-26,50,1,new,Too small,ineligible
2931,5720,2025-10-04,3,1,tried-on,Too large,eligible
2932,873,2025-02-27,8,1,new,Too small,eligible
2933,12768,2024-05-29,26,1,tried-on,Changed mind,eligible
2934,9379,2025-05-18,21,1,worn,Too large,ineligible
2935,4490,2024-11-28,40,1,new,Wrong item,ineligible
2936,11153,2025-08-20,44,1,new,Too small,eligible
2937,14142,2025-02-10,4,1,new,Too small,eligible
2938,1416,2025-01-14,57,0,damaged,Too small,ineligible
2939,11808,2025-02-18,47,1,new,Defective,ineligible
2940,4679,2024-06-11,1,1,new,Too small,eligible
2941,10398,2025-07-02,34,1,new,Too small,needs_review
2942,10935,2024-06-01,45,1,new,Too small,ineligible
2943,14928,2024-10-10,31,1,tried-on,Changed mind,needs_review
2944,5701,2025-04-20,57,1,tried-on,Too small,ineligible
2945,5843,2024-12-04,21,1,tried-on,No reason,needs_review
2946,11626,2025-08-10,23,1,new,Defective,eligible
2947,14378,2025-03-09,53,1,new,Defective,ineligible
2948,758,2025-04-14,18,1,new,Too large,ineligible
2949,9508,2025-07-29,48,1,new,No reason,ineligible
2950,5856,2025-01-14,15,1,new,Too small,ineligible
2951,3821,2024-01-21,41,1,damaged,Wrong item,ineligible
2952,5146,2025-11-01,19,1,new,Defective,needs_review
2953,8821,2024-07-01,48,1,tried-on,Changed mind,ineligible
2954,13497,2024-06-30,35,1,damaged,Too small,ineligible
2955,13806,2024-10-11,33,1,worn,Defective,ineligible
2956,154,2025-07-18,8,1,new,Too large,eligible
2957,12045,2024-12-02,9,1,new,Too small,eligible
2958,1623,2025-04-10,37,1,worn,Too small,ineligible
2959,6554,2025-09-30,8,1,new,Defective,eligible
2960,14310,2025-10-25,54,1,new,Wrong item,eligible
2961,15119,2025-12-18,46,1,new,Too small,ineligible
2962,12539,2024-12-23,47,1,tried-on,Too small,ineligible
2963,7451,2025-02-13,47,0,new,Changed mind,ineligible
2964,4928,2025-10-15,4,1,new,Defective,eligible
2965,2759,2024-02-05,10,1,tried-on,No reason,eligible
2966,6391,2025-04-11,34,1,new,Defective,ineligible
2967,3878,2025-09-26,25,1,new,Too small,eligible
2968,9159,2025-01-03,37,1,new,Wrong item,needs_review
2969,2706,2024-09-09,12,1,new,Changed mind,eligible
2970,5232,2023-12-05,12,1,new,Defective,eligible
2971,1627,2024-01-13,27,1,new,Defective,eligible
2972,2947,2024-10-27,1,1,new,Too large,ineligible
2973,4579,2025-09-07,1,1,new,Defective,eligible
2974,7841,2024-08-04,4,1,new,Wrong item,eligible
2975,11635,2024-12-27,49,0,tried-on,Changed mind,ineligible
2976,15746,2024-12-02,50,1,worn,Changed mind,ineligible
2977,269,2025-08-28,50,1,new,Wrong item,ineligible
2978,2865,2024-04-29,35,1,new,Too large,needs_review
2979,1204,2025-10-05,17,1,new,Defective,needs_review
2980,679,2024-09-19,55,1,new,No reason,ineligible
2981,1337,2024-03-30,9,1,new,Too small,eligible
2982,12138,2024-03-05,0,1,new,No reason,eligible
2983,13733,2024-06-23,59,1,new,Changed mind,ineligible
2984,11600,2025-10-10,18,1,tried-on,Wrong item,needs_review
2985,6294,2024-11-03,21,1,new,Wrong item,eligible
2986,13951,2025-04-28,20,0,tried-on,Too small,needs_review
2987,9009,2023-11-19,10,0,new,Wrong item,needs_review
2988,11685,2024-12-21,36,0,new,Too small,ineligible
2989,12229,2024-10-06,26,0,new,Too small,ineligible
2990,13085,2024-12-31,56,1,new,Changed mind,eligible
2991,9991,2025-01-24,16,1,new,No reason,ineligible
2992,4485,2024-01-16,43,1,new,No reason,ineligible
2993,13963,2025-01-19,43,1,new,Too large,ineligible
2994,7494,2025-02-14,6,1,new,No reason,eligible
2995,12943,2025-03-17,5,1,new,Too small,eligible
2996,1074,2025-09-17,19,1,new,Too small,needs_review
2997,12761,2024-03-20,52,1,new,Wrong item,ineligible
2998,9335,2025-01-22,32,1,new,Changed mind,ineligible
2999,2482,2024-04-09,26,1,worn,Wrong item,ineligible
3000,9848,2024-05-01,21,1,new,No reason,needs_review
3001,8780,2024-03-12,38,1,new,Too small,ineligible
3002,13972,2025-03-19,34,1,tried-on,Changed mind,ineligible
3003,1216,2024-11-10,11,1,tried-on,Defective,ineligible
3004,5576,2025-10-08,45,1,new,Too small,ineligible
3005,7838,2025-07-11,7,1,new,Too small,ineligible
3006,2687,2024-09-27,14,1,new,Defective,ineligible
3007,11489,2025-02-15,12,1,new,Wrong item,eligible
3008,6129,2023-12-22,34,1,new,Wrong item,eligible
3009,6236,2025-03-13,38,0,tried-on,Changed mind,ineligible
3010,5063,2025-09-11,34,0,new,Changed mind,ineligible
3011,10278,2024-02-03,33,1,new,Too large,ineligible
3012,5375,2024-08-27,17,1,new,No reason,eligible
3013,3392,2025-08-15,23,1,tried-on,No reason,ineligible
3014,9148,2024-12-09,26,1,tried-on,Wrong item,eligible
3015,5576,2025-10-17,54,1,tried-on,Defective,ineligible
3016,10898,2025-03-30,40,1,new,Changed mind,eligible
3017,4572,2025-07-08,46,1,tried-on,Too small,ineligible
3018,8424,2025-02-22,49,1,worn,Wrong item,ineligible
3019,4567,2024-03-02,5,1,new,Wrong item,eligible
3020,8712,2024-06-22,40,1,worn,Too large,ineligible
3021,12241,2024-11-27,25,1,tried-on,Too large,eligible
3022,6314,2024-12-17,4,1,new,Defective,eligible
3023,7830,2024-07-22,5,1,new,Too large,eligible
3024,4645,2025-07-11,22,1,new,Too large,eligible
3025,1513,2025-03-27,24,1,new,No reason,eligible
3026,14319,2024-11-14,1,0,worn,Defective,ineligible
3027,934,2024-11-11,51,1,new,Changed mind,ineligible
3028,6323,2025-12-29,56,1,tried-on,No reason,ineligible
3029,13951,2025-05-05,27,1,new,No reason,ineligible
3030,1000,2024-05-19,15,1,new,Too small,eligible
3031,64,2025-08-19,5,1,new,Wrong item,ineligible
3032,13408,2024-04-01,6,0,tried-on,Too large,needs_review
3033,3151,2025-05-30,47,1,tried-on,Defective,ineligible
3034,15337,2025-05-31,50,1,tried-on,Too large,ineligible
3035,7515,2024-01-08,32,1,new,Defective,ineligible
3036,10035,2024-01-24,36,1,new,No reason,needs_review
3037,13308,2025-04-07,27,1,new,Changed mind,ineligible
3038,12541,2025-09-02,46,1,new,Wrong item,ineligible
3039,12095,2024-06-16,27,0,new,Defective,needs_review
3040,15585,2024-11-20,41,1,new,Changed mind,ineligible
3041,6647,2025-03-14,28,1,new,No reason,ineligible
3042,3557,2025-07-28,0,1,tried-on,Too small,eligible
3043,10768,2025-11-05,11,0,new,Too small,needs_review
3044,14992,2024-10-30,9,1,new,Wrong item,eligible
3045,1129,2024-02-19,52,1,new,Wrong item,ineligible
3046,4120,2024-12-06,32,0,tried-on,Changed mind,ineligible
3047,13763,2024-07-16,44,1,new,Changed mind,eligible
3048,14347,2023-11-29,14,1,worn,Wrong item,ineligible
3049,12512,2025-06-08,47,1,new,Wrong item,eligible
3050,5173,2025-05-09,7,1,new,Too large,eligible
3051,12069,2024-09-05,24,1,new,Changed mind,ineligible
3052,13279,2025-04-20,27,1,new,Defective,eligible
3053,13140,2024-02-29,4,1,tried-on,No reason,eligible
3054,13312,2025-02-20,48,1,tried-on,No reason,ineligible
3055,5706,2025-03-08,23,1,tried-on,Changed mind,ineligible
3056,10006,2025-02-10,21,1,new,No reason,eligible
3057,619,2024-03-11,10,1,worn,Wrong item,ineligible
3058,9325,2024-11-14,49,1,new,Too large,ineligible
3059,5387,2025-05-21,40,1,new,Too small,ineligible
3060,316,2025-04-22,42,1,new,Defective,ineligible
3061,1102,2024-08-10,56,1,new,Defective,ineligible
3062,10800,2025-12-14,37,1,new,Wrong item,ineligible
3063,4512,2024-11-21,32,1,new,Too large,needs_review
3064,8150,2025-07-22,21,1,tried-on,Too large,eligible
3065,10241,2024-07-09,51,1,new,Defective,eligible
3066,5780,2025-02-02,34,1,new,No reason,ineligible
3067,9242,2025-01-14,32,1,new,Changed mind,ineligible
3068,10817,2025-03-21,13,1,new,Wrong item,eligible
3069,4061,2025-03-17,13,1,tried-on,Too large,eligible
3070,9793,2025-02-20,19,1,new,Defective,ineligible
3071,7435,2024-11-24,2,1,new,Defective,eligible
3072,6356,2025-06-17,29,1,worn,Defective,ineligible
3073,2685,2024-09-17,4,1,new,Defective,eligible
3074,222,2025-12-19,59,0,new,Too small,ineligible
3075,14357,2024-11-25,48,0,worn,Wrong item,ineligible
3076,4378,2025-04-25,40,1,new,Wrong item,ineligible
3077,14896,2024-08-06,14,1,tried-on,Too small,eligible
3078,7604,2025-11-06,18,1,new,Changed mind,eligible
3079,376,2024-04-08,47,0,damaged,Too small,ineligible
3080,12929,2024-12-30,9,1,new,Wrong item,eligible
3081,5747,2024-09-07,39,1,new,Too large,ineligible
3082,12006,2024-02-19,54,1,new,Changed mind,ineligible
3083,13604,2025-03-06,47,1,new,Changed mind,ineligible
3084,5561,2024-09-04,23,1,new,No reason,ineligible
3085,14728,2024-11-03,41,1,new,Too large,ineligible
3086,8377,2025-03-28,31,1,new,Changed mind,needs_review
3087,4046,2024-01-23,59,1,new,Changed mind,ineligible
3088,13673,2025-09-15,13,1,new,Changed mind,eligible
3089,4549,2024-07-13,6,1,new,Wrong item,eligible
3090,11820,2025-02-17,30,1,new,Too small,eligible
3091,10578,2025-06-24,15,1,worn,Too large,ineligible
3092,11901,2024-08-08,43,1,new,Changed mind,ineligible
3093,2032,2025-06-04,17,1,new,Changed mind,eligible
3094,5011,2024-03-24,59,1,damaged,No reason,ineligible
3095,13717,2025-08-27,4,1,new,No reason,eligible
3096,2072,2024-09-14,58,1,new,Defective,ineligible
3097,3706,2024-10-14,56,1,worn,Defective,ineligible
3098,10731,2025-08-21,10,1,new,Wrong item,eligible
3099,4290,2024-01-19,59,1,new,Changed mind,eligible
3100,6598,2024-06-08,13,1,new,Changed mind,eligible
3101,14628,2024-12-05,0,1,new,No reason,eligible
3102,8984,2024-10-11,27,1,new,Defective,ineligible
3103,7869,2025-06-12,9,1,tried-on,Too large,eligible
3104,13393,2025-07-12,32,0,tried-on,Changed mind,ineligible
3105,3576,2025-04-16,25,1,new,Defective,ineligible
3106,2039,2025-05-30,20,1,new,No reason,eligible
3107,139,2025-04-09,1,1,new,Changed mind,eligible
3108,7398,2025-06-27,26,1,new,Defective,ineligible
3109,5057,2025-03-02,59,1,worn,Too large,ineligible
3110,1930,2025-06-14,33,1,tried-on,No reason,eligible
3111,15903,2025-04-16,8,1,new,No reason,eligible
3112,6268,2025-05-04,51,0,new,No reason,ineligible
3113,5089,2025-06-05,45,1,worn,Too large,ineligible
3114,332,2024-10-23,13,1,tried-on,Wrong item,eligible
3115,1323,2024-08-08,41,1,new,No reason,ineligible
3116,4267,2024-07-21,22,1,worn,Too small,ineligible
3117,13966,2025-01-29,42,1,worn,Defective,ineligible
3118,10252,2025-10-06,50,1,new,Too large,ineligible
3119,10585,2024-07-11,59,1,new,Wrong item,ineligible
3120,14611,2025-10-10,17,1,tried-on,Defective,eligible
3121,1035,2024-12-02,18,0,new,No reason,needs_review
3122,8671,2024-06-06,33,1,tried-on,No reason,ineligible
3123,6459,2025-04-18,32,1,tried-on,Defective,needs_review
3124,4333,2025-01-07,59,1,tried-on,Too large,ineligible
3125,193,2024-04-01,44,1,new,Too large,ineligible
3126,559,2024-07-15,21,1,new,Too small,eligible
3127,10227,2024-03-04,4,0,new,Changed mind,needs_review
3128,3236,2024-09-30,55,1,tried-on,Changed mind,ineligible
3129,571,2025-09-08,48,1,new,Wrong item,ineligible
3130,15591,2025-07-08,1,1,new,Wrong item,eligible
3131,15650,2025-04-25,12,1,tried-on,Changed mind,eligible
3132,6865,2024-12-10,13,1,new,Too small,eligible
3133,4107,2024-07-11,37,1,new,Wrong item,ineligible
3134,7936,2024-02-14,1,0,new,Changed mind,ineligible
3135,7269,2024-08-28,20,1,new,Too large,eligible
3136,11299,2024-08-27,14,1,tried-on,Changed mind,eligible
3137,11881,2025-05-12,41,1,tried-on,Too small,ineligible
3138,12038,2024-04-04,26,1,new,Wrong item,eligible
3139,343,2025-04-25,1,1,new,Too large,ineligible
3140,12167,2025-08-07,16,1,tried-on,Changed mind,needs_review
3141,582,2024-05-14,12,1,new,Too large,eligible
3142,274,2025-04-25,47,1,new,Wrong item,ineligible
3143,12162,2024-04-21,56,1,damaged,Too small,ineligible
3144,13319,2025-01-06,20,1,new,No reason,eligible
3145,6589,2024-11-28,14,1,new,Wrong item,eligible
3146,1861,2025-09-29,28,1,new,Changed mind,eligible
3147,9162,2025-06-10,36,1,new,Too small,ineligible
3148,14351,2024-10-19,12,1,tried-on,Wrong item,eligible
3149,9037,2024-05-19,35,1,new,Wrong item,ineligible
3150,11312,2024-09-10,45,1,new,Wrong item,ineligible
3151,13051,2024-10-23,47,1,new,No reason,ineligible
3152,4125,2025-10-24,25,1,tried-on,Too large,ineligible
3153,2854,2025-07-07,3,0,new,No reason,needs_review
3154,9480,2025-11-12,48,1,new,Wrong item,ineligible
3155,8898,2025-10-05,28,1,tried-on,Changed mind,ineligible
3156,2667,2025-03-15,24,0,new,No reason,ineligible
3157,12328,2025-01-30,6,1,tried-on,No reason,eligible
3158,2673,2025-07-04,17,1,new,Changed mind,eligible
3159,9695,2024-09-25,51,1,tried-on,Wrong item,ineligible
3160,12401,2025-08-09,20,1,tried-on,No reason,ineligible
3161,10919,2024-06-24,38,1,new,Changed mind,ineligible
3162,1935,2025-04-27,7,1,tried-on,Too small,ineligible
3163,3349,2025-04-28,54,1,new,Wrong item,ineligible
3164,2271,2025-11-21,14,1,new,Too small,eligible
3165,3282,2025-04-22,27,1,tried-on,Changed mind,eligible
3166,12046,2024-12-12,19,1,new,Too small,eligible
3167,6814,2024-11-29,7,1,new,Wrong item,eligible
3168,6445,2025-07-05,40,1,new,No reason,ineligible
3169,13269,2025-06-27,30,1,new,Defective,eligible
3170,5551,2024-09-13,38,1,new,Wrong item,ineligible
3171,1146,2025-10-23,9,1,new,Changed mind,eligible
3172,7533,2025-02-17,20,1,new,Changed mind,eligible
3173,14387,2025-06-26,34,1,new,No reason,ineligible
3174,565,2025-01-31,37,0,new,Changed mind,needs_review
3175,15931,2024-01-10,37,1,new,No reason,needs_review
3176,13623,2025-02-19,54,1,new,Changed mind,eligible
3177,10381,2024-04-22,3,1,new,Too small,eligible
3178,456,2025-11-09,56,1,new,Too large,ineligible
3179,8561,2025-05-18,57,1,worn,Too large,ineligible
3180,10397,2025-06-12,14,1,worn,Defective,ineligible
3181,7629,2024-12-23,12,1,new,Too large,eligible
3182,6208,2025-03-23,6,1,tried-on,Defective,eligible
3183,11559,2024-09-11,40,1,new,Too small,ineligible
3184,15113,2024-10-19,16,1,new,Wrong item,needs_review
3185,11440,2025-02-11,0,1,new,Wrong item,ineligible
3186,9227,2025-10-22,16,1,new,Changed mind,needs_review
3187,8501,2024-01-05,23,1,new,Too large,eligible
3188,12383,2025-08-11,59,1,new,Too large,ineligible
3189,10068,2024-05-31,50,1,new,Wrong item,ineligible
3190,11376,2025-05-24,49,1,new,Too small,ineligible
3191,9366,2024-04-30,41,1,tried-on,Changed mind,eligible
3192,977,2024-06-16,36,1,new,No reason,needs_review
3193,15463,2024-12-19,33,1,tried-on,Wrong item,needs_review
3194,10783,2024-12-14,7,1,new,No reason,eligible
3195,13540,2025-04-29,40,1,new,No reason,ineligible
3196,5903,2025-11-23,25,1,worn,Defective,ineligible
3197,2941,2025-06-28,38,1,new,Defective,ineligible
3198,7179,2024-11-05,46,1,new,Too small,ineligible
3199,5272,2023-12-18,18,1,worn,Too large,ineligible
3200,10226,2024-03-13,13,1,tried-on,Defective,eligible
3201,10601,2025-09-09,12,1,tried-on,No reason,eligible
3202,13880,2024-12-20,48,1,new,Too small,ineligible
3203,124,2024-10-04,49,1,new,Defective,ineligible
3204,3304,2025-11-06,38,1,tried-on,Defective,ineligible
3205,5668,2024-08-18,42,1,tried-on,Wrong item,ineligible
3206,13941,2025-08-28,1,1,new,No reason,eligible
3207,15499,2024-01-04,3,1,new,Changed mind,eligible
3208,12477,2024-02-21,2,1,new,Wrong item,eligible
3209,2593,2025-07-05,11,1,new,Changed mind,eligible
3210,4314,2024-07-23,9,1,new,Wrong item,eligible
3211,12333,2024-04-25,34,1,new,Defective,ineligible
3212,8335,2024-03-30,50,1,tried-on,Changed mind,ineligible
3213,192,2024-03-05,17,1,new,Wrong item,eligible
3214,10759,2025-03-29,33,1,new,Wrong item,needs_review
3215,12820,2025-11-08,56,1,new,Too small,ineligible
3216,12805,2024-02-18,41,1,new,No reason,ineligible
3217,9977,2024-09-08,39,0,new,Defective,ineligible
3218,2460,2025-09-11,32,1,new,Wrong item,needs_review
3219,5303,2025-10-24,15,1,new,Too small,eligible
3220,8608,2025-05-22,29,1,new,Too large,ineligible
3221,10705,2025-07-09,3,1,new,Too large,eligible
3222,14056,2024-05-14,22,1,new,Changed mind,ineligible
3223,8001,2025-01-11,41,1,new,Wrong item,ineligible
3224,4201,2025-10-19,2,1,tried-on,Changed mind,ineligible
3225,10418,2024-04-21,53,1,new,Too small,ineligible
3226,10888,2024-11-19,10,1,new,Too small,eligible
3227,13399,2024-07-03,11,1,worn,No reason,ineligible
3228,3955,2025-12-06,28,0,worn,No reason,ineligible
3229,9622,2025-02-09,27,1,new,Wrong item,ineligible
3230,4490,2024-12-06,48,1,new,Too small,ineligible
3231,2243,2025-06-17,18,1,new,Wrong item,ineligible
3232,2281,2025-07-20,58,1,new,Wrong item,eligible
3233,15221,2024-02-09,9,1,tried-on,No reason,eligible
3234,13225,2024-01-12,5,1,new,Too small,eligible
3235,13755,2024-04-26,4,1,tried-on,Changed mind,eligible
3236,2859,2024-03-31,36,1,new,Wrong item,needs_review
3237,5082,2025-08-14,55,1,new,No reason,ineligible
3238,9861,2024-12-15,54,1,tried-on,Wrong item,ineligible
3239,1164,2024-11-22,26,1,new,Changed mind,eligible
3240,15010,2024-10-14,16,1,new,Too small,ineligible
3241,4174,2024-09-21,41,1,new,Defective,ineligible
3242,15256,2024-03-04,15,1,tried-on,Changed mind,eligible
3243,12802,2025-01-13,41,1,new,Changed mind,ineligible
3244,8744,2025-09-08,8,1,tried-on,No reason,eligible
3245,1248,2025-01-29,35,1,new,Wrong item,ineligible
3246,14436,2024-04-15,31,1,tried-on,Too small,needs_review
3247,11763,2025-12-11,39,1,new,Too small,ineligible
3248,10076,2024-03-01,28,1,new,Too large,eligible
3249,9832,2025-06-15,46,1,new,No reason,ineligible
3250,10955,2024-06-23,7,1,new,Too large,eligible
3251,12875,2024-10-06,30,1,new,Too small,ineligible
3252,7723,2024-12-08,57,1,new,Changed mind,ineligible
3253,1825,2025-07-11,32,1,new,Too large,ineligible
3254,4013,2025-10-28,51,1,tried-on,Defective,ineligible
3255,9836,2025-09-21,58,0,tried-on,Too small,needs_review
3256,15796,2024-03-13,39,1,new,No reason,ineligible
3257,5424,2025-05-23,21,0,new,Too large,needs_review
3258,12669,2025-02-09,5,1,new,Wrong item,eligible
3259,10211,2025-08-25,3,1,new,Too small,eligible
3260,10259,2024-12-03,12,1,damaged,Too large,ineligible
3261,11141,2024-09-10,43,1,new,Defective,ineligible
3262,2493,2024-07-25,9,1,new,Changed mind,eligible
3263,4315,2024-03-14,24,1,tried-on,Wrong item,eligible
3264,14504,2025-10-24,22,1,tried-on,Too large,eligible
3265,13299,2024-08-11,28,1,new,Wrong item,eligible
3266,15306,2025-09-30,21,1,new,Changed mind,eligible
3267,6597,2024-06-14,28,1,worn,Defective,ineligible
3268,7793,2025-04-30,52,0,new,Too large,ineligible
3269,3126,2024-02-07,35,1,new,Too large,needs_review
3270,4107,2024-07-11,37,1,tried-on,Wrong item,ineligible
3271,3872,2023-11-22,1,1,tried-on,Changed mind,ineligible
3272,8298,2025-06-10,51,1,new,Too large,ineligible
3273,15493,2024-08-12,8,1,worn,Too small,ineligible
3274,5707,2024-02-04,16,1,new,Changed mind,eligible
3275,85,2025-12-21,53,1,tried-on,Too small,ineligible
3276,6517,2024-02-03,0,1,new,Defective,eligible
3277,5701,2025-04-10,47,1,tried-on,Defective,ineligible
3278,11619,2024-04-09,34,1,tried-on,Changed mind,needs_review
3279,9112,2025-08-06,24,1,tried-on,Wrong item,eligible
3280,4069,2025-01-03,32,1,new,No reason,ineligible
3281,4710,2024-08-22,6,1,new,Too large,eligible
3282,12929,2025-01-16,26,1,tried-on,Too large,eligible
3283,7146,2024-05-08,48,1,new,Changed mind,ineligible
3284,1590,2024-08-18,16,1,new,Defective,eligible
3285,1988,2024-04-09,28,1,new,Too small,eligible
3286,15868,2025-03-18,18,1,tried-on,Too small,needs_review
3287,7356,2024-03-09,19,1,new,No reason,needs_review
3288,6850,2025-06-08,51,1,tried-on,Defective,ineligible
3289,8742,2025-10-12,42,1,new,No reason,ineligible
3290,3739,2024-08-31,6,1,new,Defective,eligible
3291,14571,2024-11-08,39,1,worn,Wrong item,ineligible
3292,10183,2024-02-26,20,1,new,Defective,needs_review
3293,9873,2024-02-03,8,1,new,Wrong item,eligible
3294,63,2024-06-28,30,1,new,No reason,eligible
3295,5488,2024-04-23,18,1,new,No reason,eligible
3296,12781,2025-05-05,40,1,new,Wrong item,ineligible
3297,9510,2025-02-25,26,0,new,Wrong item,needs_review
3298,7405,2025-07-18,18,1,new,Too large,eligible
3299,15745,2024-11-15,33,1,tried-on,No reason,needs_review
3300,13403,2025-09-20,12,1,worn,Too small,ineligible
3301,12498,2024-09-23,56,1,new,Wrong item,ineligible
3302,7146,2024-05-09,49,1,new,Too large,ineligible
3303,6848,2024-08-12,47,1,tried-on,Defective,ineligible
3304,8858,2025-06-12,8,1,new,Defective,eligible
3305,635,2025-02-11,55,1,tried-on,Changed mind,ineligible
3306,13289,2024-07-22,31,0,new,Too small,ineligible
3307,5557,2025-04-19,16,1,damaged,Too large,ineligible
3308,13789,2025-11-08,59,0,new,No reason,ineligible
3309,9560,2024-09-16,51,1,new,Defective,ineligible
3310,8525,2024-12-14,14,1,new,Defective,eligible
3311,7708,2024-08-31,24,1,new,No reason,eligible
3312,3526,2025-09-08,39,1,new,Too large,ineligible
3313,11152,2024-08-03,9,1,tried-on,No reason,eligible
3314,14414,2025-02-16,55,1,new,Changed mind,ineligible
3315,5900,2025-03-13,8,1,damaged,Changed mind,ineligible
3316,11396,2025-04-03,7,1,new,Defective,eligible
3317,14283,2023-12-21,36,1,new,No reason,needs_review
3318,12041,2025-10-07,16,1,new,Defective,eligible
3319,15624,2024-04-18,26,1,new,Too large,ineligible
3320,8672,2024-09-27,1,1,new,Too small,eligible
3321,12500,2024-08-12,14,1,tried-on,Changed mind,ineligible
3322,13499,2025-10-30,38,1,new,No reason,eligible
3323,4660,2024-10-12,43,0,tried-on,Wrong item,ineligible
3324,13786,2025-01-05,10,1,new,Too small,eligible
3325,8767,2025-11-27,57,1,new,Defective,eligible
3326,9371,2025-12-02,50,1,worn,Defective,ineligible
3327,3102,2024-08-23,13,1,new,Changed mind,eligible
3328,5460,2025-07-15,45,0,new,Too small,ineligible
3329,6829,2025-10-22,9,1,new,No reason,eligible
3330,600,2024-05-04,47,1,tried-on,Wrong item,ineligible
3331,8392,2024-12-28,30,1,tried-on,Wrong item,ineligible
3332,15278,2025-04-05,48,1,tried-on,Too small,ineligible
3333,1539,2025-09-07,30,1,new,Too small,eligible
3334,12543,2025-07-29,11,1,new,Too large,eligible
3335,1067,2024-08-29,38,1,new,Defective,ineligible
3336,2954,2024-01-04,42,1,new,Wrong item,ineligible
3337,8921,2024-08-21,33,1,new,Wrong item,ineligible
3338,14564,2025-07-05,13,1,tried-on,Changed mind,eligible
3339,12468,2024-11-23,11,0,new,Too large,needs_review
3340,13760,2024-07-16,55,1,new,Changed mind,ineligible
3341,6582,2025-06-03,5,1,worn,Too small,ineligible
3342,13027,2024-06-09,36,1,new,No reason,ineligible
3343,13834,2024-07-21,17,1,new,Defective,needs_review
3344,2156,2025-09-15,22,1,new,Wrong item,ineligible
3345,111,2024-11-03,48,1,new,Changed mind,ineligible
3346,5220,2024-05-09,44,1,new,Wrong item,eligible
3347,12705,2025-04-27,49,1,new,Defective,ineligible
3348,3019,2025-10-21,32,0,new,Wrong item,needs_review
3349,1921,2025-01-22,7,1,new,Changed mind,eligible
3350,14717,2024-03-04,10,1,new,Too large,eligible
3351,11316,2025-03-27,19,1,new,Too large,eligible
3352,11186,2025-06-25,1,1,new,Changed mind,eligible
3353,10579,2025-08-02,54,1,worn,Wrong item,ineligible
3354,9885,2024-04-03,2,1,new,No reason,eligible
3355,10231,2024-08-08,29,1,new,Too large,eligible
3356,4778,2025-10-17,54,1,new,Defective,ineligible
3357,13381,2025-11-13,25,1,new,Too large,eligible
3358,4776,2025-04-27,48,0,new,No reason,ineligible
3359,12540,2024-12-12,36,1,worn,Too large,ineligible
3360,2015,2024-10-27,48,1,tried-on,Changed mind,ineligible
3361,3625,2025-09-02,0,1,tried-on,Wrong item,eligible
3362,8549,2024-07-04,3,1,new,Wrong item,eligible
3363,10813,2025-01-26,16,1,tried-on,Too large,needs_review
3364,1406,2025-05-27,57,1,worn,Too large,ineligible
3365,9499,2024-04-27,30,1,new,Changed mind,eligible
3366,15740,2025-04-09,53,1,new,Defective,ineligible
3367,5782,2025-05-30,27,1,new,Defective,eligible
3368,13316,2024-09-15,17,1,tried-on,Defective,needs_review
3369,8348,2024-03-18,50,1,new,Changed mind,ineligible
3370,2747,2025-02-06,36,1,new,Too large,eligible
3371,1283,2024-03-10,33,1,tried-on,Too large,ineligible
3372,5443,2024-01-27,7,1,damaged,No reason,ineligible
3373,11564,2024-02-06,31,1,new,Too small,ineligible
3374,7949,2025-09-25,36,1,new,Changed mind,needs_review
3375,14628,2025-01-02,28,1,tried-on,No reason,ineligible
3376,14008,2025-02-01,51,1,new,Too large,ineligible
3377,9816,2025-10-01,23,1,new,Wrong item,eligible
3378,6607,2023-12-12,11,1,tried-on,Too small,eligible
3379,12254,2025-07-23,59,1,tried-on,Defective,ineligible
3380,10416,2024-08-10,53,1,tried-on,Too small,ineligible
3381,1629,2024-08-04,14,1,new,Too large,eligible
3382,9015,2024-09-12,46,1,tried-on,Too small,ineligible
3383,7954,2025-04-10,37,1,new,Changed mind,needs_review
3384,5149,2025-12-16,60,1,new,Too large,eligible
3385,9643,2024-05-31,60,1,tried-on,Defective,ineligible
3386,9638,2025-11-25,21,1,new,Changed mind,eligible
3387,13871,2025-08-02,53,1,new,Too large,ineligible
3388,3278,2025-10-10,14,1,tried-on,Too large,eligible
3389,14033,2025-07-10,5,1,new,Changed mind,eligible
3390,10909,2025-11-24,46,1,new,Too small,ineligible
3391,11239,2024-12-14,40,1,new,Too small,ineligible
3392,5114,2024-07-10,30,1,new,Too large,eligible
3393,1893,2025-02-02,1,1,worn,Changed mind,ineligible
3394,6506,2023-12-04,10,1,new,No reason,eligible
3395,12114,2025-05-18,32,1,worn,Wrong item,ineligible
3396,1777,2025-11-16,43,1,new,Wrong item,ineligible
3397,8234,2024-04-22,25,1,tried-on,Wrong item,eligible
3398,1749,2024-07-22,4,1,new,Too large,eligible
3399,14595,2024-05-19,0,1,new,No reason,eligible
3400,110,2025-04-24,10,1,tried-on,Defective,eligible
3401,6168,2024-07-23,44,1,tried-on,Changed mind,ineligible
3402,2276,2024-05-24,54,1,new,Too small,ineligible
3403,15407,2024-03-02,58,1,new,Wrong item,eligible
3404,2913,2025-10-08,26,1,new,Too large,ineligible
3405,1473,2025-01-24,39,1,tried-on,Too large,ineligible
3406,6264,2024-05-24,11,1,new,Changed mind,eligible
3407,7732,2024-01-27,37,1,tried-on,Changed mind,ineligible
3408,4949,2024-01-24,36,1,new,Defective,needs_review
3409,9375,2024-04-10,47,1,damaged,No reason,ineligible
3410,6501,2025-09-04,59,1,tried-on,No reason,ineligible
3411,12454,2024-02-29,44,1,new,Defective,ineligible
3412,6020,2025-12-03,36,1,new,Defective,needs_review
3413,12233,2025-11-06,57,1,new,No reason,ineligible
3414,7144,2024-04-03,13,1,tried-on,Defective,eligible
3415,3401,2025-05-22,57,1,new,Too large,ineligible
3416,11148,2025-01-16,5,1,tried-on,Defective,eligible
3417,12499,2024-07-31,2,1,worn,Too large,ineligible
3418,9688,2024-04-15,42,1,damaged,No reason,ineligible
3419,8229,2025-06-26,54,1,new,Changed mind,ineligible
3420,11081,2024-07-26,6,1,new,Too large,eligible
3421,9414,2024-12-04,7,1,new,Changed mind,eligible
3422,10966,2025-12-06,54,1,new,Too large,ineligible
3423,6186,2024-06-05,1,1,new,Defective,eligible
3424,12520,2025-03-25,1,1,new,No reason,eligible
3425,10434,2024-06-04,1,1,new,Wrong item,eligible
3426,2270,2025-12-29,52,1,damaged,No reason,ineligible
3427,2429,2025-09-14,25,1,tried-on,Too small,ineligible
3428,3918,2025-05-30,1,1,new,Wrong item,eligible
3429,7792,2024-12-21,8,1,new,Too large,eligible
3430,14067,2024-12-22,9,1,new,No reason,eligible
3431,1038,2024-05-14,42,1,new,Changed mind,ineligible
3432,10580,2025-07-03,24,1,new,Wrong item,ineligible
3433,3750,2025-08-04,4,1,new,Too large,eligible
3434,9454,2025-07-16,36,1,tried-on,Changed mind,needs_review
3435,3216,2025-03-23,10,1,new,No reason,eligible
3436,8142,2025-10-15,11,1,new,Too large,eligible
3437,10080,2024-01-05,15,1,new,Changed mind,eligible
3438,4445,2024-09-10,12,1,tried-on,Changed mind,eligible
3439,13156,2024-07-30,16,1,damaged,Changed mind,ineligible
3440,2441,2024-02-12,39,1,new,Changed mind,ineligible
3441,11611,2025-01-30,46,1,new,Too large,ineligible
3442,3309,2025-07-08,13,1,new,Changed mind,eligible
3443,1829,2025-09-02,54,1,new,Wrong item,ineligible
3444,1395,2024-06-10,44,1,worn,No reason,ineligible
3445,15411,2025-03-10,23,1,new,No reason,eligible
3446,8619,2025-10-24,6,1,tried-on,No reason,eligible
3447,5856,2025-02-20,52,1,new,Changed mind,ineligible
3448,8952,2025-03-09,30,1,new,Changed mind,eligible
3449,468,2025-01-25,12,1,new,Defective,eligible
3450,6901,2023-12-03,24,1,tried-on,Too large,eligible
3451,15014,2025-10-04,20,1,new,Too large,needs_review
3452,6327,2024-02-10,32,1,new,Too large,needs_review
3453,7928,2025-05-21,36,1,worn,Too large,ineligible
3454,8209,2025-02-28,56,1,new,No reason,ineligible
3455,7639,2025-07-24,21,1,tried-on,Too small,eligible
3456,8723,2025-03-17,3,1,new,No reason,eligible
3457,13400,2024-07-13,21,1,new,Too large,eligible
3458,2241,2024-08-23,27,0,tried-on,Defective,needs_review
3459,3938,2024-10-13,16,1,worn,No reason,ineligible
3460,14886,2025-09-18,25,0,new,Wrong item,needs_review
3461,13642,2024-11-08,42,1,worn,Too small,ineligible
3462,9496,2024-10-27,35,1,new,Too small,needs_review
3463,6976,2024-12-26,32,1,worn,Defective,ineligible
3464,4890,2025-09-27,12,1,new,Too small,eligible
3465,11918,2024-04-22,9,1,new,Changed mind,eligible
3466,11479,2025-05-26,46,1,new,Changed mind,ineligible
3467,7551,2025-11-13,51,0,new,Too small,ineligible
3468,5485,2024-02-15,18,1,new,No reason,eligible
3469,1396,2024-05-15,18,1,tried-on,Too large,eligible
3470,8225,2024-05-22,5,1,tried-on,Too small,eligible
3471,8613,2024-02-10,1,1,new,Changed mind,eligible
3472,3537,2025-11-18,18,1,tried-on,Changed mind,eligible
3473,5433,2025-08-01,50,1,new,Changed mind,ineligible
3474,2703,2024-10-28,11,1,tried-on,Wrong item,eligible
3475,319,2024-08-03,35,1,new,No reason,ineligible
3476,15154,2025-03-22,10,1,new,Too large,eligible
3477,12406,2024-01-18,27,1,new,Too small,ineligible
3478,14986,2023-12-25,1,1,worn,Wrong item,ineligible
3479,10781,2024-06-30,21,1,tried-on,Too small,eligible
3480,8430,2025-04-12,7,0,tried-on,Defective,needs_review
3481,3163,2023-12-31,5,0,new,No reason,needs_review
3482,1700,2025-10-27,22,1,tried-on,No reason,ineligible
3483,10867,2025-03-31,54,1,new,Changed mind,ineligible
3484,13385,2024-02-23,24,1,new,Too large,eligible
3485,10246,2024-09-17,39,0,new,Too small,ineligible
3486,4368,2024-04-09,30,0,tried-on,No reason,ineligible
3487,6008,2024-06-24,49,1,tried-on,Changed mind,ineligible
3488,6395,2024-04-30,29,1,new,Too large,eligible
3489,12808,2023-12-15,27,1,damaged,Wrong item,ineligible
3490,6695,2025-10-27,16,1,new,No reason,needs_review
3491,6401,2025-08-20,49,0,tried-on,No reason,needs_review
3492,13576,2024-10-10,47,1,tried-on,Defective,ineligible
3493,7298,2025-01-05,49,1,tried-on,Wrong item,ineligible
3494,1778,2024-07-01,6,0,worn,Wrong item,ineligible
3495,1647,2025-07-10,18,1,new,Too large,needs_review
3496,2108,2025-06-30,59,1,tried-on,Too small,ineligible
3497,2424,2024-12-22,48,0,new,No reason,ineligible
3498,6039,2024-01-13,11,1,tried-on,Changed mind,eligible
3499,8317,2025-10-22,27,1,new,Too large,ineligible
3500,14368,2024-07-11,43,1,new,Defective,ineligible
3501,12599,2025-05-16,25,1,new,Defective,eligible
3502,11188,2025-04-24,14,0,new,Too large,needs_review
3503,6193,2025-01-13,18,1,worn,No reason,ineligible
3504,15251,2025-12-31,55,1,new,Wrong item,ineligible
3505,4116,2024-09-01,59,1,new,No reason,ineligible
3506,384,2025-07-25,43,1,tried-on,Changed mind,eligible
3507,13670,2025-02-11,50,1,new,Too small,ineligible
3508,13662,2025-07-16,9,1,new,Changed mind,eligible
3509,7299,2024-12-01,14,1,tried-on,No reason,eligible
3510,12622,2023-12-31,2,0,new,Wrong item,ineligible
3511,4575,2024-04-08,60,1,new,No reason,ineligible
3512,2740,2025-07-04,53,1,new,Defective,ineligible
3513,15579,2024-02-05,28,1,damaged,Too large,ineligible
3514,13164,2025-09-11,20,1,new,Changed mind,eligible
3515,14098,2025-05-03,11,1,new,No reason,eligible
3516,3509,2025-11-16,48,1,new,Too large,ineligible
3517,15835,2024-04-30,28,1,new,Too large,eligible
3518,12007,2024-01-03,7,0,new,Wrong item,needs_review
3519,13858,2024-06-13,29,1,tried-on,Too small,eligible
3520,7334,2024-11-26,55,1,worn,Wrong item,ineligible
3521,782,2024-02-09,39,1,new,Changed mind,ineligible
3522,7836,2024-06-21,10,1,new,Changed mind,eligible
3523,13142,2024-02-02,36,1,tried-on,Wrong item,needs_review
3524,2988,2025-01-13,43,1,new,No reason,ineligible
3525,9956,2025-09-06,53,1,new,No reason,ineligible
3526,4767,2025-10-21,30,1,new,Wrong item,ineligible
3527,3122,2023-11-29,7,1,new,No reason,eligible
3528,2475,2025-02-25,53,1,new,Too small,ineligible
3529,12855,2025-09-29,40,1,new,Wrong item,ineligible
3530,14278,2025-02-13,7,1,new,Too large,eligible
3531,12529,2024-03-30,27,1,new,Wrong item,eligible
3532,2543,2025-04-13,30,1,new,Defective,eligible
3533,2728,2024-07-25,25,0,new,Too small,needs_review
3534,6915,2025-07-08,45,1,new,Defective,ineligible
3535,2945,2025-12-12,55,1,new,Changed mind,eligible
3536,14336,2024-07-06,50,1,tried-on,Too large,ineligible
3537,308,2025-09-27,22,1,tried-on,No reason,eligible
3538,11411,2024-11-06,49,1,new,Too small,ineligible
3539,10326,2024-04-13,39,1,worn,Defective,ineligible
3540,7255,2024-11-11,20,1,new,Too small,needs_review
3541,9346,2024-07-11,7,1,new,Wrong item,ineligible
3542,13116,2024-02-16,40,0,new,Wrong item,ineligible
3543,3588,2024-08-31,45,1,new,Too small,ineligible
3544,12675,2025-09-06,22,1,new,Defective,eligible
3545,6733,2024-10-15,21,1,tried-on,Wrong item,eligible
3546,13523,2025-01-05,4,1,new,Defective,eligible
3547,8332,2024-10-07,57,1,tried-on,Too small,ineligible
3548,15573,2024-06-08,16,1,new,Changed mind,eligible
3549,3055,2024-11-22,15,1,tried-on,Too small,eligible
3550,1929,2024-01-30,12,1,new,Wrong item,eligible
3551,8955,2024-02-18,55,1,tried-on,Too small,ineligible
3552,1944,2024-12-04,53,1,tried-on,Wrong item,ineligible
3553,10657,2024-07-15,10,1,new,Changed mind,eligible
3554,10938,2025-02-04,28,1,worn,Too small,ineligible
3555,8400,2025-03-09,33,1,worn,Wrong item,ineligible
3556,8564,2025-09-10,42,0,new,No reason,ineligible
3557,9448,2024-11-27,2,1,tried-on,No reason,eligible
3558,13961,2024-04-20,19,1,new,Wrong item,eligible
3559,3226,2025-07-17,3,1,new,Changed mind,ineligible
3560,9538,2024-02-10,29,1,new,Defective,ineligible
3561,3176,2024-06-23,51,0,new,Wrong item,ineligible
3562,4601,2024-03-31,16,1,new,Defective,eligible
3563,12190,2024-01-17,39,1,tried-on,Too small,ineligible
3564,7510,2024-01-23,12,1,new,Too small,ineligible
3565,7874,2025-09-10,26,1,new,Defective,ineligible
3566,3255,2025-07-22,0,1,new,Wrong item,eligible
3567,15244,2025-05-21,52,1,tried-on,Too small,ineligible
3568,8733,2024-05-10,14,1,worn,Too small,ineligible
3569,8596,2024-08-16,23,1,tried-on,No reason,ineligible
3570,7593,2024-08-01,15,1,new,Too small,needs_review
3571,7264,2024-08-20,32,1,new,Changed mind,ineligible
3572,6213,2025-04-20,42,1,tried-on,Too large,ineligible
3573,14781,2024-03-17,27,1,new,Too large,eligible
3574,13082,2025-02-22,47,1,new,Changed mind,ineligible
3575,14784,2025-04-19,51,0,new,Wrong item,ineligible
3576,673,2024-11-15,11,1,new,Wrong item,ineligible
3577,11055,2025-06-22,8,1,new,Wrong item,eligible
3578,13654,2024-01-07,58,1,new,Changed mind,ineligible
3579,10281,2025-08-28,9,1,new,Too large,eligible
3580,3321,2024-06-30,3,1,new,Changed mind,eligible
3581,8461,2025-01-12,17,1,new,Too small,needs_review
3582,8031,2025-08-05,54,1,tried-on,Changed mind,ineligible
3583,2410,2024-03-23,14,1,new,Changed mind,eligible
3584,9894,2024-07-06,2,1,new,Too large,eligible
3585,10448,2024-01-21,50,1,new,Changed mind,ineligible
3586,14967,2025-03-13,32,1,tried-on,Too small,ineligible
3587,10612,2025-05-09,19,1,new,Too large,eligible
3588,6942,2024-06-03,39,1,tried-on,Too large,ineligible
3589,1589,2024-02-19,52,1,new,Too large,ineligible
3590,26,2024-11-17,18,1,new,Wrong item,needs_review
3591,11266,2025-03-01,60,1,new,Too small,ineligible
3592,10738,2025-06-12,56,1,new,Defective,eligible
3593,3439,2025-09-29,31,1,new,Defective,eligible
3594,7074,2024-04-23,38,1,new,Too large,eligible
3595,6891,2024-10-08,57,1,new,Wrong item,ineligible
3596,12291,2024-09-28,15,1,new,Defective,ineligible
3597,13104,2023-12-16,34,1,tried-on,No reason,needs_review
3598,10200,2024-06-24,58,1,tried-on,Too small,eligible
3599,7184,2025-08-27,17,1,new,Wrong item,needs_review
3600,10017,2023-11-10,0,1,new,Wrong item,eligible
3601,3861,2024-12-24,32,1,tried-on,No reason,needs_review
3602,13881,2024-11-28,26,1,new,Changed mind,eligible
3603,1454,2024-03-20,49,1,tried-on,No reason,ineligible
3604,14484,2024-01-20,30,1,new,Too large,ineligible
3605,9118,2025-01-02,38,1,new,Too small,ineligible
3606,91,2024-03-14,14,1,new,No reason,eligible
3607,5225,2024-07-19,0,1,new,Too large,eligible
3608,10595,2025-08-30,18,1,tried-on,No reason,eligible
3609,7028,2025-08-17,7,1,new,Changed mind,eligible
3610,8647,2024-02-25,25,1,new,Wrong item,ineligible
3611,7211,2024-04-24,48,1,new,Wrong item,ineligible
3612,3432,2024-06-14,18,1,new,Wrong item,eligible
3613,14076,2025-03-13,54,1,new,Wrong item,ineligible
3614,5583,2025-05-22,54,0,new,Too small,needs_review
3615,2152,2025-02-03,16,1,new,Defective,ineligible
3616,11601,2025-11-16,55,1,new,Defective,ineligible
3617,12583,2024-05-06,55,0,worn,Wrong item,ineligible
3618,14391,2024-06-08,27,1,new,No reason,eligible
3619,9236,2024-11-26,38,1,new,Too small,ineligible
3620,14540,2025-06-30,11,0,damaged,Defective,ineligible
3621,11063,2024-02-01,49,1,tried-on,Too small,ineligible
3622,14699,2025-01-15,60,1,new,Too large,ineligible
3623,14732,2025-08-17,49,1,tried-on,Too large,ineligible
3624,15754,2025-06-16,20,1,tried-on,No reason,ineligible
3625,12727,2024-07-10,26,1,new,Too small,ineligible
3626,15083,2025-10-05,15,1,new,Defective,needs_review
3627,4351,2025-03-20,23,1,new,Wrong item,eligible
3628,11917,2025-11-17,45,1,worn,No reason,ineligible
3629,8288,2025-06-20,17,1,tried-on,Too large,eligible
3630,12783,2024-05-25,59,1,tried-on,No reason,ineligible
3631,6075,2024-06-14,43,1,tried-on,Too small,ineligible
3632,4409,2024-08-30,37,1,new,Changed mind,needs_review
3633,156,2025-07-24,48,1,new,Too small,ineligible
3634,2152,2025-02-16,29,1,tried-on,Too small,ineligible
3635,674,2023-12-06,26,1,new,Too small,eligible
3636,3829,2024-01-28,2,0,new,Too large,needs_review
3637,10527,2024-09-20,60,1,tried-on,No reason,ineligible
3638,2861,2024-03-19,24,1,tried-on,Changed mind,eligible
3639,7676,2024-04-27,4,1,tried-on,Wrong item,eligible
3640,9768,2023-11-28,19,1,new,Wrong item,eligible
3641,8488,2025-01-24,47,1,new,Defective,ineligible
3642,7185,2024-05-21,46,1,worn,Defective,ineligible
3643,11750,2024-01-26,42,0,new,Too small,needs_review
3644,8142,2025-10-22,18,1,tried-on,No reason,eligible
3645,5820,2024-12-23,49,1,new,Defective,ineligible
3646,10504,2025-03-19,52,1,new,Defective,ineligible
3647,11005,2023-11-15,1,1,new,Too large,eligible
3648,7384,2025-07-28,54,1,new,Wrong item,ineligible
3649,2543,2025-05-12,59,1,new,Changed mind,ineligible
3650,13536,2024-07-01,51,1,new,Wrong item,ineligible
3651,13381,2025-11-22,34,1,new,Defective,needs_review
3652,7241,2025-10-23,4,1,new,Changed mind,eligible
3653,8412,2024-01-27,22,1,tried-on,Wrong item,eligible
3654,1063,2025-01-08,11,0,new,Wrong item,needs_review
3655,1932,2025-11-03,51,1,new,No reason,eligible
3656,9407,2025-01-16,47,1,new,Too large,ineligible
3657,15584,2024-05-28,54,1,new,Changed mind,eligible
3658,1963,2024-01-03,6,1,new,Too large,eligible
3659,10156,2025-07-10,15,1,new,Changed mind,eligible
3660,4386,2025-02-25,41,1,new,Too small,ineligible
3661,14160,2024-11-19,57,1,tried-on,No reason,ineligible
3662,339,2024-09-17,1,1,new,Wrong item,ineligible
3663,13250,2025-06-14,30,1,new,Too small,ineligible
3664,10643,2024-09-08,60,1,damaged,No reason,ineligible
3665,13351,2024-01-02,52,1,tried-on,Wrong item,ineligible
3666,3929,2024-02-15,6,1,tried-on,Defective,eligible
3667,3232,2025-02-22,17,1,new,Changed mind,needs_review
3668,15806,2024-10-25,36,1,new,Too large,needs_review
3669,12520,2025-05-17,54,0,new,Changed mind,ineligible
3670,10333,2025-07-21,44,0,worn,Defective,ineligible
3671,6,2025-09-11,60,1,new,Too small,ineligible
3672,12715,2025-09-20,28,1,new,Changed mind,eligible
3673,8462,2025-01-24,29,1,new,No reason,ineligible
3674,3906,2024-11-01,25,1,new,Too large,ineligible
3675,7708,2024-10-01,55,1,new,No reason,ineligible
3676,7227,2025-11-01,4,1,new,Defective,eligible
3677,13059,2024-08-27,0,1,tried-on,Wrong item,eligible
3678,5110,2024-02-08,43,1,new,Too small,eligible
3679,13580,2025-08-26,16,1,new,Defective,needs_review
3680,232,2024-12-03,4,1,new,Changed mind,eligible
3681,13365,2025-11-28,50,1,tried-on,No reason,ineligible
3682,1071,2024-11-16,53,1,worn,Too small,ineligible
3683,5929,2025-10-13,16,1,new,No reason,eligible
3684,2453,2024-12-21,17,0,new,Wrong item,needs_review
3685,15103,2024-12-11,53,1,new,Too small,ineligible
3686,11792,2024-04-01,0,1,new,Too large,eligible
3687,12895,2025-02-28,37,1,new,Changed mind,needs_review
3688,3993,2025-06-23,45,1,new,Too small,eligible
3689,4825,2024-06-12,50,1,new,No reason,ineligible
3690,7043,2025-08-12,14,1,new,Wrong item,eligible
3691,14185,2025-05-08,13,1,new,Too large,eligible
3692,3044,2025-07-02,5,1,new,No reason,eligible
3693,1514,2025-04-13,41,0,tried-on,Too large,ineligible
3694,12434,2025-10-05,47,1,new,Too small,ineligible
3695,6857,2024-04-27,19,1,new,No reason,eligible
3696,5820,2024-12-28,54,1,new,Too small,ineligible
3697,2297,2024-12-30,59,1,worn,Wrong item,ineligible
3698,9302,2024-02-04,24,1,new,Defective,eligible
3699,4319,2024-06-03,6,1,tried-on,Too large,ineligible
3700,5850,2025-12-13,38,1,tried-on,No reason,ineligible
3701,11411,2024-10-29,41,1,tried-on,Too small,ineligible
3702,13535,2025-01-25,36,1,new,Wrong item,needs_review
3703,8616,2025-03-29,0,1,new,Too small,eligible
3704,4294,2024-07-17,50,0,new,Too large,ineligible
3705,6358,2024-03-09,18,1,new,Changed mind,needs_review
3706,3103,2024-09-09,30,1,new,No reason,ineligible
3707,2457,2025-03-21,35,1,new,No reason,needs_review
3708,15704,2025-08-31,13,0,new,Too small,needs_review
3709,13452,2024-04-11,60,1,new,Too small,ineligible
3710,11573,2024-09-11,20,0,tried-on,Too large,ineligible
3711,4441,2024-04-01,26,1,new,Changed mind,eligible
3712,4538,2025-04-10,6,1,new,Wrong item,eligible
3713,989,2025-07-08,59,1,new,Changed mind,eligible
3714,12915,2024-10-15,58,1,new,Too small,ineligible
3715,13841,2025-12-07,36,1,new,Defective,needs_review
3716,13209,2024-10-09,14,1,new,Wrong item,eligible
3717,3213,2024-02-14,3,1,new,No reason,eligible
3718,8991,2025-10-04,37,1,new,Too large,ineligible
3719,9882,2024-05-14,17,1,new,Wrong item,eligible
3720,1306,2024-10-12,56,1,new,No reason,ineligible
3721,158,2025-03-23,16,1,tried-on,No reason,eligible
3722,5924,2024-11-23,33,1,tried-on,Defective,ineligible
3723,11715,2025-01-02,20,1,tried-on,Too small,eligible
3724,5204,2024-01-21,47,1,new,Too small,ineligible
3725,12819,2025-11-03,51,1,new,No reason,ineligible
3726,3603,2024-08-20,12,1,new,No reason,ineligible
3727,12074,2024-08-08,23,1,new,Defective,eligible
3728,4880,2024-09-22,29,1,new,Too small,ineligible
3729,5659,2024-09-15,29,1,new,No reason,eligible
3730,13890,2025-05-21,15,1,tried-on,Too small,needs_review
3731,4389,2025-02-08,45,1,new,Defective,ineligible
3732,15320,2025-11-27,44,1,new,Too large,ineligible
3733,476,2025-02-09,12,1,damaged,No reason,ineligible
3734,2975,2024-09-09,45,1,tried-on,No reason,ineligible
3735,6379,2024-12-21,6,1,tried-on,No reason,eligible
3736,3246,2024-05-26,33,1,new,Changed mind,needs_review
3737,6570,2025-07-05,34,1,new,Defective,needs_review
3738,4492,2025-08-18,17,1,new,Too large,eligible
3739,12585,2025-01-21,39,1,new,Changed mind,ineligible
3740,7552,2025-10-31,38,1,new,Too small,ineligible
3741,11688,2024-12-12,24,1,new,Changed mind,eligible
3742,14024,2024-09-06,45,1,new,No reason,ineligible
3743,5760,2024-01-25,4,0,new,Changed mind,needs_review
3744,13827,2024-08-06,58,1,new,Too large,ineligible
3745,6859,2024-06-06,59,1,tried-on,No reason,ineligible
3746,11167,2025-10-06,51,1,new,Too small,ineligible
3747,264,2025-02-19,53,1,damaged,Wrong item,ineligible
3748,5248,2025-01-09,51,1,tried-on,Defective,ineligible
3749,13719,2025-09-19,27,1,new,Defective,ineligible
3750,15370,2023-12-13,32,1,new,Changed mind,ineligible
3751,6375,2025-02-10,46,1,new,No reason,ineligible
3752,10922,2025-10-24,17,1,new,No reason,needs_review
3753,8792,2025-11-24,16,1,tried-on,Defective,eligible
3754,1708,2025-03-09,36,1,new,Defective,ineligible
3755,14171,2025-11-09,25,1,tried-on,Changed mind,eligible
3756,7150,2025-03-27,40,1,new,Wrong item,ineligible
3757,4510,2024-04-22,29,1,new,Too large,eligible
3758,12093,2024-05-26,15,1,new,No reason,eligible
3759,2114,2024-11-29,49,1,tried-on,Too large,ineligible
3760,2338,2024-03-08,58,1,new,No reason,ineligible
3761,6707,2025-03-16,2,1,new,No reason,eligible
3762,7165,2025-07-27,42,1,new,Changed mind,ineligible
3763,6333,2025-06-02,9,1,new,Too small,eligible
3764,2099,2023-12-25,24,1,new,Too large,ineligible
3765,4165,2024-07-23,19,1,new,Wrong item,eligible
3766,12927,2023-12-24,7,1,tried-on,No reason,eligible
3767,3876,2023-12-29,12,1,worn,No reason,ineligible
3768,4347,2025-01-10,44,0,worn,No reason,ineligible
3769,5219,2024-04-02,7,1,new,Changed mind,eligible
3770,10497,2025-02-18,59,1,worn,Wrong item,ineligible
3771,4419,2025-05-22,38,1,new,Too large,ineligible
3772,1196,2023-12-29,37,1,tried-on,Too large,ineligible
3773,14362,2025-08-02,47,1,new,Too small,ineligible
3774,8839,2025-10-22,33,1,tried-on,Wrong item,needs_review
3775,471,2024-06-09,51,1,new,Wrong item,ineligible
3776,1267,2024-02-21,59,1,tried-on,Too large,ineligible
3777,8258,2024-12-23,8,0,new,Wrong item,needs_review
3778,6462,2025-03-23,45,1,tried-on,Too small,ineligible
3779,12840,2024-01-05,15,1,new,Wrong item,eligible
3780,1544,2024-11-05,34,1,worn,Wrong item,ineligible
3781,3466,2025-10-08,12,1,damaged,Changed mind,ineligible
3782,389,2024-07-17,15,1,worn,Changed mind,ineligible
3783,4624,2024-11-27,38,1,tried-on,No reason,ineligible
3784,1935,2025-06-05,46,0,new,Too small,ineligible
3785,12532,2024-12-05,13,1,tried-on,Wrong item,eligible
3786,3433,2024-08-21,18,1,new,Defective,needs_review
3787,1564,2025-03-09,4,1,new,Changed mind,eligible
3788,10089,2025-02-04,26,1,new,Wrong item,eligible
3789,3718,2025-03-23,55,1,worn,Wrong item,ineligible
3790,10366,2025-03-06,23,1,new,No reason,ineligible
3791,9343,2025-07-29,32,1,tried-on,Too large,ineligible
3792,4826,2024-05-10,17,1,worn,Too large,ineligible
3793,6524,2025-03-21,48,1,worn,Wrong item,ineligible
3794,7791,2025-01-23,41,1,tried-on,Defective,eligible
3795,4256,2025-01-03,3,1,new,Defective,eligible
3796,13714,2024-09-06,50,1,new,Defective,ineligible
3797,438,2024-10-30,13,1,new,Changed mind,eligible
3798,4225,2025-03-10,31,1,tried-on,No reason,ineligible
3799,1795,2025-07-07,21,1,new,Changed mind,eligible
3800,12879,2024-08-28,42,1,new,Wrong item,ineligible
3801,15580,2025-06-24,35,1,tried-on,No reason,needs_review
3802,1888,2024-06-23,46,1,new,Wrong item,ineligible
3803,3534,2025-05-06,38,0,tried-on,Defective,ineligible
3804,2163,2025-10-04,45,1,new,Defective,ineligible
3805,7108,2025-06-14,47,1,tried-on,Changed mind,ineligible
3806,913,2025-06-30,32,1,tried-on,Too small,eligible
3807,13855,2025-02-04,1,1,tried-on,Wrong item,eligible
3808,8130,2024-11-22,3,0,new,Changed mind,needs_review
3809,412,2025-08-13,57,1,new,Too large,ineligible
3810,15802,2025-07-25,46,1,new,Wrong item,ineligible
3811,15547,2024-08-15,20,1,tried-on,Too large,eligible
3812,2891,2024-09-16,22,1,new,Wrong item,ineligible
3813,8197,2024-11-11,37,1,new,No reason,ineligible
3814,813,2025-01-30,57,1,new,Too small,ineligible
3815,5728,2025-04-13,27,1,tried-on,Wrong item,eligible
3816,12343,2024-01-21,42,1,new,No reason,ineligible
3817,5010,2025-02-04,8,1,new,Wrong item,eligible
3818,1516,2024-03-02,36,1,tried-on,Too large,needs_review
3819,9817,2025-09-25,17,1,tried-on,No reason,eligible
3820,1371,2025-11-23,51,1,new,Too small,ineligible
3821,14100,2025-06-15,54,1,new,Too large,ineligible
3822,9662,2024-12-14,3,1,new,Changed mind,eligible
3823,12203,2025-10-31,15,0,new,Too small,needs_review
3824,5015,2024-12-15,59,1,new,Defective,ineligible
3825,15718,2024-02-14,25,1,new,Too large,eligible
3826,5480,2024-03-07,27,1,tried-on,Changed mind,ineligible
3827,2741,2025-05-29,17,1,tried-on,Too large,eligible
3828,8067,2024-07-11,52,1,tried-on,Wrong item,ineligible
3829,104,2024-08-22,21,1,new,Wrong item,eligible
3830,15518,2024-06-18,8,1,damaged,Too large,ineligible
3831,11730,2025-08-29,31,0,tried-on,Too large,ineligible
3832,5523,2024-07-13,1,1,new,Defective,eligible
3833,15516,2025-07-04,2,1,new,Too small,eligible
3834,14089,2024-11-21,32,1,tried-on,Changed mind,ineligible
3835,6869,2024-09-26,4,1,tried-on,Wrong item,eligible
3836,5115,2024-07-25,45,1,new,Changed mind,ineligible
3837,7034,2024-12-08,53,1,tried-on,No reason,ineligible
3838,9594,2024-11-11,29,1,new,Defective,ineligible
3839,15737,2024-01-22,16,1,new,No reason,needs_review
3840,5931,2025-02-08,11,1,worn,Too small,ineligible
3841,4780,2025-09-04,4,1,tried-on,No reason,eligible
3842,12808,2023-12-18,30,0,new,Wrong item,needs_review
3843,1406,2025-04-06,6,1,tried-on,No reason,eligible
3844,1350,2025-09-12,58,0,new,Defective,ineligible
3845,9040,2024-10-04,47,1,new,Defective,ineligible
3846,2927,2023-12-11,1,1,new,Defective,ineligible
3847,14745,2025-06-10,37,0,damaged,Defective,ineligible
3848,15541,2025-07-05,13,1,new,Defective,ineligible
3849,13024,2024-11-09,21,1,tried-on,Too large,eligible
3850,8217,2025-07-02,8,1,new,Too small,eligible
3851,10241,2024-07-06,48,1,worn,Too large,ineligible
3852,14918,2025-06-13,35,1,new,Too small,ineligible
3853,11735,2025-01-31,22,0,new,Wrong item,needs_review
3854,6116,2024-03-01,3,1,new,Changed mind,eligible
3855,13151,2025-06-23,28,0,worn,Too large,ineligible
3856,4237,2025-12-21,51,1,new,Too large,ineligible
3857,532,2024-06-27,10,1,new,Wrong item,eligible
3858,13424,2025-12-11,56,1,new,Wrong item,ineligible
3859,6426,2024-08-15,50,1,tried-on,Too large,ineligible
3860,11011,2024-01-21,19,1,new,Too small,ineligible
3861,3758,2024-09-11,57,1,worn,Too large,ineligible
3862,1084,2025-03-24,48,1,tried-on,Changed mind,ineligible
3863,8690,2025-06-04,22,1,new,Too large,eligible
3864,3909,2024-09-13,20,1,new,Changed mind,needs_review
3865,8898,2025-10-22,45,1,new,Too large,ineligible
3866,12688,2025-01-31,34,1,new,Too small,needs_review
3867,550,2025-06-02,20,1,new,Wrong item,ineligible
3868,818,2024-10-01,26,1,new,Changed mind,ineligible
3869,13683,2025-01-03,26,1,new,Too small,eligible
3870,1873,2025-03-07,60,1,new,Too large,ineligible
3871,13675,2024-02-05,29,1,tried-on,Too small,eligible
3872,15475,2024-01-16,47,0,new,Defective,needs_review
3873,8086,2024-06-08,41,0,new,Changed mind,ineligible
3874,2351,2025-09-06,38,1,tried-on,No reason,ineligible
3875,15472,2024-03-25,17,1,worn,Too large,ineligible
3876,518,2024-11-09,41,1,new,No reason,ineligible
3877,5035,2024-03-07,51,1,new,Wrong item,ineligible
3878,5323,2025-12-01,57,1,tried-on,Changed mind,eligible
3879,8230,2025-05-08,5,1,new,Changed mind,eligible
3880,1049,2025-11-29,27,1,tried-on,Wrong item,eligible
3881,4272,2023-12-25,33,1,new,No reason,needs_review
3882,1511,2025-10-14,7,1,new,Changed mind,ineligible
3883,14143,2025-03-30,52,1,tried-on,Too large,ineligible
3884,2842,2025-01-18,24,1,new,Too large,ineligible
3885,14401,2025-03-04,16,1,tried-on,Changed mind,needs_review
3886,3799,2023-11-27,5,1,new,Changed mind,eligible
3887,13613,2024-12-19,36,1,tried-on,Defective,needs_review
3888,13900,2024-01-05,24,1,new,Too large,eligible
3889,5800,2025-11-16,8,1,damaged,No reason,ineligible
3890,9879,2025-09-13,42,1,new,Defective,ineligible
3891,10164,2024-07-18,44,1,new,Wrong item,ineligible
3892,5188,2025-03-07,43,0,new,Too small,ineligible
3893,7212,2024-11-21,54,0,tried-on,Defective,ineligible
3894,10877,2024-01-31,26,1,worn,Too small,ineligible
3895,12743,2024-08-11,20,1,tried-on,Too small,eligible
3896,2014,2024-09-30,21,1,new,No reason,eligible
3897,980,2025-04-23,49,1,new,Defective,ineligible
3898,9033,2024-04-18,26,1,new,Wrong item,eligible
3899,7557,2025-01-05,51,1,new,No reason,ineligible
3900,1705,2025-07-21,47,1,new,Changed mind,ineligible
3901,4513,2024-11-16,27,1,tried-on,Too large,eligible
3902,6338,2025-11-06,30,1,new,Wrong item,eligible
3903,4590,2024-05-16,43,1,tried-on,Too small,ineligible
3904,10424,2024-05-15,47,1,new,Changed mind,ineligible
3905,7413,2024-10-03,52,1,new,No reason,ineligible
3906,10435,2025-11-01,54,1,worn,No reason,ineligible
3907,840,2024-01-11,45,1,new,Too small,ineligible
3908,13701,2023-12-21,13,1,worn,Defective,ineligible
3909,11380,2024-09-11,23,1,new,Wrong item,ineligible
3910,3530,2025-10-14,59,0,damaged,Wrong item,ineligible
3911,5345,2024-09-02,49,0,tried-on,Wrong item,ineligible
3912,11329,2024-10-23,47,1,new,Changed mind,ineligible
3913,14177,2024-11-28,30,1,tried-on,Defective,eligible
3914,10074,2024-02-16,14,1,new,Too small,ineligible
3915,6970,2025-06-27,12,1,worn,No reason,ineligible
3916,941,2024-03-04,22,1,new,Wrong item,eligible
3917,2883,2024-08-14,29,0,new,Changed mind,needs_review
3918,13618,2025-04-15,1,1,new,Defective,eligible
3919,13761,2024-06-06,15,1,tried-on,Too large,eligible
3920,268,2025-11-13,37,1,new,Wrong item,needs_review
3921,7462,2024-05-15,48,1,new,Too large,ineligible
3922,4890,2025-09-21,6,1,new,Too large,eligible
3923,11882,2024-02-05,24,1,new,Changed mind,eligible
3924,50,2024-07-21,58,1,new,Defective,ineligible
3925,4015,2025-10-09,32,0,new,Too small,ineligible
3926,15781,2025-11-13,26,1,new,Too large,eligible
3927,7339,2025-10-01,30,1,new,Too small,eligible
3928,365,2024-05-28,35,1,new,Too large,needs_review
3929,15071,2023-12-26,31,1,new,Wrong item,ineligible
3930,12377,2023-12-12,31,1,new,Defective,needs_review
3931,6305,2024-02-02,6,1,new,No reason,eligible
3932,8833,2025-12-04,28,1,new,Wrong item,eligible
3933,11810,2024-06-21,20,1,new,Defective,eligible
3934,5685,2024-07-12,32,1,tried-on,Too large,ineligible
3935,8907,2024-08-01,1,1,new,Too small,eligible
3936,15958,2024-04-16,11,1,new,Too large,ineligible
3937,10938,2025-01-26,19,1,new,Changed mind,eligible
3938,4984,2024-02-27,9,1,tried-on,Wrong item,eligible
3939,8103,2024-05-23,35,1,new,Too small,ineligible
3940,8097,2024-11-18,51,1,new,No reason,ineligible
3941,2548,2024-10-23,43,1,new,Too large,ineligible
3942,11614,2025-06-14,36,1,new,No reason,ineligible
3943,1525,2025-08-06,41,1,damaged,Too small,ineligible
3944,15049,2025-04-01,8,1,new,Too large,eligible
3945,6238,2025-03-12,37,1,new,Too large,needs_review
3946,1283,2024-03-09,32,1,new,Wrong item,ineligible
3947,5608,2024-05-06,46,1,new,Too small,ineligible
3948,6334,2025-01-22,14,1,new,Changed mind,eligible
3949,6200,2024-03-17,30,1,new,Wrong item,eligible
3950,4610,2025-10-27,44,1,tried-on,No reason,ineligible
3951,13135,2024-09-03,60,0,tried-on,Defective,ineligible
3952,1216,2024-12-02,33,1,worn,Too large,ineligible
3953,6244,2024-07-15,0,0,tried-on,Defective,needs_review
3954,13978,2024-04-16,18,1,new,Wrong item,eligible
3955,688,2025-09-24,33,1,new,Too large,eligible
3956,13658,2024-06-09,6,1,new,Defective,eligible
3957,692,2024-04-04,30,1,tried-on,Too large,eligible
3958,15159,2025-06-27,42,1,new,Changed mind,ineligible
3959,5273,2024-01-24,55,1,new,Too small,ineligible
3960,4692,2025-11-10,8,1,worn,Defective,ineligible
3961,7880,2024-02-13,24,1,new,Defective,eligible
3962,1993,2024-02-27,2,1,new,Wrong item,eligible
3963,1579,2024-12-16,13,1,tried-on,No reason,eligible
3964,10902,2023-11-25,0,1,tried-on,Too small,eligible
3965,97,2024-01-19,50,1,tried-on,Changed mind,ineligible
3966,304,2025-10-24,24,1,new,Defective,eligible
3967,15577,2024-12-09,58,1,new,Defective,ineligible
3968,8,2024-12-03,36,1,new,Too small,needs_review
3969,8335,2024-03-15,35,1,new,No reason,needs_review
3970,555,2023-12-13,9,1,new,Too small,eligible
3971,5869,2024-09-18,54,1,new,Wrong item,ineligible
3972,6167,2025-05-14,35,1,tried-on,Too large,needs_review
3973,11087,2025-02-15,38,1,tried-on,No reason,ineligible
3974,7406,2024-04-19,26,1,new,Too small,eligible
3975,15289,2025-07-27,36,1,new,Defective,needs_review
3976,6887,2024-01-08,26,1,new,Too large,eligible
3977,3545,2025-04-17,59,1,new,Too large,ineligible
3978,6395,2024-05-18,47,1,new,No reason,ineligible
3979,5158,2025-07-30,45,1,new,No reason,ineligible
3980,11062,2023-12-29,15,1,tried-on,Wrong item,ineligible
3981,9241,2024-06-13,45,1,tried-on,Too large,ineligible
3982,2996,2024-02-27,39,1,tried-on,Changed mind,ineligible
3983,1445,2025-05-27,57,1,new,No reason,ineligible
3984,2082,2025-04-19,16,1,new,Changed mind,eligible
3985,14041,2025-03-23,38,1,new,Wrong item,ineligible
3986,10514,2025-10-21,13,1,tried-on,Too small,ineligible
3987,8233,2024-05-16,49,1,worn,Wrong item,ineligible
3988,3532,2024-11-30,23,1,new,No reason,eligible
3989,10782,2024-06-18,9,1,tried-on,Wrong item,eligible
3990,13913,2023-12-31,42,0,tried-on,Too small,ineligible
3991,9139,2024-03-08,7,1,tried-on,Wrong item,eligible
3992,8913,2025-10-02,22,1,new,Wrong item,eligible
3993,4249,2024-07-11,1,1,new,Wrong item,eligible
3994,10046,2025-11-24,47,1,new,No reason,ineligible
3995,8762,2025-10-05,47,1,tried-on,Too large,ineligible
3996,8238,2025-07-17,37,1,new,Too small,needs_review
3997,8493,2024-06-15,34,1,worn,Changed mind,ineligible
3998,11582,2024-03-24,2,1,worn,Too large,ineligible
3999,5532,2024-08-17,36,1,worn,Too large,ineligible
4000,10621,2024-11-25,4,1,new,Defective,ineligible
