return_id,order_item_id,request_date,days_since_purchase,receipt_flag,item_condition,return_reason,label,order_id,brand,category,price,discount,sale_flag,customer_id
1,3673,2025-04-15,24,1,new,Changed mind,eligible,1851,Shein,Home,28.04,0.0,0,346
2,634,2024-10-10,27,1,new,Wrong item,eligible,307,H&M,Tops,111.45,0.0,0,1121
3,303,2025-11-27,58,0,new,No reason,ineligible,141,H&M,Jeans,57.65,0.0,0,1185
4,7305,2025-07-09,38,1,tried-on,Too small,eligible,3634,Under Armour,Lingerie,117.59,0.0,0,1316
5,14644,2025-06-18,55,1,new,Defective,ineligible,7339,Urban Outfitters,Jeans,42.88,0.0,0,486
6,1,2025-04-07,3,1,tried-on,No reason,eligible,1,Zara,Lingerie,46.07,0.0,0,1255
7,4118,2024-07-27,23,1,new,Defective,eligible,2069,Zara,Footwear,101.7,0.0,0,214
8,15797,2024-03-21,47,1,worn,Too large,ineligible,7903,Zara,Outerwear,52.29,0.0,0,318
9,1944,2024-12-02,51,1,new,Too small,ineligible,960,H&M,Tops,29.9,0.0,0,632
10,2707,2025-08-18,21,1,new,No reason,eligible,1355,Shein,Outerwear,24.83,0.0,0,449
11,10330,2025-03-04,1,0,damaged,Too small,ineligible,5149,Under Armour,Swimwear,100.3,6.66,1,347
12,1564,2025-04-13,39,1,tried-on,Defective,ineligible,765,Zara,Activewear,46.2,10.74,1,865
13,10731,2025-09-27,47,0,new,Defective,ineligible,5352,Urban Outfitters,Activewear,50.62,0.0,0,984
14,15795,2024-09-05,36,1,new,Wrong item,needs_review,7902,Shein,Bags,24.68,0.0,0,1044
15,14042,2024-09-30,38,1,tried-on,Too large,ineligible,7040,Girlfriend Collective,Dresses,69.63,0.0,0,170
16,201,2024-06-03,50,1,tried-on,Changed mind,ineligible,91,Loewe,Bags,1616.77,0.0,0,265
17,922,2023-12-26,46,1,new,Changed mind,ineligible,453,Loewe,Dresses,1819.99,0.0,0,1236
18,8596,2024-08-13,20,1,new,Defective,ineligible,4285,Zara,Beauty,71.9,0.0,0,1269
19,11017,2025-01-17,57,1,new,Wrong item,eligible,5502,Under Armour,Outerwear,75.2,0.0,0,797
20,15162,2025-12-07,44,1,new,Changed mind,ineligible,7592,Shein,Lingerie,14.9,0.0,0,138
21,12789,2025-09-18,39,1,new,Defective,ineligible,6407,Loewe,Accessories,801.6,0.0,0,1163
22,3187,2025-03-15,54,0,new,Defective,ineligible,1600,Loewe,Beauty,688.71,0.0,0,415
23,15396,2023-12-10,3,1,new,Wrong item,eligible,7710,Girlfriend Collective,Jeans,55.94,0.0,0,73
24,155,2025-06-20,14,1,new,No reason,ineligible,71,Urban Outfitters,Beauty,35.12,0.0,0,603
25,837,2024-01-19,46,1,tried-on,Changed mind,ineligible,411,Shein,Tops,17.34,0.0,0,1191
26,12723,2024-10-29,29,1,tried-on,Defective,eligible,6375,Girlfriend Collective,Home,42.1,0.0,0,1104
27,8686,2025-07-18,22,0,new,Changed mind,needs_review,4328,Zara,Outerwear,86.37,12.6,1,432
28,11274,2024-05-02,15,1,new,Defective,needs_review,5637,Chanel,Activewear,1033.81,0.0,0,1219
29,2293,2024-01-25,58,1,tried-on,Defective,ineligible,1138,H&M,Lingerie,70.73,0.0,0,341
30,14092,2025-07-29,46,1,new,Too large,ineligible,7064,H&M,Beauty,73.1,0.0,0,1153
31,4002,2025-09-26,6,0,new,Wrong item,needs_review,2013,Urban Outfitters,Swimwear,62.61,0.0,0,150
32,3529,2025-10-08,53,0,new,Wrong item,ineligible,1772,H&M,Tops,18.44,0.0,0,229
33,10388,2024-03-16,17,1,tried-on,Changed mind,eligible,5181,H&M,Tops,51.96,0.0,0,48
34,9486,2025-07-02,36,1,new,No reason,ineligible,4719,Loewe,Lingerie,846.43,0.0,0,908
35,4455,2024-01-03,24,1,worn,Changed mind,ineligible,2236,Chanel,Activewear,537.12,0.0,0,1347
36,21,2024-04-05,44,1,tried-on,Changed mind,eligible,9,Under Armour,Footwear,112.33,0.0,0,493
37,9727,2024-05-09,52,1,worn,Changed mind,ineligible,4840,Loewe,Accessories,420.06,0.0,0,1178
38,632,2025-11-09,44,1,new,No reason,eligible,306,Under Armour,Activewear,135.13,0.0,0,1264
39,4213,2024-01-31,43,1,new,Wrong item,ineligible,2119,Gucci,Lingerie,1021.83,0.0,0,640
40,6960,2024-08-13,3,1,new,No reason,eligible,3461,Loewe,Activewear,537.43,0.0,0,823
41,4522,2025-07-12,7,1,tried-on,Too small,eligible,2274,H&M,Activewear,83.02,23.37,1,911
42,652,2025-01-14,57,1,new,Wrong item,eligible,316,Under Armour,Dresses,105.89,27.95,1,220
43,4684,2025-10-17,46,1,new,No reason,ineligible,2357,Chanel,Jeans,1949.85,0.0,0,911
44,14467,2024-08-09,10,1,tried-on,Changed mind,eligible,7249,Loewe,Dresses,2419.43,0.0,0,1087
45,9201,2024-04-07,57,1,new,Too small,eligible,4579,Under Armour,Home,71.18,3.97,1,996
46,14760,2024-05-04,12,1,new,Defective,eligible,7397,Gucci,Outerwear,3225.55,0.0,0,586
47,11691,2025-10-11,52,1,new,Wrong item,ineligible,5848,Girlfriend Collective,Bags,89.03,0.0,0,1170
48,13576,2024-09-16,23,1,tried-on,No reason,eligible,6810,Urban Outfitters,Lingerie,97.87,0.0,0,852
49,4020,2024-02-20,39,1,new,Too large,ineligible,2023,Zara,Activewear,72.25,19.5,1,1094
50,8627,2025-03-17,49,1,new,Wrong item,ineligible,4298,Zara,Footwear,24.98,0.0,0,1245
51,2712,2024-01-16,17,1,new,Too small,eligible,1358,Girlfriend Collective,Swimwear,41.25,0.0,0,492
52,12799,2025-09-08,49,0,tried-on,No reason,ineligible,6413,H&M,Dresses,73.3,0.0,0,766
53,12681,2025-04-15,21,1,new,Defective,eligible,6352,Urban Outfitters,Lingerie,36.82,0.0,0,596
54,14977,2024-04-19,2,1,new,Wrong item,eligible,7501,Urban Outfitters,Jeans,99.63,0.0,0,864
55,2644,2025-02-07,40,1,new,Changed mind,ineligible,1325,Chanel,Swimwear,802.78,0.0,0,1475
56,1872,2025-11-11,3,1,new,Defective,eligible,922,Urban Outfitters,Outerwear,89.57,0.0,0,1028
57,10809,2024-09-04,31,1,new,Too small,ineligible,5390,Gucci,Outerwear,4099.51,0.0,0,33
58,5372,2025-08-17,59,1,tried-on,Wrong item,ineligible,2698,Chanel,Tops,1964.09,0.0,0,1022
59,6160,2024-03-11,59,1,new,Changed mind,ineligible,3076,Chanel,Lingerie,493.83,0.0,0,1315
60,6540,2024-10-26,57,0,new,Too large,ineligible,3260,Shein,Bags,21.27,0.0,0,574
61,5784,2024-10-21,54,1,new,Defective,ineligible,2896,Under Armour,Beauty,84.16,12.06,1,457
62,10490,2025-09-19,6,1,new,Too large,eligible,5227,Urban Outfitters,Home,43.35,11.21,1,119
63,4662,2024-10-20,48,0,new,Wrong item,ineligible,2345,Shein,Dresses,21.86,1.64,1,663
64,11654,2025-10-20,9,1,tried-on,No reason,ineligible,5830,H&M,Beauty,104.73,0.0,0,1144
65,2908,2025-10-12,60,1,new,Changed mind,ineligible,1457,Loewe,Accessories,300.0,0.0,0,570
66,15139,2024-01-23,56,0,new,Defective,ineligible,7579,Loewe,Dresses,1374.09,0.0,0,1299
67,6322,2024-09-01,51,1,new,Defective,ineligible,3153,Shein,Footwear,12.79,0.0,0,294
68,11701,2024-03-20,2,1,new,Too small,eligible,5853,H&M,Accessories,20.54,0.0,0,556
69,7393,2025-11-19,41,1,new,No reason,ineligible,3681,Urban Outfitters,Lingerie,21.73,0.0,0,151
70,13179,2025-03-26,12,0,tried-on,Defective,needs_review,6611,H&M,Accessories,84.06,0.0,0,852
71,14658,2024-11-15,44,0,new,Defective,ineligible,7345,Zara,Lingerie,50.91,0.0,0,1048
72,12829,2025-07-13,37,1,new,Too large,ineligible,6427,Chanel,Accessories,572.84,180.51,1,678
73,1950,2025-08-31,47,1,new,Too small,ineligible,966,H&M,Bags,71.22,18.34,1,521
74,15808,2024-09-08,49,1,tried-on,Changed mind,ineligible,7909,Gucci,Swimwear,850.27,0.0,0,341
75,13460,2024-08-09,42,1,new,Defective,ineligible,6747,Loewe,Lingerie,919.43,0.0,0,165
76,5564,2025-10-09,47,1,tried-on,Changed mind,ineligible,2795,Chanel,Bags,8000.0,0.0,0,869
77,11745,2025-06-06,17,1,tried-on,Changed mind,eligible,5878,Shein,Lingerie,11.41,0.0,0,1025
78,13357,2024-03-22,45,1,new,Too large,ineligible,6700,Prada,Swimwear,746.74,0.0,0,308
79,3398,2024-05-07,55,1,new,No reason,eligible,1701,Under Armour,Swimwear,111.61,0.0,0,182
80,3544,2025-03-26,37,1,tried-on,Defective,ineligible,1779,Chanel,Footwear,1186.33,92.8,1,206
81,7682,2024-01-15,8,1,new,No reason,eligible,3828,Zara,Home,31.93,0.0,0,417
82,14270,2024-07-14,42,1,worn,Changed mind,ineligible,7149,Girlfriend Collective,Jeans,67.96,15.97,1,36
83,4271,2023-11-30,8,1,new,Wrong item,eligible,2150,H&M,Tops,42.42,0.0,0,938
84,6853,2024-01-03,55,1,tried-on,Defective,ineligible,3409,Shein,Activewear,27.86,0.0,0,1131
85,1376,2025-08-14,40,1,new,Changed mind,ineligible,671,H&M,Lingerie,64.41,0.0,0,1033
86,10326,2024-04-26,52,1,tried-on,Too small,ineligible,5147,Urban Outfitters,Accessories,111.28,9.14,1,90
87,2311,2024-10-22,35,1,new,Wrong item,eligible,1149,Under Armour,Activewear,83.18,0.0,0,485
88,6635,2024-11-26,51,1,new,Too small,ineligible,3306,Urban Outfitters,Swimwear,86.09,12.77,1,1487
89,1456,2024-03-30,59,1,new,No reason,ineligible,711,H&M,Footwear,63.61,0.0,0,141
90,14556,2025-06-27,11,1,new,Too large,eligible,7294,Zara,Outerwear,14.47,3.1,1,1355
91,13069,2024-01-05,19,1,new,Too large,eligible,6554,H&M,Lingerie,51.72,16.5,1,734
92,15613,2024-10-03,19,1,tried-on,Changed mind,needs_review,7821,Chanel,Home,538.96,0.0,0,1126
93,5252,2024-06-14,53,1,tried-on,Changed mind,ineligible,2640,Shein,Accessories,6.4,0.0,0,1410
94,9091,2025-09-21,12,1,new,Changed mind,eligible,4525,Loewe,Outerwear,2981.52,0.0,0,796
95,10203,2025-03-06,15,1,new,Defective,eligible,5088,Urban Outfitters,Accessories,65.11,0.0,0,375
96,3463,2025-11-23,26,1,new,No reason,ineligible,1736,Gucci,Jeans,1647.99,114.37,1,1105
97,15333,2025-11-09,2,1,tried-on,Too small,eligible,7681,H&M,Jeans,70.43,0.0,0,720
98,11528,2024-01-05,50,0,new,Too small,ineligible,5762,Shein,Footwear,33.29,0.0,0,1119
99,7522,2024-06-07,14,1,tried-on,No reason,eligible,3751,Gucci,Swimwear,1126.7,0.0,0,1220
100,9968,2024-12-05,53,1,new,Changed mind,ineligible,4963,Chanel,Activewear,666.4,0.0,0,1449
101,10271,2024-12-12,30,1,new,Too large,ineligible,5122,Gucci,Accessories,892.87,0.0,0,766
102,13394,2025-06-11,1,1,new,Too large,eligible,6715,Gucci,Home,585.13,0.0,0,975
103,1773,2025-01-27,42,1,new,Changed mind,ineligible,870,Shein,Beauty,36.32,0.0,0,1119
104,889,2024-03-12,10,1,new,Changed mind,eligible,436,Under Armour,Home,56.76,0.0,0,343
105,11639,2024-10-30,19,0,tried-on,Wrong item,ineligible,5822,Urban Outfitters,Beauty,118.32,0.0,0,135
106,5429,2025-06-25,21,1,new,No reason,needs_review,2725,Chanel,Bags,8882.03,0.0,0,662
107,14668,2025-02-26,4,1,new,Too small,eligible,7352,Loewe,Footwear,963.72,0.0,0,87
108,7096,2024-10-02,35,1,new,Too large,needs_review,3528,Zara,Dresses,31.16,0.0,0,1317
109,15342,2024-07-17,7,1,new,No reason,eligible,7684,H&M,Dresses,87.06,0.0,0,913
110,454,2025-09-18,4,1,tried-on,No reason,eligible,218,Loewe,Activewear,867.46,49.35,1,778
111,12058,2024-12-10,49,1,damaged,Too small,ineligible,6039,Prada,Swimwear,416.47,0.0,0,1383
112,7148,2025-07-12,1,1,new,Changed mind,eligible,3556,Prada,Jeans,1164.97,0.0,0,946
113,3363,2025-05-14,38,1,new,Too small,eligible,1685,Under Armour,Swimwear,90.24,28.37,1,70
114,11449,2024-01-18,33,1,worn,Changed mind,ineligible,5721,Urban Outfitters,Bags,80.05,0.0,0,340
115,8955,2024-02-02,39,1,new,Changed mind,ineligible,4454,Urban Outfitters,Home,20.0,0.0,0,1086
116,8385,2024-06-13,26,1,new,Defective,ineligible,4178,Loewe,Home,722.26,0.0,0,145
117,4513,2024-11-01,12,1,new,Changed mind,eligible,2268,Girlfriend Collective,Activewear,39.79,0.0,0,306
118,5223,2024-02-17,3,0,new,Wrong item,needs_review,2625,Under Armour,Jeans,39.85,0.0,0,759
119,13544,2024-07-30,22,1,worn,No reason,ineligible,6794,Shein,Footwear,53.12,0.0,0,1316
120,4584,2025-05-22,0,1,damaged,Changed mind,ineligible,2306,Prada,Bags,2361.02,0.0,0,284
121,6861,2025-04-02,45,1,new,No reason,ineligible,3413,Loewe,Dresses,1771.03,0.0,0,1227
122,3770,2025-09-05,35,1,new,Too large,ineligible,1900,Gucci,Beauty,1037.42,0.0,0,237
123,15224,2024-05-20,51,1,new,Changed mind,eligible,7623,Under Armour,Accessories,71.62,7.64,1,466
124,873,2025-03-03,12,1,tried-on,Too small,eligible,429,H&M,Outerwear,38.46,11.13,1,1141
125,1387,2024-04-20,4,1,new,No reason,eligible,676,Shein,Lingerie,26.23,2.42,1,328
126,6499,2024-04-12,4,1,tried-on,Too small,eligible,3239,Girlfriend Collective,Lingerie,64.29,16.29,1,341
127,13945,2024-03-22,44,1,tried-on,Too small,ineligible,6991,H&M,Jeans,88.29,0.0,0,1048
128,13408,2024-05-04,39,1,new,No reason,ineligible,6723,Urban Outfitters,Footwear,46.16,15.47,1,1117
129,10309,2024-10-18,1,1,tried-on,Defective,eligible,5139,Urban Outfitters,Bags,51.37,14.38,1,260
130,15791,2024-06-03,50,1,new,Wrong item,ineligible,7901,Shein,Footwear,8.85,0.0,0,4
131,10988,2025-08-03,9,1,new,Too small,eligible,5487,Under Armour,Activewear,103.83,0.0,0,974
132,10637,2025-03-16,8,0,new,Too large,needs_review,5305,Urban Outfitters,Swimwear,97.06,9.16,1,362
133,11636,2025-09-13,21,1,new,Wrong item,eligible,5821,Urban Outfitters,Home,20.0,0.0,0,429
134,13712,2025-02-19,35,1,new,Too small,ineligible,6876,Prada,Swimwear,1075.73,0.0,0,825
135,13421,2024-05-11,59,1,new,No reason,ineligible,6729,Shein,Swimwear,30.97,0.0,0,550
136,5282,2025-09-29,44,1,damaged,No reason,ineligible,2654,Gucci,Swimwear,573.38,0.0,0,682
137,15477,2025-08-17,26,1,worn,Wrong item,ineligible,7754,Shein,Outerwear,18.4,0.0,0,836
138,15233,2025-07-17,41,1,tried-on,Too small,ineligible,7628,Shein,Bags,18.99,6.46,1,282
139,2742,2024-03-28,19,1,new,Defective,eligible,1376,Zara,Bags,76.03,0.0,0,751
140,10337,2025-02-01,49,1,tried-on,Too small,ineligible,5154,H&M,Dresses,82.27,0.0,0,1200
141,8211,2024-02-17,51,1,new,No reason,ineligible,4095,Girlfriend Collective,Tops,48.86,0.0,0,1291
142,927,2024-09-20,26,1,new,Wrong item,eligible,456,Shein,Jeans,43.42,2.85,1,1038
143,11351,2024-01-18,8,1,new,No reason,eligible,5677,Zara,Activewear,46.85,0.0,0,935
144,11886,2024-06-18,6,1,worn,Defective,ineligible,5955,H&M,Lingerie,76.96,19.0,1,1421
145,9479,2024-10-25,16,1,worn,Wrong item,ineligible,4715,Loewe,Accessories,416.27,0.0,0,1456
146,12326,2024-01-12,3,1,new,Wrong item,eligible,6175,H&M,Lingerie,59.3,11.59,1,1113
147,4951,2024-01-26,38,1,new,Defective,ineligible,2484,Shein,Bags,19.5,5.37,1,28
148,8398,2025-12-06,31,1,new,Too large,ineligible,4185,Prada,Jeans,2020.23,0.0,0,824
149,4075,2024-10-26,39,1,damaged,Too large,ineligible,2049,H&M,Tops,97.05,21.21,1,962
150,10301,2024-09-01,33,1,new,Too small,eligible,5136,Under Armour,Accessories,104.01,30.88,1,396
151,2917,2024-10-18,8,1,damaged,Too large,ineligible,1461,H&M,Outerwear,91.73,0.0,0,216
152,2650,2023-12-18,12,1,tried-on,Changed mind,eligible,1327,Girlfriend Collective,Swimwear,68.15,0.0,0,405
153,16001,2024-03-14,56,1,tried-on,Too small,ineligible,7999,Zara,Lingerie,47.44,0.0,0,324
154,10945,2024-05-16,36,1,tried-on,Too large,eligible,5464,Under Armour,Dresses,179.6,34.92,1,362
155,8135,2024-10-20,21,1,new,Defective,eligible,4056,Zara,Home,70.55,0.0,0,1374
156,9133,2025-05-19,38,1,new,Defective,ineligible,4547,Loewe,Activewear,1212.78,0.0,0,1047
157,15205,2024-08-18,19,1,damaged,No reason,ineligible,7612,Zara,Footwear,39.57,0.0,0,209
158,13075,2025-11-26,31,1,new,Defective,needs_review,6556,Zara,Jeans,84.05,0.0,0,1102
159,4018,2024-01-12,0,1,worn,Too small,ineligible,2023,Zara,Jeans,75.39,0.0,0,1094
160,10060,2024-09-06,53,1,tried-on,Wrong item,ineligible,5017,Urban Outfitters,Tops,44.92,0.0,0,1255
161,7191,2024-01-04,29,1,new,Wrong item,eligible,3579,Urban Outfitters,Bags,66.77,0.0,0,33
162,6010,2024-07-01,45,1,new,Defective,ineligible,3009,Girlfriend Collective,Jeans,82.64,0.0,0,837
163,7140,2025-11-28,40,1,damaged,Defective,ineligible,3552,Prada,Tops,1379.85,0.0,0,1222
164,1980,2024-12-26,42,1,worn,No reason,ineligible,979,Zara,Accessories,108.68,0.0,0,1022
165,6522,2025-09-22,13,1,new,No reason,eligible,3251,Prada,Dresses,1167.39,0.0,0,333
166,5638,2025-05-26,13,1,tried-on,Too large,ineligible,2829,Girlfriend Collective,Beauty,45.59,11.76,1,1129
167,5033,2025-06-21,39,1,new,Too large,ineligible,2522,Shein,Home,12.16,0.0,0,960
168,3762,2024-01-21,46,1,new,Defective,ineligible,1896,Shein,Accessories,13.1,2.21,1,506
169,4660,2024-10-18,49,1,new,Too small,ineligible,2343,Loewe,Lingerie,809.44,0.0,0,834
170,12658,2024-06-09,3,1,worn,Defective,ineligible,6342,Shein,Activewear,24.35,0.0,0,1120
171,12649,2024-07-06,28,1,tried-on,No reason,eligible,6337,H&M,Footwear,65.19,0.0,0,379
172,7338,2024-04-08,25,1,new,Changed mind,eligible,3651,Shein,Tops,29.82,0.0,0,1458
173,3140,2025-10-24,27,1,tried-on,Too small,eligible,1579,Girlfriend Collective,Jeans,62.4,0.0,0,1211
174,802,2024-07-05,2,1,tried-on,Wrong item,eligible,395,Girlfriend Collective,Outerwear,73.52,0.0,0,83
175,11073,2025-10-15,54,0,new,Too large,ineligible,5536,Gucci,Beauty,793.12,0.0,0,990
176,9698,2025-08-26,16,1,new,Too small,eligible,4824,Zara,Bags,85.42,0.0,0,795
177,5294,2024-12-06,17,1,tried-on,Defective,eligible,2659,Girlfriend Collective,Tops,70.93,7.33,1,242
178,12766,2024-05-16,13,1,new,Defective,eligible,6397,Girlfriend Collective,Activewear,86.14,0.0,0,244
179,9717,2025-01-01,12,1,new,No reason,eligible,4835,Loewe,Dresses,1434.66,0.0,0,1356
180,14724,2024-04-04,22,1,new,Too large,eligible,7380,Zara,Outerwear,104.98,29.81,1,431
181,9694,2024-09-28,54,0,new,Wrong item,ineligible,4823,Gucci,Activewear,973.17,0.0,0,946
182,2497,2025-05-31,49,1,new,Too large,ineligible,1245,Zara,Swimwear,51.48,15.14,1,149
183,10012,2025-05-04,42,1,new,Changed mind,ineligible,4989,Shein,Swimwear,18.37,0.0,0,992
184,8227,2025-05-22,52,1,new,No reason,ineligible,4103,H&M,Bags,28.59,1.56,1,1095
185,5355,2025-01-03,48,1,new,Defective,ineligible,2689,Shein,Footwear,10.72,3.42,1,1497
186,13492,2025-03-13,48,1,damaged,Too small,ineligible,6764,Under Armour,Beauty,99.86,12.25,1,819
187,12158,2025-07-17,39,1,new,Defective,ineligible,6090,Prada,Dresses,700.0,0.0,0,346
188,10982,2024-02-04,29,1,new,Too large,ineligible,5483,Loewe,Tops,1291.53,0.0,0,422
189,9129,2025-02-09,38,1,new,Too small,ineligible,4545,Urban Outfitters,Dresses,67.03,0.0,0,489
190,5051,2024-06-05,59,1,new,No reason,ineligible,2534,Girlfriend Collective,Bags,70.96,0.0,0,732
191,8154,2024-08-06,51,0,new,No reason,ineligible,4066,Zara,Jeans,15.57,3.42,1,1028
192,4915,2025-12-04,33,1,tried-on,Wrong item,ineligible,2465,Loewe,Lingerie,1036.4,0.0,0,428
193,13715,2025-02-19,23,1,tried-on,Too small,eligible,6878,Zara,Activewear,38.09,0.0,0,1105
194,11721,2025-07-09,8,1,new,Wrong item,eligible,5863,Chanel,Outerwear,3559.03,0.0,0,234
195,15266,2024-01-14,37,1,new,Wrong item,needs_review,7644,Urban Outfitters,Home,20.0,6.79,1,1122
196,10039,2025-10-05,12,1,new,Changed mind,ineligible,5004,Urban Outfitters,Beauty,20.0,0.0,0,353
197,15278,2025-02-22,6,1,new,Defective,eligible,7650,Chanel,Tops,1388.82,0.0,0,276
198,7583,2025-09-30,27,1,new,Wrong item,eligible,3781,Urban Outfitters,Swimwear,78.65,12.8,1,487
199,13106,2024-08-29,44,0,new,Changed mind,ineligible,6573,Loewe,Lingerie,607.42,0.0,0,1103
200,7289,2025-11-21,57,1,new,Wrong item,ineligible,3626,Gucci,Tops,1908.42,0.0,0,14
201,1268,2024-01-16,23,1,new,Changed mind,ineligible,620,Chanel,Bags,10000.0,0.0,0,809
202,7114,2025-11-23,22,1,new,Too large,eligible,3538,H&M,Swimwear,66.52,0.0,0,494
203,2352,2025-09-20,52,1,tried-on,Too large,ineligible,1170,Urban Outfitters,Accessories,38.4,7.17,1,125
204,8021,2025-09-01,7,1,tried-on,Too small,eligible,4001,Shein,Accessories,16.71,0.0,0,345
205,1870,2025-12-05,58,1,new,No reason,ineligible,921,Chanel,Lingerie,695.02,0.0,0,550
206,5698,2025-07-05,23,1,tried-on,No reason,ineligible,2857,Gucci,Tops,1150.36,0.0,0,1295
207,10707,2025-02-01,36,1,new,Too large,ineligible,5340,Loewe,Tops,1562.35,0.0,0,572
208,13610,2025-07-26,58,0,new,Changed mind,ineligible,6824,Prada,Home,554.84,0.0,0,861
209,9692,2025-02-24,6,1,new,Defective,eligible,4822,Gucci,Jeans,1300.99,0.0,0,347
210,13935,2025-01-26,44,0,new,No reason,ineligible,6985,Urban Outfitters,Footwear,96.19,0.0,0,583
211,1181,2024-06-09,34,1,new,Changed mind,ineligible,580,Gucci,Accessories,483.21,0.0,0,18
212,9671,2024-03-10,7,1,new,No reason,eligible,4814,Girlfriend Collective,Swimwear,80.03,7.41,1,1496
213,3480,2025-11-14,17,1,tried-on,Too small,eligible,1744,Zara,Outerwear,32.4,9.28,1,201
214,3124,2024-01-17,14,1,new,Wrong item,eligible,1570,Zara,Activewear,26.68,0.0,0,1173
215,2320,2024-09-20,31,1,tried-on,Defective,ineligible,1154,Chanel,Swimwear,924.17,0.0,0,1489
216,12868,2025-03-12,51,0,new,Defective,ineligible,6447,Shein,Footwear,35.48,0.0,0,976
217,642,2023-12-23,42,1,tried-on,Defective,ineligible,312,Zara,Tops,75.05,0.0,0,495
218,696,2025-06-06,0,1,worn,Wrong item,ineligible,338,Shein,Home,29.09,0.0,0,942
219,12893,2024-09-24,16,1,new,Too small,eligible,6463,Under Armour,Lingerie,83.92,18.31,1,204
220,13594,2025-04-22,12,1,tried-on,No reason,eligible,6818,Zara,Swimwear,53.04,0.0,0,1233
221,12373,2025-10-04,24,1,new,Too large,ineligible,6196,Loewe,Lingerie,787.25,0.0,0,85
222,4512,2024-10-25,5,1,new,Wrong item,eligible,2268,Girlfriend Collective,Swimwear,101.86,0.0,0,306
223,15610,2025-06-03,30,1,new,Too large,ineligible,7820,Loewe,Accessories,539.91,0.0,0,1279
224,3881,2025-09-23,57,1,new,Defective,ineligible,1957,Zara,Footwear,45.74,0.0,0,481
225,10647,2024-03-18,7,0,new,Wrong item,needs_review,5309,Loewe,Outerwear,3007.76,0.0,0,1017
226,12192,2024-12-21,8,1,new,Defective,eligible,6108,Zara,Dresses,74.76,0.0,0,241
227,6699,2025-05-11,6,1,damaged,Too large,ineligible,3332,Shein,Dresses,24.52,4.93,1,929
228,12242,2024-12-12,40,0,new,Changed mind,ineligible,6131,H&M,Tops,56.4,0.0,0,1066
229,5968,2025-08-17,5,1,worn,Too large,ineligible,2989,Loewe,Bags,1808.37,0.0,0,1048
230,4736,2025-07-24,9,1,new,Wrong item,eligible,2382,Urban Outfitters,Tops,45.5,0.0,0,88
231,7698,2024-09-10,31,0,new,Defective,needs_review,3836,Zara,Accessories,70.35,0.0,0,581
232,14498,2024-12-19,15,1,tried-on,Defective,needs_review,7265,Loewe,Swimwear,860.47,268.19,1,490
233,6145,2024-06-06,49,1,new,No reason,ineligible,3069,Zara,Swimwear,60.47,0.0,0,700
234,4504,2024-05-16,25,1,new,Wrong item,ineligible,2262,Gucci,Bags,2316.22,0.0,0,730
235,3000,2025-03-04,7,0,tried-on,Too small,needs_review,1499,Shein,Lingerie,6.99,0.0,0,552
236,11767,2024-06-27,25,1,damaged,No reason,ineligible,5889,Urban Outfitters,Footwear,44.95,11.57,1,1441
237,2619,2025-01-08,29,1,new,Wrong item,eligible,1311,Under Armour,Home,165.82,53.3,1,1162
238,9923,2025-03-14,34,1,new,Too large,needs_review,4936,H&M,Activewear,69.47,0.0,0,1490
239,2282,2025-09-23,8,1,new,No reason,eligible,1131,Under Armour,Footwear,121.16,0.0,0,1306
240,9376,2024-04-29,16,1,tried-on,No reason,needs_review,4662,Prada,Dresses,2500.0,0.0,0,1057
241,6930,2024-01-19,32,1,new,Changed mind,needs_review,3446,Girlfriend Collective,Accessories,99.56,0.0,0,625
242,2965,2025-03-01,9,1,tried-on,Too small,eligible,1482,Zara,Footwear,106.95,26.4,1,955
243,5735,2025-04-05,19,1,damaged,No reason,ineligible,2875,Gucci,Activewear,871.27,0.0,0,269
244,6493,2024-05-21,33,0,new,Defective,needs_review,3236,Girlfriend Collective,Jeans,86.17,0.0,0,63
245,15170,2025-02-27,5,0,worn,Changed mind,ineligible,7595,Zara,Activewear,19.04,0.0,0,809
246,4697,2025-09-08,31,1,new,Defective,needs_review,2364,Girlfriend Collective,Accessories,111.17,0.0,0,410
247,15664,2025-04-06,50,1,new,Too small,ineligible,7844,Chanel,Lingerie,861.95,0.0,0,341
248,713,2025-04-08,32,1,worn,Changed mind,ineligible,347,H&M,Tops,54.84,16.89,1,1358
249,9626,2024-09-21,39,1,new,Changed mind,ineligible,4789,Gucci,Footwear,786.45,0.0,0,1054
250,11557,2025-03-16,29,1,new,No reason,ineligible,5781,Prada,Bags,1985.61,0.0,0,1152
251,4966,2025-01-16,27,1,tried-on,No reason,ineligible,2491,Loewe,Dresses,1676.85,0.0,0,96
252,14795,2024-03-27,23,1,new,Changed mind,eligible,7412,Shein,Activewear,36.26,0.0,0,717
253,8528,2025-08-17,37,1,new,Wrong item,ineligible,4251,Loewe,Footwear,1208.77,0.0,0,61
254,8592,2024-07-05,37,1,new,Defective,needs_review,4284,H&M,Tops,51.13,0.0,0,1330
255,8427,2025-11-04,57,1,new,Too large,ineligible,4198,Urban Outfitters,Lingerie,52.81,16.41,1,519
256,9789,2025-12-17,45,1,worn,Defective,ineligible,4869,Under Armour,Jeans,109.06,0.0,0,26
257,5109,2024-01-30,34,0,new,No reason,needs_review,2562,Under Armour,Activewear,82.39,0.0,0,84
258,14604,2024-11-28,52,1,new,Wrong item,ineligible,7317,Zara,Bags,81.56,18.62,1,976
259,735,2024-01-12,21,1,new,Too small,eligible,362,Urban Outfitters,Bags,94.95,4.88,1,1236
260,5932,2025-02-09,12,1,new,Defective,eligible,2972,H&M,Swimwear,42.17,0.0,0,5
261,625,2025-11-28,47,1,new,Too small,ineligible,304,Gucci,Activewear,697.1,0.0,0,1456
262,13305,2025-10-17,22,1,new,Changed mind,eligible,6674,H&M,Home,49.63,4.44,1,964
263,14354,2024-05-08,50,1,tried-on,Wrong item,ineligible,7192,Shein,Lingerie,23.27,0.0,0,1490
264,8100,2024-11-16,46,1,new,Defective,ineligible,4038,Urban Outfitters,Accessories,111.38,12.35,1,703
265,669,2024-02-27,58,1,new,Wrong item,ineligible,325,Shein,Beauty,20.8,0.0,0,1484
266,9741,2024-02-20,30,0,new,Too large,needs_review,4846,Shein,Home,30.53,0.0,0,913
267,11667,2025-10-13,47,1,new,Too small,ineligible,5837,Zara,Activewear,44.39,0.0,0,55
268,8694,2025-07-09,6,1,tried-on,Wrong item,eligible,4332,Girlfriend Collective,Outerwear,64.13,0.0,0,979
269,14736,2025-04-13,56,1,worn,Defective,ineligible,7387,Girlfriend Collective,Activewear,54.31,0.0,0,1158
270,15696,2025-06-02,38,1,new,Changed mind,ineligible,7858,Girlfriend Collective,Swimwear,87.35,0.0,0,677
271,11411,2024-10-29,41,0,new,Too large,ineligible,5704,Urban Outfitters,Activewear,20.0,0.0,0,221
272,6694,2025-10-28,17,1,new,Wrong item,needs_review,3330,Gucci,Dresses,1950.17,0.0,0,1436
273,3915,2024-06-13,24,1,new,Wrong item,ineligible,1973,Loewe,Lingerie,424.11,129.32,1,367
274,4850,2025-10-27,34,1,tried-on,Wrong item,needs_review,2434,Girlfriend Collective,Home,119.15,37.22,1,136
275,4106,2025-08-14,59,1,tried-on,Wrong item,ineligible,2063,Shein,Bags,33.66,0.0,0,195
276,1239,2024-04-22,22,1,new,Changed mind,eligible,606,Urban Outfitters,Lingerie,60.79,0.0,0,856
277,3960,2024-12-16,51,1,tried-on,Too large,ineligible,1994,Urban Outfitters,Dresses,115.44,32.2,1,75
278,15726,2024-03-01,40,1,tried-on,Too small,ineligible,7873,Zara,Outerwear,42.39,0.0,0,984
279,5410,2025-01-25,30,0,tried-on,Too large,ineligible,2719,Loewe,Outerwear,3867.07,0.0,0,1104
280,12274,2025-10-19,22,1,new,Changed mind,eligible,6146,H&M,Footwear,41.21,3.21,1,1225
281,1095,2025-12-01,29,0,tried-on,Too small,needs_review,538,Zara,Activewear,82.28,0.0,0,890
282,6991,2025-01-13,8,1,tried-on,Too large,eligible,3477,Zara,Lingerie,42.64,12.66,1,866
283,10350,2025-10-26,46,0,tried-on,Defective,ineligible,5161,Prada,Footwear,500.0,0.0,0,951
284,2238,2024-05-04,26,1,tried-on,Changed mind,eligible,1108,Zara,Tops,59.71,0.0,0,1088
285,11167,2025-09-18,33,1,tried-on,Too large,needs_review,5584,H&M,Lingerie,48.27,0.0,0,951
286,3904,2024-11-19,43,1,new,Too small,ineligible,1968,Loewe,Footwear,780.73,0.0,0,1431
287,11556,2025-03-31,44,1,new,No reason,ineligible,5781,Prada,Beauty,551.66,0.0,0,1152
288,15939,2024-03-23,28,1,new,Too small,eligible,7970,Urban Outfitters,Activewear,115.03,0.0,0,1471
289,6000,2025-01-09,47,1,new,Too large,ineligible,3005,Chanel,Bags,8237.06,0.0,0,1134
290,5174,2025-06-08,37,1,tried-on,No reason,ineligible,2598,Loewe,Home,477.82,0.0,0,1424
291,3370,2025-06-10,49,1,tried-on,Defective,ineligible,1690,H&M,Dresses,68.59,0.0,0,1492
292,7826,2025-09-21,24,1,new,Too large,eligible,3905,H&M,Dresses,81.35,25.19,1,967
293,39,2024-03-14,42,1,tried-on,Too large,ineligible,18,H&M,Accessories,54.91,0.0,0,758
294,187,2024-08-11,12,1,worn,Changed mind,ineligible,86,Under Armour,Dresses,56.48,15.22,1,1476
295,9923,2025-02-18,10,1,new,Wrong item,eligible,4936,H&M,Activewear,69.47,0.0,0,1490
296,8517,2024-02-09,15,1,tried-on,Changed mind,needs_review,4246,Gucci,Footwear,652.66,0.0,0,832
297,7887,2024-12-10,36,1,new,Too small,eligible,3936,Under Armour,Dresses,46.3,0.0,0,443
298,1997,2024-01-26,26,1,new,Defective,ineligible,990,Gucci,Beauty,1042.04,0.0,0,867
299,5124,2025-06-02,12,1,new,No reason,eligible,2569,Girlfriend Collective,Home,44.46,0.0,0,1020
300,2540,2024-02-07,13,1,tried-on,No reason,eligible,1270,H&M,Lingerie,60.84,0.0,0,352
301,8900,2025-11-06,45,1,new,Too large,ineligible,4431,Zara,Swimwear,62.09,17.61,1,310
302,15240,2024-02-15,47,1,new,Wrong item,ineligible,7630,Zara,Tops,31.51,0.0,0,850
303,8773,2024-10-23,27,1,new,Defective,eligible,4374,H&M,Swimwear,65.85,0.0,0,100
304,799,2024-03-14,38,1,new,Wrong item,ineligible,393,Urban Outfitters,Beauty,95.57,0.0,0,1288
305,8615,2024-07-06,5,1,new,No reason,eligible,4292,Gucci,Outerwear,3588.42,0.0,0,609
306,2760,2024-02-13,18,1,new,Too small,eligible,1383,Zara,Dresses,37.13,0.0,0,139
307,11453,2025-09-12,32,1,tried-on,Too small,ineligible,5723,Chanel,Lingerie,792.01,0.0,0,1129
308,9155,2025-03-23,41,1,new,Too small,eligible,4557,Under Armour,Tops,45.01,0.0,0,792
309,15183,2024-09-16,59,1,new,Wrong item,ineligible,7601,Urban Outfitters,Home,94.03,0.0,0,535
310,6412,2025-07-03,46,1,new,Changed mind,ineligible,3194,Urban Outfitters,Accessories,109.34,0.0,0,349
311,11818,2025-03-19,51,1,new,No reason,ineligible,5917,Zara,Beauty,61.8,0.0,0,25
312,15646,2025-06-18,46,0,new,No reason,ineligible,7835,Urban Outfitters,Home,80.0,0.0,0,955
313,11047,2025-08-24,17,1,new,Defective,eligible,5518,Shein,Tops,26.61,6.44,1,1116
314,1006,2024-06-25,7,1,new,Changed mind,eligible,492,Girlfriend Collective,Accessories,37.41,10.24,1,1341
315,7396,2024-03-02,52,1,new,Too small,ineligible,3684,H&M,Jeans,78.12,0.0,0,935
316,12344,2024-07-11,28,1,new,Changed mind,ineligible,6184,Prada,Footwear,570.71,143.54,1,72
317,9833,2024-10-06,27,1,new,Wrong item,eligible,4893,Girlfriend Collective,Activewear,82.41,0.0,0,1494
318,14004,2024-01-01,4,1,tried-on,Wrong item,eligible,7020,Zara,Activewear,10.0,1.83,1,183
319,5610,2024-06-15,18,1,tried-on,Too small,needs_review,2816,Gucci,Home,1092.06,0.0,0,184
320,13565,2023-12-22,18,1,new,Defective,needs_review,6803,Chanel,Accessories,466.35,0.0,0,873
321,2160,2025-11-09,8,0,new,Too small,needs_review,1069,Chanel,Activewear,1000.61,0.0,0,790
322,1310,2024-01-18,39,0,tried-on,Defective,ineligible,639,Shein,Dresses,22.88,0.0,0,293
323,12831,2025-06-28,22,1,new,No reason,ineligible,6427,Chanel,Jeans,1097.62,0.0,0,678
324,15585,2024-11-08,29,1,new,Defective,eligible,7806,Urban Outfitters,Tops,97.81,0.0,0,666
325,14091,2024-11-25,16,1,new,No reason,eligible,7063,Girlfriend Collective,Lingerie,69.94,0.0,0,784
326,6766,2024-08-05,22,1,worn,Changed mind,ineligible,3368,Under Armour,Bags,55.77,0.0,0,1343
327,9800,2024-10-10,28,1,new,Defective,ineligible,4877,Gucci,Accessories,650.0,0.0,0,683
328,3473,2024-05-29,35,1,new,Too small,needs_review,1740,Zara,Accessories,67.63,0.0,0,756
329,7478,2025-10-14,40,1,new,Defective,ineligible,3725,Shein,Activewear,26.76,7.42,1,1454
330,14177,2024-11-26,28,1,new,Defective,eligible,7104,Girlfriend Collective,Swimwear,71.72,0.0,0,403
331,15975,2025-03-26,9,1,tried-on,No reason,eligible,7986,Gucci,Bags,2476.54,0.0,0,1255
332,3427,2025-01-29,33,1,new,Too small,needs_review,1716,Shein,Home,26.16,5.02,1,1284
333,15376,2024-04-08,3,1,new,Defective,eligible,7701,Loewe,Outerwear,3574.26,0.0,0,121
334,6747,2025-09-12,49,1,tried-on,Wrong item,ineligible,3359,Girlfriend Collective,Lingerie,64.6,0.0,0,134
335,4220,2024-03-27,4,1,new,No reason,ineligible,2125,Shein,Beauty,30.73,0.0,0,506
336,14614,2025-07-14,34,1,new,Too large,needs_review,7322,Shein,Accessories,50.11,0.0,0,333
337,14546,2025-04-21,14,1,worn,Changed mind,ineligible,7289,Girlfriend Collective,Activewear,77.18,0.0,0,346
338,7552,2025-09-26,3,1,new,Too small,eligible,3764,H&M,Tops,20.39,0.0,0,850
339,10301,2024-08-30,31,1,new,Wrong item,eligible,5136,Under Armour,Accessories,104.01,30.88,1,396
340,8289,2025-07-31,58,1,new,Too large,ineligible,4134,Urban Outfitters,Accessories,70.14,0.0,0,604
341,11474,2024-06-14,44,1,new,Changed mind,ineligible,5734,Shein,Swimwear,12.25,0.0,0,15
342,15938,2025-10-09,8,1,new,Changed mind,eligible,7969,Loewe,Footwear,884.18,0.0,0,1496
343,7636,2024-05-27,16,1,new,No reason,needs_review,3804,Chanel,Footwear,964.96,0.0,0,705
344,7798,2025-06-07,3,0,new,Too large,needs_review,3889,Chanel,Activewear,1251.71,0.0,0,1447
345,14767,2025-02-09,60,1,new,Changed mind,ineligible,7400,Urban Outfitters,Home,155.55,0.0,0,494
346,13491,2024-12-19,13,1,worn,Defective,ineligible,6763,Shein,Beauty,25.96,4.15,1,1356
347,14189,2025-04-17,9,1,new,Wrong item,eligible,7110,Gucci,Bags,2601.44,0.0,0,696
348,781,2024-07-17,40,0,new,Changed mind,ineligible,383,Urban Outfitters,Home,107.44,0.0,0,1431
349,10329,2025-03-20,17,1,new,Too large,eligible,5149,Under Armour,Tops,164.75,0.0,0,347
350,7032,2024-05-19,42,1,tried-on,No reason,ineligible,3496,H&M,Bags,71.23,0.0,0,736
351,1464,2024-08-23,34,1,new,Changed mind,needs_review,717,H&M,Tops,34.82,0.0,0,380
352,1134,2025-08-09,16,1,new,Too small,eligible,558,Shein,Swimwear,18.31,0.0,0,1223
353,13281,2025-06-11,22,1,new,Changed mind,eligible,6664,Girlfriend Collective,Jeans,30.0,7.63,1,817
354,11893,2024-01-22,48,1,new,Changed mind,ineligible,5958,H&M,Tops,93.89,29.69,1,1054
355,14175,2024-11-17,19,1,new,Wrong item,eligible,7104,Girlfriend Collective,Accessories,70.62,0.0,0,403
356,3683,2024-11-10,44,1,tried-on,Too large,ineligible,1857,Shein,Bags,13.29,0.0,0,6
357,15683,2025-08-05,12,1,tried-on,Too large,eligible,7852,Gucci,Swimwear,627.93,0.0,0,1418
358,3934,2024-12-18,56,1,new,No reason,ineligible,1981,Shein,Tops,31.15,0.0,0,1072
359,9734,2025-09-08,10,1,tried-on,Too large,ineligible,4843,Gucci,Beauty,855.94,0.0,0,1344
360,14715,2024-12-11,15,1,new,Wrong item,eligible,7375,Zara,Activewear,80.48,0.0,0,166
361,9357,2024-06-28,26,1,damaged,Defective,ineligible,4652,Loewe,Bags,2164.47,0.0,0,1333
362,4068,2024-12-12,10,1,new,Defective,eligible,2046,Loewe,Bags,2518.22,0.0,0,1096
363,9401,2025-09-22,3,1,new,Wrong item,eligible,4674,Zara,Home,50.55,15.73,1,658
364,5642,2024-12-02,28,1,new,Too small,eligible,2831,H&M,Accessories,46.34,0.0,0,1257
365,3017,2024-10-24,14,1,tried-on,Changed mind,eligible,1509,H&M,Jeans,46.29,10.55,1,918
366,4536,2024-09-17,31,1,new,Too small,ineligible,2280,Loewe,Swimwear,518.05,0.0,0,228
367,4226,2025-02-18,11,1,new,Changed mind,eligible,2127,Prada,Dresses,1684.35,0.0,0,1387
368,847,2025-02-13,56,1,new,Too small,ineligible,415,Chanel,Beauty,893.15,0.0,0,283
369,6407,2025-10-06,53,1,new,No reason,ineligible,3192,Shein,Jeans,41.57,11.97,1,408
370,4278,2025-08-22,10,1,new,No reason,eligible,2153,Shein,Bags,14.09,3.57,1,819
371,15086,2025-03-19,56,1,new,Defective,ineligible,7550,Shein,Tops,5.0,0.0,0,49
372,8995,2025-04-27,41,1,new,No reason,ineligible,4474,Under Armour,Beauty,47.35,0.0,0,827
373,13306,2024-12-10,51,1,new,Too large,ineligible,6675,Zara,Dresses,54.92,0.0,0,955
374,6617,2025-09-11,29,0,worn,Wrong item,ineligible,3295,Shein,Swimwear,25.25,6.44,1,173
375,741,2025-05-27,45,1,new,Too large,ineligible,364,Gucci,Footwear,854.4,0.0,0,1106
376,14888,2024-06-22,41,0,new,Too large,ineligible,7460,Gucci,Jeans,1877.65,0.0,0,1078
377,12396,2024-08-14,13,1,new,Too small,eligible,6207,Girlfriend Collective,Home,63.26,0.0,0,617
378,4499,2024-12-12,27,1,new,No reason,eligible,2260,Urban Outfitters,Activewear,67.76,0.0,0,1135
379,9391,2025-10-23,37,1,tried-on,Defective,ineligible,4670,Gucci,Lingerie,797.77,0.0,0,1493
380,5205,2024-01-14,40,1,new,No reason,ineligible,2613,Girlfriend Collective,Lingerie,101.25,18.27,1,387
381,12874,2024-09-12,6,1,tried-on,Too small,eligible,6451,Loewe,Activewear,1175.02,0.0,0,317
382,15712,2024-08-06,56,1,new,Too large,ineligible,7865,H&M,Swimwear,46.68,6.82,1,1440
383,5790,2025-03-08,21,1,new,Too large,eligible,2898,Shein,Accessories,19.59,0.0,0,1144
384,9106,2024-01-20,8,0,new,Too large,needs_review,4535,Under Armour,Swimwear,107.57,0.0,0,187
385,13914,2023-11-29,10,1,new,Wrong item,eligible,6974,Urban Outfitters,Accessories,92.98,0.0,0,732
386,14900,2025-04-01,33,1,new,Changed mind,needs_review,7465,Urban Outfitters,Jeans,93.16,0.0,0,761
387,2722,2024-09-24,30,1,damaged,Changed mind,ineligible,1364,Loewe,Activewear,922.44,0.0,0,108
388,8501,2023-12-18,5,1,new,Too small,eligible,4234,Under Armour,Home,122.55,0.0,0,693
389,5603,2025-10-11,44,1,new,Wrong item,ineligible,2812,H&M,Swimwear,76.12,6.16,1,576
390,15283,2025-04-20,25,1,damaged,Too large,ineligible,7653,Zara,Tops,32.36,0.0,0,20
391,13308,2025-03-31,20,1,damaged,No reason,ineligible,6676,Loewe,Bags,1992.74,0.0,0,700
392,15999,2024-06-22,4,1,tried-on,Too small,eligible,7998,Urban Outfitters,Bags,90.32,0.0,0,319
393,1571,2024-09-12,59,1,new,Defective,ineligible,768,Chanel,Jeans,1580.8,367.92,1,972
394,8730,2024-07-24,33,1,new,Defective,ineligible,4354,Loewe,Dresses,1901.8,0.0,0,712
395,12907,2024-04-17,29,1,new,Wrong item,eligible,6469,Under Armour,Swimwear,77.15,7.12,1,195
396,11614,2025-07-03,55,1,new,Too large,ineligible,5812,Loewe,Swimwear,734.51,0.0,0,1496
397,2753,2024-01-20,41,1,new,Defective,ineligible,1380,Loewe,Footwear,672.34,0.0,0,357
398,13931,2025-05-10,40,1,new,Defective,ineligible,6984,Prada,Activewear,901.0,0.0,0,388
399,11165,2024-11-12,13,1,new,Defective,eligible,5583,Under Armour,Activewear,107.94,15.09,1,102
400,2748,2024-02-19,59,1,new,Wrong item,eligible,1378,Under Armour,Tops,77.39,0.0,0,580
401,10323,2024-04-28,42,1,worn,Wrong item,ineligible,5146,H&M,Lingerie,64.0,0.0,0,345
402,9330,2024-06-08,4,1,tried-on,Too small,ineligible,4641,Urban Outfitters,Beauty,63.14,4.47,1,201
403,10055,2025-11-23,39,1,worn,Too large,ineligible,5014,Under Armour,Swimwear,30.0,0.0,0,553
404,11926,2024-10-23,51,0,new,Changed mind,ineligible,5973,Prada,Footwear,970.91,0.0,0,1351
405,13295,2025-03-30,60,1,new,Too large,ineligible,6669,H&M,Swimwear,64.47,0.0,0,739
406,14281,2025-07-25,59,1,new,Defective,ineligible,7154,Zara,Dresses,87.73,0.0,0,937
407,10775,2025-09-27,38,1,tried-on,No reason,ineligible,5374,H&M,Activewear,46.72,0.0,0,265
408,12386,2024-12-19,59,1,new,No reason,ineligible,6203,H&M,Outerwear,57.84,7.12,1,1391
409,964,2023-11-29,13,1,new,Wrong item,eligible,473,Girlfriend Collective,Accessories,84.2,25.09,1,720
410,2002,2024-04-29,55,1,new,Changed mind,ineligible,993,H&M,Footwear,48.65,0.0,0,1202
411,11505,2025-09-13,30,1,new,Wrong item,ineligible,5750,Prada,Bags,2439.46,0.0,0,1011
412,4643,2024-10-02,25,1,new,Defective,eligible,2335,H&M,Bags,36.15,0.0,0,443
413,5377,2024-02-24,44,1,new,Defective,ineligible,2700,Loewe,Bags,2302.07,0.0,0,810
414,12127,2024-11-26,18,1,new,Wrong item,eligible,6077,H&M,Accessories,80.85,19.79,1,22
415,9479,2024-11-29,51,1,tried-on,Too large,ineligible,4715,Loewe,Accessories,416.27,0.0,0,1456
416,14059,2025-06-17,16,1,tried-on,Too large,needs_review,7048,Loewe,Footwear,1028.99,0.0,0,604
417,4420,2025-09-12,37,1,damaged,Wrong item,ineligible,2220,Gucci,Dresses,1578.0,0.0,0,190
418,12062,2025-10-22,42,0,new,Wrong item,ineligible,6042,Urban Outfitters,Activewear,61.08,0.0,0,582
419,11491,2024-08-28,45,1,tried-on,Wrong item,ineligible,5742,Zara,Accessories,67.7,0.0,0,835
420,11132,2025-08-14,45,1,tried-on,Too small,ineligible,5568,Girlfriend Collective,Tops,79.79,7.86,1,415
421,15671,2025-02-13,55,0,new,Wrong item,ineligible,7847,Prada,Footwear,777.11,0.0,0,200
422,9212,2025-04-30,27,1,new,No reason,eligible,4586,Under Armour,Home,61.06,16.53,1,1486
423,8652,2024-01-13,11,1,new,Defective,eligible,4311,Under Armour,Activewear,78.28,0.0,0,785
424,702,2025-08-06,42,1,new,Too large,ineligible,341,Prada,Home,719.99,0.0,0,301
425,9519,2025-10-30,32,1,new,Defective,ineligible,4734,Loewe,Dresses,2057.5,0.0,0,1281
426,12782,2025-08-15,43,1,new,Changed mind,ineligible,6404,Zara,Home,33.23,0.0,0,429
427,6121,2025-08-07,37,0,new,No reason,needs_review,3060,Girlfriend Collective,Jeans,100.44,0.0,0,1297
428,5729,2025-03-18,1,1,new,Wrong item,ineligible,2871,Under Armour,Beauty,84.71,23.62,1,450
429,3244,2024-06-19,57,1,new,Wrong item,ineligible,1626,Urban Outfitters,Tops,52.73,0.0,0,402
430,12807,2025-01-14,8,1,new,Changed mind,eligible,6416,Loewe,Dresses,1521.72,0.0,0,1
431,11233,2024-07-13,25,1,new,Too large,ineligible,5618,Loewe,Home,719.81,0.0,0,992
432,8548,2024-04-28,36,1,tried-on,Wrong item,needs_review,4263,Urban Outfitters,Dresses,80.24,20.06,1,650
433,13744,2024-03-29,21,1,new,Too large,needs_review,6888,Chanel,Dresses,1614.25,0.0,0,533
434,10990,2025-10-18,50,1,new,Too large,ineligible,5488,Chanel,Beauty,580.2,99.45,1,1080
435,10875,2024-11-25,14,1,new,Too small,eligible,5426,Prada,Jeans,1325.34,0.0,0,642
436,9672,2024-03-17,14,1,new,Wrong item,eligible,4814,Girlfriend Collective,Lingerie,86.26,0.0,0,1496
437,8713,2025-09-14,55,1,tried-on,Too small,ineligible,4342,Zara,Footwear,96.49,21.79,1,870
438,338,2024-10-12,26,1,tried-on,Wrong item,ineligible,160,Zara,Beauty,54.47,0.0,0,154
439,7154,2025-08-30,16,1,damaged,Changed mind,ineligible,3560,Shein,Beauty,10.88,0.62,1,537
440,5,2025-07-18,5,1,new,Too large,ineligible,3,H&M,Beauty,10.0,3.01,1,1288
441,3295,2024-04-12,23,1,new,Too small,eligible,1649,Girlfriend Collective,Tops,70.68,18.17,1,128
442,12868,2025-02-03,14,1,new,Wrong item,eligible,6447,Shein,Footwear,35.48,0.0,0,976
443,502,2023-12-02,8,1,tried-on,Too small,eligible,242,Under Armour,Dresses,34.08,0.0,0,602
444,12232,2025-03-18,12,1,new,Too small,eligible,6126,Loewe,Swimwear,563.86,0.0,0,355
445,15771,2024-05-14,13,1,new,Too large,eligible,7893,Urban Outfitters,Jeans,87.11,0.0,0,532
446,4573,2025-06-26,34,1,new,Too small,ineligible,2300,Prada,Swimwear,736.14,0.0,0,1455
447,8391,2025-01-02,35,1,new,Changed mind,ineligible,4182,Chanel,Lingerie,878.92,0.0,0,684
448,576,2025-10-06,14,1,worn,Defective,ineligible,279,Loewe,Dresses,776.55,0.0,0,890
449,625,2025-11-02,21,1,new,No reason,needs_review,304,Gucci,Activewear,697.1,0.0,0,1456
450,11575,2024-01-09,35,1,tried-on,Changed mind,ineligible,5791,Gucci,Jeans,789.09,0.0,0,703
451,2323,2024-01-15,50,1,worn,Changed mind,ineligible,1155,Urban Outfitters,Tops,40.97,0.0,0,572
452,7909,2025-03-20,23,1,new,Too small,ineligible,3948,Zara,Beauty,39.56,0.0,0,265
453,7645,2025-05-08,13,0,new,Changed mind,needs_review,3808,Shein,Footwear,28.32,0.0,0,1101
454,880,2024-01-13,17,1,new,Changed mind,needs_review,432,Gucci,Bags,2436.76,0.0,0,296
455,8610,2025-05-23,30,1,new,Wrong item,ineligible,4290,Loewe,Lingerie,941.75,0.0,0,180
456,3321,2024-07-27,30,1,new,Too large,eligible,1664,Zara,Home,45.15,0.0,0,586
457,3532,2024-11-16,9,1,new,Wrong item,eligible,1773,Zara,Accessories,73.06,14.2,1,1481
458,6979,2024-12-12,39,1,new,Changed mind,ineligible,3471,Gucci,Bags,1552.99,0.0,0,321
459,1965,2024-01-19,54,1,new,Defective,ineligible,972,Girlfriend Collective,Swimwear,53.49,0.0,0,235
460,7501,2025-11-03,7,1,new,Defective,eligible,3738,Gucci,Footwear,958.21,0.0,0,1434
461,12470,2025-04-24,46,1,tried-on,Defective,ineligible,6245,Under Armour,Beauty,94.53,0.0,0,620
462,15337,2025-05-17,36,1,new,Wrong item,ineligible,7683,Chanel,Accessories,527.24,0.0,0,1126
463,9346,2024-07-22,18,1,tried-on,Too large,ineligible,4647,H&M,Beauty,93.93,0.0,0,1214
464,244,2024-05-08,16,0,new,Defective,needs_review,113,H&M,Tops,72.64,0.0,0,1116
465,4176,2024-11-01,19,1,new,Defective,eligible,2099,H&M,Footwear,40.27,0.0,0,469
466,739,2025-05-17,35,1,new,Wrong item,ineligible,364,Gucci,Jeans,1773.05,0.0,0,1106
467,13109,2023-12-19,6,0,tried-on,Too small,needs_review,6576,H&M,Home,26.99,0.0,0,1266
468,13101,2024-01-07,42,1,new,No reason,ineligible,6571,Shein,Bags,31.26,0.0,0,18
469,11641,2024-02-15,46,1,new,Too large,ineligible,5823,Gucci,Activewear,749.27,0.0,0,1097
470,2296,2024-11-30,29,1,new,Defective,eligible,1141,H&M,Activewear,17.29,0.0,0,767
471,9778,2024-02-25,51,1,new,Changed mind,ineligible,4865,Urban Outfitters,Activewear,102.27,0.0,0,1086
472,2776,2025-08-24,60,0,new,Too small,ineligible,1392,H&M,Accessories,77.43,0.0,0,1052
473,6579,2024-10-19,44,1,new,No reason,ineligible,3276,Shein,Outerwear,27.81,0.0,0,735
474,13997,2024-11-24,32,1,new,Too small,needs_review,7015,Urban Outfitters,Accessories,53.31,13.59,1,320
475,8356,2024-06-03,4,1,tried-on,Defective,eligible,4166,Shein,Tops,15.99,0.0,0,1452
476,7714,2025-03-05,16,1,tried-on,Defective,eligible,3844,Girlfriend Collective,Lingerie,89.26,0.0,0,707
477,6707,2025-04-04,21,1,tried-on,Defective,eligible,3337,Shein,Dresses,22.14,0.0,0,1089
478,6883,2023-12-09,9,1,tried-on,Wrong item,eligible,3423,Zara,Jeans,65.27,0.0,0,881
479,7330,2024-01-10,30,1,tried-on,Wrong item,ineligible,3646,Prada,Activewear,769.1,253.49,1,859
480,4288,2025-09-14,39,1,new,Too small,ineligible,2157,Chanel,Activewear,1063.87,0.0,0,411
481,11241,2024-05-05,21,1,new,Too large,eligible,5622,Shein,Bags,19.94,0.0,0,89
482,3042,2024-04-05,35,1,tried-on,Too large,needs_review,1524,Urban Outfitters,Dresses,94.04,0.0,0,1260
483,2983,2024-09-25,18,1,new,Defective,needs_review,1492,Loewe,Accessories,696.91,0.0,0,540
484,12514,2024-10-06,60,1,new,No reason,ineligible,6267,Zara,Jeans,74.46,0.0,0,431
485,4702,2024-07-25,0,1,worn,Changed mind,ineligible,2367,Under Armour,Lingerie,38.07,0.0,0,1421
486,9808,2025-05-29,26,1,new,Changed mind,eligible,4881,Shein,Bags,23.63,7.3,1,1408
487,10853,2025-01-11,20,1,tried-on,Too small,eligible,5413,H&M,Lingerie,18.34,0.0,0,792
488,3009,2025-02-14,51,1,tried-on,Changed mind,ineligible,1505,Urban Outfitters,Dresses,23.86,0.0,0,204
489,12383,2025-08-01,49,1,new,Wrong item,ineligible,6201,Shein,Jeans,8.9,0.0,0,805
490,13476,2024-02-04,42,0,new,Changed mind,ineligible,6756,Urban Outfitters,Swimwear,93.02,0.0,0,1210
491,10124,2024-11-15,28,1,worn,No reason,ineligible,5050,Under Armour,Lingerie,46.21,0.0,0,1203
492,231,2024-12-25,26,1,worn,No reason,ineligible,108,Urban Outfitters,Dresses,48.77,0.0,0,42
493,7216,2024-10-01,38,1,new,Too large,ineligible,3590,Shein,Swimwear,30.84,0.0,0,849
494,7099,2024-03-02,13,0,new,Changed mind,needs_review,3531,H&M,Tops,66.24,0.0,0,1453
495,12628,2024-08-15,17,1,new,No reason,eligible,6322,Girlfriend Collective,Lingerie,76.32,16.33,1,748
496,8002,2024-12-27,26,1,new,Changed mind,eligible,3991,Shein,Accessories,22.91,2.95,1,1226
497,15504,2025-12-01,37,1,new,Defective,ineligible,7767,Chanel,Outerwear,3403.95,0.0,0,150
498,5810,2024-10-24,37,1,new,Defective,needs_review,2906,Shein,Home,27.41,0.0,0,52
499,10600,2025-10-14,47,0,tried-on,No reason,ineligible,5289,Zara,Activewear,57.04,0.0,0,890
500,15954,2025-02-06,27,1,tried-on,Wrong item,ineligible,7975,Loewe,Footwear,837.35,0.0,0,997
501,8971,2025-08-09,48,0,worn,Changed mind,ineligible,4463,Zara,Outerwear,67.98,0.0,0,618
502,4664,2024-06-18,53,1,new,Defective,ineligible,2346,Zara,Tops,46.07,0.0,0,1233
503,7876,2025-08-22,7,1,new,Defective,eligible,3932,Chanel,Lingerie,663.19,0.0,0,821
504,9080,2025-11-23,47,1,new,Wrong item,ineligible,4521,Girlfriend Collective,Accessories,116.71,0.0,0,618
505,6249,2024-12-05,37,1,new,Too large,needs_review,3119,H&M,Tops,16.25,0.0,0,713
506,11687,2024-12-30,45,1,tried-on,No reason,ineligible,5845,Gucci,Beauty,683.62,0.0,0,208
507,6811,2024-08-04,5,1,tried-on,Defective,eligible,3390,Under Armour,Outerwear,30.0,0.0,0,1435
508,9903,2025-01-10,9,1,tried-on,Defective,eligible,4926,Urban Outfitters,Outerwear,20.0,0.0,0,1283
509,3111,2024-12-07,51,1,new,Wrong item,ineligible,1562,Loewe,Lingerie,851.45,0.0,0,1470
510,6191,2024-12-29,3,1,new,Defective,eligible,3091,Chanel,Dresses,1617.56,0.0,0,193
511,2747,2025-02-21,51,1,new,Defective,eligible,1377,Under Armour,Lingerie,120.6,0.0,0,548
512,7253,2024-04-11,29,1,new,Too small,ineligible,3608,Shein,Beauty,28.53,0.0,0,605
513,14396,2025-11-18,10,1,tried-on,Too small,eligible,7212,Under Armour,Tops,32.98,0.0,0,88
514,271,2025-12-04,39,1,new,Too small,ineligible,125,Zara,Footwear,36.07,3.0,1,1011
515,1714,2024-07-05,1,0,tried-on,Changed mind,needs_review,838,Chanel,Activewear,830.59,0.0,0,962
516,7193,2025-06-05,20,1,tried-on,Defective,eligible,3581,H&M,Swimwear,18.95,0.0,0,701
517,9429,2024-09-27,8,1,new,Changed mind,eligible,4690,Chanel,Bags,9257.31,0.0,0,319
518,1468,2024-05-30,0,0,new,Too small,needs_review,718,Urban Outfitters,Dresses,109.81,0.0,0,209
519,927,2024-09-08,14,1,tried-on,Changed mind,eligible,456,Shein,Jeans,43.42,2.85,1,1038
520,7096,2024-09-26,29,1,new,Changed mind,eligible,3528,Zara,Dresses,31.16,0.0,0,1317
521,11990,2024-03-12,14,1,new,Wrong item,eligible,6005,Under Armour,Outerwear,62.79,0.0,0,506
522,5966,2025-05-16,26,0,tried-on,Too small,ineligible,2988,H&M,Beauty,79.07,0.0,0,378
523,15809,2024-03-05,20,1,new,Too large,eligible,7910,Under Armour,Footwear,71.17,0.0,0,739
524,3460,2025-12-26,51,1,new,Defective,ineligible,1734,Shein,Tops,18.51,0.0,0,1354
525,515,2024-04-04,29,1,new,Wrong item,eligible,250,Urban Outfitters,Jeans,61.39,0.0,0,1298
526,10284,2024-05-31,18,1,new,Changed mind,ineligible,5129,Urban Outfitters,Beauty,20.0,0.0,0,1263
527,3546,2024-08-26,59,1,new,Too large,ineligible,1780,Zara,Swimwear,58.62,0.0,0,626
528,1874,2025-01-15,9,1,worn,No reason,ineligible,923,H&M,Dresses,84.9,0.0,0,1092
529,2993,2024-06-22,34,1,tried-on,Changed mind,needs_review,1495,Zara,Swimwear,96.24,0.0,0,548
530,11875,2024-11-21,38,1,new,Too small,ineligible,5949,Prada,Accessories,633.18,0.0,0,111
531,14658,2024-11-23,52,1,new,Wrong item,ineligible,7345,Zara,Lingerie,50.91,0.0,0,1048
532,331,2024-10-10,0,1,tried-on,Changed mind,eligible,157,Prada,Bags,1610.59,0.0,0,1371
533,10115,2024-06-12,29,1,worn,Wrong item,ineligible,5046,Girlfriend Collective,Home,75.63,0.0,0,367
534,6773,2024-11-06,49,1,new,Changed mind,eligible,3371,Under Armour,Activewear,59.28,3.84,1,1027
535,2149,2024-03-18,33,1,worn,Wrong item,ineligible,1064,Under Armour,Swimwear,70.78,0.0,0,840
536,139,2025-04-16,8,1,new,No reason,eligible,61,Zara,Footwear,80.82,25.18,1,629
537,9970,2025-01-15,4,1,tried-on,Too small,eligible,4965,H&M,Bags,104.49,16.96,1,93
538,12256,2025-03-01,48,1,tried-on,Defective,ineligible,6137,Zara,Home,82.85,11.9,1,767
539,15036,2025-01-24,10,1,tried-on,Too small,eligible,7527,Shein,Tops,12.03,0.0,0,528
540,685,2025-08-31,41,1,new,Wrong item,eligible,333,Under Armour,Activewear,83.51,0.0,0,926
541,90,2024-04-05,36,1,tried-on,Defective,needs_review,41,Urban Outfitters,Tops,40.28,9.15,1,186
542,5183,2025-08-14,22,1,damaged,Too small,ineligible,2602,H&M,Swimwear,21.54,0.0,0,949
543,15681,2025-04-09,14,1,new,Changed mind,eligible,7851,Urban Outfitters,Dresses,47.85,0.0,0,485
544,10560,2024-07-10,23,1,new,No reason,ineligible,5268,Gucci,Home,844.47,0.0,0,692
545,8451,2023-11-21,8,1,new,Defective,eligible,4209,Zara,Lingerie,56.8,0.0,0,362
546,291,2025-01-06,7,1,tried-on,Too large,eligible,135,Urban Outfitters,Footwear,24.71,0.0,0,46
547,12061,2024-08-25,12,0,tried-on,No reason,needs_review,6041,Urban Outfitters,Lingerie,69.47,0.0,0,818
548,3882,2025-08-21,24,1,new,No reason,eligible,1957,Zara,Jeans,89.07,0.0,0,481
549,2234,2025-03-29,28,1,tried-on,Wrong item,ineligible,1107,Gucci,Dresses,1858.05,0.0,0,1359
550,6984,2025-06-09,45,0,tried-on,Defective,ineligible,3473,Zara,Swimwear,92.76,0.0,0,912
551,11989,2024-02-28,1,1,new,Defective,eligible,6005,Under Armour,Dresses,124.38,0.0,0,506
552,5665,2025-08-20,10,0,new,Too large,needs_review,2844,H&M,Tops,63.62,0.0,0,1421
553,4193,2024-10-02,37,1,new,Changed mind,needs_review,2108,Urban Outfitters,Dresses,75.59,22.96,1,30
554,9692,2025-03-31,41,1,new,Wrong item,ineligible,4822,Gucci,Jeans,1300.99,0.0,0,347
555,279,2025-01-20,9,1,tried-on,Wrong item,eligible,129,Under Armour,Activewear,100.33,30.81,1,1364
556,11459,2025-10-28,50,1,new,No reason,eligible,5726,Under Armour,Accessories,74.04,0.0,0,453
557,10779,2024-04-29,12,1,new,No reason,eligible,5375,Gucci,Accessories,622.96,0.0,0,641
558,14024,2024-07-25,2,1,tried-on,Wrong item,eligible,7031,Urban Outfitters,Lingerie,94.44,0.0,0,939
559,12547,2024-02-04,47,1,tried-on,No reason,ineligible,6283,H&M,Activewear,84.37,0.0,0,640
560,2854,2025-07-04,0,1,new,Defective,eligible,1431,Chanel,Activewear,815.61,0.0,0,774
561,6782,2024-08-11,33,1,new,Too small,ineligible,3376,Chanel,Bags,9031.94,0.0,0,1347
562,10650,2024-09-14,18,1,new,Too large,eligible,5311,H&M,Outerwear,74.43,0.0,0,1029
563,14319,2024-12-03,20,1,new,Too small,eligible,7174,Shein,Dresses,27.8,0.0,0,235
564,488,2025-05-26,53,1,damaged,Too large,ineligible,236,Zara,Beauty,24.35,0.0,0,30
565,11282,2025-03-06,44,1,new,Defective,ineligible,5642,Shein,Swimwear,31.03,0.0,0,253
566,7570,2025-02-10,15,1,new,No reason,eligible,3773,Zara,Swimwear,98.54,0.0,0,437
567,8516,2024-09-17,5,1,tried-on,Wrong item,eligible,4245,Girlfriend Collective,Lingerie,81.06,0.0,0,1286
568,3461,2025-01-06,53,1,tried-on,Wrong item,ineligible,1735,Zara,Tops,69.8,19.96,1,1444
569,6748,2025-08-19,25,1,new,Defective,eligible,3359,Girlfriend Collective,Tops,113.66,0.0,0,134
570,7176,2024-11-05,59,1,new,Too small,ineligible,3571,Urban Outfitters,Outerwear,73.92,0.0,0,689
571,5953,2025-08-27,10,1,new,No reason,eligible,2980,Chanel,Outerwear,3573.01,0.0,0,364
572,5748,2024-09-17,49,1,worn,Too large,ineligible,2880,Girlfriend Collective,Bags,50.15,17.26,1,572
573,4426,2024-08-16,55,1,new,No reason,ineligible,2223,Loewe,Tops,1134.53,0.0,0,686
574,13358,2025-04-15,45,1,new,Changed mind,ineligible,6701,Zara,Dresses,38.9,0.0,0,1122
575,13807,2024-09-13,5,1,new,Too small,eligible,6920,Prada,Swimwear,872.63,0.0,0,1328
576,3969,2024-05-22,55,1,new,No reason,ineligible,1998,Urban Outfitters,Accessories,77.36,0.0,0,110
577,6656,2025-02-09,13,1,new,Wrong item,eligible,3314,Urban Outfitters,Accessories,48.53,0.0,0,1439
578,4163,2024-10-23,43,1,new,Too small,ineligible,2093,Zara,Outerwear,51.35,0.0,0,975
579,3665,2024-02-07,39,1,new,Changed mind,ineligible,1848,Prada,Beauty,704.96,0.0,0,16
580,12654,2025-01-05,8,1,new,Wrong item,eligible,6340,Zara,Dresses,54.7,15.0,1,1090
581,8836,2025-03-19,12,1,new,Changed mind,eligible,4403,Shein,Jeans,8.42,0.0,0,398
582,12040,2025-11-28,23,1,new,Changed mind,eligible,6030,Urban Outfitters,Jeans,56.68,0.0,0,1365
583,180,2024-01-12,14,1,tried-on,Wrong item,eligible,83,H&M,Tops,81.04,25.57,1,1122
584,8403,2024-02-25,46,0,new,Too large,ineligible,4187,Loewe,Jeans,1125.57,0.0,0,431
585,10108,2024-03-03,60,1,new,Wrong item,ineligible,5041,Zara,Beauty,67.99,0.0,0,686
586,5948,2025-09-22,55,1,new,Wrong item,ineligible,2978,Loewe,Dresses,944.09,0.0,0,1244
587,1437,2025-06-28,27,0,tried-on,Defective,needs_review,703,H&M,Activewear,60.39,0.0,0,699
588,13225,2024-02-09,33,1,new,Too small,needs_review,6636,Urban Outfitters,Tops,74.49,0.0,0,604
589,5143,2025-03-26,44,1,tried-on,No reason,ineligible,2579,Loewe,Tops,1409.14,0.0,0,1382
590,14405,2023-12-20,8,0,new,Too large,needs_review,7215,Prada,Swimwear,845.34,0.0,0,1144
591,9815,2025-09-27,19,1,new,Too large,eligible,4885,Under Armour,Outerwear,115.74,0.0,0,542
592,2224,2025-09-11,9,1,tried-on,No reason,eligible,1101,H&M,Outerwear,95.61,0.0,0,1184
593,6989,2025-09-04,39,1,new,Wrong item,ineligible,3476,Zara,Tops,52.95,0.0,0,838
594,4404,2024-06-29,39,1,new,Too small,ineligible,2212,Urban Outfitters,Dresses,51.04,0.0,0,808
595,8651,2024-02-19,48,1,tried-on,Too small,eligible,4311,Under Armour,Bags,99.67,0.0,0,785
596,10696,2025-07-15,24,1,worn,Changed mind,ineligible,5334,Shein,Dresses,35.2,0.0,0,1405
597,10326,2024-04-22,48,1,new,No reason,ineligible,5147,Urban Outfitters,Accessories,111.28,9.14,1,90
598,6851,2025-04-18,0,1,new,Defective,ineligible,3408,Zara,Beauty,67.18,0.0,0,314
599,7787,2025-09-05,44,0,new,Wrong item,ineligible,3884,Shein,Jeans,21.27,0.0,0,1456
600,7021,2024-12-08,4,0,new,No reason,needs_review,3491,Under Armour,Activewear,30.0,0.0,0,1141
601,6045,2024-03-08,6,1,new,Defective,eligible,3024,Chanel,Tops,2045.99,0.0,0,924
602,11170,2024-01-24,43,0,tried-on,Wrong item,ineligible,5586,Shein,Bags,27.6,0.0,0,376
603,38,2024-09-18,11,1,new,Changed mind,eligible,17,Zara,Lingerie,15.7,0.0,0,818
604,3874,2024-11-05,23,1,new,Wrong item,ineligible,1952,Prada,Bags,2553.85,0.0,0,1399
605,3866,2025-02-24,45,1,new,No reason,eligible,1948,Under Armour,Footwear,88.48,0.0,0,1047
606,15364,2025-08-07,47,1,damaged,No reason,ineligible,7696,Girlfriend Collective,Activewear,105.01,28.2,1,1371
607,12202,2025-11-28,43,1,tried-on,Wrong item,ineligible,6113,H&M,Home,103.11,0.0,0,583
608,1105,2025-11-22,30,1,tried-on,Too small,eligible,542,Urban Outfitters,Jeans,87.76,0.0,0,1001
609,2135,2024-05-29,19,1,new,Too small,eligible,1057,Girlfriend Collective,Tops,61.4,8.78,1,234
610,13483,2025-11-24,54,1,tried-on,Defective,ineligible,6759,Chanel,Outerwear,3289.13,0.0,0,1001
611,4535,2024-04-05,4,1,new,No reason,eligible,2279,Chanel,Jeans,1765.1,0.0,0,736
612,3634,2025-06-16,40,1,new,Changed mind,ineligible,1829,H&M,Lingerie,19.68,0.0,0,1007
613,8612,2024-04-07,58,1,tried-on,Defective,eligible,4291,Under Armour,Lingerie,159.3,0.0,0,587
614,1949,2023-12-26,42,1,new,Too large,ineligible,965,Zara,Dresses,82.21,0.0,0,108
615,8164,2025-11-11,23,1,worn,Changed mind,ineligible,4071,H&M,Bags,17.09,5.36,1,324
616,7277,2024-08-18,17,1,tried-on,Too small,eligible,3619,Zara,Home,57.86,0.0,0,480
617,1717,2025-11-06,58,1,worn,Too large,ineligible,840,Prada,Home,715.61,0.0,0,583
618,8095,2024-11-28,1,1,new,Changed mind,eligible,4036,Urban Outfitters,Home,100.08,0.0,0,1158
619,3419,2024-05-15,44,1,new,Wrong item,ineligible,1712,H&M,Outerwear,71.22,0.0,0,755
620,623,2024-02-18,0,1,new,Changed mind,ineligible,303,Zara,Beauty,30.77,0.0,0,1388
621,15026,2024-08-03,13,1,new,Wrong item,eligible,7523,Shein,Bags,11.74,0.0,0,1396
622,4673,2025-05-19,19,1,new,Changed mind,eligible,2352,H&M,Jeans,81.87,0.0,0,1039
623,8491,2025-09-15,16,1,new,Too large,needs_review,4229,Gucci,Footwear,832.47,0.0,0,1118
624,3330,2024-09-18,60,1,new,No reason,ineligible,1670,Urban Outfitters,Activewear,38.67,0.0,0,792
625,10394,2024-05-25,9,1,new,Too small,eligible,5184,Urban Outfitters,Accessories,60.27,0.0,0,1278
626,12254,2025-06-06,12,1,worn,Too small,ineligible,6136,Loewe,Jeans,1418.88,0.0,0,309
627,15133,2024-02-21,11,1,tried-on,Too large,eligible,7576,Loewe,Bags,2260.45,0.0,0,38
628,10742,2023-12-11,29,1,worn,Defective,ineligible,5357,Under Armour,Tops,122.18,0.0,0,853
629,12034,2024-10-10,27,1,worn,No reason,ineligible,6027,Zara,Tops,50.64,0.0,0,543
630,1705,2025-07-27,53,1,new,Defective,ineligible,832,H&M,Accessories,38.05,3.13,1,1469
631,4320,2025-11-14,15,0,tried-on,Defective,needs_review,2176,Prada,Outerwear,3887.03,0.0,0,1270
632,10488,2024-09-13,35,0,new,Changed mind,ineligible,5226,Loewe,Bags,2283.73,0.0,0,607
633,7290,2025-01-12,21,1,new,Too small,eligible,3627,Under Armour,Outerwear,112.76,0.0,0,422
634,1291,2024-12-31,3,1,new,Wrong item,eligible,629,H&M,Swimwear,103.47,0.0,0,352
635,9027,2024-02-16,4,1,tried-on,Defective,eligible,4491,Loewe,Swimwear,770.43,0.0,0,250
636,6391,2025-05-04,57,1,new,Too large,ineligible,3185,Prada,Swimwear,832.1,0.0,0,386
637,11452,2025-09-14,34,1,worn,Changed mind,ineligible,5723,Chanel,Outerwear,3671.22,0.0,0,1129
638,15723,2025-11-01,0,1,tried-on,Too small,eligible,7871,H&M,Jeans,61.0,0.0,0,22
639,6513,2025-11-16,49,1,new,Defective,ineligible,3247,Urban Outfitters,Activewear,70.49,0.0,0,1301
640,9564,2024-11-18,2,1,new,Too small,eligible,4755,Zara,Outerwear,70.38,0.0,0,1493
641,15449,2025-06-27,0,1,tried-on,Too small,eligible,7741,Shein,Accessories,16.85,5.27,1,1335
642,728,2025-09-28,24,1,new,Too large,eligible,356,Urban Outfitters,Tops,77.26,19.96,1,386
643,13523,2025-01-27,26,1,new,Changed mind,eligible,6781,H&M,Swimwear,31.89,0.0,0,707
644,15672,2024-05-12,12,1,new,Changed mind,eligible,7848,Girlfriend Collective,Tops,84.29,0.0,0,465
645,10240,2024-07-11,53,1,worn,Defective,ineligible,5107,Under Armour,Beauty,51.15,0.0,0,689
646,10683,2024-07-08,32,1,new,Wrong item,needs_review,5328,Shein,Accessories,31.28,7.3,1,77
647,1956,2024-01-27,10,1,new,Changed mind,eligible,968,Zara,Tops,46.39,0.0,0,234
648,11240,2024-05-14,30,1,new,Changed mind,eligible,5622,Shein,Bags,23.05,0.0,0,89
649,14879,2024-02-12,27,1,new,Wrong item,eligible,7454,Under Armour,Accessories,99.67,0.0,0,583
650,4310,2024-02-02,37,1,new,Defective,needs_review,2170,Shein,Lingerie,31.11,0.0,0,410
651,9145,2025-05-11,33,1,new,Too small,needs_review,4552,Shein,Footwear,26.53,8.88,1,1248
652,3320,2024-07-18,21,1,new,Defective,eligible,1664,Zara,Outerwear,13.78,0.0,0,586
653,13475,2024-01-23,30,1,new,Defective,eligible,6756,Urban Outfitters,Swimwear,52.97,0.0,0,1210
654,8648,2024-10-28,0,1,damaged,Too large,ineligible,4310,Prada,Lingerie,599.36,0.0,0,345
655,10371,2024-05-29,12,1,new,Wrong item,eligible,5171,Zara,Swimwear,17.98,2.24,1,663
656,2017,2025-07-28,38,1,tried-on,Defective,ineligible,999,Prada,Tops,1204.81,0.0,0,1070
657,3891,2025-01-30,8,0,tried-on,Defective,needs_review,1961,Loewe,Home,823.61,0.0,0,1105
658,4959,2024-04-06,45,1,tried-on,Too small,eligible,2488,Under Armour,Tops,88.05,0.0,0,234
659,13127,2025-06-08,8,1,new,Wrong item,eligible,6585,Girlfriend Collective,Outerwear,71.91,6.08,1,1263
660,4724,2025-11-21,49,1,new,No reason,ineligible,2377,Urban Outfitters,Dresses,48.12,0.0,0,804
661,14653,2023-11-29,11,1,new,Too small,eligible,7343,H&M,Home,57.02,0.0,0,987
662,4158,2025-04-08,50,1,damaged,Wrong item,ineligible,2089,Shein,Jeans,18.37,0.0,0,1037
663,7907,2024-11-11,58,1,new,No reason,ineligible,3946,Shein,Tops,23.75,0.0,0,377
664,1526,2025-08-15,50,1,new,Defective,ineligible,747,Girlfriend Collective,Footwear,80.37,0.0,0,89
665,7691,2024-02-14,40,1,new,Too large,ineligible,3832,Prada,Home,712.06,0.0,0,443
666,10201,2024-05-09,12,1,new,Changed mind,eligible,5087,Under Armour,Tops,80.62,0.0,0,1230
667,13172,2024-08-16,37,1,new,Defective,ineligible,6609,Loewe,Home,729.12,0.0,0,6
668,10256,2025-06-25,34,1,new,Too small,ineligible,5115,Zara,Beauty,50.09,0.0,0,301
669,12560,2024-08-31,47,1,new,Too small,eligible,6289,Under Armour,Outerwear,41.69,0.0,0,1142
670,5032,2025-06-01,19,0,new,No reason,needs_review,2522,Shein,Tops,15.3,0.0,0,960
671,13406,2024-01-10,56,1,new,Defective,ineligible,6722,Shein,Activewear,21.8,0.0,0,933
672,1069,2025-01-16,7,1,new,Changed mind,eligible,522,Prada,Activewear,909.03,0.0,0,503
673,14351,2024-11-25,49,1,new,Changed mind,ineligible,7189,H&M,Lingerie,105.8,0.0,0,640
674,9028,2024-12-03,29,1,new,Too small,eligible,4492,Girlfriend Collective,Lingerie,84.46,29.48,1,104
675,5761,2024-03-12,14,1,tried-on,Too large,eligible,2887,Under Armour,Swimwear,86.47,0.0,0,1152
676,7187,2025-11-30,24,1,worn,Changed mind,ineligible,3576,Under Armour,Jeans,63.07,0.0,0,589
677,9243,2025-04-21,41,1,worn,Wrong item,ineligible,4600,Shein,Accessories,5.26,0.0,0,275
678,11128,2025-08-23,47,0,new,No reason,ineligible,5566,Girlfriend Collective,Activewear,56.34,0.0,0,676
679,11952,2024-03-29,5,1,new,No reason,eligible,5986,Prada,Bags,2361.15,0.0,0,46
680,1365,2024-08-25,30,0,tried-on,Too large,needs_review,665,Zara,Swimwear,51.12,12.15,1,85
681,15548,2024-08-08,13,1,worn,Defective,ineligible,7788,H&M,Tops,46.63,0.0,0,996
682,14230,2025-10-30,0,1,tried-on,Too large,eligible,7129,H&M,Swimwear,51.8,0.0,0,508
683,5880,2024-07-08,37,1,new,Wrong item,needs_review,2946,Zara,Footwear,59.37,0.0,0,700
684,953,2025-06-17,21,1,new,Changed mind,needs_review,468,Loewe,Home,768.83,0.0,0,426
685,5634,2025-02-14,8,1,new,No reason,eligible,2828,Girlfriend Collective,Home,111.06,0.0,0,1424
686,13604,2025-03-12,53,1,new,Changed mind,ineligible,6822,Loewe,Lingerie,1037.13,0.0,0,1111
687,8596,2024-07-27,3,1,new,Too small,ineligible,4285,Zara,Beauty,71.9,0.0,0,1269
688,1168,2025-10-19,5,1,tried-on,Too large,eligible,575,Loewe,Footwear,666.47,0.0,0,875
689,14959,2024-11-05,26,1,damaged,Wrong item,ineligible,7493,Urban Outfitters,Lingerie,130.63,7.7,1,1014
690,2627,2025-02-15,14,0,new,No reason,needs_review,1316,Zara,Swimwear,62.15,0.0,0,460
691,7038,2025-08-06,17,1,tried-on,Defective,eligible,3500,Urban Outfitters,Swimwear,82.2,0.0,0,532
692,6001,2024-11-28,5,1,new,Defective,eligible,3005,Chanel,Outerwear,3696.91,0.0,0,1134
693,8397,2025-12-19,44,1,new,Changed mind,ineligible,4185,Prada,Activewear,941.71,0.0,0,824
694,1923,2024-08-17,37,1,new,Changed mind,ineligible,950,Chanel,Jeans,1330.2,0.0,0,1176
695,8622,2024-06-17,26,1,new,Defective,eligible,4296,Urban Outfitters,Swimwear,48.96,0.0,0,380
696,14109,2024-08-09,4,1,new,Too small,eligible,7071,Zara,Tops,51.03,0.0,0,141
697,900,2024-02-13,58,1,worn,Defective,ineligible,441,Urban Outfitters,Activewear,50.81,0.0,0,97
698,1082,2024-05-30,6,1,new,Too large,eligible,529,H&M,Lingerie,112.99,0.0,0,1383
699,1650,2024-04-24,46,1,new,Too small,ineligible,806,Girlfriend Collective,Tops,76.8,0.0,0,526
700,12259,2025-05-12,26,1,tried-on,Defective,ineligible,6139,Prada,Tops,1542.89,0.0,0,64
701,7223,2025-02-14,41,1,new,Too small,ineligible,3593,Zara,Tops,28.89,0.0,0,795
702,10073,2024-06-18,51,1,new,Wrong item,ineligible,5023,H&M,Jeans,10.0,0.0,0,1027
703,5741,2024-06-04,29,0,new,Defective,needs_review,2877,Urban Outfitters,Lingerie,74.53,0.0,0,188
704,8188,2025-08-30,54,1,new,No reason,ineligible,4084,H&M,Outerwear,56.9,0.0,0,225
705,2846,2024-09-07,24,1,tried-on,Too large,eligible,1428,Zara,Home,46.26,0.0,0,1365
706,12833,2024-10-19,18,1,new,Too small,ineligible,6428,Zara,Beauty,72.92,22.97,1,405
707,1099,2024-11-27,4,1,new,Too large,eligible,540,Under Armour,Outerwear,121.91,13.62,1,1084
708,1214,2024-04-05,38,1,new,Too small,ineligible,595,Girlfriend Collective,Outerwear,104.57,10.2,1,427
709,7870,2025-06-30,27,0,new,Wrong item,ineligible,3930,Loewe,Swimwear,693.17,0.0,0,1066
710,8014,2024-04-01,41,1,new,Too small,ineligible,3998,Urban Outfitters,Outerwear,52.05,0.0,0,1307
711,15623,2024-03-23,0,1,new,Too large,eligible,7825,Chanel,Activewear,791.81,0.0,0,490
712,4186,2024-05-02,19,0,new,Defective,needs_review,2103,Shein,Dresses,5.0,1.43,1,605
713,13140,2024-04-25,60,1,new,No reason,eligible,6592,Under Armour,Tops,30.0,0.0,0,418
714,8817,2024-10-04,42,1,tried-on,Defective,ineligible,4392,Urban Outfitters,Beauty,105.91,0.0,0,723
715,6112,2025-02-01,43,1,new,Wrong item,ineligible,3055,Chanel,Accessories,820.55,0.0,0,701
716,11467,2024-06-15,40,1,tried-on,Wrong item,ineligible,5731,Zara,Footwear,39.67,11.22,1,259
717,207,2024-04-10,2,1,new,Wrong item,eligible,95,Shein,Swimwear,31.02,0.0,0,1314
718,13338,2025-02-28,60,1,new,Too small,ineligible,6689,Prada,Lingerie,777.29,0.0,0,1454
719,5793,2025-09-12,12,1,new,No reason,eligible,2899,Under Armour,Bags,119.33,29.78,1,1145
720,3805,2023-11-20,11,1,new,Defective,eligible,1918,H&M,Accessories,65.53,0.0,0,96
721,12386,2024-12-12,52,0,tried-on,Defective,ineligible,6203,H&M,Outerwear,57.84,7.12,1,1391
722,2021,2025-07-21,21,1,new,Defective,eligible,1000,Urban Outfitters,Accessories,72.39,0.0,0,77
723,191,2025-09-04,37,1,tried-on,Too large,needs_review,87,Girlfriend Collective,Bags,48.23,0.0,0,966
724,1056,2025-02-04,2,1,worn,Wrong item,ineligible,515,H&M,Beauty,66.75,0.0,0,36
725,2116,2024-04-17,53,0,new,No reason,ineligible,1047,Girlfriend Collective,Lingerie,82.78,0.0,0,1241
726,12930,2025-02-15,56,1,tried-on,Changed mind,ineligible,6482,H&M,Swimwear,124.54,0.0,0,1152
727,2561,2025-01-17,18,1,new,No reason,eligible,1280,Under Armour,Footwear,129.68,0.0,0,1137
728,11319,2025-08-26,56,1,new,No reason,ineligible,5659,H&M,Home,52.91,0.0,0,471
729,4734,2025-01-19,26,1,tried-on,Wrong item,eligible,2381,Zara,Outerwear,90.11,0.0,0,921
730,13176,2024-12-27,56,1,tried-on,No reason,ineligible,6610,Shein,Activewear,30.92,0.0,0,857
731,6567,2024-12-02,49,1,new,Wrong item,ineligible,3271,Urban Outfitters,Beauty,42.36,0.0,0,624
732,9411,2025-10-23,42,1,damaged,Changed mind,ineligible,4679,H&M,Lingerie,36.73,4.1,1,1437
733,1025,2023-12-21,33,1,worn,Wrong item,ineligible,501,Zara,Bags,62.94,3.43,1,510
734,12202,2025-10-20,4,1,new,Defective,eligible,6113,H&M,Home,103.11,0.0,0,583
735,10211,2025-09-24,33,1,new,Changed mind,ineligible,5092,Gucci,Home,1089.67,0.0,0,1213
736,13279,2025-04-04,11,1,new,No reason,eligible,6662,H&M,Outerwear,101.4,0.0,0,1117
737,619,2024-04-13,43,1,new,Wrong item,ineligible,302,Gucci,Beauty,704.99,0.0,0,1231
738,13621,2024-09-06,60,1,new,Too small,ineligible,6831,Loewe,Activewear,1038.35,0.0,0,948
739,11524,2024-09-20,33,1,new,Changed mind,needs_review,5761,Girlfriend Collective,Swimwear,87.85,11.51,1,51
740,4874,2024-03-19,17,1,new,Too small,needs_review,2444,Prada,Activewear,465.61,0.0,0,1294
741,12556,2025-09-13,0,1,new,Changed mind,eligible,6288,Shein,Tops,52.23,0.0,0,1318
742,15184,2024-09-12,55,1,new,Too small,ineligible,7601,Urban Outfitters,Accessories,69.07,16.49,1,535
743,10926,2024-07-29,35,1,new,Too large,needs_review,5454,Zara,Outerwear,71.54,0.0,0,377
744,7447,2024-09-04,13,1,worn,Defective,ineligible,3710,Prada,Beauty,300.0,0.0,0,349
745,8958,2025-07-15,17,1,new,Changed mind,needs_review,4455,Prada,Swimwear,858.24,0.0,0,1347
746,10499,2024-08-01,54,1,new,Changed mind,ineligible,5233,Zara,Beauty,75.09,0.0,0,1418
747,6976,2025-01-13,50,1,new,Too small,ineligible,3469,Zara,Activewear,33.44,10.22,1,1449
748,13767,2025-05-21,3,1,worn,No reason,ineligible,6900,Shein,Activewear,28.78,0.0,0,871
749,10697,2024-04-20,18,1,tried-on,Too large,eligible,5335,Shein,Home,49.04,0.0,0,492
750,3352,2025-07-10,47,1,worn,Too large,ineligible,1679,Urban Outfitters,Accessories,108.73,0.0,0,1313
751,6159,2025-09-22,44,1,new,No reason,ineligible,3075,Urban Outfitters,Tops,78.26,0.0,0,149
752,13619,2025-04-24,10,1,new,Defective,eligible,6829,Zara,Footwear,83.91,0.0,0,694
753,4508,2024-02-23,26,1,new,Changed mind,eligible,2265,H&M,Dresses,26.65,0.0,0,158
754,15534,2024-07-27,38,0,new,Too small,ineligible,7781,Shein,Outerwear,34.9,8.93,1,1303
755,1525,2025-07-20,24,1,new,Wrong item,ineligible,747,Girlfriend Collective,Beauty,68.03,0.0,0,89
756,8694,2025-08-02,30,1,new,Too small,eligible,4332,Girlfriend Collective,Outerwear,64.13,0.0,0,979
757,6516,2024-03-31,57,1,new,Defective,ineligible,3249,Shein,Home,10.86,0.0,0,1308
758,12845,2025-07-09,47,1,new,Wrong item,ineligible,6434,Zara,Dresses,102.94,9.61,1,1398
759,12216,2025-01-24,52,0,worn,No reason,ineligible,6119,H&M,Tops,30.07,0.0,0,272
760,14765,2024-03-22,21,1,new,Wrong item,eligible,7399,Under Armour,Dresses,100.81,27.24,1,1240
761,9959,2024-01-25,3,0,new,Changed mind,needs_review,4958,H&M,Lingerie,89.79,0.0,0,1185
762,15097,2024-01-12,20,1,new,Changed mind,ineligible,7555,Gucci,Beauty,1074.38,298.26,1,1246
763,2036,2024-01-17,14,1,new,Wrong item,eligible,1007,Chanel,Lingerie,821.88,0.0,0,754
764,13058,2024-10-20,54,1,tried-on,Too large,ineligible,6549,Zara,Footwear,63.23,13.69,1,1295
765,7077,2024-08-01,1,1,tried-on,No reason,eligible,3521,Loewe,Bags,2713.44,0.0,0,1500
766,10467,2025-06-26,0,1,new,Defective,eligible,5217,Under Armour,Activewear,82.75,17.1,1,1079
767,5261,2025-08-18,22,1,new,Too large,eligible,2644,Urban Outfitters,Dresses,76.46,0.0,0,516
768,485,2025-09-05,31,1,tried-on,Defective,eligible,234,Under Armour,Footwear,156.14,11.6,1,1286
769,3582,2025-10-30,32,1,new,Too small,ineligible,1800,Girlfriend Collective,Beauty,84.16,29.03,1,688
770,8354,2024-07-14,45,0,tried-on,Wrong item,ineligible,4166,Shein,Activewear,21.93,0.0,0,1452
771,5488,2024-04-22,17,1,new,Changed mind,eligible,2754,Under Armour,Accessories,119.5,0.0,0,576
772,7481,2024-01-04,14,1,new,Too large,eligible,3728,H&M,Home,62.83,0.0,0,500
773,3354,2025-08-02,58,1,new,Too small,ineligible,1681,Zara,Dresses,56.63,0.0,0,1479
774,240,2025-11-24,45,1,new,Changed mind,ineligible,112,Urban Outfitters,Bags,40.81,0.0,0,323
775,7759,2025-02-03,52,0,new,Defective,ineligible,3870,Gucci,Footwear,770.71,0.0,0,1358
776,12356,2024-12-26,12,0,new,Changed mind,needs_review,6189,Shein,Dresses,29.55,0.0,0,883
777,14041,2025-04-04,50,1,new,Too large,ineligible,7039,Loewe,Lingerie,751.66,0.0,0,49
778,14109,2024-08-22,17,1,tried-on,Too large,eligible,7071,Zara,Tops,51.03,0.0,0,141
779,15086,2025-02-13,22,1,tried-on,Defective,eligible,7550,Shein,Tops,5.0,0.0,0,49
780,1080,2025-02-13,9,0,worn,Defective,ineligible,528,Loewe,Dresses,2500.0,0.0,0,106
781,11234,2025-11-17,21,1,new,No reason,eligible,5619,Shein,Footwear,30.55,0.0,0,1083
782,3156,2025-08-11,38,1,new,Too large,eligible,1586,Under Armour,Lingerie,66.84,0.0,0,602
783,4880,2024-09-26,33,1,new,Too small,ineligible,2447,Prada,Jeans,1238.96,0.0,0,123
784,7779,2025-07-12,5,1,tried-on,Wrong item,eligible,3879,Chanel,Tops,1328.2,263.38,1,999
785,7712,2024-10-23,51,1,worn,Defective,ineligible,3843,Zara,Beauty,95.01,27.83,1,1454
786,11113,2024-06-02,55,1,new,Too small,ineligible,5557,Urban Outfitters,Tops,41.09,0.0,0,848
787,9127,2025-01-22,20,1,new,Too small,eligible,4545,Urban Outfitters,Accessories,113.0,11.14,1,489
788,3910,2025-06-16,40,1,tried-on,Changed mind,eligible,1970,Under Armour,Home,126.84,0.0,0,1152
789,2585,2024-01-24,36,1,tried-on,Wrong item,ineligible,1293,Loewe,Footwear,1050.66,0.0,0,13
790,12731,2023-12-08,29,1,worn,Defective,ineligible,6380,Loewe,Dresses,1942.58,0.0,0,181
791,13909,2024-12-29,54,1,tried-on,Too small,ineligible,6972,Girlfriend Collective,Footwear,73.75,0.0,0,593
792,12889,2024-06-19,10,1,tried-on,Too small,eligible,6461,Under Armour,Bags,99.47,0.0,0,844
793,1495,2024-08-30,15,1,tried-on,Changed mind,needs_review,730,Prada,Footwear,1031.76,0.0,0,874
794,13123,2025-10-28,4,0,worn,Changed mind,ineligible,6583,Prada,Bags,2598.38,0.0,0,170
795,10224,2025-10-16,35,1,new,Too large,needs_review,5100,Zara,Home,88.86,0.0,0,966
796,4106,2025-08-11,56,1,new,Changed mind,ineligible,2063,Shein,Bags,33.66,0.0,0,195
797,12260,2025-06-15,60,1,new,No reason,ineligible,6139,Prada,Activewear,908.76,0.0,0,64
798,6839,2024-03-04,5,1,new,Too small,ineligible,3402,Shein,Beauty,29.7,0.0,0,994
799,5013,2025-07-21,25,1,tried-on,Defective,ineligible,2514,Loewe,Footwear,1214.93,0.0,0,1047
800,14330,2024-08-30,39,1,new,No reason,ineligible,7178,Loewe,Footwear,728.78,0.0,0,1216
801,15299,2024-04-28,36,1,tried-on,No reason,ineligible,7663,Loewe,Footwear,986.77,0.0,0,34
802,4956,2025-03-25,29,1,new,No reason,eligible,2487,Girlfriend Collective,Tops,120.27,0.0,0,1319
803,6250,2024-12-18,50,0,tried-on,Changed mind,ineligible,3119,H&M,Tops,26.62,3.42,1,713
804,8626,2023-11-23,2,1,new,Too large,eligible,4297,Girlfriend Collective,Swimwear,73.41,9.49,1,158
805,10623,2024-11-17,30,1,new,No reason,eligible,5298,Under Armour,Outerwear,72.62,4.65,1,109
806,1935,2025-06-01,42,0,new,Wrong item,ineligible,956,H&M,Beauty,51.9,0.0,0,851
807,9781,2024-03-05,47,1,new,Defective,ineligible,4866,Loewe,Bags,2081.8,0.0,0,1125
808,14236,2025-12-23,45,1,new,Too small,ineligible,7133,Gucci,Outerwear,3396.33,0.0,0,276
809,10751,2025-09-08,33,1,tried-on,Changed mind,ineligible,5361,Chanel,Activewear,761.17,0.0,0,605
810,11678,2025-07-23,28,1,worn,No reason,ineligible,5841,Chanel,Jeans,800.93,0.0,0,966
811,1549,2025-07-19,47,1,new,Wrong item,ineligible,758,Shein,Activewear,33.01,0.0,0,1160
812,10068,2024-04-19,8,1,worn,Wrong item,ineligible,5021,Shein,Home,17.34,3.86,1,1215
813,11805,2023-11-30,6,1,new,Changed mind,eligible,5911,H&M,Dresses,36.52,10.73,1,896
814,2045,2025-11-18,43,1,tried-on,Defective,ineligible,1010,Loewe,Tops,1733.73,0.0,0,306
815,14008,2025-02-07,57,0,new,Too large,ineligible,7022,Loewe,Activewear,637.45,0.0,0,476
816,11703,2025-10-16,1,1,new,Too small,ineligible,5854,Zara,Beauty,59.95,5.06,1,291
817,2246,2025-04-05,10,1,worn,Wrong item,ineligible,1114,Under Armour,Accessories,126.5,0.0,0,769
818,11025,2025-02-25,43,1,worn,No reason,ineligible,5506,Gucci,Accessories,480.8,0.0,0,1483
819,1456,2024-02-26,26,1,new,Defective,eligible,711,H&M,Footwear,63.61,0.0,0,141
820,12183,2024-04-27,4,1,worn,Too small,ineligible,6104,H&M,Tops,76.84,0.0,0,348
821,1870,2025-10-14,6,1,worn,Too small,ineligible,921,Chanel,Lingerie,695.02,0.0,0,550
822,15200,2025-10-27,6,1,new,Changed mind,eligible,7609,H&M,Outerwear,29.84,0.0,0,803
823,1182,2024-05-28,22,1,tried-on,Wrong item,ineligible,580,Gucci,Outerwear,3818.6,0.0,0,18
824,3717,2024-08-11,16,1,new,Defective,needs_review,1874,Gucci,Accessories,461.32,0.0,0,64
825,3335,2024-03-17,46,1,new,No reason,ineligible,1673,Urban Outfitters,Beauty,61.41,6.71,1,381
826,13322,2024-10-07,44,1,new,Wrong item,ineligible,6681,Gucci,Accessories,934.11,0.0,0,43
827,11436,2023-12-01,13,1,new,Wrong item,ineligible,5714,Loewe,Beauty,588.36,0.0,0,50
828,270,2025-08-06,28,0,new,No reason,ineligible,124,Gucci,Home,811.02,0.0,0,1188
829,6917,2024-02-22,54,1,new,Changed mind,ineligible,3438,Under Armour,Beauty,111.14,0.0,0,320
830,1257,2025-05-02,48,1,new,No reason,ineligible,615,Prada,Tops,1910.12,0.0,0,936
831,8550,2024-08-16,46,1,new,Defective,ineligible,4264,Urban Outfitters,Footwear,76.74,0.0,0,572
832,3966,2025-08-17,35,1,new,Changed mind,ineligible,1997,Loewe,Lingerie,825.53,0.0,0,138
833,2619,2025-01-23,44,1,new,Defective,eligible,1311,Under Armour,Home,165.82,53.3,1,1162
834,5258,2024-11-16,10,1,new,Changed mind,eligible,2643,Gucci,Lingerie,684.28,0.0,0,1054
835,11910,2024-10-27,24,1,new,Defective,ineligible,5966,Girlfriend Collective,Beauty,61.77,11.1,1,1447
836,13752,2024-05-27,32,1,tried-on,Defective,needs_review,6893,Urban Outfitters,Lingerie,42.06,4.61,1,965
837,5856,2025-01-04,5,1,tried-on,Too large,ineligible,2933,Urban Outfitters,Beauty,89.91,14.31,1,614
838,12871,2023-12-22,3,1,new,Changed mind,eligible,6448,Under Armour,Footwear,105.31,0.0,0,838
839,2996,2024-01-26,7,0,new,No reason,ineligible,1497,Urban Outfitters,Beauty,98.02,0.0,0,1442
840,14030,2024-01-08,18,1,new,Defective,eligible,7034,H&M,Accessories,82.22,0.0,0,621
841,15185,2025-10-20,36,1,new,Defective,ineligible,7602,Gucci,Activewear,822.51,0.0,0,1291
842,6013,2024-01-15,32,1,new,Wrong item,ineligible,3010,Loewe,Bags,2035.96,0.0,0,197
843,7158,2025-05-13,26,1,new,Changed mind,eligible,3561,Girlfriend Collective,Accessories,50.47,13.49,1,844
844,10216,2025-06-27,24,1,new,No reason,eligible,5095,Zara,Home,82.67,0.0,0,111
845,3809,2025-11-19,26,1,tried-on,Too small,eligible,1920,H&M,Jeans,31.35,2.45,1,98
846,2065,2025-11-04,55,0,new,Defective,ineligible,1022,Loewe,Lingerie,306.65,0.0,0,635
847,8499,2025-01-26,40,1,new,Changed mind,ineligible,4233,H&M,Swimwear,57.79,11.12,1,1069
848,6933,2025-08-30,53,1,tried-on,Wrong item,ineligible,3448,Zara,Jeans,79.44,0.0,0,1168
849,10567,2025-08-31,5,1,worn,Changed mind,ineligible,5272,H&M,Swimwear,82.67,0.0,0,1189
850,2648,2025-09-14,53,1,new,Too small,ineligible,1326,Zara,Activewear,55.93,0.0,0,1006
851,11460,2025-10-25,47,0,new,Too small,needs_review,5726,Under Armour,Tops,74.33,7.29,1,453
852,3260,2025-06-19,45,1,new,Defective,ineligible,1633,H&M,Outerwear,67.37,0.0,0,1244
853,15690,2025-04-14,13,1,tried-on,Changed mind,eligible,7856,Chanel,Footwear,500.0,0.0,0,496
854,6457,2024-12-06,21,1,new,Wrong item,eligible,3218,H&M,Accessories,106.15,0.0,0,1081
855,8290,2025-03-10,21,1,new,Too small,ineligible,4135,H&M,Beauty,47.86,0.0,0,1403
856,615,2025-08-13,12,1,new,Wrong item,eligible,300,Girlfriend Collective,Footwear,97.15,32.81,1,1458
857,5275,2024-06-14,33,1,tried-on,Wrong item,needs_review,2651,Zara,Activewear,68.39,0.0,0,136
858,7505,2025-06-10,52,1,tried-on,No reason,ineligible,3739,Zara,Activewear,21.76,5.48,1,1288
859,8755,2025-04-12,20,1,new,Too large,eligible,4364,Zara,Accessories,39.28,0.0,0,890
860,8500,2025-02-06,51,1,new,Too large,ineligible,4233,H&M,Accessories,62.6,0.0,0,1069
861,15804,2025-06-27,18,1,worn,No reason,ineligible,7906,Urban Outfitters,Tops,115.48,0.0,0,162
862,1089,2025-01-11,40,1,tried-on,Too small,ineligible,534,Chanel,Footwear,833.92,0.0,0,40
863,12539,2024-12-01,25,0,new,Too large,needs_review,6278,Zara,Home,42.19,0.0,0,909
864,12262,2025-09-21,37,1,new,Too large,needs_review,6141,Shein,Swimwear,6.59,1.97,1,741
865,4799,2024-05-13,45,0,new,Wrong item,ineligible,2410,Urban Outfitters,Accessories,70.82,0.0,0,917
866,8670,2024-06-04,31,1,new,Defective,ineligible,4319,Gucci,Outerwear,3042.96,0.0,0,232
867,301,2024-02-17,32,1,new,Too large,ineligible,140,Chanel,Lingerie,1132.18,0.0,0,1365
868,1976,2025-06-10,50,1,tried-on,Too large,ineligible,977,Chanel,Dresses,1631.75,0.0,0,758
869,11235,2025-11-15,19,1,worn,Too large,ineligible,5619,Shein,Home,19.0,0.0,0,1083
870,5877,2024-01-23,27,1,worn,Too large,ineligible,2944,Shein,Beauty,32.55,0.0,0,717
871,5785,2024-09-09,12,1,new,Defective,eligible,2896,Under Armour,Jeans,52.68,0.0,0,457
872,11965,2024-10-27,15,0,new,No reason,ineligible,5992,H&M,Beauty,48.15,7.9,1,49
873,9265,2024-06-24,40,1,new,Wrong item,eligible,4610,Under Armour,Outerwear,68.22,19.36,1,812
874,6386,2024-05-19,58,0,new,Changed mind,ineligible,3183,Prada,Dresses,1694.48,0.0,0,1262
875,15170,2025-04-10,47,1,new,Too large,ineligible,7595,Zara,Activewear,19.04,0.0,0,809
876,8037,2024-11-21,40,0,new,Changed mind,ineligible,4009,Gucci,Home,661.77,0.0,0,394
877,843,2025-05-16,9,1,new,Changed mind,eligible,413,Girlfriend Collective,Tops,69.16,23.67,1,1111
878,12273,2025-05-18,53,1,worn,Too small,ineligible,6145,Chanel,Lingerie,612.07,0.0,0,1208
879,2082,2025-05-20,47,0,tried-on,Defective,ineligible,1028,Zara,Footwear,31.67,0.0,0,129
880,14572,2024-11-18,49,1,tried-on,Wrong item,eligible,7301,Under Armour,Home,134.55,0.0,0,303
881,7430,2024-11-09,29,1,tried-on,Changed mind,ineligible,3700,Loewe,Beauty,867.27,0.0,0,793
882,15903,2025-04-28,20,1,tried-on,Defective,eligible,7954,Urban Outfitters,Jeans,93.5,27.89,1,669
883,9579,2025-06-04,52,0,new,Wrong item,ineligible,4762,H&M,Swimwear,30.36,2.37,1,1241
884,8030,2025-06-26,14,1,tried-on,Defective,eligible,4006,Girlfriend Collective,Activewear,109.91,24.46,1,1238
885,4797,2024-04-16,18,1,new,Too small,eligible,2410,Urban Outfitters,Jeans,47.86,13.85,1,917
886,9410,2025-11-01,51,1,new,Changed mind,ineligible,4679,H&M,Outerwear,50.4,17.53,1,1437
887,13418,2023-12-17,26,1,new,No reason,ineligible,6727,Zara,Beauty,39.7,0.0,0,554
888,15935,2024-09-12,36,1,new,Too large,ineligible,7966,Prada,Dresses,1228.97,0.0,0,690
889,6990,2025-08-24,28,1,tried-on,Too large,eligible,3476,Zara,Tops,62.86,0.0,0,838
890,7594,2024-08-03,17,0,damaged,Too small,ineligible,3785,Loewe,Swimwear,634.07,0.0,0,183
891,2277,2024-05-23,53,1,new,Too large,ineligible,1128,Zara,Dresses,60.21,0.0,0,483
892,1848,2024-04-08,32,1,tried-on,Too large,ineligible,910,Loewe,Tops,1836.62,0.0,0,268
893,4570,2024-08-24,5,1,new,Defective,eligible,2299,Chanel,Tops,1254.86,0.0,0,548
894,299,2025-04-13,57,1,new,Changed mind,ineligible,139,Shein,Tops,28.71,4.41,1,1062
895,10896,2024-06-03,21,1,tried-on,No reason,eligible,5438,Under Armour,Tops,65.07,0.0,0,981
896,6380,2025-01-11,27,1,new,Defective,ineligible,3180,Loewe,Footwear,912.04,0.0,0,639
897,4311,2025-02-04,43,1,worn,Too large,ineligible,2171,Loewe,Home,710.12,46.67,1,1466
898,5278,2025-10-22,32,1,new,Defective,eligible,2652,Under Armour,Home,72.58,0.0,0,249
899,10715,2025-06-13,14,1,new,Too large,eligible,5344,Zara,Swimwear,78.68,0.0,0,48
900,2765,2024-02-05,5,1,tried-on,Defective,eligible,1386,Chanel,Home,847.84,203.17,1,947
901,2666,2025-03-17,26,1,new,Too large,ineligible,1335,Prada,Bags,2262.95,0.0,0,675
902,11034,2025-07-11,44,1,new,Wrong item,ineligible,5512,Shein,Dresses,23.8,0.0,0,748
903,3341,2025-08-02,16,1,tried-on,Too large,eligible,1675,Shein,Tops,25.69,0.0,0,212
904,14032,2025-08-09,35,1,tried-on,No reason,eligible,7035,Under Armour,Accessories,66.59,20.99,1,411
905,9078,2025-11-21,45,1,new,No reason,ineligible,4521,Girlfriend Collective,Bags,59.7,0.0,0,618
906,2006,2025-04-02,22,1,tried-on,Wrong item,eligible,994,Girlfriend Collective,Dresses,81.46,0.0,0,1343
907,6666,2025-09-07,9,1,new,Changed mind,eligible,3318,Girlfriend Collective,Home,71.95,0.0,0,1230
908,10592,2025-03-08,16,1,tried-on,Too small,eligible,5284,Urban Outfitters,Tops,31.77,0.0,0,102
909,2180,2023-12-19,26,1,new,Wrong item,ineligible,1080,Gucci,Jeans,1418.67,0.0,0,859
910,3885,2025-11-21,57,1,tried-on,Too small,ineligible,1959,Shein,Dresses,20.17,0.0,0,97
911,14346,2024-01-19,32,1,tried-on,Too large,needs_review,7186,Girlfriend Collective,Swimwear,70.61,5.03,1,1358
912,3233,2024-09-17,46,1,new,No reason,ineligible,1621,Zara,Home,44.01,0.0,0,52
913,5888,2025-09-06,9,1,new,Changed mind,eligible,2950,Zara,Accessories,68.41,0.0,0,450
914,5146,2025-11-20,38,1,new,Too large,ineligible,2581,Gucci,Bags,2294.68,0.0,0,292
915,13686,2025-06-12,6,1,tried-on,No reason,eligible,6864,Gucci,Jeans,2110.52,0.0,0,684
916,15253,2024-10-26,22,1,new,No reason,eligible,7637,Girlfriend Collective,Bags,77.51,0.0,0,1478
917,2469,2024-02-08,21,1,tried-on,No reason,eligible,1227,Girlfriend Collective,Activewear,30.0,4.26,1,1495
918,13191,2024-09-15,43,1,new,Wrong item,eligible,6616,Under Armour,Tops,71.78,0.0,0,1303
919,1625,2025-08-13,8,1,worn,No reason,ineligible,792,Under Armour,Tops,41.56,0.0,0,347
920,14856,2025-08-10,18,1,tried-on,Wrong item,eligible,7443,Shein,Dresses,7.3,0.0,0,1376
921,10289,2025-03-08,7,1,tried-on,Changed mind,eligible,5131,Prada,Dresses,1994.69,0.0,0,845
922,518,2024-11-07,39,1,new,Wrong item,ineligible,251,H&M,Tops,66.95,0.0,0,1362
923,14241,2025-05-20,29,1,new,Too small,ineligible,7135,Loewe,Bags,2648.67,0.0,0,481
924,11993,2025-07-02,42,1,tried-on,Changed mind,ineligible,6007,Zara,Jeans,53.35,13.76,1,432
925,2734,2025-10-16,26,1,tried-on,Too small,eligible,1372,Urban Outfitters,Footwear,62.0,15.92,1,612
926,15872,2024-02-08,37,1,tried-on,Changed mind,needs_review,7939,Girlfriend Collective,Swimwear,97.51,25.25,1,148
927,4342,2025-11-18,32,1,new,Changed mind,needs_review,2185,Shein,Bags,13.07,0.0,0,476
928,15762,2024-12-28,36,0,new,No reason,ineligible,7888,Loewe,Beauty,747.55,0.0,0,271
929,8355,2024-07-11,42,1,new,Too small,ineligible,4166,Shein,Beauty,24.09,0.0,0,1452
930,4455,2024-02-08,60,1,tried-on,Too large,ineligible,2236,Chanel,Activewear,537.12,0.0,0,1347
931,9089,2025-10-09,30,1,new,Wrong item,ineligible,4525,Loewe,Activewear,817.08,0.0,0,796
932,3342,2025-09-01,46,1,new,No reason,ineligible,1675,Shein,Tops,29.55,1.64,1,212
933,685,2025-08-19,29,1,tried-on,No reason,eligible,333,Under Armour,Activewear,83.51,0.0,0,926
934,2200,2024-12-11,51,1,damaged,Defective,ineligible,1089,Shein,Dresses,45.13,0.0,0,1189
935,14869,2024-02-29,17,1,new,Wrong item,eligible,7449,Zara,Outerwear,52.67,0.0,0,242
936,9886,2024-04-26,25,1,new,Wrong item,ineligible,4918,Loewe,Tops,917.35,0.0,0,654
937,11912,2024-02-05,56,1,new,No reason,ineligible,5967,Girlfriend Collective,Swimwear,56.62,0.0,0,812
938,8816,2024-09-02,10,1,tried-on,Too large,eligible,4392,Urban Outfitters,Tops,66.77,0.0,0,723
939,5648,2025-01-12,46,1,worn,Too small,ineligible,2834,Zara,Bags,27.39,0.0,0,473
940,13613,2024-12-11,28,1,tried-on,Too large,eligible,6826,Urban Outfitters,Activewear,56.62,0.0,0,132
941,1245,2024-01-11,59,1,new,Too large,ineligible,610,H&M,Tops,75.31,5.41,1,201
942,14065,2025-08-29,0,1,new,Wrong item,eligible,7051,Zara,Footwear,96.74,0.0,0,1289
943,5555,2024-07-01,50,1,new,Wrong item,eligible,2790,Under Armour,Home,68.66,0.0,0,1259
944,5345,2024-09-04,51,1,new,Changed mind,ineligible,2684,H&M,Jeans,97.13,0.0,0,7
945,15763,2025-07-17,8,1,new,No reason,eligible,7889,Loewe,Lingerie,649.09,0.0,0,795
946,15999,2024-08-13,56,1,tried-on,Wrong item,ineligible,7998,Urban Outfitters,Bags,90.32,0.0,0,319
947,9259,2024-08-20,60,1,tried-on,Changed mind,ineligible,4608,Girlfriend Collective,Lingerie,132.42,0.0,0,1069
948,8335,2024-02-17,8,1,new,Wrong item,eligible,4157,Zara,Bags,49.08,0.0,0,463
949,1805,2024-02-21,33,1,tried-on,Changed mind,ineligible,886,Zara,Beauty,93.95,15.44,1,685
950,5265,2024-03-13,43,1,damaged,Defective,ineligible,2645,Loewe,Bags,2028.25,0.0,0,480
951,8140,2025-11-08,35,1,new,Defective,eligible,4058,Under Armour,Tops,52.92,10.99,1,900
952,369,2025-08-21,45,1,new,Too large,ineligible,176,Urban Outfitters,Jeans,77.85,0.0,0,1155
953,1799,2024-08-18,53,1,new,Wrong item,ineligible,883,Urban Outfitters,Tops,104.01,0.0,0,579
954,12760,2024-03-11,43,0,new,Too small,ineligible,6394,Chanel,Home,980.63,0.0,0,1172
955,5381,2024-02-24,0,1,tried-on,Wrong item,eligible,2702,Loewe,Dresses,1296.76,0.0,0,1087
956,14235,2025-11-20,12,1,new,Changed mind,eligible,7133,Gucci,Home,903.53,0.0,0,276
957,12424,2024-12-08,55,1,new,Too small,ineligible,6222,H&M,Lingerie,62.07,17.63,1,785
958,992,2024-03-23,29,1,new,No reason,eligible,487,Zara,Accessories,59.18,17.65,1,270
959,6453,2024-02-05,51,1,new,Too large,ineligible,3215,Shein,Tops,23.14,0.0,0,705
960,572,2025-08-11,20,1,tried-on,Wrong item,needs_review,277,Prada,Home,514.49,0.0,0,294
961,2307,2024-12-02,6,1,new,Too large,eligible,1147,Under Armour,Swimwear,37.76,10.02,1,753
962,2270,2025-12-15,38,1,tried-on,Defective,eligible,1126,Under Armour,Accessories,80.59,22.51,1,144
963,12102,2025-02-19,53,1,worn,Too small,ineligible,6063,Chanel,Bags,8485.67,0.0,0,1497
964,6930,2024-01-09,22,1,damaged,Too small,ineligible,3446,Girlfriend Collective,Accessories,99.56,0.0,0,625
965,4569,2024-08-25,6,1,tried-on,Changed mind,eligible,2299,Chanel,Home,657.49,0.0,0,548
966,2810,2025-04-25,0,1,new,Wrong item,eligible,1407,Girlfriend Collective,Jeans,75.79,0.0,0,457
967,7165,2025-08-13,59,1,new,Defective,ineligible,3565,Shein,Swimwear,36.04,4.74,1,909
968,826,2025-07-14,59,1,new,Wrong item,eligible,405,Under Armour,Bags,106.69,0.0,0,1323
969,15841,2025-02-15,45,1,new,Defective,ineligible,7925,H&M,Dresses,55.21,12.1,1,590
970,15132,2025-10-01,26,1,new,Too large,eligible,7575,H&M,Dresses,66.06,0.0,0,173
971,1579,2025-01-24,52,1,new,Too large,ineligible,773,Zara,Lingerie,46.94,0.0,0,300
972,10853,2025-01-01,10,1,tried-on,No reason,eligible,5413,H&M,Lingerie,18.34,0.0,0,792
973,7838,2025-07-12,8,1,new,Too small,ineligible,3911,Urban Outfitters,Beauty,52.67,0.0,0,192
974,9648,2024-11-29,54,1,new,Too large,ineligible,4803,Chanel,Outerwear,3444.96,0.0,0,192
975,10879,2024-02-11,37,1,tried-on,Too small,needs_review,5427,Urban Outfitters,Bags,74.71,6.24,1,243
976,6336,2025-08-07,27,1,tried-on,Too large,eligible,3160,Zara,Lingerie,46.59,0.0,0,361
977,8194,2025-10-22,41,1,new,Too large,ineligible,4088,H&M,Lingerie,75.92,0.0,0,1131
978,2479,2024-05-27,48,1,new,Too large,ineligible,1233,Girlfriend Collective,Home,80.23,0.0,0,1050
979,8319,2024-09-03,13,1,worn,Wrong item,ineligible,4149,Under Armour,Activewear,107.48,0.0,0,91
980,4283,2025-06-04,9,1,tried-on,Changed mind,eligible,2155,Gucci,Bags,2048.45,0.0,0,1269
981,6695,2025-11-24,44,1,new,Too large,ineligible,3330,Gucci,Tops,2004.16,0.0,0,1436
982,5143,2025-03-30,48,0,new,No reason,ineligible,2579,Loewe,Tops,1409.14,0.0,0,1382
983,3868,2024-07-14,47,1,new,Changed mind,ineligible,1950,Loewe,Beauty,1039.58,0.0,0,97
984,7722,2024-03-16,29,1,new,No reason,ineligible,3850,Chanel,Accessories,494.91,0.0,0,141
985,445,2025-07-26,8,1,new,Too large,eligible,215,Urban Outfitters,Swimwear,92.58,0.0,0,85
986,5605,2025-10-01,34,1,tried-on,Wrong item,needs_review,2812,H&M,Footwear,63.29,20.62,1,576
987,15567,2024-02-25,47,1,new,Too large,eligible,7797,Under Armour,Accessories,69.81,0.0,0,1216
988,6722,2024-07-31,53,1,tried-on,Too small,ineligible,3346,Urban Outfitters,Bags,86.55,0.0,0,594
989,2604,2025-10-31,5,1,tried-on,Too large,eligible,1303,H&M,Dresses,72.17,18.43,1,1270
990,7529,2024-06-16,30,1,new,No reason,eligible,3754,Urban Outfitters,Dresses,97.93,0.0,0,999
991,15937,2024-06-26,56,1,worn,Too large,ineligible,7968,Prada,Beauty,632.54,0.0,0,156
992,14660,2024-11-04,33,1,tried-on,Too large,needs_review,7345,Zara,Tops,71.42,8.12,1,1048
993,11710,2024-05-28,18,1,tried-on,No reason,eligible,5858,Urban Outfitters,Jeans,20.76,0.0,0,973
994,4519,2025-04-22,58,1,new,Too small,ineligible,2272,Gucci,Home,678.93,0.0,0,99
995,10343,2024-07-09,39,1,new,Too small,ineligible,5158,Gucci,Swimwear,851.22,0.0,0,893
996,2010,2025-12-24,55,1,new,Too large,eligible,996,Under Armour,Lingerie,78.37,0.0,0,1427
997,4790,2024-03-28,42,0,tried-on,Defective,needs_review,2406,Under Armour,Bags,62.68,0.0,0,792
998,12957,2025-11-12,14,1,damaged,No reason,ineligible,6496,Loewe,Tops,1837.09,0.0,0,1271
999,11348,2024-12-18,57,1,new,No reason,eligible,5676,Under Armour,Tops,69.61,5.38,1,1302
1000,714,2025-04-18,42,1,tried-on,No reason,ineligible,347,H&M,Accessories,41.51,3.45,1,1358
1001,15427,2025-05-25,2,1,new,Too large,eligible,7728,Girlfriend Collective,Bags,83.5,14.1,1,145
1002,15427,2025-06-23,31,1,new,Defective,needs_review,7728,Girlfriend Collective,Bags,83.5,14.1,1,145
1003,2437,2024-04-08,29,1,new,No reason,ineligible,1213,Loewe,Home,1196.37,0.0,0,482
1004,8031,2025-06-14,2,1,new,Changed mind,eligible,4006,Girlfriend Collective,Accessories,52.89,0.0,0,1238
1005,12960,2025-04-16,59,1,new,Too small,ineligible,6498,H&M,Footwear,45.76,0.0,0,576
1006,2412,2025-06-27,9,0,tried-on,Too small,needs_review,1200,Prada,Outerwear,3699.84,0.0,0,466
1007,6215,2024-12-29,53,1,new,No reason,eligible,3104,Under Armour,Footwear,49.61,0.0,0,334
1008,1238,2024-12-03,27,1,new,Changed mind,eligible,605,Girlfriend Collective,Lingerie,66.67,18.98,1,1219
1009,7591,2025-11-16,33,1,new,Too large,needs_review,3784,Girlfriend Collective,Footwear,129.21,0.0,0,857
1010,1604,2025-05-02,33,1,new,Defective,needs_review,784,H&M,Footwear,58.59,0.0,0,1404
1011,9434,2025-02-04,17,1,new,Too large,eligible,4692,Under Armour,Home,127.2,32.12,1,919
1012,10140,2025-09-21,1,1,new,No reason,eligible,5057,Under Armour,Jeans,55.61,2.91,1,162
1013,10347,2024-07-02,14,1,tried-on,Wrong item,eligible,5159,Zara,Footwear,88.55,0.0,0,1186
1014,5251,2024-05-01,9,1,new,Defective,eligible,2640,Shein,Outerwear,21.88,7.42,1,1410
1015,15275,2025-03-06,31,1,new,Changed mind,eligible,7648,Under Armour,Bags,71.07,0.0,0,416
1016,12219,2024-05-11,48,1,worn,Too large,ineligible,6120,Shein,Outerwear,19.53,0.0,0,1039
1017,15662,2024-03-22,13,1,tried-on,Defective,eligible,7842,H&M,Tops,77.39,0.0,0,933
1018,13632,2025-08-05,35,1,new,Changed mind,needs_review,6835,Shein,Bags,16.26,4.99,1,775
1019,687,2025-10-13,52,1,new,Wrong item,eligible,334,Under Armour,Outerwear,68.5,0.0,0,264
1020,10620,2024-12-11,20,1,new,Too small,needs_review,5297,Prada,Lingerie,1096.75,0.0,0,720
1021,1695,2025-06-02,24,1,tried-on,Defective,ineligible,828,Prada,Accessories,553.83,0.0,0,1283
1022,5149,2025-12-04,48,1,tried-on,No reason,eligible,2583,Under Armour,Lingerie,83.51,21.22,1,875
1023,15094,2025-08-09,60,1,new,Too small,ineligible,7553,H&M,Activewear,77.35,0.0,0,732
1024,7114,2025-12-01,30,1,worn,Defective,ineligible,3538,H&M,Swimwear,66.52,0.0,0,494
1025,1066,2024-02-20,13,1,tried-on,Too large,eligible,520,Urban Outfitters,Dresses,69.27,0.0,0,700
1026,2527,2024-06-17,12,1,new,Too small,eligible,1262,Shein,Home,28.56,0.0,0,994
1027,4695,2024-09-06,42,0,damaged,Wrong item,ineligible,2363,Chanel,Footwear,1201.91,0.0,0,800
1028,12902,2025-03-28,59,1,tried-on,No reason,ineligible,6467,Zara,Jeans,45.57,0.0,0,810
1029,3253,2025-09-13,17,1,worn,Defective,ineligible,1629,Shein,Tops,21.7,0.0,0,505
1030,15015,2025-05-21,42,1,new,Defective,ineligible,7518,Girlfriend Collective,Footwear,105.12,0.0,0,961
1031,12214,2025-01-16,44,1,new,Wrong item,ineligible,6119,H&M,Dresses,85.71,0.0,0,272
1032,6936,2025-09-06,1,1,tried-on,Changed mind,eligible,3449,H&M,Lingerie,79.84,0.0,0,536
1033,14827,2024-12-24,30,0,new,Wrong item,needs_review,7430,Girlfriend Collective,Outerwear,53.0,0.0,0,718
1034,1223,2025-03-12,18,1,new,No reason,needs_review,598,Chanel,Home,940.49,0.0,0,761
1035,11785,2025-03-11,39,1,worn,No reason,ineligible,5899,Chanel,Activewear,906.2,0.0,0,547
1036,6370,2024-12-04,26,1,new,Too small,ineligible,3175,Gucci,Footwear,1033.86,0.0,0,1159
1037,15332,2025-11-27,41,1,new,Changed mind,ineligible,7680,Chanel,Outerwear,3908.89,0.0,0,1210
1038,10429,2024-02-16,60,1,tried-on,Too small,ineligible,5200,Girlfriend Collective,Accessories,92.54,0.0,0,415
1039,3926,2024-08-21,39,0,damaged,Too large,ineligible,1979,Urban Outfitters,Dresses,20.0,0.0,0,1381
1040,14661,2025-06-02,17,1,new,Defective,eligible,7346,H&M,Dresses,22.06,0.0,0,1447
1041,12705,2025-03-17,8,1,tried-on,No reason,eligible,6365,Urban Outfitters,Dresses,52.28,0.0,0,652
1042,13958,2025-01-21,55,1,tried-on,No reason,ineligible,6996,Prada,Tops,2297.08,0.0,0,1092
1043,15209,2025-12-02,31,1,new,Wrong item,needs_review,7614,Urban Outfitters,Activewear,61.53,0.0,0,1010
1044,11670,2024-11-21,50,1,new,Wrong item,ineligible,5838,H&M,Dresses,64.6,0.0,0,1385
1045,10469,2024-10-28,14,1,new,Changed mind,eligible,5218,Urban Outfitters,Accessories,85.9,0.0,0,635
1046,3031,2025-12-28,56,1,tried-on,No reason,eligible,1516,Under Armour,Lingerie,63.98,0.0,0,233
1047,7044,2025-08-05,7,1,worn,Too small,ineligible,3503,H&M,Tops,34.64,0.0,0,1105
1048,901,2024-07-04,53,1,tried-on,Changed mind,ineligible,442,Prada,Tops,1805.39,0.0,0,287
1049,5107,2024-11-20,33,0,new,Defective,needs_review,2561,H&M,Accessories,87.93,0.0,0,1139
1050,8832,2025-11-12,6,1,new,Wrong item,eligible,4401,H&M,Lingerie,73.54,0.0,0,65
1051,5594,2025-03-03,27,1,tried-on,Changed mind,ineligible,2808,Chanel,Tops,1877.77,0.0,0,455
1052,8243,2025-08-21,1,1,new,Wrong item,eligible,4110,Chanel,Activewear,599.09,110.53,1,628
1053,3481,2025-12-02,35,1,new,Wrong item,needs_review,1744,Zara,Lingerie,71.14,0.0,0,201
1054,12571,2025-12-18,50,1,tried-on,Too large,ineligible,6294,Zara,Lingerie,56.16,0.0,0,93
1055,11488,2025-03-14,39,1,new,Too large,ineligible,5740,Loewe,Activewear,765.17,0.0,0,756
1056,7308,2025-05-27,49,1,tried-on,No reason,ineligible,3635,Gucci,Bags,2401.03,0.0,0,488
1057,14258,2025-08-20,37,0,new,Wrong item,ineligible,7143,Prada,Activewear,658.66,0.0,0,890
1058,9489,2025-07-22,11,1,tried-on,Too large,ineligible,4720,Zara,Beauty,87.2,0.0,0,1061
1059,10785,2025-11-02,46,1,damaged,Wrong item,ineligible,5379,Prada,Beauty,854.59,0.0,0,757
1060,13980,2024-06-21,34,1,tried-on,Too small,ineligible,7008,Prada,Accessories,300.0,0.0,0,1408
1061,9349,2025-05-08,47,1,new,Changed mind,ineligible,4649,Gucci,Swimwear,734.1,0.0,0,1402
1062,7527,2024-06-01,54,1,new,No reason,ineligible,3753,Urban Outfitters,Dresses,20.0,0.0,0,1181
1063,2295,2024-09-06,29,1,new,No reason,eligible,1140,Shein,Swimwear,24.51,0.0,0,722
1064,13236,2024-06-09,51,1,tried-on,Too large,ineligible,6642,H&M,Lingerie,51.26,0.0,0,1228
1065,7922,2024-05-13,58,1,worn,Too small,ineligible,3956,H&M,Tops,50.6,0.0,0,896
1066,8185,2025-02-13,49,1,damaged,Defective,ineligible,4083,Loewe,Lingerie,1262.69,0.0,0,1459
1067,6398,2024-07-14,9,1,tried-on,Defective,eligible,3188,Prada,Footwear,1053.72,354.5,1,351
1068,13093,2024-01-22,26,1,tried-on,Too small,ineligible,6566,H&M,Beauty,48.31,0.0,0,477
1069,7340,2024-09-27,21,1,tried-on,Changed mind,eligible,3653,Zara,Footwear,27.07,0.0,0,1420
1070,1330,2024-09-19,48,1,new,Defective,ineligible,648,Urban Outfitters,Jeans,61.11,20.38,1,704
1071,2515,2025-03-27,16,1,new,Too small,eligible,1255,Zara,Lingerie,65.83,0.0,0,827
1072,13499,2025-11-01,40,1,new,Changed mind,eligible,6768,Under Armour,Accessories,54.63,13.81,1,1047
1073,5904,2025-11-19,21,1,new,Defective,eligible,2957,H&M,Home,42.67,0.0,0,789
1074,3018,2024-10-18,8,1,tried-on,Defective,eligible,1509,H&M,Accessories,44.91,11.99,1,918
1075,2821,2025-08-12,36,1,tried-on,No reason,needs_review,1414,Urban Outfitters,Swimwear,70.59,15.11,1,633
1076,11077,2024-03-31,0,1,new,Defective,eligible,5539,Shein,Accessories,33.76,0.0,0,1091
1077,9386,2025-10-16,16,1,new,Defective,eligible,4667,H&M,Swimwear,37.55,8.42,1,877
1078,14862,2024-04-19,4,1,new,Too large,eligible,7446,Shein,Tops,36.02,0.0,0,2
1079,3348,2025-04-12,38,0,tried-on,Defective,ineligible,1678,H&M,Activewear,40.67,0.0,0,441
1080,12614,2024-01-13,59,1,tried-on,Too large,ineligible,6316,Gucci,Lingerie,801.52,0.0,0,1124
1081,9456,2024-06-21,36,1,tried-on,No reason,needs_review,4703,Zara,Footwear,57.66,5.18,1,1398
1082,10896,2024-05-31,18,1,tried-on,Too large,eligible,5438,Under Armour,Tops,65.07,0.0,0,981
1083,3150,2025-05-10,27,1,new,Changed mind,ineligible,1583,Shein,Beauty,23.28,4.27,1,321
1084,8174,2025-06-18,33,1,new,Too small,needs_review,4076,H&M,Home,98.31,0.0,0,918
1085,6017,2025-07-03,47,1,tried-on,Too large,eligible,3012,Under Armour,Outerwear,91.85,0.0,0,278
1086,6712,2024-11-21,13,1,new,Too small,eligible,3340,Girlfriend Collective,Jeans,49.22,8.24,1,1176
1087,12220,2025-06-04,43,1,new,Wrong item,ineligible,6121,H&M,Swimwear,53.15,0.0,0,907
1088,13975,2024-06-23,18,1,new,Changed mind,ineligible,7005,H&M,Beauty,57.83,0.0,0,111
1089,8959,2025-08-25,5,1,new,Too large,eligible,4456,H&M,Accessories,10.0,0.0,0,49
1090,7952,2025-03-19,15,1,tried-on,Wrong item,eligible,3969,Shein,Home,24.33,0.0,0,1227
1091,2983,2024-09-16,9,1,new,Changed mind,eligible,1492,Loewe,Accessories,696.91,0.0,0,540
1092,8648,2024-11-23,26,1,new,Defective,ineligible,4310,Prada,Lingerie,599.36,0.0,0,345
1093,114,2025-08-19,52,1,tried-on,Too large,ineligible,50,Shein,Dresses,31.35,0.0,0,207
1094,12516,2024-09-06,30,1,tried-on,Too large,eligible,6267,Zara,Home,77.45,0.0,0,431
1095,6399,2024-08-07,33,1,tried-on,No reason,ineligible,3188,Prada,Dresses,1178.88,0.0,0,351
1096,3663,2024-11-19,9,1,new,Wrong item,eligible,1847,Zara,Swimwear,76.08,0.0,0,295
1097,15732,2024-10-20,17,1,worn,No reason,ineligible,7876,Under Armour,Footwear,125.24,0.0,0,656
1098,10771,2024-12-29,23,1,new,Wrong item,eligible,5371,Under Armour,Dresses,165.97,44.5,1,1078
1099,4134,2025-07-06,4,1,damaged,Too small,ineligible,2079,Urban Outfitters,Dresses,117.21,0.0,0,1158
1100,9128,2025-02-27,56,1,new,No reason,ineligible,4545,Urban Outfitters,Jeans,76.66,0.0,0,489
1101,4866,2024-08-16,43,1,new,Changed mind,ineligible,2440,Urban Outfitters,Activewear,62.34,10.8,1,339
1102,15259,2025-11-10,31,1,new,Too large,needs_review,7640,Girlfriend Collective,Home,107.9,0.0,0,704
1103,5122,2023-12-26,30,1,new,Changed mind,ineligible,2568,Chanel,Outerwear,3760.13,0.0,0,625
1104,4570,2024-09-23,35,1,new,No reason,ineligible,2299,Chanel,Tops,1254.86,0.0,0,548
1105,15174,2024-10-19,54,1,new,Defective,ineligible,7597,Prada,Accessories,614.2,0.0,0,661
1106,9339,2024-04-16,54,1,damaged,Too large,ineligible,4644,Girlfriend Collective,Lingerie,89.79,13.65,1,574
1107,2015,2024-09-23,14,1,tried-on,No reason,eligible,998,Girlfriend Collective,Bags,104.82,0.0,0,1127
1108,15825,2024-09-03,51,1,new,Too small,ineligible,7918,Urban Outfitters,Footwear,20.0,0.0,0,491
1109,10161,2025-03-18,17,1,tried-on,Wrong item,needs_review,5069,Prada,Lingerie,771.56,0.0,0,425
1110,8803,2025-02-04,47,1,new,Defective,ineligible,4387,Loewe,Jeans,1654.16,0.0,0,1500
1111,8008,2024-07-16,32,1,worn,Too large,ineligible,3994,H&M,Accessories,70.86,0.0,0,1175
1112,4368,2024-03-28,18,1,tried-on,Too small,needs_review,2195,Loewe,Swimwear,994.61,0.0,0,167
1113,2197,2024-11-11,38,1,new,Too small,ineligible,1088,Zara,Accessories,115.01,0.0,0,1118
1114,9561,2024-08-06,10,1,new,No reason,eligible,4753,Chanel,Swimwear,757.83,0.0,0,1110
1115,6223,2024-07-12,18,0,new,Changed mind,needs_review,3108,Under Armour,Footwear,106.97,0.0,0,508
1116,12975,2025-01-08,40,1,tried-on,Wrong item,ineligible,6506,Zara,Beauty,53.62,0.0,0,415
1117,8771,2024-11-05,45,1,tried-on,Too small,ineligible,4373,H&M,Outerwear,57.12,0.0,0,1176
1118,15660,2025-09-09,37,1,new,Changed mind,eligible,7841,Under Armour,Dresses,61.35,4.36,1,1131
1119,12541,2025-08-26,39,1,worn,Too large,ineligible,6279,Zara,Jeans,51.99,0.0,0,1240
1120,11038,2025-03-21,35,1,tried-on,Wrong item,ineligible,5514,Chanel,Activewear,972.08,0.0,0,480
1121,6061,2024-05-11,10,1,new,Changed mind,eligible,3032,Loewe,Activewear,841.34,0.0,0,583
1122,13091,2025-10-15,39,1,new,Wrong item,ineligible,6565,Zara,Dresses,72.38,0.0,0,1052
1123,12149,2025-05-04,52,1,new,Wrong item,eligible,6086,Under Armour,Jeans,63.12,0.0,0,487
1124,7196,2024-10-11,8,1,new,Too small,eligible,3582,Chanel,Outerwear,3449.96,0.0,0,502
1125,8738,2025-01-20,36,1,new,Too large,eligible,4357,Under Armour,Home,91.98,0.0,0,755
1126,12426,2024-11-30,47,1,tried-on,Too small,ineligible,6222,H&M,Jeans,82.13,0.0,0,785
1127,989,2025-05-14,4,1,new,Defective,eligible,485,Under Armour,Swimwear,124.8,0.0,0,714
1128,12422,2024-02-05,7,1,new,No reason,eligible,6221,H&M,Jeans,95.12,0.0,0,1344
1129,15986,2024-06-13,39,0,new,Changed mind,ineligible,7992,Zara,Swimwear,87.2,20.59,1,959
1130,10878,2024-01-21,16,1,new,Too small,eligible,5427,Urban Outfitters,Bags,70.59,0.0,0,243
1131,7731,2024-01-21,31,1,damaged,Changed mind,ineligible,3855,Gucci,Dresses,1739.99,0.0,0,466
1132,11065,2025-01-21,25,1,tried-on,No reason,ineligible,5529,Prada,Activewear,1053.42,0.0,0,1150
1133,5662,2025-11-14,8,1,new,Too small,eligible,2842,Gucci,Home,698.76,0.0,0,1266
1134,6671,2024-09-22,4,1,new,Wrong item,eligible,3320,Zara,Home,37.98,0.0,0,1267
1135,8862,2025-08-11,40,1,new,Changed mind,ineligible,4414,Shein,Outerwear,17.93,0.0,0,421
1136,8771,2024-10-12,21,1,new,Defective,eligible,4373,H&M,Outerwear,57.12,0.0,0,1176
1137,5141,2025-02-15,5,0,damaged,No reason,ineligible,2579,Loewe,Jeans,964.4,0.0,0,1382
1138,333,2025-01-31,7,0,new,Defective,needs_review,158,H&M,Outerwear,60.8,0.0,0,1327
1139,15328,2025-09-12,24,0,new,Wrong item,ineligible,7678,Loewe,Jeans,1121.94,0.0,0,139
1140,11500,2025-04-16,13,1,new,Wrong item,eligible,5746,Shein,Outerwear,29.94,9.42,1,34
1141,2629,2024-01-20,35,1,tried-on,No reason,needs_review,1317,Zara,Jeans,41.22,14.03,1,247
1142,4581,2025-04-24,57,0,new,No reason,ineligible,2305,Urban Outfitters,Tops,35.53,9.37,1,1472
1143,14952,2025-07-13,38,1,tried-on,Too large,ineligible,7490,Girlfriend Collective,Home,123.83,0.0,0,422
1144,14492,2024-08-31,36,1,new,No reason,needs_review,7263,Urban Outfitters,Lingerie,61.87,0.0,0,511
1145,10189,2024-02-21,26,1,new,Too small,eligible,5082,Zara,Tops,46.25,0.0,0,1371
1146,9152,2025-03-16,45,1,new,Changed mind,ineligible,4556,Loewe,Dresses,1418.07,0.0,0,104
1147,6581,2025-06-27,29,1,new,Changed mind,ineligible,3277,Loewe,Beauty,761.76,0.0,0,1219
1148,10854,2025-01-03,12,1,tried-on,Too large,eligible,5413,H&M,Swimwear,38.61,0.0,0,792
1149,2916,2025-11-13,37,1,tried-on,Too small,ineligible,1460,Prada,Dresses,2033.68,0.0,0,1324
1150,7587,2024-09-12,59,1,worn,Too large,ineligible,3782,H&M,Swimwear,62.04,0.0,0,208
1151,1186,2025-04-26,26,1,tried-on,No reason,eligible,582,Shein,Swimwear,33.03,9.4,1,1113
1152,73,2024-09-30,37,1,worn,Too small,ineligible,32,Urban Outfitters,Dresses,102.05,5.9,1,400
1153,3737,2024-06-06,27,1,new,Changed mind,eligible,1883,Urban Outfitters,Lingerie,65.11,0.0,0,69
1154,12154,2025-02-05,16,1,new,Wrong item,eligible,6088,Girlfriend Collective,Accessories,86.25,0.0,0,146
1155,1618,2024-12-04,45,1,new,Too small,eligible,790,Under Armour,Dresses,118.33,0.0,0,836
1156,12830,2025-06-06,0,1,new,No reason,eligible,6427,Chanel,Accessories,432.58,0.0,0,678
1157,2909,2025-09-24,42,1,tried-on,Changed mind,ineligible,1457,Loewe,Jeans,1466.29,0.0,0,570
1158,5651,2023-12-28,38,1,new,Defective,ineligible,2836,Girlfriend Collective,Outerwear,102.11,22.15,1,1043
1159,8214,2025-08-22,10,1,new,No reason,eligible,4097,Zara,Bags,77.87,0.0,0,661
1160,10928,2024-01-02,23,1,new,Defective,ineligible,5456,Shein,Beauty,26.42,0.0,0,221
1161,1435,2025-07-14,43,1,new,No reason,ineligible,702,Under Armour,Beauty,64.21,6.93,1,936
1162,14637,2025-03-23,37,1,new,Defective,needs_review,7335,Shein,Footwear,29.08,0.0,0,993
1163,13094,2024-06-05,24,1,new,No reason,eligible,6567,Girlfriend Collective,Accessories,89.38,0.0,0,376
1164,3072,2024-03-13,33,1,new,No reason,needs_review,1540,Zara,Home,91.1,0.0,0,63
1165,13208,2025-05-29,17,1,new,Too small,needs_review,6626,Chanel,Accessories,585.25,0.0,0,419
1166,12021,2024-10-18,41,1,damaged,No reason,ineligible,6021,Girlfriend Collective,Bags,30.0,1.67,1,571
1167,7351,2024-04-28,48,0,new,Defective,ineligible,3659,Urban Outfitters,Bags,30.89,3.78,1,958
1168,8956,2024-02-23,60,1,new,Too large,ineligible,4454,Urban Outfitters,Lingerie,20.0,0.0,0,1086
1169,7764,2024-08-19,26,0,new,Wrong item,needs_review,3872,Under Armour,Tops,91.1,0.0,0,1287
1170,639,2025-11-09,13,1,new,No reason,eligible,310,Loewe,Activewear,895.71,0.0,0,995
1171,11207,2025-04-19,28,1,new,Wrong item,eligible,5606,Under Armour,Footwear,38.23,0.0,0,381
1172,14802,2024-12-05,57,1,new,No reason,ineligible,7415,Urban Outfitters,Lingerie,39.14,0.0,0,288
1173,2603,2025-10-02,44,1,new,Wrong item,ineligible,1302,H&M,Jeans,97.34,0.0,0,689
1174,13234,2024-07-02,35,1,new,Too large,needs_review,6641,Urban Outfitters,Outerwear,69.58,0.0,0,1424
1175,14058,2024-06-17,56,1,new,Changed mind,ineligible,7047,Urban Outfitters,Lingerie,107.62,9.2,1,692
1176,12379,2024-11-01,51,1,worn,Wrong item,ineligible,6199,Shein,Jeans,16.34,0.0,0,958
1177,10579,2025-07-24,45,1,new,Changed mind,ineligible,5278,Gucci,Jeans,1329.7,0.0,0,526
1178,6262,2025-06-01,48,1,new,Too small,ineligible,3125,Girlfriend Collective,Home,87.63,0.0,0,1484
1179,4735,2025-01-16,23,1,new,Defective,eligible,2381,Zara,Jeans,102.79,0.0,0,921
1180,15646,2025-05-16,13,1,new,Too large,eligible,7835,Urban Outfitters,Home,80.0,0.0,0,955
1181,6203,2024-11-30,41,1,new,Wrong item,ineligible,3096,Girlfriend Collective,Outerwear,83.88,17.76,1,449
1182,12747,2025-07-01,33,1,new,Too large,needs_review,6388,Girlfriend Collective,Tops,126.8,0.0,0,1470
1183,12308,2025-10-02,17,1,new,No reason,eligible,6165,H&M,Jeans,46.16,0.0,0,1408
1184,3028,2024-06-04,57,1,new,Wrong item,ineligible,1515,Zara,Swimwear,52.08,0.0,0,1402
1185,1556,2024-07-01,3,1,tried-on,No reason,eligible,762,Gucci,Jeans,1485.2,0.0,0,175
1186,14137,2025-04-30,33,1,new,Too large,ineligible,7087,Loewe,Home,1089.44,0.0,0,16
1187,12658,2024-07-31,55,1,new,Defective,ineligible,6342,Shein,Activewear,24.35,0.0,0,1120
1188,813,2024-12-29,25,1,tried-on,Defective,ineligible,399,Loewe,Beauty,1120.83,0.0,0,612
1189,8822,2023-12-31,21,1,worn,No reason,ineligible,4395,Girlfriend Collective,Beauty,69.43,0.0,0,514
1190,7947,2024-05-11,51,1,new,No reason,ineligible,3966,Urban Outfitters,Swimwear,65.91,0.0,0,904
1191,8298,2025-06-12,53,1,new,Too small,ineligible,4139,Shein,Outerwear,14.83,0.0,0,825
1192,8638,2025-08-24,25,1,new,No reason,eligible,4304,Urban Outfitters,Footwear,104.85,26.2,1,1043
1193,2637,2024-04-13,8,1,new,Defective,eligible,1320,Shein,Activewear,23.94,0.0,0,148
1194,10222,2025-03-23,0,1,new,Too large,eligible,5098,Prada,Swimwear,831.35,0.0,0,642
1195,837,2023-12-17,13,1,tried-on,Wrong item,eligible,411,Shein,Tops,17.34,0.0,0,1191
1196,11379,2024-09-28,40,1,new,Too small,ineligible,5689,H&M,Footwear,83.95,0.0,0,722
1197,11572,2024-07-12,60,1,new,No reason,ineligible,5789,Chanel,Jeans,1513.43,0.0,0,400
1198,12106,2024-05-12,53,1,new,No reason,ineligible,6066,Gucci,Tops,2500.0,0.0,0,1395
1199,12531,2024-12-01,9,1,new,No reason,eligible,6274,Loewe,Bags,2651.4,0.0,0,924
1200,14007,2025-01-31,50,1,tried-on,Defective,ineligible,7022,Loewe,Lingerie,982.75,0.0,0,476
1201,5091,2025-02-12,29,0,tried-on,Too large,needs_review,2554,H&M,Jeans,51.42,0.0,0,1113
1202,4067,2025-04-21,9,1,tried-on,Changed mind,eligible,2045,Urban Outfitters,Activewear,55.56,7.31,1,773
1203,10538,2024-11-18,36,0,tried-on,Defective,needs_review,5255,H&M,Dresses,39.75,3.66,1,1279
1204,1710,2025-03-22,49,1,tried-on,Too small,ineligible,835,Loewe,Tops,1493.3,0.0,0,1276
1205,848,2025-07-01,14,1,new,Too large,eligible,416,Prada,Accessories,566.3,0.0,0,1155
1206,15470,2025-07-02,43,1,new,Wrong item,ineligible,7751,H&M,Outerwear,51.58,0.0,0,1400
1207,12822,2024-09-07,30,1,new,Too small,eligible,6423,Zara,Accessories,86.05,25.2,1,1381
1208,8600,2025-11-17,45,0,new,Too large,ineligible,4286,Zara,Swimwear,113.03,8.06,1,1013
1209,9957,2025-08-26,42,1,tried-on,Too small,ineligible,4956,Gucci,Lingerie,710.05,0.0,0,1048
1210,2976,2024-08-29,34,1,tried-on,No reason,ineligible,1487,Loewe,Lingerie,914.15,0.0,0,1163
1211,8046,2025-03-14,46,1,worn,Changed mind,ineligible,4014,Girlfriend Collective,Dresses,78.71,0.0,0,350
1212,9685,2024-07-17,21,1,tried-on,No reason,eligible,4819,Shein,Jeans,13.38,3.04,1,516
1213,14895,2025-10-21,56,1,worn,No reason,ineligible,7462,H&M,Bags,46.11,0.0,0,1369
1214,9326,2024-07-08,54,1,new,Defective,eligible,4639,Under Armour,Jeans,140.9,0.0,0,738
1215,4437,2025-12-09,37,1,tried-on,Defective,needs_review,2227,Urban Outfitters,Jeans,89.8,0.0,0,1057
1216,6020,2025-12-27,60,0,new,No reason,ineligible,3014,H&M,Footwear,98.61,26.67,1,999
1217,2654,2025-01-14,7,1,damaged,Too large,ineligible,1329,Girlfriend Collective,Lingerie,53.23,0.0,0,397
1218,15433,2024-12-30,52,1,new,No reason,eligible,7731,Under Armour,Bags,103.14,0.0,0,284
1219,14065,2025-09-08,10,1,new,Defective,eligible,7051,Zara,Footwear,96.74,0.0,0,1289
1220,10303,2025-09-05,58,1,new,Defective,eligible,5137,Under Armour,Footwear,174.79,0.0,0,190
1221,6460,2025-04-21,35,1,tried-on,No reason,needs_review,3219,Urban Outfitters,Bags,53.46,0.0,0,1339
1222,12545,2024-06-14,24,1,new,Defective,eligible,6281,Zara,Home,94.27,15.85,1,1396
1223,15768,2024-10-28,20,1,new,Too small,needs_review,7891,Gucci,Outerwear,3871.34,0.0,0,237
1224,14930,2024-09-21,12,1,new,Defective,eligible,7479,Urban Outfitters,Accessories,126.25,0.0,0,44
1225,6148,2025-09-02,49,1,new,Defective,ineligible,3070,Zara,Outerwear,95.13,18.65,1,181
1226,14747,2025-09-25,6,0,tried-on,Changed mind,needs_review,7391,Zara,Footwear,62.81,0.0,0,372
1227,5864,2025-08-29,2,1,new,Defective,ineligible,2937,Under Armour,Beauty,90.35,0.0,0,207
1228,9340,2024-11-11,7,1,tried-on,Defective,eligible,4645,Urban Outfitters,Bags,96.8,11.03,1,1421
1229,1531,2025-01-27,31,0,new,Too small,needs_review,749,Girlfriend Collective,Activewear,103.31,0.0,0,337
1230,15745,2024-10-19,6,1,tried-on,Too small,eligible,7881,H&M,Tops,31.55,0.0,0,266
1231,14308,2024-08-30,33,1,damaged,No reason,ineligible,7167,Prada,Bags,2513.53,0.0,0,1059
1232,9581,2025-03-21,34,1,tried-on,No reason,ineligible,4764,Loewe,Jeans,1414.22,0.0,0,443
1233,13890,2025-06-25,50,1,new,Defective,ineligible,6960,Gucci,Jeans,1937.24,0.0,0,1466
1234,7004,2024-05-05,22,1,new,Changed mind,eligible,3481,Girlfriend Collective,Activewear,92.94,0.0,0,1000
1235,15845,2025-09-14,11,1,new,Too large,eligible,7927,Loewe,Jeans,1681.09,0.0,0,303
1236,15619,2025-02-08,31,1,new,No reason,needs_review,7823,H&M,Outerwear,76.89,0.0,0,870
1237,15258,2024-06-19,2,1,new,Too large,eligible,7639,Urban Outfitters,Activewear,64.97,19.34,1,782
1238,15248,2025-03-16,52,1,new,Wrong item,ineligible,7634,H&M,Jeans,36.93,8.37,1,1447
1239,11692,2025-10-10,51,1,new,Too small,ineligible,5848,Girlfriend Collective,Swimwear,73.76,0.0,0,1170
1240,4441,2024-03-11,5,1,worn,No reason,ineligible,2229,Shein,Jeans,26.22,7.41,1,381
1241,4172,2024-09-13,33,1,tried-on,Too small,needs_review,2097,Zara,Activewear,67.22,0.0,0,886
1242,14176,2024-11-25,27,1,new,Too large,eligible,7104,Girlfriend Collective,Swimwear,74.42,0.0,0,403
1243,3472,2024-04-25,1,0,new,Wrong item,needs_review,1740,Zara,Outerwear,93.42,0.0,0,756
1244,14862,2024-04-19,4,1,new,Changed mind,eligible,7446,Shein,Tops,36.02,0.0,0,2
1245,13,2023-12-30,11,1,new,Changed mind,eligible,5,Urban Outfitters,Lingerie,38.03,0.0,0,984
1246,8754,2025-04-05,13,0,new,Too large,needs_review,4364,Zara,Dresses,78.87,19.55,1,890
1247,14317,2024-04-14,27,1,worn,Too small,ineligible,7172,Prada,Bags,2228.06,0.0,0,617
1248,1611,2023-12-04,22,1,tried-on,No reason,ineligible,787,Gucci,Jeans,1615.92,0.0,0,1194
1249,2761,2024-02-16,21,1,damaged,Too small,ineligible,1383,Zara,Home,57.95,0.0,0,139
1250,8149,2024-08-22,37,0,worn,Too small,ineligible,4062,Prada,Tops,1833.76,0.0,0,685
1251,4592,2024-04-14,11,1,tried-on,Changed mind,eligible,2309,Zara,Lingerie,77.64,0.0,0,1489
1252,9013,2025-04-27,7,1,worn,Changed mind,ineligible,4483,Shein,Beauty,19.63,0.0,0,548
1253,3848,2025-09-06,18,1,tried-on,Too large,eligible,1938,Zara,Outerwear,33.72,6.97,1,879
1254,7435,2025-01-15,54,1,new,Wrong item,ineligible,3703,Girlfriend Collective,Home,103.35,5.66,1,481
1255,14315,2024-02-12,1,1,new,Too small,eligible,7171,Zara,Lingerie,89.48,0.0,0,294
1256,10768,2025-11-14,20,1,new,Wrong item,eligible,5370,Urban Outfitters,Activewear,69.71,0.0,0,458
1257,12399,2025-08-16,53,0,new,No reason,ineligible,6208,Chanel,Swimwear,524.72,0.0,0,478
1258,13381,2025-11-29,41,1,new,Too large,ineligible,6709,Zara,Swimwear,49.3,0.0,0,1493
1259,15613,2024-10-10,26,1,new,Wrong item,ineligible,7821,Chanel,Home,538.96,0.0,0,1126
1260,11361,2025-01-08,42,1,new,Too large,ineligible,5681,Urban Outfitters,Accessories,120.43,38.97,1,224
1261,2122,2024-03-30,11,0,new,Wrong item,needs_review,1049,Shein,Outerwear,8.73,0.82,1,891
1262,9641,2024-03-20,20,1,tried-on,Changed mind,ineligible,4798,H&M,Beauty,89.28,0.0,0,278
1263,9632,2025-10-05,50,0,new,Wrong item,ineligible,4792,H&M,Footwear,66.88,0.0,0,1198
1264,1158,2024-05-01,3,1,new,No reason,eligible,571,Under Armour,Jeans,89.97,0.0,0,963
1265,10804,2024-03-09,29,1,new,Too large,eligible,5387,Urban Outfitters,Outerwear,96.38,14.54,1,1197
1266,5314,2025-06-14,42,1,new,Wrong item,ineligible,2668,Loewe,Accessories,709.01,0.0,0,1481
1267,2844,2024-12-25,0,1,new,No reason,eligible,1426,Gucci,Bags,1834.08,0.0,0,378
1268,10989,2025-08-23,29,1,new,Too small,eligible,5487,Under Armour,Lingerie,92.87,0.0,0,974
1269,4411,2024-03-12,39,1,new,Too large,eligible,2215,Under Armour,Lingerie,102.58,0.0,0,710
1270,8513,2024-11-23,31,1,new,Too small,ineligible,4243,Gucci,Beauty,975.62,0.0,0,1309
1271,13573,2025-05-24,21,1,tried-on,No reason,eligible,6808,Shein,Tops,9.92,0.0,0,741
1272,3480,2025-11-11,14,1,new,Too small,eligible,1744,Zara,Outerwear,32.4,9.28,1,201
1273,1349,2024-07-30,26,1,new,Defective,eligible,657,Zara,Swimwear,91.75,0.0,0,886
1274,9638,2025-12-21,47,1,new,Changed mind,ineligible,4797,Girlfriend Collective,Swimwear,74.6,0.0,0,1082
1275,5744,2025-12-29,60,1,new,Too large,ineligible,2879,Loewe,Bags,2135.79,0.0,0,936
1276,4058,2024-07-17,23,1,new,Defective,eligible,2042,H&M,Lingerie,63.63,0.0,0,382
1277,13824,2023-12-09,30,1,new,Changed mind,ineligible,6929,Gucci,Tops,2500.0,0.0,0,131
1278,9158,2024-08-23,46,1,new,No reason,ineligible,4558,Girlfriend Collective,Outerwear,49.55,0.0,0,1372
1279,5338,2024-09-17,17,1,tried-on,Wrong item,needs_review,2679,Prada,Footwear,838.7,0.0,0,1105
1280,6899,2025-07-26,39,1,new,Too small,ineligible,3431,H&M,Outerwear,64.61,0.0,0,1365
1281,15721,2024-04-13,42,1,new,Wrong item,ineligible,7870,Zara,Accessories,60.5,0.0,0,1197
1282,2459,2025-08-13,3,1,damaged,No reason,ineligible,1222,Zara,Beauty,40.73,0.0,0,550
1283,1888,2024-07-04,57,0,new,Changed mind,ineligible,932,H&M,Home,64.44,0.0,0,415
1284,16001,2024-01-22,4,1,new,Changed mind,eligible,7999,Zara,Lingerie,47.44,0.0,0,324
1285,13379,2025-11-15,27,1,new,Changed mind,eligible,6709,Zara,Bags,87.71,14.79,1,1493
1286,10288,2025-04-24,54,1,tried-on,No reason,ineligible,5131,Prada,Beauty,815.86,0.0,0,845
1287,5568,2025-06-29,33,1,tried-on,Too small,needs_review,2797,Shein,Activewear,23.52,0.0,0,829
1288,10272,2024-06-20,42,1,tried-on,Wrong item,ineligible,5123,Prada,Footwear,851.57,0.0,0,834
1289,11994,2025-07-18,58,0,new,Too large,ineligible,6007,Zara,Swimwear,69.92,0.0,0,432
1290,5257,2023-12-14,11,1,worn,Changed mind,ineligible,2642,H&M,Footwear,61.78,0.0,0,1411
1291,8720,2024-02-12,45,1,tried-on,Too large,ineligible,4347,Zara,Accessories,86.85,16.98,1,1269
1292,13792,2024-07-22,52,1,tried-on,Too small,ineligible,6914,H&M,Lingerie,90.53,0.0,0,381
1293,10667,2025-05-16,44,1,worn,Changed mind,ineligible,5319,Loewe,Accessories,553.22,0.0,0,696
1294,5886,2025-03-02,45,1,damaged,Defective,ineligible,2949,Prada,Accessories,487.04,0.0,0,162
1295,1196,2024-01-18,57,1,worn,Wrong item,ineligible,587,Chanel,Dresses,1515.19,0.0,0,1214
1296,10532,2025-08-22,17,0,new,Wrong item,needs_review,5253,Loewe,Dresses,2037.66,0.0,0,927
1297,10392,2024-09-20,56,1,worn,Changed mind,ineligible,5183,Loewe,Outerwear,3005.03,0.0,0,227
1298,12652,2024-01-29,14,1,new,Defective,eligible,6339,Prada,Lingerie,773.37,0.0,0,1351
1299,5766,2024-12-13,0,1,tried-on,Changed mind,eligible,2889,Shein,Tops,23.27,0.0,0,622
1300,5336,2024-06-20,11,1,new,No reason,eligible,2677,Prada,Dresses,1609.24,0.0,0,375
1301,9838,2025-08-14,20,1,tried-on,No reason,eligible,4894,Under Armour,Swimwear,102.76,35.9,1,980
1302,12238,2024-07-09,48,1,new,Defective,ineligible,6129,Gucci,Footwear,953.84,0.0,0,821
1303,7159,2025-03-31,22,1,tried-on,No reason,ineligible,3562,Gucci,Jeans,1497.88,0.0,0,633
1304,13734,2025-04-11,54,1,new,Too large,ineligible,6885,Loewe,Tops,1281.45,0.0,0,860
1305,5021,2024-02-08,25,0,new,Too large,needs_review,2517,Urban Outfitters,Outerwear,59.6,0.0,0,906
1306,10395,2024-07-06,51,1,new,Too large,ineligible,5184,Urban Outfitters,Outerwear,110.79,22.32,1,1278
1307,3566,2024-07-17,44,1,worn,Defective,ineligible,1789,Under Armour,Lingerie,77.83,0.0,0,900
1308,14028,2024-11-08,30,1,tried-on,Defective,ineligible,7033,Prada,Activewear,341.44,0.0,0,729
1309,1281,2025-05-16,40,1,tried-on,No reason,ineligible,626,Gucci,Footwear,961.14,0.0,0,524
1310,8099,2024-10-09,8,1,new,Defective,eligible,4038,Urban Outfitters,Jeans,20.0,0.0,0,703
1311,414,2024-09-02,5,0,new,Wrong item,needs_review,198,Urban Outfitters,Swimwear,34.64,1.93,1,26
1312,1435,2025-07-01,30,1,new,No reason,ineligible,702,Under Armour,Beauty,64.21,6.93,1,936
1313,11723,2025-04-28,31,0,new,Changed mind,needs_review,5864,Zara,Dresses,38.42,0.0,0,1197
1314,9818,2024-09-23,9,1,new,Wrong item,eligible,4886,Shein,Swimwear,24.9,0.0,0,42
1315,12204,2025-11-18,33,1,new,Defective,needs_review,6113,H&M,Outerwear,63.36,0.0,0,583
1316,15607,2024-03-16,49,1,new,Too small,eligible,7818,Under Armour,Home,91.84,0.0,0,1046
1317,15073,2024-01-07,43,0,new,Changed mind,ineligible,7544,Loewe,Dresses,724.28,0.0,0,644
1318,12544,2024-12-30,11,1,tried-on,Wrong item,eligible,6280,Loewe,Activewear,661.06,0.0,0,447
1319,3612,2024-12-16,4,1,tried-on,No reason,eligible,1818,H&M,Footwear,89.24,0.0,0,1271
1320,3055,2024-12-05,28,1,tried-on,Defective,eligible,1530,H&M,Activewear,84.91,0.0,0,758
1321,8008,2024-06-17,3,1,tried-on,No reason,eligible,3994,H&M,Accessories,70.86,0.0,0,1175
1322,2829,2025-01-01,19,1,new,Too small,eligible,1418,Zara,Jeans,80.03,0.0,0,1194
1323,3485,2025-05-27,28,1,new,Too large,ineligible,1747,Chanel,Outerwear,3663.71,0.0,0,259
1324,5358,2024-12-14,25,1,new,Wrong item,eligible,2690,Shein,Home,16.13,0.0,0,606
1325,9946,2025-08-11,53,0,tried-on,Defective,ineligible,4949,Under Armour,Beauty,111.5,0.0,0,1096
1326,5483,2025-07-03,37,1,new,No reason,ineligible,2751,Prada,Swimwear,680.47,0.0,0,706
1327,9975,2024-08-28,28,1,tried-on,Too small,eligible,4969,Zara,Swimwear,66.72,0.0,0,1000
1328,6148,2025-07-21,6,1,tried-on,Changed mind,eligible,3070,Zara,Outerwear,95.13,18.65,1,181
1329,10896,2024-05-25,12,1,new,Too large,eligible,5438,Under Armour,Tops,65.07,0.0,0,981
1330,9902,2025-01-10,9,0,new,Changed mind,needs_review,4926,Urban Outfitters,Tops,89.27,0.0,0,1283
1331,13043,2025-02-25,0,1,damaged,Too large,ineligible,6542,Gucci,Jeans,1338.11,0.0,0,277
1332,162,2024-02-08,4,1,new,Too small,eligible,74,Zara,Lingerie,91.88,0.0,0,854
1333,5623,2025-09-16,14,1,tried-on,Too small,eligible,2823,Under Armour,Accessories,159.9,0.0,0,42
1334,4850,2025-09-27,4,1,new,Too small,eligible,2434,Girlfriend Collective,Home,119.15,37.22,1,136
1335,586,2025-03-11,10,0,new,Changed mind,ineligible,287,Chanel,Beauty,1121.28,0.0,0,909
1336,7136,2024-06-22,3,0,new,Too large,needs_review,3550,H&M,Swimwear,89.51,0.0,0,229
1337,6269,2025-04-18,35,1,tried-on,Too small,needs_review,3128,Zara,Home,60.32,0.0,0,947
1338,2214,2024-02-16,54,1,new,Wrong item,ineligible,1095,Zara,Beauty,82.7,0.0,0,616
1339,5866,2024-12-03,28,1,new,No reason,ineligible,2938,Loewe,Activewear,724.59,0.0,0,1315
1340,11634,2024-11-29,21,1,tried-on,No reason,needs_review,5820,Prada,Home,700.65,0.0,0,1003
1341,1483,2025-08-27,42,1,new,Changed mind,ineligible,725,Urban Outfitters,Beauty,83.49,0.0,0,1294
1342,9465,2025-11-15,20,1,new,Too small,eligible,4708,Shein,Outerwear,20.97,0.0,0,1381
1343,15582,2025-11-02,53,1,tried-on,Too small,ineligible,7804,Urban Outfitters,Outerwear,56.26,0.0,0,302
1344,11452,2025-09-15,35,1,new,Wrong item,ineligible,5723,Chanel,Outerwear,3671.22,0.0,0,1129
1345,9608,2024-07-25,21,1,new,Defective,needs_review,4780,Prada,Tops,2500.0,0.0,0,24
1346,13251,2025-05-30,15,1,new,Wrong item,eligible,6649,Urban Outfitters,Tops,100.71,0.0,0,213
1347,11825,2024-01-23,14,1,new,Too small,eligible,5920,H&M,Footwear,57.68,0.0,0,512
1348,778,2025-08-03,25,1,worn,No reason,ineligible,382,Loewe,Beauty,734.92,0.0,0,155
1349,11619,2024-03-12,6,1,damaged,Wrong item,ineligible,5814,Zara,Accessories,70.5,0.0,0,395
1350,3611,2024-09-14,37,1,tried-on,Changed mind,needs_review,1817,Zara,Swimwear,96.82,0.0,0,199
1351,9432,2025-01-29,11,1,tried-on,Defective,eligible,4692,Under Armour,Accessories,112.78,30.87,1,919
1352,2578,2025-03-26,26,1,tried-on,Wrong item,eligible,1290,Urban Outfitters,Accessories,115.26,0.0,0,790
1353,9333,2024-04-06,45,1,new,Changed mind,ineligible,4642,Zara,Tops,54.6,0.0,0,1295
1354,8065,2024-07-14,55,1,worn,Changed mind,ineligible,4022,Shein,Home,25.91,0.0,0,536
1355,7890,2023-12-12,13,1,tried-on,Changed mind,eligible,3939,Chanel,Outerwear,3687.64,0.0,0,160
1356,1135,2025-08-01,8,1,new,Changed mind,eligible,558,Shein,Outerwear,22.77,0.0,0,1223
1357,13219,2024-12-25,46,1,new,Too small,ineligible,6634,Zara,Accessories,75.98,20.97,1,821
1358,12489,2025-07-27,56,1,damaged,Changed mind,ineligible,6255,Girlfriend Collective,Accessories,39.49,0.0,0,1253
1359,2155,2025-09-27,34,1,new,Defective,ineligible,1067,Loewe,Outerwear,3563.67,0.0,0,686
1360,14058,2024-06-17,56,1,new,Changed mind,ineligible,7047,Urban Outfitters,Lingerie,107.62,9.2,1,692
1361,14951,2025-07-12,37,1,new,No reason,needs_review,7490,Girlfriend Collective,Activewear,136.65,0.0,0,422
1362,6927,2024-07-22,15,1,new,Defective,eligible,3444,Zara,Activewear,52.82,0.0,0,1229
1363,9997,2025-04-15,8,1,worn,Defective,ineligible,4982,H&M,Jeans,78.04,0.0,0,1078
1364,8456,2025-11-20,12,1,new,Changed mind,eligible,4212,Under Armour,Tops,107.9,0.0,0,200
1365,4694,2025-11-25,23,1,new,No reason,eligible,2362,Urban Outfitters,Accessories,85.38,0.0,0,9
1366,3935,2024-01-28,37,1,new,Defective,ineligible,1982,Loewe,Tops,1716.37,0.0,0,1373
1367,10065,2024-09-14,15,1,new,Changed mind,ineligible,5019,Girlfriend Collective,Beauty,31.46,0.0,0,1181
1368,6564,2024-02-01,35,1,new,Defective,needs_review,3270,Zara,Footwear,99.22,26.28,1,149
1369,7766,2024-04-29,10,1,new,Defective,eligible,3873,Zara,Outerwear,53.79,7.52,1,550
1370,15451,2025-03-18,26,1,new,Defective,ineligible,7743,Prada,Lingerie,900.38,0.0,0,15
1371,724,2024-07-12,32,1,new,Wrong item,ineligible,355,Chanel,Activewear,951.27,0.0,0,122
1372,5426,2025-08-19,52,1,new,Changed mind,ineligible,2724,Zara,Bags,84.79,0.0,0,806
1373,9370,2024-08-27,20,0,worn,Too large,ineligible,4658,H&M,Bags,91.07,0.0,0,503
1374,5417,2025-11-08,45,1,tried-on,Too large,ineligible,2721,Loewe,Accessories,658.69,0.0,0,1196
1375,14987,2024-01-10,17,1,new,Too small,eligible,7505,Under Armour,Accessories,94.26,0.0,0,142
1376,4615,2025-08-28,38,1,tried-on,Wrong item,eligible,2321,Under Armour,Home,111.97,19.34,1,1164
1377,6046,2024-04-09,38,0,new,No reason,ineligible,3024,Chanel,Lingerie,738.19,0.0,0,924
1378,11666,2023-12-21,38,1,new,Defective,eligible,5836,Under Armour,Outerwear,157.94,0.0,0,834
1379,15397,2024-02-05,60,1,tried-on,Defective,ineligible,7710,Girlfriend Collective,Swimwear,78.56,0.0,0,73
1380,13713,2024-07-22,4,1,new,Wrong item,eligible,6877,Gucci,Outerwear,3213.88,0.0,0,1225
1381,6849,2024-07-16,20,1,tried-on,Too large,eligible,3407,Urban Outfitters,Footwear,63.48,0.0,0,632
1382,13652,2024-07-15,9,0,new,Too large,needs_review,6846,Under Armour,Footwear,66.05,20.75,1,145
1383,9635,2025-10-16,23,1,worn,Changed mind,ineligible,4795,Under Armour,Accessories,82.99,19.09,1,734
1384,4918,2025-01-31,37,1,new,Changed mind,ineligible,2467,Gucci,Footwear,853.56,0.0,0,542
1385,2031,2025-05-30,12,1,tried-on,Defective,eligible,1005,Shein,Activewear,22.69,0.0,0,256
1386,11440,2025-03-12,29,0,new,No reason,ineligible,5717,Zara,Beauty,43.48,0.0,0,308
1387,12673,2025-09-15,31,1,new,No reason,needs_review,6349,Shein,Swimwear,14.67,0.0,0,1147
1388,9662,2025-01-16,36,1,new,Too large,needs_review,4810,Urban Outfitters,Home,112.71,0.0,0,573
1389,14061,2024-03-31,51,1,new,Too small,ineligible,7049,Zara,Outerwear,44.22,15.05,1,127
1390,15985,2024-11-06,35,1,tried-on,Too large,needs_review,7991,Urban Outfitters,Dresses,72.39,0.0,0,797
1391,5577,2025-04-04,54,0,new,No reason,ineligible,2802,Loewe,Activewear,841.09,0.0,0,472
1392,7878,2025-01-22,2,1,new,Defective,eligible,3933,Girlfriend Collective,Home,79.3,16.43,1,294
1393,10231,2024-07-22,12,1,new,Changed mind,eligible,5103,Urban Outfitters,Tops,78.56,0.0,0,380
1394,4972,2025-07-13,15,1,new,No reason,ineligible,2494,Urban Outfitters,Beauty,50.39,0.0,0,1368
1395,6159,2025-09-12,34,1,new,Too small,needs_review,3075,Urban Outfitters,Tops,78.26,0.0,0,149
1396,3168,2024-05-02,28,1,new,Too small,ineligible,1591,Prada,Footwear,772.1,0.0,0,880
1397,13263,2025-03-07,29,1,new,Too large,ineligible,6655,Loewe,Bags,2021.18,0.0,0,381
1398,2738,2025-10-10,54,1,worn,Defective,ineligible,1374,Chanel,Accessories,792.85,0.0,0,236
1399,14789,2025-10-22,27,1,new,Too small,eligible,7410,Shein,Footwear,24.75,2.81,1,364
1400,2000,2025-08-27,7,1,new,Too large,ineligible,992,Urban Outfitters,Beauty,137.83,0.0,0,1156
1401,10416,2024-08-06,49,1,new,Too small,ineligible,5194,Urban Outfitters,Outerwear,40.98,0.0,0,1211
1402,12688,2025-02-03,37,0,tried-on,No reason,needs_review,6357,Girlfriend Collective,Dresses,138.39,0.0,0,517
1403,9311,2025-09-17,8,1,tried-on,No reason,eligible,4634,Shein,Tops,32.63,4.48,1,1278
1404,8223,2024-07-16,60,1,tried-on,Too small,ineligible,4101,Zara,Home,59.62,0.0,0,1236
1405,4980,2024-10-06,49,1,new,Wrong item,ineligible,2498,Prada,Swimwear,773.62,0.0,0,1173
1406,7529,2024-06-08,22,1,new,Defective,eligible,3754,Urban Outfitters,Dresses,97.93,0.0,0,999
1407,10462,2025-07-13,35,0,new,Defective,ineligible,5215,Loewe,Accessories,748.66,0.0,0,193
1408,12545,2024-05-27,6,1,tried-on,Wrong item,eligible,6281,Zara,Home,94.27,15.85,1,1396
1409,8577,2025-01-02,59,1,damaged,No reason,ineligible,4277,Girlfriend Collective,Beauty,80.61,0.0,0,761
1410,14978,2024-06-15,25,1,new,Defective,ineligible,7502,Gucci,Bags,2320.61,0.0,0,155
1411,1813,2024-01-25,56,1,worn,No reason,ineligible,890,Shein,Home,23.09,6.73,1,1487
1412,4329,2023-11-30,7,1,new,Defective,eligible,2180,Urban Outfitters,Swimwear,78.36,0.0,0,117
1413,13425,2025-11-10,25,1,new,Changed mind,ineligible,6730,Gucci,Accessories,371.0,0.0,0,706
1414,6950,2024-03-18,36,1,new,No reason,needs_review,3456,Zara,Tops,61.06,0.0,0,1408
1415,11987,2024-09-22,39,1,tried-on,Defective,ineligible,6004,Gucci,Home,1107.85,0.0,0,516
1416,14875,2025-12-28,51,1,tried-on,Too large,ineligible,7453,Under Armour,Beauty,137.88,0.0,0,435
1417,9729,2025-07-18,44,0,new,No reason,ineligible,4841,H&M,Bags,44.84,0.0,0,200
1418,11385,2025-07-02,15,0,new,Too small,needs_review,5691,Under Armour,Outerwear,63.28,0.0,0,385
1419,12020,2024-09-14,7,1,tried-on,Changed mind,eligible,6021,Girlfriend Collective,Dresses,50.3,0.0,0,571
1420,2224,2025-10-03,31,1,new,Changed mind,needs_review,1101,H&M,Outerwear,95.61,0.0,0,1184
1421,6725,2025-02-27,9,1,new,Too small,eligible,3347,Chanel,Tops,1389.78,0.0,0,1024
1422,5980,2025-06-10,12,1,new,Defective,ineligible,2996,Gucci,Beauty,979.59,0.0,0,440
1423,11873,2024-05-13,20,1,tried-on,Changed mind,eligible,5948,Zara,Bags,43.58,11.68,1,548
1424,8337,2024-05-28,26,1,tried-on,Defective,eligible,4158,Shein,Dresses,18.78,0.0,0,92
1425,8027,2025-08-21,20,0,new,Too small,needs_review,4004,Prada,Accessories,660.65,0.0,0,145
1426,2928,2024-02-04,56,1,new,Defective,ineligible,1465,Zara,Tops,34.19,3.7,1,700
1427,6916,2024-02-19,51,1,worn,Too small,ineligible,3438,Under Armour,Swimwear,151.67,28.57,1,320
1428,302,2024-02-13,28,1,new,Wrong item,ineligible,140,Chanel,Home,592.36,0.0,0,1365
1429,2817,2024-08-01,4,1,tried-on,Too large,eligible,1411,H&M,Activewear,68.09,0.0,0,1190
1430,5918,2024-12-08,4,1,tried-on,Wrong item,eligible,2965,Gucci,Activewear,912.56,0.0,0,1498
1431,5802,2025-01-13,47,1,damaged,Too small,ineligible,2903,Shein,Footwear,25.84,0.0,0,260
1432,4057,2025-05-09,25,1,tried-on,Changed mind,ineligible,2041,Prada,Activewear,724.7,0.0,0,1030
1433,5081,2023-12-19,13,1,new,Too large,eligible,2550,H&M,Activewear,19.45,0.0,0,1107
1434,918,2025-08-02,20,1,new,Too large,eligible,450,Urban Outfitters,Activewear,28.25,0.0,0,644
1435,2688,2025-10-01,18,1,new,Wrong item,eligible,1346,H&M,Swimwear,99.41,0.0,0,495
1436,7223,2025-02-08,35,1,new,Wrong item,needs_review,3593,Zara,Tops,28.89,0.0,0,795
1437,7796,2025-10-03,46,1,new,Too large,ineligible,3888,Urban Outfitters,Tops,72.69,0.0,0,444
1438,9758,2025-07-28,51,1,new,No reason,ineligible,4854,Zara,Swimwear,62.34,16.3,1,972
1439,3966,2025-07-30,17,1,tried-on,Too large,needs_review,1997,Loewe,Lingerie,825.53,0.0,0,138
1440,8304,2024-02-08,4,1,tried-on,Defective,eligible,4143,Chanel,Swimwear,770.06,0.0,0,805
1441,2373,2024-11-20,3,1,tried-on,Too large,eligible,1179,Shein,Accessories,16.35,0.0,0,1454
1442,8056,2024-02-16,34,0,tried-on,No reason,needs_review,4018,H&M,Lingerie,48.29,0.0,0,776
1443,7503,2025-05-16,27,1,tried-on,Wrong item,eligible,3739,Zara,Swimwear,95.93,0.0,0,1288
1444,5820,2024-12-05,31,1,new,Too small,ineligible,2913,Prada,Accessories,666.53,0.0,0,676
1445,3423,2024-10-09,38,1,new,Too large,ineligible,1714,Gucci,Beauty,652.41,0.0,0,251
1446,8023,2024-06-24,54,0,new,Defective,ineligible,4003,Loewe,Swimwear,541.87,0.0,0,992
1447,4093,2024-07-20,36,1,tried-on,Too large,needs_review,2058,Zara,Dresses,39.03,0.0,0,599
1448,6468,2024-12-05,55,1,new,No reason,ineligible,3223,Urban Outfitters,Jeans,41.4,0.0,0,1046
1449,11128,2025-07-25,18,1,new,Changed mind,eligible,5566,Girlfriend Collective,Activewear,56.34,0.0,0,676
1450,8834,2025-12-12,36,1,new,Too large,needs_review,4401,H&M,Accessories,87.02,0.0,0,65
1451,14032,2025-08-21,47,1,new,Wrong item,eligible,7035,Under Armour,Accessories,66.59,20.99,1,411
1452,8788,2025-01-18,46,0,tried-on,Too small,ineligible,4380,Urban Outfitters,Dresses,45.17,11.87,1,480
1453,4271,2024-01-17,56,1,new,No reason,ineligible,2150,H&M,Tops,42.42,0.0,0,938
1454,3151,2025-05-09,26,1,new,Defective,eligible,1583,Shein,Jeans,31.31,0.0,0,321
1455,10551,2025-07-03,20,1,new,Changed mind,eligible,5262,Zara,Home,93.97,19.15,1,724
1456,8818,2024-08-13,53,1,new,Changed mind,ineligible,4393,Loewe,Lingerie,441.49,0.0,0,149
1457,15538,2025-11-28,50,0,tried-on,Wrong item,ineligible,7782,H&M,Home,39.23,0.0,0,1202
1458,5955,2025-02-11,22,1,worn,No reason,ineligible,2981,Loewe,Lingerie,800.94,0.0,0,1012
1459,5391,2024-06-28,17,1,new,Too small,eligible,2708,Zara,Swimwear,110.48,0.0,0,853
1460,5072,2023-11-29,7,1,new,Wrong item,eligible,2544,Zara,Jeans,41.25,0.0,0,786
1461,3418,2024-05-31,60,1,tried-on,No reason,ineligible,1712,H&M,Tops,61.84,0.0,0,755
1462,12175,2025-03-13,43,1,damaged,Defective,ineligible,6099,Zara,Beauty,37.97,0.0,0,185
1463,11909,2024-11-02,30,1,tried-on,Wrong item,eligible,5966,Girlfriend Collective,Bags,89.24,0.0,0,1447
1464,10612,2025-05-13,23,1,new,Defective,eligible,5293,Shein,Swimwear,23.87,2.79,1,1083
1465,8284,2023-12-07,15,1,new,Wrong item,eligible,4132,Under Armour,Activewear,135.52,0.0,0,697
1466,6064,2025-11-29,32,0,tried-on,No reason,needs_review,3033,Under Armour,Accessories,118.62,0.0,0,1
1467,8607,2024-11-15,52,1,new,Changed mind,ineligible,4289,Shein,Dresses,16.78,0.0,0,1354
1468,13134,2024-09-03,60,1,new,Too large,ineligible,6589,Urban Outfitters,Dresses,43.51,0.0,0,1215
1469,3765,2024-12-16,34,1,tried-on,Changed mind,eligible,1899,Under Armour,Dresses,98.88,0.0,0,174
1470,494,2025-03-06,44,1,new,Too small,eligible,239,Under Armour,Bags,85.51,0.0,0,251
1471,13310,2025-03-19,8,1,damaged,Changed mind,ineligible,6676,Loewe,Outerwear,2925.82,0.0,0,700
1472,8961,2024-09-19,3,1,new,Too large,ineligible,4457,Prada,Beauty,597.0,0.0,0,647
1473,9355,2025-09-01,44,0,new,Wrong item,ineligible,4651,H&M,Dresses,54.86,0.0,0,896
1474,1481,2025-09-12,58,1,new,Too large,ineligible,725,Urban Outfitters,Dresses,111.31,0.0,0,1294
1475,9299,2024-11-04,19,1,new,Too small,needs_review,4627,Prada,Outerwear,3684.15,0.0,0,994
1476,7277,2024-09-28,58,1,tried-on,No reason,ineligible,3619,Zara,Home,57.86,0.0,0,480
1477,6354,2024-05-05,58,1,damaged,Too large,ineligible,3167,Girlfriend Collective,Swimwear,66.87,0.0,0,1424
1478,8933,2025-06-12,23,1,new,Defective,eligible,4446,H&M,Footwear,60.29,0.0,0,999
1479,13071,2024-02-10,55,1,worn,Wrong item,ineligible,6554,H&M,Activewear,37.84,0.0,0,734
1480,13132,2025-12-20,59,0,tried-on,Too small,ineligible,6588,Urban Outfitters,Beauty,63.01,9.47,1,25
1481,14397,2024-06-27,24,0,tried-on,No reason,needs_review,7213,Urban Outfitters,Tops,30.88,4.61,1,856
1482,2572,2024-08-04,33,1,tried-on,No reason,ineligible,1286,Gucci,Lingerie,1169.5,311.01,1,1035
1483,11010,2024-01-29,27,0,new,Defective,needs_review,5498,Shein,Swimwear,19.19,0.0,0,467
1484,6240,2024-09-28,18,0,tried-on,Too large,needs_review,3115,Girlfriend Collective,Jeans,77.75,0.0,0,1148
1485,4277,2025-04-28,33,0,new,Wrong item,needs_review,2152,Zara,Jeans,53.2,0.0,0,1227
1486,11865,2024-09-26,33,0,worn,Defective,ineligible,5943,H&M,Dresses,84.34,12.97,1,426
1487,12040,2025-12-15,40,1,new,Too large,ineligible,6030,Urban Outfitters,Jeans,56.68,0.0,0,1365
1488,467,2024-04-02,5,1,new,Defective,eligible,224,H&M,Tops,92.51,0.0,0,265
1489,11811,2024-07-14,43,1,new,Too small,ineligible,5913,H&M,Accessories,62.6,0.0,0,1016
1490,2844,2024-12-26,1,1,new,Defective,eligible,1426,Gucci,Bags,1834.08,0.0,0,378
1491,10576,2025-07-14,25,1,new,Changed mind,eligible,5276,Shein,Tops,25.87,0.0,0,189
1492,1461,2024-09-19,58,1,new,No reason,ineligible,715,Girlfriend Collective,Tops,75.16,0.0,0,472
1493,212,2025-02-27,6,1,tried-on,Too large,eligible,97,Zara,Outerwear,94.56,0.0,0,826
1494,14907,2025-08-07,20,1,tried-on,Changed mind,eligible,7469,Shein,Bags,31.94,0.0,0,1437
1495,8763,2024-06-14,12,1,tried-on,No reason,eligible,4368,Gucci,Lingerie,839.96,0.0,0,792
1496,10566,2025-05-06,15,1,worn,Too large,ineligible,5271,Zara,Outerwear,34.16,0.0,0,1367
1497,9666,2024-01-21,49,1,new,No reason,ineligible,4811,Gucci,Jeans,1329.75,0.0,0,798
1498,12502,2024-05-30,43,1,new,Wrong item,ineligible,6261,H&M,Footwear,66.02,0.0,0,1066
1499,12133,2025-10-06,50,1,new,Too small,ineligible,6080,Zara,Beauty,33.07,0.0,0,1207
1500,7228,2025-11-13,16,1,new,Defective,eligible,3595,Urban Outfitters,Dresses,74.15,0.0,0,221
1501,7158,2025-05-11,24,1,new,Wrong item,eligible,3561,Girlfriend Collective,Accessories,50.47,13.49,1,844
1502,14772,2025-01-21,15,1,new,Wrong item,eligible,7402,H&M,Dresses,63.64,0.0,0,132
1503,852,2025-01-18,34,1,new,No reason,eligible,417,Under Armour,Lingerie,100.03,19.53,1,155
1504,7093,2024-07-09,52,1,new,No reason,ineligible,3527,H&M,Tops,90.22,0.0,0,1285
1505,8687,2025-08-14,30,1,tried-on,Too large,ineligible,4329,Gucci,Dresses,700.0,0.0,0,64
1506,4486,2024-01-05,32,1,new,Changed mind,ineligible,2252,Chanel,Jeans,1197.69,0.0,0,574
1507,6890,2025-03-20,24,1,tried-on,Defective,eligible,3426,H&M,Home,35.85,0.0,0,1351
1508,6184,2025-12-19,59,1,new,Too large,eligible,3087,Under Armour,Tops,112.42,0.0,0,1148
1509,10777,2025-09-06,17,1,worn,Changed mind,ineligible,5374,H&M,Outerwear,47.76,0.0,0,265
1510,3331,2025-03-15,26,1,new,Changed mind,eligible,1671,Shein,Tops,29.27,0.0,0,1122
1511,9874,2024-03-04,38,1,tried-on,Too small,ineligible,4911,Gucci,Accessories,601.97,0.0,0,1355
1512,15044,2024-07-31,27,1,worn,Too small,ineligible,7530,Shein,Home,34.34,0.0,0,1180
1513,2537,2024-06-08,31,1,new,Wrong item,needs_review,1268,H&M,Dresses,101.93,0.0,0,1463
1514,14879,2024-02-29,44,1,tried-on,Too small,eligible,7454,Under Armour,Accessories,99.67,0.0,0,583
1515,4191,2025-11-30,43,1,new,No reason,ineligible,2106,Urban Outfitters,Activewear,64.83,7.1,1,663
1516,14311,2025-10-27,56,1,new,Too large,eligible,7168,Under Armour,Footwear,124.9,0.0,0,1027
1517,3628,2025-05-30,10,1,tried-on,No reason,eligible,1827,Under Armour,Tops,89.19,0.0,0,125
1518,10972,2024-08-09,42,1,worn,Changed mind,ineligible,5477,Urban Outfitters,Jeans,80.34,0.0,0,1178
1519,890,2025-03-25,27,1,tried-on,No reason,eligible,437,Girlfriend Collective,Jeans,77.69,0.0,0,204
1520,15670,2025-08-06,54,1,new,Too small,ineligible,7846,Zara,Accessories,32.69,0.0,0,86
1521,9345,2025-07-05,8,1,tried-on,Too small,eligible,4646,Chanel,Swimwear,994.15,0.0,0,215
1522,77,2024-01-30,43,1,new,Changed mind,ineligible,34,Zara,Activewear,76.57,13.21,1,1315
1523,4479,2024-06-17,59,1,new,Too large,ineligible,2247,Gucci,Beauty,855.26,0.0,0,788
1524,2755,2024-03-13,22,1,new,Too large,eligible,1381,Girlfriend Collective,Bags,47.06,0.0,0,1423
1525,1859,2025-09-02,45,1,new,Too large,ineligible,915,H&M,Home,51.86,0.0,0,814
1526,1950,2025-09-07,54,1,worn,Too small,ineligible,966,H&M,Bags,71.22,18.34,1,521
1527,1296,2025-05-19,30,0,tried-on,Too small,needs_review,633,Girlfriend Collective,Jeans,45.7,10.61,1,1178
1528,4788,2024-04-04,28,0,new,Wrong item,ineligible,2405,Zara,Beauty,47.54,0.0,0,1101
1529,759,2025-03-27,0,1,tried-on,No reason,eligible,371,Zara,Activewear,15.93,0.0,0,515
1530,4627,2025-11-28,56,1,new,Defective,eligible,2328,Under Armour,Accessories,38.94,0.0,0,1397
1531,11882,2024-01-29,17,1,tried-on,Defective,eligible,5953,Girlfriend Collective,Outerwear,89.53,12.98,1,107
1532,1546,2024-11-07,36,1,new,Too large,needs_review,756,Urban Outfitters,Accessories,67.39,0.0,0,210
1533,5136,2025-08-22,9,1,new,Defective,eligible,2576,Urban Outfitters,Outerwear,96.08,0.0,0,19
1534,8400,2025-03-02,26,1,new,Defective,eligible,4186,Shein,Swimwear,27.44,0.0,0,754
1535,378,2024-05-19,33,0,new,Too small,needs_review,180,H&M,Bags,98.11,0.0,0,159
1536,8934,2024-09-04,34,1,new,Defective,ineligible,4447,Loewe,Beauty,764.86,0.0,0,814
1537,14141,2024-12-07,53,1,new,Changed mind,ineligible,7089,Loewe,Outerwear,3739.58,0.0,0,868
1538,219,2024-01-14,48,1,new,Too small,ineligible,102,Prada,Jeans,700.0,0.0,0,418
1539,7489,2024-04-12,6,1,new,Too large,eligible,3731,Under Armour,Accessories,108.68,0.0,0,1187
1540,10481,2025-05-30,26,1,new,Too large,ineligible,5224,Gucci,Tops,1724.14,0.0,0,1445
1541,10538,2024-10-14,1,1,new,Defective,eligible,5255,H&M,Dresses,39.75,3.66,1,1279
1542,8692,2024-11-04,49,1,tried-on,Changed mind,ineligible,4331,Urban Outfitters,Accessories,52.99,8.54,1,232
1543,15429,2025-12-15,57,1,new,Changed mind,ineligible,7729,Shein,Beauty,22.21,0.0,0,328
1544,14715,2024-12-18,22,0,new,Too large,needs_review,7375,Zara,Activewear,80.48,0.0,0,166
1545,2030,2025-01-05,56,1,worn,Too large,ineligible,1004,Shein,Outerwear,15.6,0.0,0,497
1546,5221,2024-04-13,29,1,new,Too small,ineligible,2623,Loewe,Footwear,1158.34,0.0,0,1179
1547,2145,2024-02-22,56,0,tried-on,No reason,ineligible,1062,Zara,Tops,107.03,24.22,1,1025
1548,13739,2024-01-11,20,1,new,Defective,eligible,6887,Under Armour,Activewear,109.99,0.0,0,1187
1549,4042,2025-12-02,31,1,new,Wrong item,ineligible,2033,Gucci,Footwear,500.0,0.0,0,147
1550,10220,2025-04-09,17,1,new,Changed mind,ineligible,5098,Prada,Beauty,730.75,0.0,0,642
1551,14880,2024-11-21,60,1,new,Too small,ineligible,7455,Urban Outfitters,Accessories,42.43,5.61,1,196
1552,14020,2025-07-01,14,1,new,Defective,ineligible,7030,Urban Outfitters,Beauty,127.38,0.0,0,1190
1553,3710,2025-02-19,7,1,new,Too small,eligible,1871,Girlfriend Collective,Bags,57.76,0.0,0,1019
1554,14265,2025-05-31,20,1,new,Too large,eligible,7146,H&M,Tops,60.25,7.24,1,722
1555,4334,2025-03-31,10,1,new,Too large,eligible,2183,Urban Outfitters,Home,143.28,0.0,0,692
1556,2811,2024-08-15,34,1,worn,No reason,ineligible,1408,Chanel,Beauty,666.19,0.0,0,458
1557,2141,2024-06-19,33,1,new,Too large,needs_review,1060,Girlfriend Collective,Outerwear,85.75,26.21,1,1067
1558,28,2025-05-07,7,1,new,Wrong item,eligible,12,H&M,Activewear,78.67,23.07,1,57
1559,3186,2025-01-14,52,1,new,Too large,ineligible,1599,Loewe,Dresses,1257.07,0.0,0,468
1560,11948,2025-02-13,3,0,new,Wrong item,needs_review,5983,Loewe,Dresses,1301.84,0.0,0,1257
1561,1478,2024-09-03,13,1,new,Changed mind,eligible,723,Loewe,Dresses,2004.1,0.0,0,1256
1562,5781,2025-06-05,33,1,new,Too small,needs_review,2895,Girlfriend Collective,Swimwear,74.99,0.0,0,1425
1563,1063,2025-02-08,42,1,new,Wrong item,ineligible,519,Shein,Accessories,25.24,0.0,0,819
1564,74,2024-09-27,34,1,tried-on,Changed mind,needs_review,32,Urban Outfitters,Lingerie,112.01,0.0,0,400
1565,12042,2025-10-31,40,1,tried-on,Too small,ineligible,6031,Urban Outfitters,Swimwear,53.29,0.0,0,954
1566,13910,2024-05-19,50,1,damaged,Too large,ineligible,6973,Shein,Activewear,31.06,4.97,1,383
1567,544,2024-09-17,16,1,new,No reason,needs_review,264,Prada,Dresses,1292.26,0.0,0,815
1568,5708,2024-05-10,49,1,new,Too large,ineligible,2862,Urban Outfitters,Tops,81.62,0.0,0,1460
1569,1738,2024-08-12,50,1,tried-on,Wrong item,ineligible,850,Zara,Bags,52.37,0.0,0,392
1570,11275,2024-05-03,60,1,new,Too large,ineligible,5638,Loewe,Jeans,1684.35,0.0,0,673
1571,9902,2025-01-31,30,0,damaged,No reason,ineligible,4926,Urban Outfitters,Tops,89.27,0.0,0,1283
1572,1094,2024-09-27,41,1,worn,No reason,ineligible,537,H&M,Tops,61.05,0.0,0,1480
1573,13291,2024-11-11,50,1,tried-on,Changed mind,eligible,6667,Under Armour,Jeans,54.31,0.0,0,1451
1574,12442,2025-02-15,11,0,tried-on,Defective,ineligible,6230,Gucci,Beauty,696.29,0.0,0,1374
1575,6005,2025-04-26,56,1,new,Wrong item,ineligible,3007,Gucci,Accessories,561.88,0.0,0,1296
1576,12000,2025-04-19,21,1,new,Too small,eligible,6011,Under Armour,Footwear,65.17,0.0,0,669
1577,12862,2025-11-13,56,1,tried-on,Too small,ineligible,6444,Gucci,Swimwear,862.87,0.0,0,844
1578,10377,2025-03-17,50,1,new,Too small,ineligible,5173,Gucci,Jeans,1243.02,0.0,0,90
1579,7193,2025-06-13,28,1,new,Too large,eligible,3581,H&M,Swimwear,18.95,0.0,0,701
1580,3872,2023-12-18,27,1,worn,Too large,ineligible,1951,Loewe,Beauty,793.86,0.0,0,1289
1581,3828,2024-02-06,11,0,new,Too large,needs_review,1928,Urban Outfitters,Swimwear,99.73,18.55,1,583
1582,9651,2024-03-12,56,0,new,Changed mind,ineligible,4805,Shein,Beauty,16.06,0.0,0,87
1583,1358,2024-08-07,23,1,worn,No reason,ineligible,662,Chanel,Jeans,1402.72,0.0,0,1179
1584,3913,2024-11-30,21,1,tried-on,Wrong item,eligible,1971,Zara,Jeans,64.6,0.0,0,551
1585,8258,2025-02-02,49,1,tried-on,Wrong item,ineligible,4118,Gucci,Accessories,300.0,0.0,0,119
1586,14266,2025-06-17,37,1,new,Too large,needs_review,7146,H&M,Jeans,30.01,0.0,0,722
1587,12406,2024-01-24,33,1,new,Changed mind,ineligible,6212,Shein,Beauty,31.58,0.0,0,775
1588,11295,2025-07-15,11,1,new,Changed mind,eligible,5647,Urban Outfitters,Jeans,20.0,0.0,0,380
1589,13135,2024-08-14,40,1,new,Changed mind,ineligible,6589,Urban Outfitters,Jeans,38.56,0.0,0,1215
1590,6501,2025-07-12,5,1,tried-on,Changed mind,ineligible,3241,H&M,Beauty,26.81,0.0,0,1163
1591,12577,2024-05-10,13,0,tried-on,No reason,needs_review,6297,Zara,Accessories,92.07,28.16,1,853
1592,7436,2024-12-30,38,1,damaged,Defective,ineligible,3703,Girlfriend Collective,Accessories,94.34,0.0,0,481
1593,1984,2024-06-03,29,1,new,Too large,ineligible,982,Prada,Swimwear,1000.09,0.0,0,958
1594,3085,2025-05-25,54,1,new,Defective,ineligible,1549,H&M,Activewear,80.53,0.0,0,697
1595,6687,2025-07-23,14,1,new,Too small,eligible,3327,Prada,Accessories,633.61,0.0,0,139
1596,3647,2025-06-17,3,1,tried-on,Too small,eligible,1837,H&M,Jeans,92.54,0.0,0,1197
1597,3396,2024-03-22,9,1,tried-on,Defective,eligible,1701,Under Armour,Activewear,51.31,0.0,0,182
1598,12442,2025-03-06,30,1,new,Too small,ineligible,6230,Gucci,Beauty,696.29,0.0,0,1374
1599,2513,2025-05-08,58,1,tried-on,Defective,ineligible,1255,Zara,Jeans,47.92,4.79,1,827
1600,2615,2024-11-09,2,1,new,Defective,ineligible,1309,H&M,Beauty,69.1,0.0,0,18
1601,11458,2024-06-28,58,1,tried-on,Changed mind,eligible,5725,Under Armour,Home,30.0,0.0,0,1102
1602,8511,2025-07-01,53,1,new,Changed mind,ineligible,4241,Zara,Accessories,33.57,0.0,0,1415
1603,3745,2024-04-01,47,1,tried-on,Too large,ineligible,1887,H&M,Beauty,90.15,0.0,0,913
1604,15868,2025-04-20,51,1,new,Wrong item,ineligible,7937,Chanel,Outerwear,3291.4,0.0,0,603
1605,13086,2024-12-11,36,1,new,Changed mind,ineligible,6562,Under Armour,Beauty,89.23,0.0,0,22
1606,13813,2024-05-01,42,1,new,Too large,ineligible,6923,Loewe,Activewear,705.6,0.0,0,1403
1607,6216,2024-11-11,5,1,worn,Defective,ineligible,3104,Under Armour,Dresses,153.18,0.0,0,334
1608,2495,2024-09-04,50,1,damaged,Defective,ineligible,1243,Under Armour,Bags,51.31,0.0,0,739
1609,5701,2025-04-17,54,0,tried-on,No reason,ineligible,2859,H&M,Dresses,109.05,0.0,0,1335
1610,13333,2024-07-17,25,1,new,No reason,eligible,6687,H&M,Footwear,33.05,0.0,0,1055
1611,4541,2024-11-02,47,1,new,Too large,ineligible,2283,Loewe,Outerwear,3038.68,883.69,1,1009
1612,322,2025-08-12,49,1,new,Too small,ineligible,151,Chanel,Jeans,1023.05,0.0,0,993
1613,5056,2025-02-05,34,1,tried-on,Too large,needs_review,2537,Urban Outfitters,Outerwear,79.48,27.62,1,948
1614,8287,2025-02-06,41,1,tried-on,Too small,ineligible,4133,Gucci,Jeans,1575.57,0.0,0,175
1615,15773,2025-09-14,22,1,new,No reason,eligible,7894,Zara,Home,63.53,0.0,0,986
1616,10560,2024-07-15,28,1,new,Too small,ineligible,5268,Gucci,Home,844.47,0.0,0,692
1617,3427,2025-01-12,16,1,new,Too large,eligible,1716,Shein,Home,26.16,5.02,1,1284
1618,13993,2025-08-30,16,1,worn,Defective,ineligible,7013,Loewe,Home,976.27,0.0,0,398
1619,6718,2024-04-06,54,0,tried-on,Too small,needs_review,3344,Under Armour,Home,94.27,0.0,0,986
1620,1079,2025-11-28,49,1,damaged,Defective,ineligible,527,Urban Outfitters,Swimwear,23.11,5.15,1,15
1621,11749,2023-12-31,16,1,new,Defective,eligible,5880,Under Armour,Footwear,69.03,0.0,0,620
1622,12514,2024-08-17,10,1,new,No reason,eligible,6267,Zara,Jeans,74.46,0.0,0,431
1623,6282,2025-06-19,27,1,new,Too small,ineligible,3134,Zara,Beauty,59.85,0.0,0,279
1624,13020,2025-01-23,13,1,new,Defective,ineligible,6527,Zara,Beauty,34.2,10.17,1,525
1625,7779,2025-07-30,23,1,new,Too small,ineligible,3879,Chanel,Tops,1328.2,263.38,1,999
1626,2560,2025-10-11,29,1,new,No reason,eligible,1279,Zara,Tops,96.63,0.0,0,651
1627,10445,2025-07-04,22,1,damaged,Too large,ineligible,5206,Shein,Swimwear,29.12,0.0,0,492
1628,6530,2024-04-05,43,1,new,Wrong item,ineligible,3255,H&M,Accessories,50.73,0.0,0,1412
1629,4338,2024-05-19,31,1,worn,Too large,ineligible,2184,Zara,Lingerie,100.18,13.77,1,1259
1630,71,2024-10-02,36,1,new,No reason,needs_review,31,Shein,Home,29.73,4.33,1,176
1631,5877,2024-02-04,39,1,new,Wrong item,ineligible,2944,Shein,Beauty,32.55,0.0,0,717
1632,3829,2024-03-16,50,1,new,Defective,ineligible,1928,Urban Outfitters,Footwear,71.77,0.0,0,583
1633,12858,2024-07-08,7,1,new,Too large,eligible,6441,Chanel,Dresses,1591.91,0.0,0,1118
1634,4257,2024-03-18,37,1,new,Changed mind,needs_review,2142,Urban Outfitters,Home,204.45,0.0,0,544
1635,1229,2023-12-08,3,1,tried-on,No reason,eligible,601,Gucci,Accessories,598.45,0.0,0,1401
1636,11446,2025-07-14,5,1,damaged,Too large,ineligible,5720,Zara,Lingerie,42.09,0.0,0,752
1637,12114,2025-05-06,20,0,damaged,No reason,ineligible,6069,Girlfriend Collective,Activewear,113.26,0.0,0,135
1638,10382,2024-05-24,35,1,tried-on,Too small,needs_review,5177,Urban Outfitters,Dresses,75.76,0.0,0,80
1639,1158,2024-06-15,48,1,tried-on,Defective,eligible,571,Under Armour,Jeans,89.97,0.0,0,963
1640,12261,2025-12-02,38,1,worn,Too large,ineligible,6140,Zara,Dresses,106.79,34.49,1,612
1641,11323,2025-10-09,48,1,damaged,Defective,ineligible,5661,H&M,Bags,108.31,0.0,0,906
1642,15360,2025-10-05,49,1,new,Too small,ineligible,7694,Under Armour,Beauty,71.76,0.0,0,1224
1643,14770,2024-06-21,49,1,tried-on,Changed mind,ineligible,7401,Urban Outfitters,Swimwear,74.62,0.0,0,597
1644,344,2025-05-07,13,1,worn,Wrong item,ineligible,162,Prada,Footwear,862.91,0.0,0,169
1645,11673,2024-06-21,39,1,new,Too small,ineligible,5839,H&M,Footwear,61.02,0.0,0,1201
1646,1983,2025-09-04,3,1,tried-on,Wrong item,eligible,981,Girlfriend Collective,Bags,49.63,0.0,0,125
1647,13542,2025-04-16,27,1,new,Too small,ineligible,6792,Gucci,Activewear,433.08,0.0,0,392
1648,13070,2024-01-22,36,1,new,Too large,needs_review,6554,H&M,Accessories,73.55,11.11,1,734
1649,15786,2024-10-17,12,1,worn,Defective,ineligible,7899,Prada,Beauty,714.35,0.0,0,1015
1650,103,2024-09-21,51,0,new,Defective,ineligible,46,Urban Outfitters,Lingerie,37.74,0.0,0,69
1651,15444,2024-12-12,13,1,new,Too small,eligible,7737,Zara,Jeans,61.74,0.0,0,1251
1652,4298,2024-03-07,2,1,new,Too small,eligible,2164,Gucci,Activewear,1003.87,0.0,0,377
1653,15437,2024-01-10,25,1,new,Wrong item,ineligible,7733,Loewe,Outerwear,3778.96,0.0,0,115
1654,8528,2025-08-28,48,1,new,Too small,ineligible,4251,Loewe,Footwear,1208.77,0.0,0,61
1655,9050,2025-06-14,38,1,new,Changed mind,ineligible,4506,Loewe,Dresses,1561.9,0.0,0,176
1656,4427,2024-12-12,55,1,tried-on,Wrong item,ineligible,2224,H&M,Dresses,41.12,0.0,0,1002
1657,7036,2024-07-10,10,1,new,Too large,eligible,3499,Shein,Accessories,34.36,5.8,1,1326
1658,15325,2025-04-14,11,0,new,Changed mind,needs_review,7677,Prada,Lingerie,474.66,0.0,0,98
1659,3807,2024-03-08,41,0,tried-on,Changed mind,ineligible,1919,Zara,Activewear,41.92,0.0,0,1490
1660,12055,2025-07-11,5,1,new,Wrong item,eligible,6037,Urban Outfitters,Home,69.38,17.61,1,939
1661,13855,2025-03-30,55,1,new,Wrong item,ineligible,6943,Prada,Swimwear,661.03,0.0,0,821
1662,9857,2024-01-30,22,1,new,Too small,eligible,4902,Girlfriend Collective,Accessories,111.25,10.28,1,629
1663,518,2024-10-04,5,1,worn,Defective,ineligible,251,H&M,Tops,66.95,0.0,0,1362
1664,11601,2025-11-01,40,0,tried-on,Too small,ineligible,5806,Loewe,Accessories,547.6,0.0,0,846
1665,9858,2024-01-16,8,1,new,Defective,eligible,4902,Girlfriend Collective,Tops,110.21,0.0,0,629
1666,4807,2025-09-06,34,1,worn,No reason,ineligible,2414,Urban Outfitters,Activewear,114.81,0.0,0,1145
1667,437,2024-12-12,56,1,worn,No reason,ineligible,210,Girlfriend Collective,Tops,70.33,0.0,0,752
1668,5642,2025-01-03,60,1,new,Changed mind,ineligible,2831,H&M,Accessories,46.34,0.0,0,1257
1669,4062,2024-10-28,46,1,tried-on,Too large,ineligible,2044,Chanel,Activewear,710.09,0.0,0,1351
1670,8327,2025-09-15,47,1,tried-on,Too large,ineligible,4153,Gucci,Dresses,1396.66,0.0,0,48
1671,2555,2025-07-19,37,1,damaged,Too small,ineligible,1277,Urban Outfitters,Activewear,87.65,0.0,0,120
1672,12137,2025-10-05,17,1,new,Too large,eligible,6081,H&M,Home,77.96,24.09,1,647
1673,536,2025-07-17,31,1,new,Wrong item,ineligible,260,Gucci,Outerwear,4256.08,0.0,0,640
1674,9611,2024-12-15,7,1,new,Too large,eligible,4781,Loewe,Home,820.46,0.0,0,1079
1675,9807,2025-06-01,13,1,new,Wrong item,eligible,4880,Girlfriend Collective,Activewear,72.8,0.0,0,962
1676,4766,2025-09-24,3,1,new,Too large,eligible,2395,Loewe,Swimwear,604.89,0.0,0,870
1677,13118,2024-02-15,39,1,tried-on,Too small,ineligible,6580,H&M,Activewear,56.94,0.0,0,2
1678,7371,2025-03-08,55,1,new,Changed mind,ineligible,3670,H&M,Footwear,55.22,0.0,0,956
1679,313,2024-06-19,6,1,tried-on,Too small,eligible,145,Zara,Tops,84.33,11.41,1,383
1680,4740,2024-07-08,24,1,new,Defective,eligible,2383,H&M,Footwear,90.37,0.0,0,788
1681,2760,2024-03-18,52,1,new,Too small,ineligible,1383,Zara,Dresses,37.13,0.0,0,139
1682,862,2024-09-10,46,1,new,Defective,ineligible,423,Shein,Jeans,25.35,0.0,0,1117
1683,7120,2025-05-04,4,1,tried-on,Too small,eligible,3542,Loewe,Accessories,528.84,0.0,0,1145
1684,6333,2025-06-13,20,1,new,Too small,eligible,3158,Shein,Lingerie,28.8,0.0,0,1184
1685,8601,2025-06-20,33,1,tried-on,Defective,needs_review,4287,Girlfriend Collective,Outerwear,84.15,0.0,0,125
1686,1789,2025-06-18,16,1,new,No reason,eligible,877,Girlfriend Collective,Dresses,86.88,0.0,0,479
1687,7572,2024-11-03,36,1,tried-on,No reason,eligible,3775,Under Armour,Dresses,78.55,0.0,0,1218
1688,4953,2025-02-21,44,1,new,Too small,ineligible,2485,Zara,Swimwear,77.7,0.0,0,910
1689,1786,2025-02-28,38,1,worn,Too small,ineligible,876,Loewe,Outerwear,3098.57,0.0,0,795
1690,2849,2025-06-09,45,1,new,Too large,ineligible,1429,Shein,Home,34.46,5.51,1,1235
1691,14759,2024-12-25,32,1,new,No reason,ineligible,7396,Chanel,Beauty,663.95,0.0,0,1273
1692,5415,2024-09-21,8,1,new,No reason,eligible,2720,H&M,Swimwear,58.75,0.0,0,162
1693,14496,2024-02-01,26,1,new,No reason,eligible,7264,Under Armour,Tops,100.11,0.0,0,376
1694,3817,2025-10-11,26,0,new,Wrong item,needs_review,1923,Shein,Activewear,25.91,0.0,0,1141
1695,13223,2024-02-27,24,1,tried-on,Defective,ineligible,6635,Gucci,Dresses,1611.46,0.0,0,1015
1696,276,2024-03-08,13,1,tried-on,No reason,eligible,127,Loewe,Footwear,831.43,0.0,0,843
1697,7074,2024-05-11,56,1,new,Too large,eligible,3520,Under Armour,Home,136.46,36.83,1,483
1698,3515,2023-12-27,44,1,tried-on,Defective,ineligible,1765,Urban Outfitters,Footwear,43.03,0.0,0,290
1699,14862,2024-05-29,44,1,tried-on,Too small,ineligible,7446,Shein,Tops,36.02,0.0,0,2
1700,8141,2025-11-04,31,1,new,Too small,eligible,4058,Under Armour,Outerwear,102.27,0.0,0,900
1701,9035,2025-10-23,59,1,tried-on,Defective,ineligible,4497,H&M,Home,53.56,4.3,1,1442
1702,1020,2024-03-22,20,1,new,No reason,needs_review,499,Prada,Swimwear,979.46,0.0,0,736
1703,11154,2025-08-23,47,0,new,No reason,needs_review,5579,Under Armour,Tops,76.27,10.99,1,746
1704,3356,2025-07-16,56,1,new,Wrong item,ineligible,1682,Loewe,Lingerie,771.26,0.0,0,962
1705,2564,2024-06-12,21,1,new,Defective,eligible,1282,Shein,Lingerie,19.92,3.64,1,552
1706,7817,2025-11-21,19,1,new,Wrong item,needs_review,3899,Prada,Outerwear,3562.02,0.0,0,602
1707,4681,2025-09-20,15,1,new,Changed mind,eligible,2355,H&M,Swimwear,113.13,0.0,0,1315
1708,6303,2024-01-09,34,1,new,Defective,ineligible,3144,Gucci,Bags,1731.2,0.0,0,421
1709,13850,2025-06-30,26,1,tried-on,No reason,eligible,6941,H&M,Bags,43.88,6.19,1,788
1710,12305,2024-04-10,58,1,new,Wrong item,eligible,6164,Under Armour,Dresses,57.54,15.56,1,31
1711,11554,2024-04-21,53,1,tried-on,Defective,ineligible,5779,Shein,Beauty,42.34,5.19,1,516
1712,2744,2024-05-07,59,1,new,Too small,ineligible,1376,Zara,Swimwear,32.01,0.0,0,751
1713,10795,2024-02-21,56,1,tried-on,Too large,ineligible,5383,Gucci,Lingerie,987.15,0.0,0,130
1714,14189,2025-04-13,5,1,new,Wrong item,eligible,7110,Gucci,Bags,2601.44,0.0,0,696
1715,4330,2024-10-17,22,1,new,Too small,eligible,2181,Urban Outfitters,Accessories,60.47,0.0,0,1055
1716,14267,2025-11-24,33,1,worn,No reason,ineligible,7147,Zara,Bags,76.97,0.0,0,1290
1717,13152,2025-10-06,42,1,new,Too small,ineligible,6598,Zara,Jeans,43.23,0.0,0,1062
1718,13019,2024-03-05,59,1,new,Wrong item,ineligible,6526,Loewe,Beauty,655.69,0.0,0,1118
1719,11681,2025-09-26,43,1,new,Changed mind,ineligible,5843,H&M,Accessories,96.34,0.0,0,1064
1720,14285,2025-06-05,31,1,new,Too small,needs_review,7156,Urban Outfitters,Dresses,46.37,0.0,0,1348
1721,13388,2025-01-07,22,1,new,Changed mind,eligible,6713,Urban Outfitters,Dresses,44.29,0.0,0,1158
1722,9338,2024-03-08,15,1,tried-on,Wrong item,eligible,4644,Girlfriend Collective,Jeans,70.78,0.0,0,574
1723,12685,2025-11-21,58,1,tried-on,No reason,ineligible,6355,Urban Outfitters,Activewear,20.0,0.0,0,777
1724,2757,2024-12-05,32,1,new,Defective,needs_review,1382,H&M,Dresses,69.2,0.0,0,1342
1725,7266,2024-08-09,21,1,new,Defective,needs_review,3614,Loewe,Footwear,658.05,0.0,0,1140
1726,467,2024-04-14,17,1,new,Too small,eligible,224,H&M,Tops,92.51,0.0,0,265
1727,3637,2025-07-25,31,1,worn,Defective,ineligible,1831,H&M,Bags,74.94,12.3,1,1
1728,4223,2025-04-11,42,1,worn,Too large,ineligible,2126,Chanel,Bags,9104.24,0.0,0,619
1729,4271,2023-12-26,34,0,tried-on,No reason,needs_review,2150,H&M,Tops,42.42,0.0,0,938
1730,7529,2024-05-31,14,1,new,Wrong item,eligible,3754,Urban Outfitters,Dresses,97.93,0.0,0,999
1731,4301,2024-07-18,57,1,damaged,No reason,ineligible,2166,Urban Outfitters,Swimwear,118.06,19.82,1,1066
1732,11563,2024-02-07,32,1,worn,Changed mind,ineligible,5785,Gucci,Activewear,1020.73,0.0,0,698
1733,1152,2024-06-01,14,1,new,No reason,eligible,568,H&M,Home,70.76,0.0,0,1264
1734,321,2024-06-08,58,1,new,Changed mind,ineligible,150,Girlfriend Collective,Beauty,91.85,20.17,1,409
1735,10816,2024-04-22,56,0,tried-on,Too small,ineligible,5395,Chanel,Footwear,799.16,0.0,0,855
1736,5516,2024-09-02,2,1,new,No reason,eligible,2769,Zara,Swimwear,61.96,0.0,0,441
1737,12952,2025-11-03,13,1,tried-on,Wrong item,eligible,6493,Zara,Swimwear,56.62,11.07,1,1267
1738,7131,2025-10-31,60,1,new,Too small,ineligible,3549,Gucci,Dresses,2002.26,0.0,0,809
1739,6792,2025-06-16,60,1,worn,Too large,ineligible,3381,Prada,Tops,1445.6,0.0,0,613
1740,12364,2023-12-16,23,1,new,No reason,eligible,6193,Urban Outfitters,Jeans,34.5,0.0,0,936
1741,7073,2024-08-12,33,1,tried-on,Changed mind,needs_review,3519,Shein,Bags,17.68,0.0,0,1225
1742,3789,2025-01-17,22,1,new,Wrong item,eligible,1909,H&M,Bags,65.24,0.0,0,657
1743,14516,2023-12-19,16,1,new,Changed mind,eligible,7275,Urban Outfitters,Tops,93.94,0.0,0,799
1744,14549,2024-09-10,41,1,new,No reason,eligible,7291,Under Armour,Footwear,30.0,0.0,0,861
1745,13155,2024-08-31,48,0,tried-on,Too small,ineligible,6600,Girlfriend Collective,Dresses,123.8,38.18,1,56
1746,9500,2024-05-01,34,1,new,No reason,needs_review,4725,Girlfriend Collective,Dresses,77.74,10.96,1,1361
1747,10789,2025-10-04,49,0,tried-on,Too large,ineligible,5380,Urban Outfitters,Outerwear,96.72,0.0,0,1026
1748,13543,2024-09-19,21,0,tried-on,Too large,needs_review,6793,Zara,Home,95.25,0.0,0,1095
1749,6169,2025-05-15,27,1,new,Wrong item,eligible,3081,H&M,Tops,52.27,0.0,0,42
1750,11206,2025-09-27,55,1,worn,Too small,ineligible,5605,Under Armour,Beauty,87.33,0.0,0,208
1751,5951,2025-02-26,56,1,new,Too large,ineligible,2979,H&M,Swimwear,41.27,0.0,0,76
1752,4864,2025-05-09,0,1,worn,Defective,ineligible,2439,Zara,Lingerie,65.26,7.58,1,369
1753,9301,2025-03-10,47,1,worn,Too small,ineligible,4628,Chanel,Bags,8132.25,779.74,1,1428
1754,14355,2024-03-22,3,1,new,Too large,eligible,7192,Shein,Tops,34.43,0.0,0,1490
1755,7806,2025-01-01,2,1,new,Changed mind,eligible,3893,Shein,Bags,14.99,0.0,0,1231
1756,14866,2025-07-30,6,1,new,Defective,eligible,7448,H&M,Accessories,50.58,0.0,0,997
1757,7410,2024-09-02,60,1,damaged,Too large,ineligible,3690,Urban Outfitters,Activewear,20.0,0.0,0,1105
1758,13816,2025-03-17,4,0,tried-on,Too large,needs_review,6925,Gucci,Dresses,700.0,0.0,0,1133
1759,15709,2024-03-23,36,1,new,Too small,needs_review,7864,Urban Outfitters,Activewear,70.33,0.0,0,148
1760,15891,2025-10-21,25,1,new,Too large,ineligible,7949,Under Armour,Beauty,82.07,0.0,0,209
1761,5764,2025-01-24,40,1,new,Changed mind,ineligible,2888,H&M,Home,68.96,0.0,0,730
1762,13824,2024-01-06,58,0,new,Too large,ineligible,6929,Gucci,Tops,2500.0,0.0,0,131
1763,3630,2025-06-22,33,1,new,Too small,eligible,1827,Under Armour,Dresses,100.9,0.0,0,125
1764,13546,2024-06-06,27,1,new,Wrong item,ineligible,6796,Gucci,Dresses,1353.83,0.0,0,37
1765,10296,2025-05-02,19,0,new,Changed mind,needs_review,5134,H&M,Bags,63.84,0.0,0,1334
1766,13829,2025-02-08,28,1,new,Wrong item,eligible,6931,H&M,Activewear,70.21,0.0,0,1042
1767,11090,2025-09-30,58,1,new,Wrong item,ineligible,5547,H&M,Footwear,37.62,0.0,0,135
1768,4097,2025-08-23,29,1,worn,Too small,ineligible,2060,H&M,Jeans,38.84,0.0,0,675
1769,2725,2025-02-22,34,1,worn,Too large,ineligible,1367,H&M,Swimwear,79.45,0.0,0,343
1770,3584,2024-06-15,58,1,new,Too large,ineligible,1801,H&M,Accessories,87.42,0.0,0,652
1771,15487,2025-10-15,12,1,tried-on,Too small,eligible,7759,Zara,Tops,94.57,0.0,0,11
1772,8894,2025-12-21,60,1,new,Too small,ineligible,4428,Chanel,Beauty,627.73,0.0,0,1128
1773,5797,2025-03-23,44,1,tried-on,No reason,ineligible,2901,H&M,Tops,57.24,0.0,0,618
1774,6611,2024-03-21,33,0,new,Wrong item,needs_review,3292,Shein,Tops,17.57,1.62,1,1086
1775,14826,2025-05-09,31,1,new,Defective,needs_review,7429,Zara,Footwear,76.03,14.43,1,812
1776,2835,2024-03-02,31,0,new,Wrong item,needs_review,1421,Zara,Swimwear,73.22,0.0,0,1294
1777,11629,2023-11-24,0,1,new,Changed mind,eligible,5818,Loewe,Swimwear,908.65,0.0,0,1471
1778,6467,2024-12-30,13,1,tried-on,No reason,eligible,3222,Under Armour,Jeans,129.36,23.2,1,1029
1779,13859,2025-11-29,40,1,new,Too small,ineligible,6945,Shein,Swimwear,32.18,6.02,1,1458
1780,11092,2023-12-30,34,1,new,Too small,needs_review,5548,Shein,Swimwear,18.98,0.0,0,51
1781,15438,2025-01-10,7,1,new,Wrong item,eligible,7734,Gucci,Accessories,790.45,0.0,0,1099
1782,12975,2024-12-10,11,1,tried-on,Changed mind,ineligible,6506,Zara,Beauty,53.62,0.0,0,415
1783,770,2024-06-06,43,1,new,No reason,ineligible,377,Urban Outfitters,Outerwear,87.42,0.0,0,1
1784,55,2024-09-18,5,1,new,Defective,eligible,24,Urban Outfitters,Dresses,66.34,0.0,0,325
1785,4485,2023-12-17,13,1,tried-on,Changed mind,eligible,2252,Chanel,Dresses,2233.59,0.0,0,574
1786,4957,2025-03-26,30,1,new,Too small,eligible,2487,Girlfriend Collective,Outerwear,85.56,0.0,0,1319
1787,10738,2025-05-05,18,1,tried-on,No reason,eligible,5355,Under Armour,Tops,135.56,0.0,0,139
1788,14555,2025-07-15,29,1,new,Changed mind,eligible,7294,Zara,Home,41.73,9.82,1,1355
1789,8465,2025-11-06,35,0,new,No reason,needs_review,4216,H&M,Tops,42.51,0.0,0,1327
1790,9902,2025-01-21,20,1,new,Too small,eligible,4926,Urban Outfitters,Tops,89.27,0.0,0,1283
1791,13096,2024-06-05,24,1,tried-on,Too large,eligible,6567,Girlfriend Collective,Accessories,96.34,0.0,0,376
1792,6298,2025-09-04,19,1,new,Defective,ineligible,3142,Zara,Beauty,66.72,0.0,0,134
1793,4598,2025-01-24,36,1,new,Too small,needs_review,2312,Girlfriend Collective,Accessories,78.09,0.0,0,599
1794,9047,2025-01-28,49,1,new,Changed mind,eligible,4505,Under Armour,Jeans,102.82,30.37,1,376
1795,6763,2024-09-26,28,1,new,Too small,eligible,3367,Girlfriend Collective,Tops,78.44,0.0,0,1109
1796,13751,2025-10-20,60,1,new,Changed mind,ineligible,6892,Girlfriend Collective,Beauty,150.0,13.97,1,1416
1797,977,2024-05-23,12,1,new,Defective,eligible,480,Zara,Accessories,102.0,25.52,1,1469
1798,1449,2025-03-17,17,0,worn,No reason,ineligible,708,Chanel,Footwear,977.63,0.0,0,391
1799,1255,2024-04-04,31,1,new,Changed mind,needs_review,614,Zara,Tops,92.68,7.19,1,549
1800,11081,2024-09-11,53,1,worn,Defective,ineligible,5541,H&M,Jeans,97.35,16.12,1,1098
1801,4989,2025-09-15,36,1,new,Wrong item,needs_review,2503,Zara,Activewear,79.82,0.0,0,760
1802,13324,2024-12-27,42,1,worn,Too large,ineligible,6683,Girlfriend Collective,Home,79.85,0.0,0,427
1803,8989,2024-04-03,57,1,worn,No reason,ineligible,4471,Girlfriend Collective,Dresses,105.89,31.64,1,1249
1804,170,2025-01-27,38,1,damaged,Too small,ineligible,77,Girlfriend Collective,Swimwear,112.3,0.0,0,321
1805,14404,2024-01-09,28,1,new,Defective,ineligible,7215,Prada,Beauty,833.86,0.0,0,1144
1806,2683,2024-07-01,21,1,new,Wrong item,eligible,1344,Girlfriend Collective,Dresses,70.23,5.85,1,1425
1807,8409,2024-12-04,40,1,tried-on,Too small,ineligible,4189,Urban Outfitters,Lingerie,63.45,0.0,0,878
1808,8755,2025-04-08,16,1,new,Changed mind,eligible,4364,Zara,Accessories,39.28,0.0,0,890
1809,9327,2024-05-19,1,1,tried-on,No reason,eligible,4640,Loewe,Bags,2602.93,0.0,0,211
1810,8458,2024-01-30,46,1,tried-on,Changed mind,ineligible,4213,Prada,Jeans,1619.14,275.44,1,138
1811,6038,2024-09-28,38,1,new,Too large,ineligible,3021,Chanel,Dresses,1758.0,0.0,0,877
1812,8063,2024-01-10,4,1,new,No reason,ineligible,4021,Urban Outfitters,Beauty,115.29,26.84,1,145
1813,4407,2025-09-27,4,1,new,Too small,eligible,2213,Prada,Accessories,621.13,0.0,0,193
1814,6675,2025-07-29,25,1,tried-on,Defective,ineligible,3322,Prada,Accessories,747.17,0.0,0,1449
1815,870,2025-12-12,34,1,tried-on,Wrong item,ineligible,428,Prada,Accessories,470.51,0.0,0,1341
1816,12090,2025-01-22,19,1,worn,Wrong item,ineligible,6058,Prada,Footwear,775.86,0.0,0,291
1817,11000,2024-08-19,29,1,new,Too small,eligible,5493,Urban Outfitters,Dresses,35.15,0.0,0,526
1818,2998,2025-04-13,47,1,worn,Wrong item,ineligible,1499,Shein,Beauty,25.67,0.0,0,552
1819,2225,2025-06-20,36,1,tried-on,No reason,ineligible,1102,Chanel,Tops,1224.77,0.0,0,900
1820,2808,2025-05-26,31,1,new,Changed mind,needs_review,1407,Girlfriend Collective,Footwear,99.38,13.39,1,457
1821,3127,2024-04-25,47,0,new,Too large,ineligible,1571,H&M,Swimwear,53.64,0.0,0,52
1822,5102,2024-05-30,2,1,damaged,Changed mind,ineligible,2559,Loewe,Activewear,644.07,0.0,0,72
1823,9052,2025-11-07,46,1,tried-on,No reason,ineligible,4507,Loewe,Jeans,1640.85,0.0,0,1466
1824,7786,2024-11-24,7,1,tried-on,No reason,eligible,3883,Under Armour,Outerwear,111.23,37.28,1,644
1825,12044,2025-03-21,59,1,tried-on,Too small,ineligible,6032,Zara,Accessories,52.62,0.0,0,1228
1826,7697,2024-10-31,57,1,new,Defective,ineligible,3835,Urban Outfitters,Bags,65.62,0.0,0,218
1827,2393,2024-05-17,7,1,tried-on,Too large,eligible,1191,Shein,Dresses,8.5,0.0,0,1238
1828,3359,2024-12-10,0,1,tried-on,No reason,eligible,1684,Shein,Activewear,30.15,0.0,0,586
1829,4198,2024-02-18,24,1,new,Wrong item,eligible,2112,Urban Outfitters,Activewear,36.84,0.0,0,1233
1830,1786,2025-03-02,40,1,new,Changed mind,ineligible,876,Loewe,Outerwear,3098.57,0.0,0,795
1831,1691,2025-03-02,5,1,new,Too small,eligible,827,Under Armour,Lingerie,94.21,0.0,0,1329
1832,1998,2024-09-03,5,1,new,No reason,eligible,991,Gucci,Dresses,1438.27,0.0,0,936
1833,14849,2025-05-11,29,1,new,Defective,ineligible,7440,Gucci,Swimwear,822.89,0.0,0,348
1834,3085,2025-04-17,16,1,new,No reason,eligible,1549,H&M,Activewear,80.53,0.0,0,697
1835,3271,2025-04-18,57,1,tried-on,Changed mind,ineligible,1638,Urban Outfitters,Tops,46.36,0.0,0,1465
1836,14141,2024-10-22,7,1,worn,Too small,ineligible,7089,Loewe,Outerwear,3739.58,0.0,0,868
1837,15133,2024-03-14,33,1,tried-on,Defective,ineligible,7576,Loewe,Bags,2260.45,0.0,0,38
1838,2136,2024-05-27,17,1,tried-on,Defective,eligible,1057,Girlfriend Collective,Tops,128.48,0.0,0,234
1839,1219,2025-03-25,12,1,new,Wrong item,ineligible,597,Gucci,Beauty,932.89,0.0,0,577
1840,13566,2025-01-03,50,1,new,Wrong item,ineligible,6804,Zara,Bags,63.38,0.0,0,440
1841,10312,2025-03-02,13,0,new,No reason,needs_review,5141,Shein,Footwear,29.52,0.0,0,951
1842,1967,2025-07-31,8,1,tried-on,Changed mind,eligible,973,Under Armour,Jeans,75.95,0.0,0,792
1843,330,2024-11-22,43,1,damaged,Changed mind,ineligible,157,Prada,Dresses,1505.64,0.0,0,1371
1844,3369,2025-07-10,48,1,new,No reason,ineligible,1689,Loewe,Footwear,1043.42,0.0,0,1043
1845,10197,2025-07-08,29,1,tried-on,No reason,ineligible,5086,Shein,Beauty,34.94,0.0,0,643
1846,1688,2025-08-17,28,0,new,No reason,needs_review,826,H&M,Lingerie,83.77,0.0,0,1316
1847,6549,2024-10-11,4,1,new,Wrong item,eligible,3263,H&M,Swimwear,46.65,0.0,0,268
1848,9535,2025-07-07,41,1,new,Too large,ineligible,4741,Shein,Accessories,8.11,1.98,1,926
1849,11389,2024-03-13,0,1,tried-on,Wrong item,eligible,5694,Urban Outfitters,Tops,49.51,0.0,0,1359
1850,12634,2024-11-19,50,1,tried-on,Too small,ineligible,6326,H&M,Swimwear,51.58,0.0,0,1144
1851,13645,2024-09-12,39,1,new,Too large,ineligible,6842,Girlfriend Collective,Tops,59.73,0.0,0,170
1852,5963,2024-05-23,32,1,new,Changed mind,eligible,2987,Under Armour,Lingerie,156.49,0.0,0,692
1853,14424,2025-06-12,20,1,tried-on,Too large,eligible,7224,Girlfriend Collective,Bags,86.62,0.0,0,1391
1854,3985,2024-04-29,50,0,new,Defective,ineligible,2007,Loewe,Outerwear,3204.36,0.0,0,582
1855,12443,2025-04-03,58,1,new,Defective,ineligible,6230,Gucci,Footwear,1067.92,0.0,0,1374
1856,690,2025-05-31,0,0,new,Too small,needs_review,335,Under Armour,Bags,52.52,0.0,0,1309
1857,2712,2024-01-08,9,1,worn,Changed mind,ineligible,1358,Girlfriend Collective,Swimwear,41.25,0.0,0,492
1858,9351,2025-05-12,51,1,tried-on,Changed mind,ineligible,4649,Gucci,Jeans,750.89,0.0,0,1402
1859,1841,2024-09-23,6,1,tried-on,No reason,eligible,906,Loewe,Dresses,1743.31,0.0,0,818
1860,2167,2025-09-14,24,1,tried-on,Changed mind,ineligible,1072,Loewe,Beauty,724.2,0.0,0,646
1861,13085,2024-11-26,21,1,new,No reason,eligible,6562,Under Armour,Lingerie,105.84,18.4,1,22
1862,9012,2025-08-21,1,1,new,Wrong item,eligible,4482,Urban Outfitters,Tops,75.37,0.0,0,157
1863,1109,2024-06-14,37,1,tried-on,No reason,needs_review,544,H&M,Activewear,48.87,0.0,0,679
1864,2654,2025-01-29,22,1,tried-on,Too large,eligible,1329,Girlfriend Collective,Lingerie,53.23,0.0,0,397
1865,4799,2024-04-30,32,1,new,No reason,needs_review,2410,Urban Outfitters,Accessories,70.82,0.0,0,917
1866,8058,2024-08-16,16,1,worn,Wrong item,ineligible,4019,Loewe,Beauty,791.39,0.0,0,578
1867,12778,2024-03-10,27,1,worn,No reason,ineligible,6401,H&M,Jeans,54.35,0.0,0,43
1868,2457,2025-03-14,28,1,tried-on,Wrong item,eligible,1221,Zara,Swimwear,66.59,0.0,0,986
1869,1540,2025-09-02,25,1,new,Wrong item,eligible,753,Under Armour,Activewear,107.4,0.0,0,382
1870,1109,2024-06-14,37,1,new,No reason,needs_review,544,H&M,Activewear,48.87,0.0,0,679
1871,1391,2024-12-11,9,1,tried-on,Too large,eligible,678,Zara,Swimwear,77.64,0.0,0,433
1872,14560,2025-02-16,45,1,worn,Changed mind,ineligible,7296,Shein,Activewear,19.86,3.07,1,284
1873,9285,2025-07-21,4,0,new,Defective,needs_review,4621,Girlfriend Collective,Accessories,63.47,18.45,1,1484
1874,1941,2024-01-15,58,1,worn,No reason,ineligible,958,Shein,Jeans,43.85,0.0,0,1460
1875,630,2025-11-08,43,1,tried-on,Changed mind,eligible,306,Under Armour,Dresses,83.9,27.69,1,1264
1876,8578,2024-12-01,27,1,worn,Too large,ineligible,4277,Girlfriend Collective,Tops,67.1,0.0,0,761
1877,12066,2024-02-13,7,1,worn,Defective,ineligible,6043,Loewe,Outerwear,3446.76,922.29,1,1297
1878,12296,2025-06-19,11,1,damaged,Too large,ineligible,6159,Gucci,Footwear,896.04,0.0,0,1456
1879,3710,2025-02-26,14,1,new,Too large,eligible,1871,Girlfriend Collective,Bags,57.76,0.0,0,1019
1880,2321,2023-11-30,4,1,tried-on,No reason,eligible,1155,Urban Outfitters,Tops,66.78,0.0,0,572
1881,15193,2025-11-25,30,0,tried-on,Defective,needs_review,7606,Shein,Home,26.0,2.46,1,1015
1882,5131,2024-08-31,46,1,tried-on,Wrong item,ineligible,2573,Loewe,Outerwear,4173.03,0.0,0,1412
1883,3795,2025-11-13,55,1,damaged,Too small,ineligible,1912,Loewe,Home,1084.97,0.0,0,462
1884,9542,2024-06-28,50,1,tried-on,Changed mind,ineligible,4745,Chanel,Footwear,500.0,0.0,0,975
1885,3979,2024-05-03,45,1,new,Changed mind,ineligible,2003,Prada,Accessories,553.76,0.0,0,261
1886,3223,2024-11-16,35,1,new,Wrong item,ineligible,1616,Loewe,Lingerie,1045.25,0.0,0,190
1887,1655,2024-09-19,24,1,tried-on,Too small,ineligible,809,Prada,Outerwear,3994.5,0.0,0,624
1888,14552,2024-05-05,13,1,new,Too small,eligible,7293,Under Armour,Lingerie,66.84,0.0,0,1079
1889,14774,2025-01-16,10,1,new,Too large,ineligible,7402,H&M,Beauty,111.39,0.0,0,132
1890,15393,2025-03-10,59,1,new,Too small,ineligible,7708,Girlfriend Collective,Footwear,91.35,21.72,1,39
1891,6510,2025-10-31,12,1,new,Too small,eligible,3246,Girlfriend Collective,Bags,78.62,0.0,0,380
1892,8341,2024-11-07,19,1,tried-on,No reason,needs_review,4160,Gucci,Accessories,858.84,93.02,1,1258
1893,1559,2025-07-25,0,1,worn,Wrong item,ineligible,763,Under Armour,Footwear,95.73,0.0,0,1042
1894,8271,2025-11-23,37,1,tried-on,Too large,ineligible,4125,Gucci,Dresses,1656.77,0.0,0,255
1895,1917,2025-09-01,28,1,tried-on,Too large,eligible,947,Under Armour,Tops,71.22,0.0,0,1034
1896,9659,2024-11-09,48,1,tried-on,No reason,ineligible,4809,H&M,Bags,63.68,0.0,0,323
1897,15765,2024-03-15,26,0,new,Changed mind,ineligible,7890,Loewe,Activewear,945.58,0.0,0,1290
1898,14271,2024-07-27,55,1,worn,No reason,ineligible,7149,Girlfriend Collective,Bags,85.35,0.0,0,36
1899,13238,2024-11-22,60,1,new,Wrong item,eligible,6643,Under Armour,Activewear,44.29,0.0,0,615
1900,10678,2025-01-07,11,1,new,Wrong item,eligible,5326,Prada,Home,1143.81,0.0,0,96
1901,4545,2024-12-01,2,1,new,No reason,eligible,2285,Under Armour,Accessories,75.91,0.0,0,992
1902,15392,2025-01-15,5,1,new,Too small,eligible,7708,Girlfriend Collective,Tops,55.0,16.02,1,39
1903,2623,2024-06-26,52,1,new,Changed mind,ineligible,1313,Urban Outfitters,Dresses,72.31,0.0,0,486
1904,15468,2025-10-02,27,0,new,No reason,needs_review,7750,Under Armour,Lingerie,116.45,0.0,0,650
1905,11220,2025-03-25,48,0,tried-on,Changed mind,ineligible,5612,Urban Outfitters,Accessories,72.12,0.0,0,572
1906,436,2024-11-12,26,1,new,Changed mind,eligible,210,Girlfriend Collective,Tops,77.04,0.0,0,752
1907,11478,2025-04-27,17,1,new,Wrong item,eligible,5736,H&M,Outerwear,92.95,0.0,0,146
1908,5769,2024-02-26,37,1,new,Too small,needs_review,2890,H&M,Lingerie,60.8,0.0,0,323
1909,10305,2024-10-16,16,0,damaged,Wrong item,ineligible,5138,Girlfriend Collective,Beauty,55.86,0.0,0,923
1910,15423,2025-11-26,26,1,new,Changed mind,eligible,7727,Zara,Jeans,82.12,0.0,0,1187
1911,13650,2024-04-28,28,1,worn,Defective,ineligible,6845,Zara,Swimwear,33.49,0.0,0,866
1912,12172,2024-08-14,26,1,new,Wrong item,ineligible,6098,Loewe,Tops,700.0,0.0,0,1368
1913,8344,2024-08-12,9,1,new,No reason,eligible,4161,Girlfriend Collective,Dresses,85.36,0.0,0,404
1914,1541,2024-12-08,47,1,new,Wrong item,ineligible,754,Prada,Activewear,797.22,0.0,0,115
1915,8786,2025-01-29,57,0,new,Too small,ineligible,4380,Urban Outfitters,Jeans,84.24,23.88,1,480
1916,11937,2025-08-24,32,1,new,No reason,ineligible,5978,Chanel,Beauty,581.09,0.0,0,201
1917,12674,2025-09-09,25,1,new,Too small,eligible,6349,Shein,Home,22.02,0.0,0,1147
1918,7612,2025-01-25,22,1,tried-on,Wrong item,eligible,3792,Urban Outfitters,Swimwear,57.78,11.15,1,205
1919,3500,2025-10-04,35,1,new,Too large,needs_review,1756,Zara,Bags,85.5,27.79,1,465
1920,3436,2024-02-27,58,1,new,Too small,ineligible,1721,Urban Outfitters,Tops,46.82,11.49,1,1408
1921,13905,2024-06-30,59,0,tried-on,No reason,ineligible,6971,Gucci,Accessories,587.34,0.0,0,1421
1922,6305,2024-02-01,5,1,new,Too small,eligible,3145,Urban Outfitters,Outerwear,55.11,0.0,0,1484
1923,15317,2024-10-01,43,1,new,Defective,ineligible,7673,H&M,Bags,17.55,0.99,1,879
1924,10475,2024-11-04,0,1,new,Changed mind,eligible,5220,Urban Outfitters,Lingerie,55.35,0.0,0,222
1925,8692,2024-11-05,50,1,tried-on,Changed mind,ineligible,4331,Urban Outfitters,Accessories,52.99,8.54,1,232
1926,5913,2024-05-18,7,1,new,No reason,eligible,2962,Under Armour,Swimwear,118.96,0.0,0,443
1927,6286,2024-08-30,55,1,new,Changed mind,ineligible,3136,Urban Outfitters,Jeans,105.29,0.0,0,719
1928,14181,2025-07-12,23,1,new,Changed mind,ineligible,7106,Gucci,Activewear,707.75,0.0,0,806
1929,3516,2023-12-18,35,0,new,Wrong item,needs_review,1765,Urban Outfitters,Jeans,102.86,5.46,1,290
1930,14014,2025-08-22,20,1,new,Changed mind,eligible,7026,Urban Outfitters,Outerwear,52.65,0.0,0,511
1931,1073,2025-09-21,23,1,new,No reason,ineligible,525,Prada,Beauty,1058.27,0.0,0,207
1932,4754,2025-08-16,27,1,new,Too small,eligible,2390,Urban Outfitters,Tops,67.43,0.0,0,791
1933,4412,2025-07-06,20,1,worn,Defective,ineligible,2216,Loewe,Footwear,865.29,0.0,0,1115
1934,8949,2025-10-12,0,1,new,Too small,eligible,4452,Urban Outfitters,Dresses,29.19,0.0,0,929
1935,6849,2024-08-04,39,1,damaged,Wrong item,ineligible,3407,Urban Outfitters,Footwear,63.48,0.0,0,632
1936,5809,2024-10-22,35,1,new,Too small,needs_review,2906,Shein,Home,20.67,0.0,0,52
1937,66,2025-09-12,29,1,tried-on,Too large,ineligible,28,Chanel,Lingerie,522.38,0.0,0,579
1938,4936,2025-07-31,59,1,tried-on,Wrong item,ineligible,2476,H&M,Swimwear,10.0,0.0,0,762
1939,6139,2024-11-18,44,1,tried-on,Too small,ineligible,3067,Zara,Footwear,74.61,16.88,1,116
1940,3103,2024-09-16,37,1,tried-on,No reason,ineligible,1559,Chanel,Accessories,677.08,0.0,0,638
1941,8900,2025-11-12,51,1,new,Changed mind,ineligible,4431,Zara,Swimwear,62.09,17.61,1,310
1942,6791,2025-11-17,45,1,new,Too large,ineligible,3380,Shein,Accessories,22.41,0.0,0,1436
1943,2172,2024-03-10,51,1,new,No reason,ineligible,1075,Under Armour,Beauty,48.54,16.83,1,1090
1944,3233,2024-09-04,33,1,new,Too small,needs_review,1621,Zara,Home,44.01,0.0,0,52
1945,447,2025-08-28,41,0,new,Too small,ineligible,215,Urban Outfitters,Jeans,33.3,0.0,0,85
1946,2934,2025-01-19,48,1,tried-on,Changed mind,ineligible,1468,Gucci,Swimwear,571.6,0.0,0,1125
1947,6874,2024-08-13,36,1,new,Too small,eligible,3419,Under Armour,Activewear,87.08,9.8,1,590
1948,13432,2025-05-21,42,1,tried-on,Too large,ineligible,6733,Shein,Bags,40.13,0.0,0,932
1949,15998,2024-08-20,44,1,tried-on,No reason,ineligible,7997,H&M,Beauty,85.79,0.0,0,1248
1950,916,2024-01-28,11,0,new,Defective,ineligible,449,Shein,Beauty,17.03,4.32,1,1441
1951,7172,2024-03-03,24,1,new,Too large,eligible,3569,Under Armour,Home,78.49,0.0,0,1395
1952,3199,2024-08-09,9,1,new,No reason,eligible,1605,Zara,Footwear,46.45,14.3,1,338
1953,3477,2025-10-23,40,1,new,No reason,ineligible,1743,Girlfriend Collective,Beauty,76.32,0.0,0,1140
1954,8506,2025-09-24,46,1,tried-on,Changed mind,ineligible,4239,Loewe,Dresses,1003.2,0.0,0,1058
1955,6717,2023-11-30,18,1,new,Wrong item,eligible,3343,Urban Outfitters,Dresses,41.22,0.0,0,1457
1956,4778,2025-09-30,37,1,tried-on,Changed mind,needs_review,2400,H&M,Bags,66.8,0.0,0,729
1957,3481,2025-11-06,9,1,new,Too small,eligible,1744,Zara,Lingerie,71.14,0.0,0,201
1958,1436,2025-06-29,28,1,new,Changed mind,eligible,702,Under Armour,Jeans,81.28,0.0,0,936
1959,4085,2024-05-13,8,0,new,Too small,needs_review,2054,Loewe,Tops,1060.76,0.0,0,1197
1960,9907,2025-07-11,42,1,tried-on,Wrong item,ineligible,4929,H&M,Beauty,89.89,0.0,0,80
1961,11996,2025-03-11,54,1,new,No reason,eligible,6008,Under Armour,Bags,88.8,6.28,1,498
1962,14532,2025-03-03,49,1,new,Wrong item,ineligible,7282,H&M,Jeans,70.03,0.0,0,379
1963,9001,2024-03-15,25,1,new,No reason,eligible,4477,Zara,Accessories,60.86,9.57,1,674
1964,14074,2025-01-19,1,1,tried-on,Defective,ineligible,7055,Girlfriend Collective,Beauty,82.65,0.0,0,168
1965,1083,2024-06-08,15,1,new,Too small,eligible,529,H&M,Bags,76.71,0.0,0,1383
1966,42,2025-10-20,36,1,new,Wrong item,needs_review,19,Zara,Accessories,90.57,0.0,0,36
1967,14251,2025-07-28,27,1,tried-on,Too small,eligible,7140,Urban Outfitters,Swimwear,115.82,0.0,0,623
1968,15765,2024-04-17,59,1,new,No reason,ineligible,7890,Loewe,Activewear,945.58,0.0,0,1290
1969,15489,2025-11-21,49,1,new,Wrong item,ineligible,7759,Zara,Accessories,80.79,10.73,1,11
1970,4661,2025-10-27,60,1,worn,Defective,ineligible,2344,Under Armour,Bags,139.59,0.0,0,305
1971,3244,2024-05-15,22,1,new,Too small,eligible,1626,Urban Outfitters,Tops,52.73,0.0,0,402
1972,9390,2024-04-18,27,1,worn,Changed mind,ineligible,4669,Zara,Beauty,53.35,0.0,0,1370
1973,3532,2024-11-13,6,1,new,Defective,eligible,1773,Zara,Accessories,73.06,14.2,1,1481
1974,10503,2024-04-06,11,1,new,No reason,eligible,5236,Urban Outfitters,Swimwear,77.96,0.0,0,413
1975,7708,2024-09-04,28,1,tried-on,No reason,eligible,3842,H&M,Jeans,54.85,0.0,0,759
1976,2199,2024-11-24,51,1,new,Too small,ineligible,1088,Zara,Jeans,17.89,0.0,0,1118
1977,4382,2025-09-28,1,1,new,Defective,eligible,2201,Under Armour,Bags,131.21,38.95,1,1453
1978,12313,2025-02-09,48,1,tried-on,Changed mind,eligible,6168,Under Armour,Lingerie,53.8,0.0,0,671
1979,1010,2025-02-05,28,1,worn,Defective,ineligible,494,Girlfriend Collective,Tops,107.04,10.58,1,1031
1980,12039,2025-12-13,38,1,new,Too large,ineligible,6030,Urban Outfitters,Beauty,65.04,0.0,0,1365
1981,15802,2025-06-21,12,1,new,No reason,eligible,7906,Urban Outfitters,Dresses,96.4,0.0,0,162
1982,13947,2024-04-01,54,1,tried-on,No reason,ineligible,6991,H&M,Activewear,48.89,13.18,1,1048
1983,12431,2024-07-25,45,1,new,Changed mind,ineligible,6224,H&M,Dresses,77.92,0.0,0,1493
1984,2779,2025-08-18,0,1,tried-on,Defective,eligible,1393,Under Armour,Jeans,171.16,0.0,0,1172
1985,11615,2025-05-13,4,1,tried-on,Changed mind,eligible,5812,Loewe,Footwear,788.04,0.0,0,1496
1986,10466,2025-07-25,29,1,new,Wrong item,eligible,5217,Under Armour,Lingerie,78.56,0.0,0,1079
1987,7627,2025-04-05,56,1,new,Too large,ineligible,3799,Zara,Home,87.99,0.0,0,134
1988,393,2024-09-27,4,1,new,Wrong item,eligible,188,Urban Outfitters,Home,210.58,0.0,0,1065
1989,8014,2024-04-01,41,1,tried-on,Wrong item,ineligible,3998,Urban Outfitters,Outerwear,52.05,0.0,0,1307
1990,449,2025-02-18,3,1,new,Wrong item,eligible,216,Urban Outfitters,Dresses,101.72,20.84,1,562
1991,13034,2025-07-20,35,1,new,Defective,needs_review,6537,Urban Outfitters,Home,20.0,0.0,0,985
1992,3296,2025-02-16,60,1,worn,Wrong item,ineligible,1650,Under Armour,Outerwear,46.93,0.0,0,153
1993,14458,2024-03-26,5,1,new,No reason,eligible,7244,Urban Outfitters,Dresses,69.14,0.0,0,560
1994,12102,2025-02-19,53,1,tried-on,Wrong item,ineligible,6063,Chanel,Bags,8485.67,0.0,0,1497
1995,15922,2024-11-10,60,1,new,Changed mind,ineligible,7962,Zara,Dresses,77.89,0.0,0,724
1996,7632,2024-01-02,4,1,tried-on,Too small,eligible,3801,Prada,Outerwear,3755.35,0.0,0,1417
1997,8008,2024-06-18,4,1,new,Changed mind,eligible,3994,H&M,Accessories,70.86,0.0,0,1175
1998,9258,2025-10-29,17,0,worn,Too small,ineligible,4607,Urban Outfitters,Dresses,81.48,0.0,0,1044
1999,3501,2025-10-11,42,1,new,Too small,ineligible,1756,Zara,Lingerie,10.0,0.84,1,465
2000,7668,2025-01-16,60,1,new,Defective,ineligible,3821,Gucci,Lingerie,944.62,0.0,0,418
2001,4565,2025-04-01,54,1,tried-on,Wrong item,ineligible,2297,H&M,Swimwear,50.6,0.0,0,872
2002,4545,2025-01-23,55,1,worn,Defective,ineligible,2285,Under Armour,Accessories,75.91,0.0,0,992
2003,4665,2025-10-05,31,1,new,Wrong item,ineligible,2347,Urban Outfitters,Beauty,113.36,0.0,0,1181
2004,10090,2024-11-04,20,0,new,Defective,needs_review,5033,Zara,Outerwear,91.94,0.0,0,549
2005,13157,2024-08-05,22,1,new,Changed mind,eligible,6600,Girlfriend Collective,Swimwear,30.0,0.0,0,56
2006,15448,2024-04-26,18,0,new,No reason,needs_review,7740,Shein,Outerwear,30.09,0.0,0,601
2007,11613,2025-02-06,53,1,new,Defective,ineligible,5811,Shein,Lingerie,14.86,0.0,0,1339
2008,3479,2025-11-24,27,1,new,Wrong item,eligible,1744,Zara,Footwear,80.37,0.0,0,201
2009,1636,2025-12-29,55,0,tried-on,Too large,ineligible,797,H&M,Home,61.67,3.99,1,1068
2010,9925,2024-05-27,9,1,worn,Wrong item,ineligible,4937,Under Armour,Accessories,138.55,0.0,0,920
2011,7651,2025-10-26,19,1,new,Too small,eligible,3812,Under Armour,Outerwear,124.0,0.0,0,674
2012,11326,2025-09-12,1,1,tried-on,No reason,eligible,5662,Gucci,Home,687.66,0.0,0,515
2013,7546,2024-09-03,41,1,tried-on,Wrong item,eligible,3761,Under Armour,Home,172.23,0.0,0,545
2014,14406,2025-07-26,51,1,new,Too small,ineligible,7216,Zara,Dresses,52.86,0.0,0,1278
2015,227,2025-08-31,37,1,new,Too small,ineligible,106,Loewe,Dresses,1907.77,0.0,0,1114
2016,8542,2024-05-23,56,1,worn,Wrong item,ineligible,4260,Loewe,Accessories,783.35,0.0,0,987
2017,9033,2024-04-07,15,1,new,Changed mind,eligible,4495,Under Armour,Home,133.47,16.76,1,439
2018,4001,2025-10-10,20,1,new,Too large,eligible,2013,Urban Outfitters,Bags,36.06,0.0,0,150
2019,3995,2025-03-26,26,1,worn,Defective,ineligible,2011,Shein,Bags,16.29,0.0,0,439
2020,7094,2024-10-22,55,1,tried-on,Too small,ineligible,3528,Zara,Lingerie,58.51,0.0,0,1317
2021,6642,2025-11-03,20,0,new,Wrong item,needs_review,3309,Prada,Lingerie,786.51,46.28,1,813
2022,7494,2025-03-17,37,1,new,Too small,needs_review,3735,Zara,Jeans,10.0,0.0,0,1326
2023,15074,2025-03-12,12,1,new,Defective,eligible,7545,Under Armour,Lingerie,80.46,0.0,0,1466
2024,6812,2024-08-07,8,1,new,Wrong item,eligible,3390,Under Armour,Activewear,87.32,0.0,0,1435
2025,14948,2024-03-19,59,1,worn,No reason,ineligible,7489,H&M,Swimwear,61.16,0.0,0,127
2026,13304,2025-09-28,60,1,tried-on,Changed mind,ineligible,6673,Gucci,Lingerie,861.79,82.45,1,402
2027,521,2025-08-16,19,1,new,No reason,needs_review,252,Prada,Lingerie,737.64,0.0,0,1371
2028,15035,2025-05-10,44,0,damaged,Changed mind,ineligible,7526,Prada,Footwear,952.52,0.0,0,303
2029,5338,2024-09-29,29,0,new,Too large,ineligible,2679,Prada,Footwear,838.7,0.0,0,1105
2030,13977,2024-05-22,54,1,tried-on,Too large,eligible,7006,Under Armour,Jeans,87.56,0.0,0,457
2031,130,2024-08-17,24,1,tried-on,Wrong item,eligible,56,Urban Outfitters,Home,81.64,16.84,1,877
2032,10769,2025-12-17,53,1,new,No reason,ineligible,5370,Urban Outfitters,Bags,98.58,0.0,0,458
2033,7907,2024-09-23,9,1,new,Too small,eligible,3946,Shein,Tops,23.75,0.0,0,377
2034,7407,2024-04-07,14,1,tried-on,Wrong item,eligible,3688,Zara,Jeans,112.46,0.0,0,675
2035,3083,2025-01-01,35,1,damaged,Too large,ineligible,1547,Shein,Bags,34.64,0.0,0,638
2036,3088,2024-05-21,21,1,worn,Too large,ineligible,1551,Zara,Bags,33.05,0.0,0,555
2037,851,2024-12-30,15,0,worn,Changed mind,ineligible,417,Under Armour,Bags,46.27,0.0,0,155
2038,6918,2024-07-07,28,0,tried-on,Too large,needs_review,3439,Under Armour,Activewear,76.22,21.1,1,565
2039,4836,2025-04-28,16,1,worn,Defective,ineligible,2427,Urban Outfitters,Jeans,72.19,0.0,0,690
2040,4930,2025-09-29,34,1,tried-on,Too large,needs_review,2473,Zara,Tops,81.75,21.78,1,1496
2041,3874,2024-11-09,27,1,new,Changed mind,ineligible,1952,Prada,Bags,2553.85,0.0,0,1399
2042,12582,2024-05-03,52,1,new,Changed mind,ineligible,6300,Zara,Footwear,29.81,0.0,0,995
2043,1316,2025-08-25,44,1,new,Too small,ineligible,641,Prada,Tops,2261.39,0.0,0,1394
2044,8803,2025-01-07,19,1,new,Changed mind,needs_review,4387,Loewe,Jeans,1654.16,0.0,0,1500
2045,4495,2025-07-22,9,1,new,Changed mind,eligible,2258,Under Armour,Lingerie,107.72,0.0,0,409
2046,5420,2024-03-04,10,1,new,Changed mind,eligible,2722,Loewe,Bags,2433.17,0.0,0,1288
2047,15388,2025-04-10,35,1,new,Too large,needs_review,7706,Zara,Home,60.44,0.0,0,748
2048,10625,2025-01-14,50,1,new,Wrong item,ineligible,5299,Girlfriend Collective,Lingerie,117.51,0.0,0,1142
2049,990,2025-06-02,23,1,new,Defective,eligible,485,Under Armour,Home,99.91,15.84,1,714
2050,13043,2025-03-31,34,1,tried-on,Defective,ineligible,6542,Gucci,Jeans,1338.11,0.0,0,277
2051,5747,2024-09-08,40,1,tried-on,Wrong item,ineligible,2880,Girlfriend Collective,Footwear,117.22,9.23,1,572
2052,13282,2025-06-08,19,1,new,No reason,eligible,6664,Girlfriend Collective,Home,30.0,0.0,0,817
2053,13444,2024-12-21,12,1,tried-on,No reason,eligible,6738,Under Armour,Accessories,56.01,0.0,0,1081
2054,9153,2025-03-31,60,1,new,Changed mind,ineligible,4556,Loewe,Beauty,601.68,0.0,0,104
2055,7190,2024-11-30,38,1,tried-on,Wrong item,ineligible,3578,Zara,Lingerie,44.88,5.79,1,1192
2056,1772,2024-09-23,21,1,new,Defective,eligible,869,Urban Outfitters,Bags,66.31,5.39,1,969
2057,12731,2023-11-10,1,0,tried-on,Changed mind,needs_review,6380,Loewe,Dresses,1942.58,0.0,0,181
2058,11335,2025-10-06,18,1,damaged,Too small,ineligible,5667,Shein,Home,5.0,0.0,0,243
2059,9225,2024-02-20,57,1,new,Too small,ineligible,4591,Loewe,Beauty,698.91,0.0,0,925
2060,8508,2023-12-03,20,1,new,Wrong item,needs_review,4240,Prada,Tops,2223.57,0.0,0,1457
2061,9258,2025-10-12,0,0,tried-on,Too large,needs_review,4607,Urban Outfitters,Dresses,81.48,0.0,0,1044
2062,14769,2024-07-02,60,0,new,Wrong item,ineligible,7401,Urban Outfitters,Jeans,96.97,0.0,0,597
2063,10592,2025-03-25,33,1,new,Changed mind,needs_review,5284,Urban Outfitters,Tops,31.77,0.0,0,102
2064,6924,2025-04-02,4,1,tried-on,Too small,eligible,3442,Urban Outfitters,Dresses,20.0,0.0,0,1206
2065,11574,2023-12-28,23,1,tried-on,Too large,ineligible,5791,Gucci,Tops,1630.65,0.0,0,703
2066,1966,2023-12-31,35,0,new,No reason,needs_review,972,Girlfriend Collective,Tops,81.8,0.0,0,235
2067,1849,2024-05-06,60,1,damaged,Changed mind,ineligible,910,Loewe,Bags,2215.45,0.0,0,268
2068,1844,2025-07-22,34,1,new,Wrong item,ineligible,907,Loewe,Footwear,906.62,0.0,0,875
2069,5515,2024-12-13,24,1,new,Changed mind,eligible,2768,Shein,Jeans,20.47,3.08,1,1363
2070,14643,2025-05-03,9,1,new,Wrong item,eligible,7339,Urban Outfitters,Activewear,39.54,0.0,0,486
2071,13031,2024-09-24,10,1,tried-on,No reason,eligible,6535,Zara,Swimwear,62.59,0.0,0,791
2072,15421,2024-02-18,40,1,tried-on,Too small,ineligible,7725,Chanel,Lingerie,1031.4,0.0,0,623
2073,9630,2025-09-08,29,1,tried-on,No reason,eligible,4791,Zara,Lingerie,48.95,7.81,1,479
2074,2166,2025-09-12,22,1,new,Wrong item,ineligible,1072,Loewe,Activewear,827.11,0.0,0,646
2075,7611,2025-01-17,14,1,new,Changed mind,eligible,3792,Urban Outfitters,Outerwear,20.0,0.0,0,205
2076,631,2025-11-01,36,1,tried-on,Defective,eligible,306,Under Armour,Swimwear,57.91,0.0,0,1264
2077,6786,2025-02-04,18,1,tried-on,No reason,eligible,3378,Urban Outfitters,Jeans,36.88,0.0,0,1476
2078,9554,2025-08-23,6,1,new,Too small,eligible,4751,Under Armour,Lingerie,92.55,0.0,0,83
2079,14099,2025-05-07,15,1,tried-on,Too small,needs_review,7067,Prada,Outerwear,3384.93,0.0,0,91
2080,13531,2025-03-14,6,1,new,Changed mind,eligible,6787,Gucci,Swimwear,968.69,0.0,0,241
2081,10544,2024-08-08,58,1,new,Defective,ineligible,5258,Zara,Beauty,31.02,0.0,0,618
2082,11955,2024-10-14,55,0,tried-on,No reason,ineligible,5987,H&M,Swimwear,10.0,0.0,0,1373
2083,14586,2024-07-04,10,1,new,Changed mind,eligible,7308,H&M,Jeans,76.46,0.0,0,1267
2084,2319,2024-10-08,49,0,new,Wrong item,ineligible,1154,Chanel,Activewear,866.63,0.0,0,1489
2085,4288,2025-09-14,39,1,damaged,Changed mind,ineligible,2157,Chanel,Activewear,1063.87,0.0,0,411
2086,6366,2025-03-15,43,1,new,Too large,ineligible,3173,Girlfriend Collective,Dresses,73.42,11.99,1,112
2087,3255,2025-08-20,29,1,new,Defective,eligible,1630,H&M,Activewear,99.03,0.0,0,1165
2088,7746,2024-06-18,41,1,damaged,Too small,ineligible,3863,Under Armour,Outerwear,124.16,0.0,0,1189
2089,6083,2025-02-08,24,1,tried-on,Too small,eligible,3042,Girlfriend Collective,Tops,109.24,0.0,0,1297
2090,14514,2025-02-28,38,1,new,Changed mind,ineligible,7274,Zara,Outerwear,84.35,0.0,0,1286
2091,3044,2025-07-03,6,1,new,No reason,eligible,1525,Zara,Tops,95.07,28.0,1,1292
2092,9156,2024-09-06,60,1,new,Too large,ineligible,4558,Girlfriend Collective,Jeans,121.35,0.0,0,1372
2093,5755,2024-08-04,3,1,tried-on,Too small,eligible,2884,Prada,Accessories,540.91,0.0,0,78
2094,11539,2025-08-11,44,1,new,Wrong item,ineligible,5772,Girlfriend Collective,Dresses,54.45,0.0,0,1440
2095,14150,2025-07-04,27,1,new,Wrong item,eligible,7093,Girlfriend Collective,Tops,133.9,28.59,1,307
2096,11004,2024-01-05,52,1,new,Changed mind,ineligible,5495,H&M,Outerwear,44.58,0.0,0,1072
2097,926,2025-12-01,51,1,new,Changed mind,ineligible,455,Zara,Outerwear,25.28,4.02,1,607
2098,10491,2025-10-07,24,1,new,Too small,eligible,5227,Urban Outfitters,Home,112.07,9.89,1,119
2099,4410,2024-08-31,38,1,new,Too large,ineligible,2214,H&M,Bags,54.35,0.0,0,45
2100,9594,2024-11-19,37,1,new,Changed mind,ineligible,4772,Prada,Beauty,953.14,0.0,0,380
2101,5056,2025-02-26,55,1,new,Too small,ineligible,2537,Urban Outfitters,Outerwear,79.48,27.62,1,948
2102,1873,2025-03-03,56,1,damaged,Defective,ineligible,923,H&M,Home,49.86,13.8,1,1092
2103,964,2023-12-29,43,1,tried-on,No reason,ineligible,473,Girlfriend Collective,Accessories,84.2,25.09,1,720
2104,6691,2025-08-13,27,1,new,Too small,eligible,3329,Zara,Swimwear,73.51,0.0,0,1065
2105,3506,2024-08-11,36,1,new,Too small,ineligible,1759,Chanel,Home,933.23,0.0,0,784
2106,4086,2024-06-05,31,1,damaged,Too small,ineligible,2054,Loewe,Swimwear,418.89,0.0,0,1197
2107,3090,2024-11-24,33,1,new,Too large,needs_review,1552,Zara,Footwear,26.19,0.0,0,857
2108,15576,2024-12-02,51,1,tried-on,Defective,ineligible,7801,Prada,Jeans,882.78,0.0,0,647
2109,9054,2025-07-15,38,1,tried-on,Wrong item,ineligible,4508,Zara,Accessories,50.8,0.0,0,1233
2110,3310,2025-06-27,2,1,new,Wrong item,eligible,1657,H&M,Tops,67.13,8.26,1,524
2111,13964,2025-01-19,43,1,new,Defective,ineligible,6998,H&M,Swimwear,71.09,23.52,1,1177
2112,5915,2024-12-20,54,0,new,Defective,ineligible,2963,Urban Outfitters,Beauty,31.04,0.0,0,386
2113,7379,2025-04-02,2,1,tried-on,Too small,eligible,3673,Shein,Activewear,16.78,0.0,0,1466
2114,14473,2025-03-04,17,1,new,Wrong item,eligible,7253,Shein,Swimwear,18.63,0.0,0,417
2115,15399,2024-01-24,46,1,new,No reason,ineligible,7711,H&M,Accessories,60.41,12.24,1,268
2116,818,2024-09-19,14,1,tried-on,Too small,eligible,401,Gucci,Activewear,1028.38,0.0,0,589
2117,12787,2025-09-23,44,1,new,No reason,ineligible,6407,Loewe,Bags,2420.98,0.0,0,1163
2118,3319,2025-11-30,23,1,new,Too small,ineligible,1663,Shein,Beauty,15.31,0.0,0,870
2119,13441,2025-04-05,57,1,new,Too small,ineligible,6737,Shein,Lingerie,14.92,0.0,0,849
2120,12995,2023-11-24,10,1,new,No reason,eligible,6515,Gucci,Lingerie,856.03,0.0,0,816
2121,3725,2024-05-04,7,1,new,Too small,eligible,1878,Shein,Footwear,20.63,0.0,0,1362
2122,11435,2024-10-14,16,1,new,No reason,ineligible,5713,Gucci,Beauty,838.99,0.0,0,1275
2123,2476,2025-01-29,26,1,tried-on,Wrong item,ineligible,1231,Chanel,Bags,9490.05,0.0,0,448
2124,8907,2024-09-13,44,1,new,Too large,ineligible,4434,Gucci,Home,550.33,0.0,0,1115
2125,10485,2025-08-11,39,1,new,Too small,ineligible,5225,H&M,Footwear,10.0,0.0,0,356
2126,3222,2024-11-16,35,1,tried-on,Wrong item,ineligible,1616,Loewe,Tops,1408.09,0.0,0,190
2127,7373,2024-06-23,3,1,new,Defective,eligible,3671,H&M,Lingerie,32.61,0.0,0,1215
2128,3394,2025-04-25,58,1,new,No reason,ineligible,1700,Prada,Swimwear,921.11,0.0,0,341
2129,3462,2024-12-25,41,1,new,Defective,ineligible,1735,Zara,Home,78.37,0.0,0,1444
2130,6417,2025-07-17,56,1,new,Changed mind,ineligible,3195,Urban Outfitters,Bags,98.28,0.0,0,1087
2131,8179,2025-04-30,21,1,tried-on,Too small,ineligible,4078,Under Armour,Beauty,87.23,6.92,1,262
2132,14714,2025-01-08,43,1,new,Too large,ineligible,7375,Zara,Bags,19.71,0.0,0,166
2133,41,2024-03-08,36,0,new,Changed mind,needs_review,18,H&M,Bags,72.65,0.0,0,758
2134,8713,2025-08-25,35,1,tried-on,Defective,needs_review,4342,Zara,Footwear,96.49,21.79,1,870
2135,15042,2024-11-05,55,1,tried-on,Defective,ineligible,7529,Zara,Accessories,77.56,0.0,0,1186
2136,4696,2024-08-15,20,1,tried-on,Wrong item,needs_review,2363,Chanel,Lingerie,664.49,0.0,0,800
2137,5798,2025-04-01,53,1,new,Too large,ineligible,2901,H&M,Home,53.84,0.0,0,618
2138,6351,2025-01-07,12,1,worn,Changed mind,ineligible,3166,Zara,Activewear,65.81,0.0,0,901
2139,15178,2025-07-11,22,1,new,Too large,eligible,7599,Zara,Activewear,10.0,0.0,0,233
2140,4012,2024-07-20,31,1,tried-on,No reason,needs_review,2019,H&M,Tops,79.81,24.58,1,939
2141,7698,2024-10-03,54,1,new,Too small,ineligible,3836,Zara,Accessories,70.35,0.0,0,581
2142,12403,2024-07-15,26,1,new,Changed mind,ineligible,6211,Loewe,Home,1095.3,0.0,0,342
2143,4374,2024-03-22,22,1,new,Defective,eligible,2198,Girlfriend Collective,Bags,30.0,10.31,1,1296
2144,12982,2025-04-29,0,1,new,Wrong item,eligible,6509,Shein,Lingerie,5.0,0.0,0,860
2145,4011,2024-06-26,7,1,new,Wrong item,eligible,2019,H&M,Home,60.29,0.0,0,939
2146,9792,2024-07-25,0,1,new,Too small,eligible,4871,Loewe,Jeans,1869.77,0.0,0,1500
2147,10721,2025-08-17,58,1,new,Changed mind,ineligible,5347,Zara,Dresses,13.6,0.0,0,106
2148,2623,2024-06-10,36,1,tried-on,No reason,needs_review,1313,Urban Outfitters,Dresses,72.31,0.0,0,486
2149,6129,2023-11-20,2,1,tried-on,Changed mind,eligible,3063,Under Armour,Bags,159.55,0.0,0,181
2150,8766,2025-11-08,38,1,tried-on,Wrong item,eligible,4371,Under Armour,Bags,106.64,0.0,0,913
2151,2172,2024-02-15,27,1,worn,Wrong item,ineligible,1075,Under Armour,Beauty,48.54,16.83,1,1090
2152,3886,2025-10-26,31,1,new,Defective,needs_review,1959,Shein,Swimwear,13.28,0.0,0,97
2153,6188,2024-07-12,38,0,new,No reason,ineligible,3089,Urban Outfitters,Swimwear,99.73,21.22,1,241
2154,1103,2024-06-26,11,1,new,Wrong item,eligible,541,Urban Outfitters,Dresses,61.83,0.0,0,636
2155,4471,2024-03-14,27,0,new,Wrong item,ineligible,2244,Gucci,Bags,1790.23,0.0,0,820
2156,7724,2024-11-04,23,1,worn,Changed mind,ineligible,3851,Chanel,Lingerie,763.14,0.0,0,1278
2157,4787,2025-11-10,55,1,new,Changed mind,ineligible,2404,H&M,Bags,82.36,14.01,1,950
2158,14298,2024-07-09,32,1,tried-on,Wrong item,needs_review,7161,Girlfriend Collective,Lingerie,69.75,0.0,0,1337
2159,8948,2025-11-22,41,1,new,Changed mind,ineligible,4452,Urban Outfitters,Dresses,52.69,0.0,0,929
2160,6479,2025-04-26,7,1,new,Wrong item,eligible,3228,Shein,Footwear,30.89,0.0,0,508
2161,9126,2024-04-08,2,0,new,Changed mind,needs_review,4544,Under Armour,Jeans,81.18,7.16,1,1177
2162,15564,2024-07-24,34,1,new,Too small,ineligible,7796,Zara,Beauty,63.22,0.0,0,7
2163,10427,2024-05-04,49,1,new,Too small,ineligible,5199,Prada,Home,828.44,214.2,1,1388
2164,3563,2025-10-30,47,1,new,Too small,ineligible,1787,Loewe,Jeans,1549.38,0.0,0,1414
2165,8914,2025-10-29,49,1,new,Wrong item,ineligible,4437,Urban Outfitters,Beauty,34.78,0.0,0,187
2166,14717,2024-04-05,42,1,damaged,Wrong item,ineligible,7377,Gucci,Outerwear,3274.7,0.0,0,51
2167,10023,2025-08-21,12,1,worn,Changed mind,ineligible,4996,Zara,Outerwear,92.52,0.0,0,1246
2168,11982,2024-02-24,35,1,tried-on,Too small,needs_review,6002,Zara,Jeans,110.06,0.0,0,1082
2169,6248,2024-12-13,45,1,tried-on,Wrong item,ineligible,3119,H&M,Jeans,62.85,0.0,0,713
2170,14991,2024-11-02,12,1,tried-on,Too large,eligible,7507,Chanel,Jeans,1419.13,0.0,0,720
2171,9396,2024-05-11,54,1,new,Wrong item,ineligible,4672,Under Armour,Beauty,57.4,0.0,0,933
2172,619,2024-04-22,52,1,new,Wrong item,ineligible,302,Gucci,Beauty,704.99,0.0,0,1231
2173,3539,2025-01-16,28,0,tried-on,Wrong item,ineligible,1776,Loewe,Swimwear,620.7,0.0,0,257
2174,15025,2024-04-14,35,1,tried-on,No reason,ineligible,7522,Gucci,Outerwear,3668.79,0.0,0,198
2175,9198,2024-08-20,59,1,new,Changed mind,ineligible,4577,Loewe,Tops,811.07,0.0,0,610
2176,13856,2024-06-27,43,1,tried-on,Too small,ineligible,6944,Urban Outfitters,Swimwear,27.07,8.48,1,59
2177,3017,2024-10-18,8,1,tried-on,Too large,eligible,1509,H&M,Jeans,46.29,10.55,1,918
2178,9898,2026-01-03,56,1,new,Wrong item,ineligible,4925,Shein,Swimwear,15.13,5.18,1,304
2179,2994,2025-02-11,21,1,new,No reason,eligible,1496,Zara,Tops,23.09,5.22,1,160
2180,566,2025-02-18,55,1,tried-on,Too small,ineligible,274,Shein,Home,29.4,0.0,0,607
2181,12497,2024-04-24,26,1,new,No reason,eligible,6259,Zara,Dresses,50.12,0.0,0,1356
2182,10022,2025-09-22,44,1,worn,Changed mind,ineligible,4996,Zara,Footwear,102.26,0.0,0,1246
2183,13731,2024-06-20,56,1,new,Defective,ineligible,6884,Urban Outfitters,Tops,109.02,0.0,0,356
2184,7492,2024-09-02,59,1,worn,Too large,ineligible,3733,Zara,Beauty,18.11,0.0,0,23
2185,10247,2024-09-16,39,1,new,Wrong item,ineligible,5110,Urban Outfitters,Home,184.94,0.0,0,1445
2186,12035,2025-02-20,29,1,tried-on,Too small,ineligible,6028,Loewe,Accessories,578.3,0.0,0,852
2187,10127,2025-01-04,55,1,tried-on,Defective,ineligible,5051,Zara,Swimwear,66.56,0.0,0,797
2188,2242,2024-01-30,32,1,new,Defective,ineligible,1110,Gucci,Dresses,1449.97,0.0,0,23
2189,15303,2025-08-25,28,1,new,Too large,ineligible,7665,Urban Outfitters,Beauty,22.33,0.0,0,538
2190,10662,2023-12-22,22,1,worn,Too small,ineligible,5317,H&M,Swimwear,21.79,7.61,1,1009
2191,14492,2024-08-31,36,1,new,Too small,needs_review,7263,Urban Outfitters,Lingerie,61.87,0.0,0,511
2192,7241,2025-11-03,15,1,tried-on,Changed mind,eligible,3602,Zara,Accessories,56.18,0.0,0,783
2193,5071,2024-08-15,26,1,tried-on,Wrong item,eligible,2543,Urban Outfitters,Footwear,20.0,0.0,0,569
2194,2787,2025-07-20,31,1,new,Too small,ineligible,1396,Gucci,Activewear,1046.31,0.0,0,1482
2195,8488,2024-12-27,19,1,new,Defective,ineligible,4228,Prada,Beauty,521.02,0.0,0,510
2196,3138,2025-10-10,13,1,new,Changed mind,eligible,1579,Girlfriend Collective,Swimwear,93.6,23.05,1,1211
2197,15149,2024-11-11,55,0,new,Changed mind,ineligible,7585,H&M,Activewear,66.46,0.0,0,871
2198,5770,2024-03-18,58,1,new,Too large,ineligible,2890,H&M,Home,46.64,3.86,1,323
2199,180,2023-12-29,0,1,tried-on,Too small,eligible,83,H&M,Tops,81.04,25.57,1,1122
2200,10227,2024-03-15,15,1,new,Too small,needs_review,5101,Loewe,Bags,2530.58,0.0,0,565
2201,2205,2025-05-20,11,1,new,Wrong item,eligible,1091,H&M,Jeans,28.8,0.0,0,85
2202,15239,2024-02-24,56,1,new,Too large,ineligible,7630,Zara,Footwear,41.76,0.0,0,850
2203,5373,2025-07-24,35,1,tried-on,Changed mind,ineligible,2698,Chanel,Jeans,1956.27,0.0,0,1022
2204,12634,2024-10-14,14,1,new,Too small,eligible,6326,H&M,Swimwear,51.58,0.0,0,1144
2205,10033,2024-06-03,28,1,new,Too small,eligible,5000,Shein,Accessories,26.91,0.0,0,1354
2206,13080,2025-10-25,29,1,new,Defective,ineligible,6559,Chanel,Activewear,580.22,0.0,0,344
2207,5251,2024-06-15,54,1,new,Too large,ineligible,2640,Shein,Outerwear,21.88,7.42,1,1410
2208,1930,2025-07-05,54,0,new,Changed mind,needs_review,953,Under Armour,Footwear,64.07,0.0,0,908
2209,4138,2024-03-29,12,1,tried-on,Defective,eligible,2080,Prada,Footwear,1266.36,0.0,0,284
2210,13174,2024-07-27,17,1,new,Too small,needs_review,6609,Loewe,Outerwear,3578.29,0.0,0,6
2211,6679,2024-10-07,3,1,tried-on,Too small,eligible,3324,Zara,Swimwear,80.86,0.0,0,1013
2212,8456,2025-12-31,53,1,new,Too large,eligible,4212,Under Armour,Tops,107.9,0.0,0,200
2213,9281,2024-09-24,58,1,new,No reason,ineligible,4619,H&M,Accessories,72.6,0.0,0,1067
2214,14754,2025-07-17,36,1,tried-on,Wrong item,needs_review,7394,Urban Outfitters,Home,109.24,0.0,0,50
2215,3747,2024-08-03,0,1,new,Too large,eligible,1888,H&M,Swimwear,56.05,5.54,1,1069
2216,10355,2025-06-18,46,1,new,Wrong item,ineligible,5164,Urban Outfitters,Outerwear,63.56,20.78,1,152
2217,11150,2025-09-24,60,1,new,No reason,ineligible,5577,Prada,Tops,1822.77,0.0,0,476
2218,10916,2025-03-20,32,1,new,Defective,needs_review,5449,H&M,Dresses,64.28,0.0,0,1158
2219,5624,2025-09-10,8,1,new,Wrong item,eligible,2823,Under Armour,Jeans,86.31,0.0,0,42
2220,15584,2024-04-19,15,0,tried-on,Defective,needs_review,7805,Under Armour,Outerwear,65.22,0.0,0,614
2221,15795,2024-09-01,32,1,tried-on,Too large,needs_review,7902,Shein,Bags,24.68,0.0,0,1044
2222,6842,2024-02-16,2,1,damaged,No reason,ineligible,3403,Prada,Beauty,961.44,0.0,0,594
2223,10505,2024-02-06,46,0,tried-on,Defective,ineligible,5238,Shein,Outerwear,26.88,0.0,0,1417
2224,9195,2024-05-29,17,1,tried-on,Wrong item,needs_review,4576,Loewe,Accessories,823.85,0.0,0,1021
2225,3329,2024-09-08,50,1,tried-on,Changed mind,ineligible,1670,Urban Outfitters,Swimwear,73.87,0.0,0,792
2226,14117,2025-02-18,46,1,worn,No reason,ineligible,7075,Prada,Jeans,1150.62,0.0,0,651
2227,4792,2024-06-06,27,0,tried-on,Too small,needs_review,2408,H&M,Lingerie,73.37,0.0,0,985
2228,7275,2024-07-23,36,1,tried-on,Too large,ineligible,3618,Chanel,Accessories,846.95,0.0,0,904
2229,12105,2024-05-05,46,0,new,Too large,ineligible,6066,Gucci,Footwear,1044.61,0.0,0,1395
2230,15931,2024-01-26,53,1,new,Wrong item,ineligible,7965,Urban Outfitters,Lingerie,20.0,2.98,1,939
2231,1093,2024-01-28,34,1,new,Too large,needs_review,536,Zara,Swimwear,100.56,20.47,1,608
2232,15848,2024-01-09,22,1,damaged,Defective,ineligible,7928,Gucci,Activewear,891.43,0.0,0,889
2233,13042,2025-08-02,35,0,new,Changed mind,needs_review,6541,Urban Outfitters,Footwear,61.75,15.23,1,980
2234,5954,2025-10-16,60,1,tried-on,Defective,ineligible,2980,Chanel,Tops,1427.3,0.0,0,364
2235,12193,2025-01-27,45,1,tried-on,Defective,ineligible,6108,Zara,Dresses,35.12,9.47,1,241
2236,10114,2024-02-02,28,1,tried-on,Too large,ineligible,5045,Prada,Home,463.87,0.0,0,18
2237,12365,2023-12-13,20,0,worn,Wrong item,ineligible,6193,Urban Outfitters,Outerwear,24.8,6.82,1,936
2238,15981,2024-11-13,39,0,new,Too large,ineligible,7990,Girlfriend Collective,Bags,49.61,0.0,0,985
2239,5994,2024-02-15,12,1,new,Changed mind,eligible,3002,Urban Outfitters,Home,125.92,15.08,1,1386
2240,11210,2024-11-24,38,0,tried-on,Wrong item,ineligible,5607,Zara,Swimwear,100.81,0.0,0,27
2241,3840,2025-05-31,54,1,new,Defective,ineligible,1935,Shein,Swimwear,5.0,0.0,0,643
2242,1379,2025-01-06,38,1,new,Too large,eligible,672,Under Armour,Outerwear,104.49,0.0,0,386
2243,15681,2025-04-06,11,1,new,Changed mind,eligible,7851,Urban Outfitters,Dresses,47.85,0.0,0,485
2244,12443,2025-03-26,50,1,new,Too small,ineligible,6230,Gucci,Footwear,1067.92,0.0,0,1374
2245,6802,2025-08-19,10,1,tried-on,Defective,eligible,3386,Girlfriend Collective,Accessories,139.31,34.7,1,1344
2246,7890,2024-01-17,49,1,worn,Changed mind,ineligible,3939,Chanel,Outerwear,3687.64,0.0,0,160
2247,8247,2025-09-06,1,1,new,No reason,eligible,4111,Gucci,Dresses,1898.64,0.0,0,999
2248,657,2024-06-12,7,1,new,Wrong item,eligible,319,Urban Outfitters,Footwear,93.85,0.0,0,459
2249,851,2025-01-14,30,1,new,Too large,eligible,417,Under Armour,Bags,46.27,0.0,0,155
2250,1309,2025-06-12,57,1,damaged,No reason,ineligible,638,Shein,Home,12.18,3.29,1,1186
2251,8911,2024-05-22,58,1,new,Defective,ineligible,4436,Prada,Accessories,703.56,0.0,0,279
2252,5296,2024-06-10,31,1,new,Wrong item,ineligible,2660,Prada,Tops,1858.29,0.0,0,50
2253,5262,2025-08-01,5,1,new,Wrong item,eligible,2644,Urban Outfitters,Outerwear,117.36,0.0,0,516
2254,15163,2025-12-23,60,1,new,Changed mind,ineligible,7592,Shein,Lingerie,38.54,0.0,0,138
2255,1818,2023-12-30,41,1,new,Changed mind,ineligible,892,Loewe,Accessories,677.6,0.0,0,43
2256,4073,2025-06-30,6,1,new,Too small,eligible,2048,H&M,Outerwear,48.17,0.0,0,579
2257,4488,2025-08-31,34,0,new,No reason,needs_review,2253,Urban Outfitters,Accessories,65.4,0.0,0,389
2258,11370,2024-11-07,9,1,new,Changed mind,eligible,5684,Gucci,Outerwear,3494.16,0.0,0,1205
2259,1739,2024-09-15,1,1,new,Wrong item,eligible,851,Loewe,Tops,1838.17,0.0,0,1486
2260,8820,2024-06-04,21,1,new,Wrong item,ineligible,4394,Prada,Beauty,633.47,0.0,0,333
2261,11064,2024-06-24,6,1,new,Changed mind,eligible,5528,H&M,Jeans,74.29,0.0,0,3
2262,9501,2024-04-06,9,0,new,Defective,needs_review,4725,Girlfriend Collective,Lingerie,87.66,0.0,0,1361
2263,13012,2024-04-04,9,1,new,Changed mind,eligible,6523,Chanel,Activewear,721.97,0.0,0,72
2264,6742,2024-10-18,40,1,new,Defective,ineligible,3356,Zara,Home,51.91,0.0,0,551
2265,10248,2024-09-30,53,1,tried-on,Defective,ineligible,5110,Urban Outfitters,Dresses,51.19,11.37,1,1445
2266,10327,2023-11-28,19,0,new,Defective,needs_review,5148,H&M,Outerwear,58.69,0.0,0,655
2267,15184,2024-07-27,8,1,worn,No reason,ineligible,7601,Urban Outfitters,Accessories,69.07,16.49,1,535
2268,10469,2024-12-01,48,1,tried-on,Wrong item,ineligible,5218,Urban Outfitters,Accessories,85.9,0.0,0,635
2269,8447,2024-08-20,54,1,tried-on,Defective,eligible,4207,Under Armour,Swimwear,75.66,0.0,0,657
2270,1987,2025-07-04,57,0,tried-on,Too large,ineligible,983,Shein,Dresses,5.0,1.34,1,680
2271,590,2024-01-10,32,1,new,Too small,ineligible,288,Gucci,Jeans,968.11,0.0,0,1168
2272,14525,2025-03-18,9,1,new,Changed mind,eligible,7280,Zara,Accessories,81.59,0.0,0,1011
2273,7206,2024-09-06,23,1,new,Defective,ineligible,3586,Girlfriend Collective,Beauty,47.21,0.0,0,1202
2274,14134,2025-07-12,35,1,tried-on,Wrong item,needs_review,7086,Shein,Bags,41.67,0.0,0,455
2275,8078,2023-12-17,29,1,tried-on,Too small,eligible,4028,H&M,Lingerie,59.32,0.0,0,215
2276,10647,2024-04-18,38,1,new,Too small,ineligible,5309,Loewe,Outerwear,3007.76,0.0,0,1017
2277,2421,2024-03-24,24,1,worn,Too small,ineligible,1204,Gucci,Activewear,1155.62,0.0,0,334
2278,13905,2024-05-31,29,1,new,Wrong item,ineligible,6971,Gucci,Accessories,587.34,0.0,0,1421
2279,8412,2024-02-02,28,1,worn,Changed mind,ineligible,4191,H&M,Outerwear,62.8,7.17,1,1465
2280,15039,2025-04-11,38,0,worn,Too small,ineligible,7528,H&M,Tops,60.99,0.0,0,1072
2281,14221,2025-09-12,53,1,new,No reason,ineligible,7125,Prada,Jeans,1245.78,0.0,0,1128
2282,8096,2024-12-26,29,1,new,Changed mind,eligible,4036,Urban Outfitters,Home,175.04,18.69,1,1158
2283,13644,2025-09-12,19,1,tried-on,Too small,eligible,6841,Shein,Accessories,34.39,0.0,0,24
2284,14043,2024-10-04,42,1,new,Too small,ineligible,7040,Girlfriend Collective,Activewear,58.8,0.0,0,170
2285,8904,2025-06-28,14,1,new,No reason,eligible,4433,Urban Outfitters,Bags,47.39,0.0,0,1111
2286,4620,2025-08-12,32,1,damaged,Too large,ineligible,2324,Girlfriend Collective,Tops,64.68,0.0,0,604
2287,9520,2025-11-19,52,1,new,Wrong item,ineligible,4734,Loewe,Jeans,1375.65,0.0,0,1281
2288,3573,2025-10-09,49,1,tried-on,Too small,ineligible,1793,Zara,Home,42.77,3.1,1,1187
2289,7410,2024-07-11,7,1,new,Changed mind,eligible,3690,Urban Outfitters,Activewear,20.0,0.0,0,1105
2290,8345,2025-08-20,35,1,new,Too large,needs_review,4162,H&M,Tops,88.44,30.45,1,976
2291,3934,2024-11-23,31,1,new,Wrong item,needs_review,1981,Shein,Tops,31.15,0.0,0,1072
2292,9974,2025-11-14,52,1,new,No reason,ineligible,4968,Loewe,Home,1041.2,0.0,0,528
2293,10087,2025-01-17,7,1,new,Changed mind,eligible,5031,Under Armour,Dresses,35.05,11.28,1,816
2294,15258,2024-06-18,1,1,new,No reason,eligible,7639,Urban Outfitters,Activewear,64.97,19.34,1,782
2295,2909,2025-09-17,35,1,new,Changed mind,ineligible,1457,Loewe,Jeans,1466.29,0.0,0,570
2296,5666,2025-09-12,33,1,new,Too large,ineligible,2844,H&M,Beauty,23.4,2.56,1,1421
2297,10303,2025-09-05,58,1,new,No reason,eligible,5137,Under Armour,Footwear,174.79,0.0,0,190
2298,3149,2025-05-23,40,1,new,Wrong item,ineligible,1583,Shein,Outerwear,34.01,0.0,0,321
2299,5041,2025-03-10,48,1,new,Changed mind,ineligible,2526,Prada,Accessories,572.86,0.0,0,1048
2300,10188,2025-04-05,1,1,new,Changed mind,ineligible,5081,Gucci,Beauty,623.68,0.0,0,728
2301,15830,2025-11-10,8,1,tried-on,Too small,eligible,7920,Under Armour,Bags,62.75,7.65,1,490
2302,8384,2024-06-06,19,1,worn,Wrong item,ineligible,4178,Loewe,Bags,2126.1,0.0,0,145
2303,6432,2024-11-11,56,1,worn,Wrong item,ineligible,3202,H&M,Dresses,100.68,0.0,0,191
2304,3005,2025-11-25,43,1,worn,Too small,ineligible,1502,Loewe,Dresses,1680.72,0.0,0,799
2305,6048,2024-03-21,16,1,damaged,Too small,ineligible,3025,Under Armour,Bags,40.53,14.16,1,997
2306,5572,2024-04-24,17,1,new,Wrong item,needs_review,2799,Prada,Dresses,1868.47,0.0,0,725
2307,853,2025-01-29,45,1,worn,No reason,ineligible,417,Under Armour,Home,105.02,0.0,0,155
2308,9095,2025-01-27,37,1,damaged,Wrong item,ineligible,4528,Gucci,Footwear,573.13,0.0,0,1413
2309,11326,2025-09-30,19,1,new,Too small,needs_review,5662,Gucci,Home,687.66,0.0,0,515
2310,15440,2025-01-10,32,1,tried-on,Defective,eligible,7735,Under Armour,Swimwear,30.0,9.89,1,1484
2311,13275,2025-07-30,7,1,tried-on,Too large,eligible,6661,Gucci,Bags,2317.42,0.0,0,572
2312,1530,2025-02-14,49,1,new,Too small,ineligible,749,Girlfriend Collective,Accessories,51.77,0.0,0,337
2313,1363,2025-08-17,51,1,new,Too small,ineligible,664,Loewe,Bags,2206.14,0.0,0,215
2314,15215,2023-11-18,1,1,new,Changed mind,eligible,7616,Urban Outfitters,Tops,36.48,3.95,1,1396
2315,13921,2024-12-26,35,1,tried-on,Wrong item,needs_review,6978,Urban Outfitters,Bags,62.54,9.78,1,229
2316,14120,2024-12-29,56,0,tried-on,Wrong item,ineligible,7076,H&M,Tops,54.13,0.0,0,463
2317,1206,2024-06-07,50,1,new,Too small,ineligible,592,Zara,Beauty,92.12,18.74,1,723
2318,1583,2025-01-18,10,1,new,No reason,eligible,774,Zara,Bags,43.13,11.95,1,1368
2319,3392,2025-08-25,33,1,new,Defective,ineligible,1699,Loewe,Footwear,881.0,0.0,0,1321
2320,4336,2025-04-05,15,1,new,Wrong item,ineligible,2183,Urban Outfitters,Beauty,45.3,0.0,0,692
2321,15188,2024-01-04,13,1,new,No reason,eligible,7604,Gucci,Bags,2259.79,0.0,0,95
2322,3102,2024-09-07,28,1,new,Changed mind,ineligible,1559,Chanel,Jeans,1349.88,0.0,0,638
2323,9515,2024-10-17,22,1,new,Defective,ineligible,4731,Gucci,Swimwear,799.04,0.0,0,1279
2324,1878,2025-01-24,6,1,worn,Changed mind,ineligible,925,Gucci,Footwear,861.96,0.0,0,580
2325,776,2025-04-10,46,1,new,Wrong item,ineligible,381,Prada,Accessories,727.51,0.0,0,1416
2326,15459,2024-12-28,24,1,tried-on,Wrong item,eligible,7746,Girlfriend Collective,Swimwear,92.32,0.0,0,1291
2327,8633,2025-05-04,28,1,damaged,Too large,ineligible,4302,Girlfriend Collective,Swimwear,55.94,0.0,0,755
2328,10503,2024-05-25,60,1,tried-on,No reason,ineligible,5236,Urban Outfitters,Swimwear,77.96,0.0,0,413
2329,15490,2024-11-28,49,1,tried-on,No reason,ineligible,7760,H&M,Swimwear,50.23,0.0,0,629
2330,5676,2025-08-23,0,1,new,Defective,eligible,2848,H&M,Swimwear,47.52,0.0,0,1123
2331,5143,2025-03-05,23,1,new,Defective,ineligible,2579,Loewe,Tops,1409.14,0.0,0,1382
2332,2670,2024-12-29,52,1,new,Defective,ineligible,1336,Zara,Jeans,32.53,0.0,0,237
2333,90,2024-03-06,6,1,new,Changed mind,eligible,41,Urban Outfitters,Tops,40.28,9.15,1,186
2334,5033,2025-05-16,3,1,tried-on,Too large,eligible,2522,Shein,Home,12.16,0.0,0,960
2335,3747,2024-08-28,25,1,new,Too large,eligible,1888,H&M,Swimwear,56.05,5.54,1,1069
2336,10762,2025-04-20,57,1,new,Changed mind,ineligible,5367,Chanel,Beauty,769.41,256.61,1,1438
2337,935,2024-09-24,3,1,new,Changed mind,eligible,460,Zara,Outerwear,40.16,0.0,0,1112
2338,4661,2025-09-08,11,1,new,No reason,eligible,2344,Under Armour,Bags,139.59,0.0,0,305
2339,11048,2024-11-28,16,1,tried-on,Too small,eligible,5519,Girlfriend Collective,Activewear,84.92,0.0,0,171
2340,6903,2024-10-04,32,1,tried-on,Too small,eligible,3433,Under Armour,Swimwear,54.15,4.48,1,183
2341,12701,2024-09-21,7,1,new,Changed mind,eligible,6363,Zara,Accessories,68.25,8.27,1,681
2342,3100,2023-12-05,19,1,new,No reason,eligible,1557,Under Armour,Home,58.95,0.0,0,681
2343,14774,2025-02-11,36,0,tried-on,Too large,ineligible,7402,H&M,Beauty,111.39,0.0,0,132
2344,15159,2025-05-26,10,1,tried-on,Too large,eligible,7589,Chanel,Bags,9378.81,0.0,0,883
2345,1421,2025-03-20,40,1,new,Wrong item,ineligible,696,Gucci,Swimwear,972.62,0.0,0,137
2346,9448,2024-12-17,22,0,new,Too large,needs_review,4700,Girlfriend Collective,Footwear,61.48,0.0,0,800
2347,6941,2024-06-23,59,1,tried-on,Changed mind,ineligible,3452,Girlfriend Collective,Tops,95.21,0.0,0,739
2348,7582,2024-02-06,47,1,new,Too large,ineligible,3780,Loewe,Bags,1946.05,0.0,0,891
2349,6478,2025-04-25,6,1,worn,Wrong item,ineligible,3228,Shein,Accessories,26.15,0.0,0,508
2350,8933,2025-06-05,16,0,worn,No reason,ineligible,4446,H&M,Footwear,60.29,0.0,0,999
2351,12185,2024-06-21,59,1,new,Too small,ineligible,6104,H&M,Home,65.46,0.0,0,348
2352,4440,2024-05-28,12,1,new,No reason,eligible,2228,H&M,Footwear,36.39,0.0,0,967
2353,9936,2024-11-17,48,1,new,Changed mind,ineligible,4944,Loewe,Accessories,636.6,0.0,0,764
2354,15173,2024-09-17,22,1,new,No reason,ineligible,7597,Prada,Bags,2592.19,0.0,0,661
2355,10143,2024-10-05,20,1,new,Wrong item,eligible,5059,Urban Outfitters,Tops,61.45,0.0,0,648
2356,12102,2025-01-26,29,1,tried-on,Wrong item,ineligible,6063,Chanel,Bags,8485.67,0.0,0,1497
2357,12845,2025-07-01,39,1,tried-on,Too small,ineligible,6434,Zara,Dresses,102.94,9.61,1,1398
2358,6083,2025-03-05,49,0,new,Too small,ineligible,3042,Girlfriend Collective,Tops,109.24,0.0,0,1297
2359,6715,2023-12-16,34,1,new,Too small,needs_review,3343,Urban Outfitters,Bags,63.37,12.45,1,1457
2360,11281,2025-05-01,23,1,new,Wrong item,eligible,5641,Girlfriend Collective,Home,85.56,0.0,0,361
2361,13227,2024-12-18,59,1,tried-on,Too small,ineligible,6637,Girlfriend Collective,Dresses,114.7,0.0,0,624
2362,10985,2025-10-01,34,1,new,Wrong item,ineligible,5485,Shein,Beauty,5.0,1.58,1,623
2363,2735,2024-01-16,4,1,new,Defective,eligible,1373,Urban Outfitters,Dresses,89.1,21.76,1,1370
2364,5773,2024-09-25,57,1,tried-on,Too small,ineligible,2891,Prada,Beauty,916.72,0.0,0,1279
2365,11816,2024-03-06,35,0,new,Defective,needs_review,5916,Girlfriend Collective,Activewear,100.12,0.0,0,132
2366,10646,2024-10-05,15,1,new,Too large,eligible,5308,Girlfriend Collective,Dresses,64.98,0.0,0,733
2367,3367,2024-05-05,28,1,worn,Too large,ineligible,1688,Urban Outfitters,Activewear,37.25,0.0,0,642
2368,12413,2024-08-16,3,1,new,Too small,eligible,6217,Gucci,Accessories,578.6,0.0,0,640
2369,14164,2023-12-26,26,1,new,No reason,eligible,7099,H&M,Activewear,50.66,0.0,0,1225
2370,1257,2025-03-21,6,1,new,Too large,eligible,615,Prada,Tops,1910.12,0.0,0,936
2371,14148,2024-05-05,28,1,tried-on,No reason,eligible,7092,Under Armour,Swimwear,76.7,0.0,0,1346
2372,1088,2024-12-30,51,1,new,No reason,ineligible,533,H&M,Tops,15.98,0.0,0,1072
2373,11188,2025-04-21,11,1,new,Too small,eligible,5596,H&M,Dresses,80.74,0.0,0,1183
2374,8901,2025-12-21,53,1,new,Too small,ineligible,4432,Girlfriend Collective,Outerwear,103.2,16.0,1,476
2375,14610,2025-11-15,53,1,tried-on,Wrong item,ineligible,7320,H&M,Beauty,84.49,0.0,0,660
2376,12201,2024-07-30,49,1,new,Changed mind,ineligible,6112,Under Armour,Beauty,123.64,33.9,1,579
2377,8341,2024-10-24,5,1,new,No reason,eligible,4160,Gucci,Accessories,858.84,93.02,1,1258
2378,4617,2025-06-03,34,1,new,Too large,ineligible,2322,Chanel,Activewear,862.77,0.0,0,1181
2379,12776,2024-05-10,14,1,new,Changed mind,eligible,6400,Shein,Home,22.6,6.84,1,63
2380,1616,2024-01-09,27,1,new,Changed mind,ineligible,789,Gucci,Footwear,1177.85,213.38,1,443
2381,14507,2025-07-31,9,1,tried-on,No reason,ineligible,7270,Chanel,Beauty,725.8,0.0,0,943
2382,201,2024-04-20,6,1,new,Too large,eligible,91,Loewe,Bags,1616.77,0.0,0,265
2383,2383,2025-03-22,23,1,new,Changed mind,eligible,1185,Girlfriend Collective,Swimwear,69.36,0.0,0,897
2384,482,2025-05-15,30,1,new,Too large,eligible,232,Under Armour,Swimwear,97.52,0.0,0,1093
2385,12547,2024-02-13,56,1,new,Too small,ineligible,6283,H&M,Activewear,84.37,0.0,0,640
2386,15395,2025-02-17,28,1,tried-on,No reason,eligible,7709,Zara,Tops,14.53,0.0,0,166
2387,7070,2025-07-17,33,1,tried-on,Wrong item,needs_review,3517,Urban Outfitters,Outerwear,70.13,0.0,0,474
2388,853,2025-01-27,43,1,tried-on,Too small,eligible,417,Under Armour,Home,105.02,0.0,0,155
2389,8664,2025-01-24,21,1,tried-on,No reason,eligible,4316,H&M,Bags,56.1,0.0,0,60
2390,12299,2025-04-20,19,1,new,Defective,eligible,6160,H&M,Outerwear,10.0,0.0,0,297
2391,10147,2025-06-30,53,1,worn,No reason,ineligible,5062,Gucci,Outerwear,3672.15,0.0,0,126
2392,14925,2024-08-28,6,1,new,Changed mind,eligible,7478,Gucci,Home,625.81,0.0,0,927
2393,15415,2025-11-13,47,1,new,Defective,ineligible,7721,H&M,Home,40.56,0.0,0,781
2394,15695,2025-06-23,59,1,tried-on,Wrong item,ineligible,7858,Girlfriend Collective,Bags,90.22,0.0,0,677
2395,9899,2025-11-15,7,0,new,Changed mind,needs_review,4925,Shein,Tops,12.62,0.0,0,304
2396,9023,2025-09-15,39,1,worn,Changed mind,ineligible,4489,Zara,Beauty,55.95,11.41,1,968
2397,12882,2024-05-22,50,1,new,Wrong item,ineligible,6456,Zara,Outerwear,29.04,0.0,0,465
2398,13843,2024-04-12,58,1,tried-on,Changed mind,ineligible,6937,Shein,Swimwear,31.79,0.0,0,391
2399,14728,2024-10-05,12,1,worn,Defective,ineligible,7383,Shein,Jeans,20.02,0.0,0,432
2400,12521,2025-10-31,58,0,tried-on,Too large,ineligible,6270,Shein,Tops,21.35,7.03,1,509
2401,9826,2025-07-30,3,1,tried-on,Defective,eligible,4890,Zara,Lingerie,88.81,29.94,1,1435
2402,10573,2023-12-01,8,1,tried-on,Defective,eligible,5275,Girlfriend Collective,Outerwear,79.01,0.0,0,1337
2403,13072,2025-09-04,40,1,tried-on,Wrong item,ineligible,6555,Loewe,Lingerie,609.5,0.0,0,1372
2404,6898,2025-08-11,55,1,tried-on,Too small,ineligible,3431,H&M,Bags,51.67,10.43,1,1365
2405,7160,2024-10-10,55,1,new,Too large,ineligible,3563,Loewe,Swimwear,856.68,0.0,0,542
2406,11634,2024-11-23,15,1,tried-on,Defective,needs_review,5820,Prada,Home,700.65,0.0,0,1003
2407,7628,2025-03-16,36,1,tried-on,Changed mind,needs_review,3799,Zara,Bags,66.64,0.0,0,134
2408,12204,2025-11-10,25,0,tried-on,Too large,needs_review,6113,H&M,Outerwear,63.36,0.0,0,583
2409,6172,2024-07-30,10,0,new,Changed mind,needs_review,3082,Zara,Activewear,87.16,0.0,0,71
2410,941,2024-02-28,17,1,worn,No reason,ineligible,464,Zara,Accessories,26.79,0.0,0,1172
2411,10381,2024-06-10,52,1,new,No reason,ineligible,5177,Urban Outfitters,Dresses,96.3,0.0,0,80
2412,13723,2024-01-23,12,1,tried-on,Wrong item,eligible,6881,Zara,Activewear,31.77,0.0,0,432
2413,14622,2025-04-05,44,1,new,Too small,ineligible,7325,Urban Outfitters,Outerwear,93.96,15.73,1,25
2414,7301,2023-12-26,38,1,tried-on,Defective,eligible,3633,Under Armour,Footwear,94.85,0.0,0,1105
2415,14466,2025-07-28,12,0,new,Changed mind,needs_review,7248,Urban Outfitters,Footwear,38.14,11.5,1,1171
2416,2125,2024-12-29,5,1,tried-on,Wrong item,eligible,1051,Gucci,Activewear,816.25,0.0,0,118
2417,8364,2024-04-29,16,1,new,Defective,eligible,4169,H&M,Home,85.11,0.0,0,1101
2418,935,2024-11-04,44,1,new,Changed mind,ineligible,460,Zara,Outerwear,40.16,0.0,0,1112
2419,8200,2025-10-17,28,1,tried-on,Defective,eligible,4090,H&M,Dresses,98.78,0.0,0,1178
2420,724,2024-07-11,31,1,new,No reason,ineligible,355,Chanel,Activewear,951.27,0.0,0,122
2421,10997,2024-06-24,18,1,new,Defective,eligible,5491,Under Armour,Accessories,92.73,0.0,0,161
2422,13026,2024-06-23,19,1,new,No reason,eligible,6532,Zara,Accessories,34.86,0.0,0,1425
2423,425,2025-08-15,1,1,new,Wrong item,eligible,205,Loewe,Footwear,776.54,0.0,0,386
2424,7553,2025-11-10,48,1,new,Changed mind,ineligible,3764,H&M,Accessories,38.27,7.52,1,850
2425,2991,2024-05-22,3,1,tried-on,Too small,eligible,1495,Zara,Dresses,95.67,0.0,0,548
2426,9395,2025-10-03,52,1,tried-on,Changed mind,ineligible,4671,Urban Outfitters,Beauty,79.91,0.0,0,571
2427,6095,2024-02-13,41,1,new,Changed mind,eligible,3047,Under Armour,Jeans,52.18,0.0,0,510
2428,8253,2024-10-18,43,1,new,No reason,ineligible,4115,H&M,Home,39.02,0.0,0,1014
2429,3945,2024-05-30,57,1,worn,Changed mind,ineligible,1986,Zara,Footwear,65.01,0.0,0,786
2430,9148,2024-11-18,5,1,tried-on,Changed mind,eligible,4554,Zara,Swimwear,43.32,0.0,0,1335
2431,3079,2025-07-29,29,1,new,Too large,ineligible,1545,Shein,Beauty,31.45,0.0,0,1389
2432,14068,2025-01-17,35,1,damaged,No reason,ineligible,7052,H&M,Jeans,62.54,12.19,1,988
2433,9500,2024-04-17,20,1,new,Changed mind,eligible,4725,Girlfriend Collective,Dresses,77.74,10.96,1,1361
2434,11120,2023-12-24,8,1,new,Defective,eligible,5561,Zara,Dresses,51.75,0.0,0,1259
2435,9215,2024-03-23,37,1,new,Too small,ineligible,4587,Gucci,Swimwear,1116.83,0.0,0,1109
2436,10079,2025-06-03,38,1,new,No reason,ineligible,5026,Girlfriend Collective,Footwear,134.47,0.0,0,1163
2437,13801,2024-12-17,48,1,new,Too small,eligible,6917,Under Armour,Tops,160.32,23.88,1,208
2438,14087,2023-11-26,9,1,new,Wrong item,ineligible,7060,Zara,Beauty,98.31,22.99,1,1414
2439,13077,2024-01-14,23,1,new,Changed mind,ineligible,6557,Prada,Lingerie,333.32,0.0,0,14
2440,1624,2025-09-16,42,1,tried-on,Too small,eligible,792,Under Armour,Home,60.72,0.0,0,347
2441,12768,2024-05-28,25,0,new,Defective,needs_review,6397,Girlfriend Collective,Home,85.93,0.0,0,244
2442,11236,2024-08-17,57,1,new,Changed mind,ineligible,5620,Loewe,Beauty,785.95,0.0,0,1394
2443,1607,2024-11-15,41,1,tried-on,No reason,ineligible,785,Prada,Outerwear,3054.04,0.0,0,1411
2444,10795,2024-02-04,39,1,new,Defective,ineligible,5383,Gucci,Lingerie,987.15,0.0,0,130
2445,9559,2024-08-05,9,1,new,Defective,eligible,4753,Chanel,Footwear,669.19,0.0,0,1110
2446,2848,2025-05-10,15,1,tried-on,Wrong item,eligible,1429,Shein,Dresses,23.39,0.0,0,1235
2447,1943,2023-11-21,2,1,new,Too large,eligible,959,Chanel,Bags,9096.49,0.0,0,188
2448,9343,2025-07-19,22,1,new,Changed mind,ineligible,4646,Chanel,Accessories,541.27,0.0,0,215
2449,7231,2025-11-01,33,0,new,Too small,ineligible,3597,Shein,Beauty,26.97,0.0,0,266
2450,4602,2024-03-21,6,1,new,Too small,eligible,2313,Under Armour,Bags,30.0,0.0,0,706
2451,14582,2024-07-22,50,0,new,Too large,ineligible,7306,Zara,Beauty,37.41,0.0,0,770
2452,12051,2025-07-18,43,1,new,Defective,ineligible,6035,Loewe,Lingerie,929.65,0.0,0,1317
2453,7413,2024-09-07,26,1,tried-on,No reason,ineligible,3692,Loewe,Footwear,613.45,0.0,0,906
2454,9645,2024-03-20,37,1,new,Defective,needs_review,4801,H&M,Bags,57.06,0.0,0,1198
2455,1116,2024-07-17,22,1,new,No reason,eligible,548,Shein,Tops,18.83,0.0,0,311
2456,4943,2025-01-28,23,1,tried-on,Too small,ineligible,2481,Prada,Beauty,755.31,0.0,0,705
2457,12119,2023-12-29,11,1,tried-on,Too large,eligible,6071,Girlfriend Collective,Accessories,68.39,0.0,0,430
2458,11989,2024-03-20,22,1,new,Too small,eligible,6005,Under Armour,Dresses,124.38,0.0,0,506
2459,2237,2024-04-23,15,1,tried-on,Wrong item,eligible,1108,Zara,Activewear,78.64,0.0,0,1088
2460,10733,2024-05-04,30,1,damaged,No reason,ineligible,5353,Shein,Dresses,40.62,0.0,0,1108
2461,9093,2024-06-27,33,1,new,Changed mind,needs_review,4526,Urban Outfitters,Bags,73.73,0.0,0,658
2462,8498,2024-08-24,25,1,new,Wrong item,ineligible,4232,Gucci,Footwear,1036.68,0.0,0,1433
2463,14904,2024-03-22,9,1,new,Too large,eligible,7468,Zara,Footwear,68.37,15.19,1,1346
2464,3296,2024-12-20,2,1,new,Wrong item,eligible,1650,Under Armour,Outerwear,46.93,0.0,0,153
2465,5639,2025-01-11,13,1,new,Too large,eligible,2830,H&M,Footwear,23.53,0.0,0,1326
2466,9167,2024-01-12,55,1,new,Wrong item,ineligible,4562,Shein,Jeans,34.12,0.0,0,1144
2467,6426,2024-07-21,25,1,tried-on,Defective,eligible,3200,Urban Outfitters,Jeans,57.94,0.0,0,296
2468,3798,2023-12-26,34,1,new,Too small,ineligible,1913,Prada,Beauty,785.41,0.0,0,1013
2469,11976,2024-08-08,17,1,new,Changed mind,eligible,5997,Girlfriend Collective,Home,102.75,0.0,0,486
2470,837,2024-02-02,60,1,new,Too large,ineligible,411,Shein,Tops,17.34,0.0,0,1191
2471,2032,2025-05-27,9,1,damaged,Wrong item,ineligible,1005,Shein,Outerwear,27.54,4.14,1,256
2472,8972,2025-07-18,26,1,new,Too large,eligible,4463,Zara,Activewear,110.38,34.98,1,618
2473,583,2024-06-08,36,1,new,Too small,needs_review,285,Girlfriend Collective,Home,92.04,0.0,0,691
2474,5240,2025-02-23,40,1,new,No reason,ineligible,2634,H&M,Beauty,78.6,0.0,0,65
2475,14836,2025-01-23,53,1,new,Defective,ineligible,7434,Gucci,Beauty,870.67,0.0,0,232
2476,15599,2024-06-14,60,1,new,Changed mind,ineligible,7814,Under Armour,Beauty,72.36,0.0,0,768
2477,1849,2024-04-11,35,1,tried-on,Defective,ineligible,910,Loewe,Bags,2215.45,0.0,0,268
2478,1366,2024-10-03,30,1,new,No reason,eligible,666,Girlfriend Collective,Home,74.45,12.19,1,42
2479,7898,2025-11-16,36,1,new,No reason,needs_review,3942,Zara,Tops,21.98,0.0,0,1343
2480,7276,2024-09-12,42,1,new,Wrong item,ineligible,3619,Zara,Footwear,45.83,0.0,0,480
2481,11045,2025-09-17,14,1,new,Wrong item,eligible,5517,Under Armour,Tops,87.62,0.0,0,239
2482,1722,2023-12-25,9,1,new,Wrong item,eligible,843,Urban Outfitters,Dresses,20.0,1.54,1,480
2483,2475,2025-01-26,23,1,tried-on,Defective,ineligible,1231,Chanel,Dresses,1573.76,0.0,0,448
2484,11100,2025-05-24,25,1,new,Changed mind,eligible,5550,Urban Outfitters,Home,38.36,0.0,0,645
2485,570,2025-09-17,57,1,new,Changed mind,ineligible,277,Prada,Bags,2435.33,0.0,0,294
2486,15479,2025-09-27,34,1,new,Too small,ineligible,7755,Gucci,Lingerie,775.27,0.0,0,851
2487,11074,2024-11-26,40,1,new,Defective,ineligible,5537,Chanel,Accessories,908.87,0.0,0,1493
2488,246,2025-11-10,5,1,new,Too large,eligible,114,Loewe,Jeans,1824.76,437.57,1,876
2489,1873,2025-02-25,50,1,damaged,Wrong item,ineligible,923,H&M,Home,49.86,13.8,1,1092
2490,14489,2025-02-16,54,1,worn,Too small,ineligible,7261,Shein,Dresses,26.05,6.06,1,192
2491,6117,2024-03-11,13,1,new,Too large,ineligible,3057,Girlfriend Collective,Beauty,99.41,0.0,0,114
2492,13845,2024-04-29,45,1,worn,No reason,ineligible,6938,Prada,Tops,2159.32,0.0,0,1224
2493,12466,2024-12-04,22,1,new,Defective,eligible,6244,Shein,Outerwear,20.24,0.0,0,273
2494,14627,2024-10-09,59,1,new,Wrong item,ineligible,7328,Gucci,Bags,2329.95,0.0,0,697
2495,1399,2024-02-24,14,1,tried-on,Too large,eligible,683,Girlfriend Collective,Outerwear,83.85,0.0,0,417
2496,15158,2024-08-20,45,1,new,Too small,ineligible,7588,Urban Outfitters,Outerwear,75.84,0.0,0,190
2497,5762,2024-03-04,6,1,new,Changed mind,eligible,2887,Under Armour,Lingerie,127.07,0.0,0,1152
2498,4128,2024-08-05,6,1,new,Too small,eligible,2075,Prada,Lingerie,479.29,0.0,0,98
2499,6923,2025-05-15,47,1,new,Wrong item,ineligible,3442,Urban Outfitters,Accessories,132.48,0.0,0,1206
2500,7894,2024-10-29,41,1,worn,Changed mind,ineligible,3940,H&M,Footwear,90.62,0.0,0,1171
2501,1701,2024-08-13,47,1,new,Too small,ineligible,831,Urban Outfitters,Footwear,175.43,14.09,1,1333
2502,15947,2024-06-14,44,1,new,Defective,ineligible,7972,Girlfriend Collective,Lingerie,111.22,6.07,1,384
2503,14305,2024-06-19,15,1,new,Defective,eligible,7165,Girlfriend Collective,Outerwear,109.48,0.0,0,373
2504,6711,2025-08-04,1,1,new,Wrong item,eligible,3339,H&M,Swimwear,71.75,0.0,0,1009
2505,4393,2025-10-30,37,1,new,Changed mind,ineligible,2207,Gucci,Dresses,986.03,0.0,0,518
2506,12267,2024-07-04,51,1,new,Wrong item,ineligible,6142,H&M,Footwear,85.37,28.89,1,940
2507,7183,2025-08-31,21,1,tried-on,Too small,needs_review,3574,Loewe,Bags,2247.38,0.0,0,901
2508,13538,2024-07-07,57,1,new,Wrong item,ineligible,6790,H&M,Lingerie,10.0,3.42,1,1192
2509,5230,2023-12-27,45,1,new,Defective,eligible,2628,Under Armour,Tops,72.01,0.0,0,22
2510,4199,2024-02-24,30,1,tried-on,Defective,eligible,2112,Urban Outfitters,Accessories,113.84,0.0,0,1233
2511,7801,2025-11-22,57,1,new,Wrong item,eligible,3891,Under Armour,Home,76.66,23.52,1,809
2512,14873,2024-01-12,30,1,new,No reason,ineligible,7451,Zara,Beauty,58.48,0.0,0,850
2513,15814,2024-08-21,21,1,new,Too large,ineligible,7913,Prada,Beauty,787.09,0.0,0,712
2514,1806,2025-05-16,37,1,new,Too large,ineligible,887,Gucci,Activewear,769.06,0.0,0,923
2515,9569,2025-08-20,46,0,tried-on,Wrong item,needs_review,4757,Under Armour,Dresses,63.7,0.0,0,540
2516,12577,2024-06-10,44,1,new,Wrong item,ineligible,6297,Zara,Accessories,92.07,28.16,1,853
2517,10300,2025-08-29,24,1,tried-on,No reason,eligible,5135,Girlfriend Collective,Footwear,114.57,0.0,0,297
2518,10192,2025-08-09,14,1,new,Defective,eligible,5083,Shein,Outerwear,21.61,3.44,1,563
2519,5717,2025-02-22,46,1,new,No reason,ineligible,2866,Shein,Outerwear,22.8,0.0,0,425
2520,3290,2025-04-27,30,1,damaged,No reason,ineligible,1646,Urban Outfitters,Lingerie,39.95,0.0,0,1041
2521,1894,2023-12-09,11,1,new,Too small,eligible,935,Shein,Activewear,17.83,0.0,0,129
2522,14345,2024-01-21,34,1,new,No reason,needs_review,7186,Girlfriend Collective,Jeans,92.88,0.0,0,1358
2523,12192,2024-12-25,12,1,new,Defective,eligible,6108,Zara,Dresses,74.76,0.0,0,241
2524,2082,2025-05-11,38,1,new,Defective,ineligible,1028,Zara,Footwear,31.67,0.0,0,129
2525,11172,2024-12-25,35,1,new,Defective,ineligible,5587,Loewe,Bags,2145.84,0.0,0,768
2526,1835,2024-04-19,54,1,worn,Wrong item,ineligible,902,Zara,Swimwear,104.46,0.0,0,169
2527,10441,2024-08-12,38,1,new,Too large,ineligible,5205,H&M,Footwear,72.31,0.0,0,1472
2528,6571,2025-07-24,53,1,new,Defective,ineligible,3272,Girlfriend Collective,Tops,70.51,0.0,0,1387
2529,551,2025-06-23,41,1,new,Wrong item,ineligible,268,Loewe,Accessories,671.85,0.0,0,686
2530,13814,2024-12-01,36,1,new,Too large,ineligible,6924,Chanel,Accessories,670.68,0.0,0,957
2531,15757,2024-07-08,45,1,tried-on,Defective,ineligible,7886,Prada,Dresses,1699.62,0.0,0,202
2532,10428,2024-04-20,35,1,new,Too small,ineligible,5199,Prada,Dresses,1419.02,0.0,0,1388
2533,13174,2024-07-20,10,1,new,No reason,eligible,6609,Loewe,Outerwear,3578.29,0.0,0,6
2534,14533,2025-01-18,41,1,new,Wrong item,ineligible,7283,Girlfriend Collective,Tops,86.03,13.09,1,1379
2535,1188,2025-06-30,37,1,tried-on,No reason,eligible,583,Under Armour,Home,109.56,0.0,0,1392
2536,6916,2024-02-28,60,1,tried-on,Too small,eligible,3438,Under Armour,Swimwear,151.67,28.57,1,320
2537,8160,2025-02-18,18,1,tried-on,Wrong item,needs_review,4069,Chanel,Home,695.59,0.0,0,396
2538,9965,2024-04-23,39,1,tried-on,No reason,ineligible,4962,Chanel,Jeans,1678.86,496.44,1,1026
2539,4512,2024-11-01,12,0,damaged,Defective,ineligible,2268,Girlfriend Collective,Swimwear,101.86,0.0,0,306
2540,13040,2025-07-19,21,0,worn,Changed mind,ineligible,6541,Urban Outfitters,Outerwear,84.94,23.43,1,980
2541,6693,2025-08-09,23,1,new,Wrong item,eligible,3329,Zara,Footwear,88.64,28.56,1,1065
2542,15652,2024-08-26,40,1,new,Wrong item,ineligible,7837,Loewe,Outerwear,3001.52,724.78,1,1229
2543,5565,2025-09-09,17,1,new,Too large,needs_review,2795,Chanel,Home,886.73,0.0,0,869
2544,887,2024-01-15,35,1,new,Changed mind,ineligible,435,Loewe,Footwear,515.09,0.0,0,1074
2545,1890,2024-05-21,19,1,new,Too large,ineligible,933,H&M,Beauty,56.15,13.43,1,250
2546,446,2025-08-21,34,1,new,Wrong item,needs_review,215,Urban Outfitters,Home,188.88,12.4,1,85
2547,15052,2025-02-23,10,0,tried-on,Wrong item,needs_review,7534,Zara,Swimwear,44.26,0.0,0,627
2548,2451,2025-10-02,36,0,worn,Too large,ineligible,1219,Gucci,Beauty,621.82,0.0,0,689
2549,14928,2024-10-21,42,1,tried-on,Changed mind,ineligible,7479,Urban Outfitters,Footwear,72.27,21.17,1,44
2550,15007,2025-05-22,35,1,new,Too large,needs_review,7514,Urban Outfitters,Outerwear,106.37,0.0,0,349
2551,8178,2025-05-17,38,1,tried-on,Too large,eligible,4078,Under Armour,Accessories,41.92,0.0,0,262
2552,7797,2025-07-27,53,1,new,Wrong item,ineligible,3889,Chanel,Home,941.18,0.0,0,1447
2553,12982,2025-06-28,60,1,tried-on,Changed mind,ineligible,6509,Shein,Lingerie,5.0,0.0,0,860
2554,8660,2025-10-05,52,1,tried-on,Changed mind,ineligible,4314,Loewe,Tops,1658.83,0.0,0,807
2555,13791,2024-09-08,42,1,new,Defective,ineligible,6913,Zara,Lingerie,56.01,0.0,0,1276
2556,11482,2024-05-31,57,1,tried-on,Too small,ineligible,5737,Urban Outfitters,Bags,88.0,0.0,0,903
2557,14906,2024-03-16,3,0,new,No reason,needs_review,7468,Zara,Jeans,43.82,6.95,1,1346
2558,10547,2025-07-25,35,0,new,Defective,needs_review,5260,Urban Outfitters,Jeans,98.7,0.0,0,409
2559,10728,2024-07-30,17,0,new,No reason,needs_review,5351,Zara,Home,89.7,6.21,1,1284
2560,15848,2024-02-03,47,1,tried-on,Too small,ineligible,7928,Gucci,Activewear,891.43,0.0,0,889
2561,6137,2024-10-08,3,1,new,Too small,eligible,3067,Zara,Footwear,47.98,5.96,1,116
2562,3131,2024-07-30,28,1,new,No reason,ineligible,1573,Gucci,Beauty,1099.09,0.0,0,1143
2563,4394,2025-11-13,51,1,tried-on,No reason,ineligible,2207,Gucci,Footwear,1170.19,0.0,0,518
2564,3953,2025-01-29,46,1,new,Defective,ineligible,1991,Loewe,Outerwear,3745.14,0.0,0,1130
2565,5796,2024-11-15,60,1,damaged,Defective,ineligible,2900,Zara,Dresses,24.56,0.0,0,859
2566,2183,2024-11-17,50,1,new,Defective,ineligible,1081,Urban Outfitters,Dresses,89.11,0.0,0,35
2567,5792,2025-09-24,24,1,new,Too large,eligible,2899,Under Armour,Footwear,146.31,0.0,0,1145
2568,9734,2025-10-08,40,1,new,Too large,ineligible,4843,Gucci,Beauty,855.94,0.0,0,1344
2569,6742,2024-09-24,16,1,new,Changed mind,eligible,3356,Zara,Home,51.91,0.0,0,551
2570,2478,2025-03-31,50,1,new,Too small,ineligible,1232,Shein,Tops,25.54,0.0,0,854
2571,4683,2025-10-11,40,1,new,Changed mind,ineligible,2357,Chanel,Activewear,882.57,0.0,0,911
2572,11064,2024-06-18,0,1,worn,Wrong item,ineligible,5528,H&M,Jeans,74.29,0.0,0,3
2573,6352,2024-05-06,59,1,new,Defective,ineligible,3167,Girlfriend Collective,Swimwear,120.98,0.0,0,1424
2574,11276,2024-04-09,36,1,new,No reason,ineligible,5638,Loewe,Lingerie,614.53,0.0,0,673
2575,11025,2025-02-09,27,1,worn,Wrong item,ineligible,5506,Gucci,Accessories,480.8,0.0,0,1483
2576,7966,2025-02-26,32,1,new,Changed mind,needs_review,3975,Urban Outfitters,Tops,88.4,0.0,0,777
2577,525,2025-05-02,43,1,tried-on,No reason,ineligible,254,Urban Outfitters,Tops,71.34,19.11,1,1094
2578,12417,2025-11-08,15,1,new,Changed mind,eligible,6219,H&M,Lingerie,59.84,0.0,0,766
2579,9076,2024-12-01,10,1,new,Too large,eligible,4520,Shein,Bags,18.64,4.62,1,550
2580,528,2024-01-11,9,1,new,Too small,eligible,255,Loewe,Home,604.97,0.0,0,905
2581,2396,2025-04-11,11,1,worn,No reason,ineligible,1192,Girlfriend Collective,Home,59.38,0.0,0,868
2582,3863,2025-01-18,19,1,new,Too small,eligible,1946,Zara,Outerwear,37.8,0.0,0,16
2583,8947,2025-06-08,50,1,worn,No reason,ineligible,4451,Urban Outfitters,Bags,47.8,7.42,1,1102
2584,12696,2025-11-06,59,1,new,Too small,ineligible,6361,Prada,Footwear,1217.1,0.0,0,579
2585,5103,2024-02-26,8,1,tried-on,Too small,eligible,2560,Loewe,Accessories,636.12,0.0,0,19
2586,8768,2025-08-07,52,1,new,Too large,ineligible,4372,Shein,Accessories,40.65,0.0,0,268
2587,1378,2025-07-21,16,0,new,No reason,needs_review,671,H&M,Activewear,59.13,0.0,0,1033
2588,9085,2025-11-14,31,1,worn,No reason,ineligible,4523,Chanel,Bags,8999.3,0.0,0,864
2589,14954,2025-08-20,49,1,new,Defective,ineligible,7491,H&M,Swimwear,41.88,0.0,0,500
2590,7789,2024-12-06,35,1,worn,Too small,ineligible,3885,Loewe,Home,336.92,0.0,0,297
2591,7256,2024-02-04,34,0,new,Defective,needs_review,3611,H&M,Bags,57.14,0.0,0,409
2592,9947,2025-01-16,52,0,new,Changed mind,ineligible,4950,Girlfriend Collective,Beauty,108.9,27.58,1,269
2593,12631,2024-11-22,16,1,new,Wrong item,needs_review,6325,Gucci,Outerwear,3698.22,0.0,0,372
2594,13586,2025-10-25,5,1,new,Wrong item,eligible,6815,Zara,Home,22.32,0.0,0,1206
2595,15091,2024-10-10,35,1,new,No reason,needs_review,7552,Zara,Swimwear,52.38,0.0,0,750
2596,4944,2025-01-09,4,1,new,Too small,eligible,2481,Prada,Lingerie,933.24,0.0,0,705
2597,11574,2024-01-04,30,0,new,Too small,ineligible,5791,Gucci,Tops,1630.65,0.0,0,703
2598,7476,2025-06-06,7,0,new,Too small,needs_review,3723,Gucci,Lingerie,437.57,0.0,0,727
2599,6688,2025-09-06,59,1,new,Too small,ineligible,3327,Prada,Footwear,878.67,0.0,0,139
2600,11523,2025-12-25,49,1,tried-on,Too large,ineligible,5760,Girlfriend Collective,Activewear,46.91,0.0,0,321
2601,2678,2024-12-19,60,1,damaged,Defective,ineligible,1341,Zara,Beauty,44.23,0.0,0,571
2602,4350,2024-11-25,40,1,worn,Too large,ineligible,2188,Girlfriend Collective,Beauty,50.21,0.0,0,113
2603,4071,2024-04-23,5,1,worn,No reason,ineligible,2047,Prada,Dresses,1721.47,0.0,0,680
2604,12204,2025-12-01,46,1,tried-on,Too small,ineligible,6113,H&M,Outerwear,63.36,0.0,0,583
2605,4474,2025-10-06,18,1,new,Defective,eligible,2245,Zara,Jeans,77.61,0.0,0,1388
2606,12981,2025-06-09,41,1,new,No reason,ineligible,6509,Shein,Outerwear,20.29,0.0,0,860
2607,5063,2025-09-19,42,1,new,Changed mind,ineligible,2540,Gucci,Dresses,1002.96,0.0,0,1069
2608,9551,2024-11-18,17,1,worn,Too large,ineligible,4749,Gucci,Bags,2919.28,0.0,0,95
2609,11687,2024-12-18,33,1,new,Changed mind,ineligible,5845,Gucci,Beauty,683.62,0.0,0,208
2610,15017,2025-04-18,9,1,new,No reason,eligible,7518,Girlfriend Collective,Dresses,49.46,0.0,0,961
2611,2310,2024-10-23,36,1,tried-on,Too large,eligible,1149,Under Armour,Accessories,112.29,0.0,0,485
2612,1660,2024-10-01,44,1,new,Wrong item,ineligible,811,Zara,Home,62.03,0.0,0,1475
2613,12538,2024-11-06,0,1,tried-on,Changed mind,eligible,6278,Zara,Home,19.44,0.0,0,909
2614,12124,2025-07-12,34,0,tried-on,Too large,ineligible,6075,Urban Outfitters,Beauty,83.14,0.0,0,1211
2615,4682,2024-05-01,11,1,new,Too large,ineligible,2356,Zara,Beauty,108.86,0.0,0,736
2616,10394,2024-07-01,46,0,new,Wrong item,ineligible,5184,Urban Outfitters,Accessories,60.27,0.0,0,1278
2617,11952,2024-03-26,2,1,new,Changed mind,eligible,5986,Prada,Bags,2361.15,0.0,0,46
2618,7827,2025-09-13,16,1,damaged,Defective,ineligible,3905,H&M,Swimwear,44.37,0.0,0,967
2619,1497,2024-10-11,57,1,new,Defective,ineligible,730,Prada,Swimwear,625.97,0.0,0,874
2620,6860,2024-10-13,33,1,tried-on,No reason,eligible,3412,Under Armour,Home,123.86,0.0,0,44
2621,8796,2024-08-14,50,1,tried-on,Too large,eligible,4384,Under Armour,Home,107.67,0.0,0,310
2622,2559,2025-09-13,1,1,new,No reason,eligible,1279,Zara,Accessories,94.83,0.0,0,651
2623,8848,2024-05-05,37,1,new,No reason,needs_review,4407,Girlfriend Collective,Footwear,87.06,18.42,1,1234
2624,12913,2024-07-19,20,1,new,Too large,ineligible,6472,Zara,Beauty,71.54,0.0,0,1101
2625,2035,2024-01-20,17,1,new,Changed mind,needs_review,1007,Chanel,Footwear,905.63,0.0,0,754
2626,14550,2024-09-05,36,0,new,Changed mind,needs_review,7291,Under Armour,Accessories,61.61,0.0,0,861
2627,11638,2024-10-12,1,1,new,No reason,eligible,5822,Urban Outfitters,Jeans,20.0,2.75,1,135
2628,8451,2023-12-08,25,1,new,Wrong item,eligible,4209,Zara,Lingerie,56.8,0.0,0,362
2629,15686,2024-11-07,1,1,tried-on,Changed mind,eligible,7853,Prada,Home,677.8,0.0,0,792
2630,11074,2024-11-03,17,1,tried-on,No reason,needs_review,5537,Chanel,Accessories,908.87,0.0,0,1493
2631,3503,2024-08-09,28,1,tried-on,No reason,ineligible,1757,Gucci,Swimwear,604.02,0.0,0,1009
2632,6964,2023-12-19,18,1,tried-on,Changed mind,eligible,3462,Shein,Jeans,17.16,0.0,0,838
2633,6276,2025-02-15,4,1,tried-on,Too small,ineligible,3131,Gucci,Beauty,558.8,0.0,0,179
2634,11491,2024-08-11,28,1,new,Wrong item,eligible,5742,Zara,Accessories,67.7,0.0,0,835
2635,14459,2025-09-22,53,1,new,Too large,ineligible,7245,Zara,Swimwear,60.27,0.0,0,479
2636,223,2024-01-18,52,1,tried-on,No reason,ineligible,104,Loewe,Outerwear,3550.69,0.0,0,826
2637,13001,2024-01-06,32,0,new,Defective,needs_review,6517,Girlfriend Collective,Lingerie,71.14,0.0,0,1172
2638,8403,2024-01-20,10,1,new,Wrong item,eligible,4187,Loewe,Jeans,1125.57,0.0,0,431
2639,15719,2024-01-25,5,1,new,Defective,eligible,7868,Zara,Bags,50.62,17.08,1,624
2640,340,2024-10-01,15,1,new,Too large,eligible,160,Zara,Jeans,52.64,0.0,0,154
2641,10414,2024-09-06,23,1,new,Too large,eligible,5193,Urban Outfitters,Dresses,57.31,0.0,0,520
2642,6088,2025-03-13,2,1,new,No reason,ineligible,3044,Girlfriend Collective,Beauty,111.94,0.0,0,369
2643,758,2025-05-06,40,1,tried-on,No reason,ineligible,371,Zara,Beauty,45.81,0.0,0,515
2644,1664,2025-06-08,7,1,tried-on,Defective,eligible,814,Urban Outfitters,Lingerie,105.56,0.0,0,477
2645,5755,2024-09-17,47,1,worn,Defective,ineligible,2884,Prada,Accessories,540.91,0.0,0,78
2646,963,2024-09-21,33,1,new,No reason,ineligible,472,Gucci,Beauty,665.18,0.0,0,1484
2647,1115,2024-08-09,45,1,new,Defective,ineligible,548,Shein,Tops,27.95,0.0,0,311
2648,10273,2024-05-28,19,1,new,Defective,needs_review,5123,Prada,Tops,772.44,0.0,0,834
2649,6718,2024-02-28,16,1,new,Defective,eligible,3344,Under Armour,Home,94.27,0.0,0,986
2650,12934,2024-11-09,2,1,tried-on,Too large,ineligible,6486,Under Armour,Beauty,56.41,7.98,1,361
2651,12314,2025-02-17,56,0,new,Too small,needs_review,6168,Under Armour,Activewear,127.67,0.0,0,671
2652,8071,2025-04-19,46,1,tried-on,Too small,ineligible,4024,H&M,Accessories,86.08,13.28,1,1153
2653,1980,2024-11-21,7,1,new,Wrong item,eligible,979,Zara,Accessories,108.68,0.0,0,1022
2654,15965,2024-05-24,30,1,new,Too small,eligible,7981,Zara,Outerwear,46.26,14.48,1,360
2655,9658,2025-08-01,40,1,new,Wrong item,ineligible,4808,H&M,Outerwear,44.87,0.0,0,1268
2656,2046,2025-02-02,30,1,new,Too large,eligible,1011,Urban Outfitters,Footwear,20.0,2.09,1,465
2657,12098,2025-08-25,52,0,tried-on,Changed mind,ineligible,6062,Under Armour,Beauty,76.61,0.0,0,1233
2658,1510,2025-11-30,54,1,new,Wrong item,ineligible,738,H&M,Beauty,86.95,11.31,1,217
2659,1155,2025-02-12,5,1,tried-on,Defective,eligible,569,Urban Outfitters,Jeans,43.34,0.0,0,235
2660,3952,2025-03-23,48,1,tried-on,Too small,ineligible,1990,H&M,Activewear,64.03,0.0,0,1442
2661,7892,2024-09-18,0,1,tried-on,Defective,eligible,3940,H&M,Lingerie,75.93,0.0,0,1171
2662,4567,2024-03-13,16,1,worn,No reason,ineligible,2298,Under Armour,Accessories,98.02,0.0,0,1275
2663,9546,2023-11-21,9,1,new,Changed mind,eligible,4747,H&M,Lingerie,88.21,0.0,0,876
2664,12424,2024-10-25,11,1,tried-on,Too large,eligible,6222,H&M,Lingerie,62.07,17.63,1,785
2665,7851,2024-07-15,40,1,tried-on,Too large,ineligible,3919,Urban Outfitters,Bags,22.43,4.48,1,1159
2666,8416,2024-01-18,36,0,new,Changed mind,ineligible,4193,Gucci,Beauty,629.27,0.0,0,126
2667,2677,2024-11-04,15,1,new,Too large,eligible,1341,Zara,Outerwear,20.43,0.0,0,571
2668,3293,2024-04-08,19,1,new,Too large,ineligible,1649,Girlfriend Collective,Beauty,86.4,0.0,0,128
2669,784,2025-01-03,46,1,tried-on,Defective,eligible,386,Under Armour,Accessories,115.34,20.54,1,373
2670,1833,2024-12-30,23,1,tried-on,Too large,eligible,901,Under Armour,Bags,135.55,0.0,0,1272
2671,6017,2025-05-24,7,1,new,No reason,eligible,3012,Under Armour,Outerwear,91.85,0.0,0,278
2672,9289,2024-10-19,49,1,new,Too large,ineligible,4623,H&M,Footwear,10.0,0.0,0,372
2673,10244,2024-09-06,28,1,new,No reason,eligible,5109,Shein,Bags,41.39,0.0,0,473
2674,2489,2025-09-26,40,1,worn,Too small,ineligible,1239,Loewe,Tops,1828.64,531.19,1,870
2675,13880,2024-12-10,38,1,new,Too large,ineligible,6954,Girlfriend Collective,Jeans,61.43,0.0,0,579
2676,230,2024-09-05,32,1,new,Changed mind,needs_review,107,Girlfriend Collective,Lingerie,30.0,7.87,1,1337
2677,11511,2025-09-21,50,1,tried-on,No reason,ineligible,5753,Zara,Tops,56.01,0.0,0,492
2678,15858,2024-06-27,0,1,new,Too small,eligible,7932,Under Armour,Accessories,143.96,0.0,0,52
2679,15859,2024-03-19,60,1,worn,Defective,ineligible,7933,Shein,Outerwear,24.93,0.0,0,1480
2680,5714,2024-11-01,34,1,new,Too large,eligible,2864,Under Armour,Jeans,70.77,22.04,1,1335
2681,6036,2024-11-01,19,1,new,Too large,needs_review,3020,Prada,Swimwear,694.2,0.0,0,536
2682,14993,2024-02-05,46,1,new,Changed mind,ineligible,7508,Gucci,Bags,2283.45,0.0,0,1088
2683,9685,2024-07-05,9,1,new,No reason,eligible,4819,Shein,Jeans,13.38,3.04,1,516
2684,4378,2025-04-27,42,1,new,Wrong item,ineligible,2199,Urban Outfitters,Accessories,41.97,0.0,0,1000
2685,7469,2025-08-28,15,0,new,No reason,needs_review,3720,Shein,Outerwear,30.16,0.0,0,383
2686,980,2025-03-10,5,1,new,Defective,eligible,481,Loewe,Tops,832.91,0.0,0,85
2687,4972,2025-08-26,59,1,tried-on,Defective,ineligible,2494,Urban Outfitters,Beauty,50.39,0.0,0,1368
2688,15111,2025-03-09,0,1,new,Too large,eligible,7563,Prada,Jeans,1385.48,0.0,0,12
2689,5968,2025-09-30,49,1,new,Changed mind,ineligible,2989,Loewe,Bags,1808.37,0.0,0,1048
2690,770,2024-05-22,28,1,new,Too small,eligible,377,Urban Outfitters,Outerwear,87.42,0.0,0,1
2691,10144,2024-10-12,53,1,new,Defective,ineligible,5060,Under Armour,Beauty,90.93,0.0,0,1286
2692,9516,2024-11-22,58,1,new,Defective,ineligible,4731,Gucci,Activewear,777.22,0.0,0,1279
2693,3317,2025-06-10,2,1,new,Wrong item,eligible,1662,Urban Outfitters,Activewear,61.85,0.0,0,1143
2694,13617,2024-03-03,16,1,new,Changed mind,eligible,6828,Urban Outfitters,Bags,132.71,38.28,1,1490
2695,4917,2024-07-14,5,1,worn,Wrong item,ineligible,2466,Under Armour,Bags,124.22,35.93,1,225
2696,12969,2025-09-21,27,0,new,Defective,ineligible,6503,Loewe,Footwear,607.23,0.0,0,1266
2697,8741,2025-01-22,34,1,tried-on,Wrong item,eligible,4358,Under Armour,Home,102.21,0.0,0,1407
2698,9258,2025-10-30,18,1,new,Wrong item,eligible,4607,Urban Outfitters,Dresses,81.48,0.0,0,1044
2699,12467,2024-12-24,42,0,new,Too large,ineligible,6244,Shein,Tops,15.47,0.0,0,273
2700,11999,2025-02-01,18,1,new,Too small,eligible,6010,H&M,Accessories,84.33,0.0,0,780
2701,4332,2024-12-25,46,1,new,Changed mind,ineligible,2182,H&M,Jeans,81.74,0.0,0,1388
2702,9608,2024-08-17,44,1,new,No reason,ineligible,4780,Prada,Tops,2500.0,0.0,0,24
2703,5501,2025-09-11,6,0,new,Wrong item,needs_review,2761,Urban Outfitters,Bags,105.96,7.69,1,1316
2704,7027,2025-09-28,49,1,new,Changed mind,eligible,3494,Under Armour,Outerwear,91.36,0.0,0,1324
2705,13935,2025-01-06,24,1,new,Defective,eligible,6985,Urban Outfitters,Footwear,96.19,0.0,0,583
2706,10778,2024-05-01,14,1,new,Defective,ineligible,5375,Gucci,Beauty,672.24,0.0,0,641
2707,14628,2025-01-07,33,1,new,Wrong item,ineligible,7329,Prada,Activewear,300.0,0.0,0,401
2708,9761,2025-10-16,49,1,new,Defective,ineligible,4855,H&M,Dresses,104.84,0.0,0,449
2709,10038,2025-12-07,58,1,new,Changed mind,ineligible,5003,Girlfriend Collective,Beauty,94.47,0.0,0,230
2710,2976,2024-08-03,8,0,new,No reason,needs_review,1487,Loewe,Lingerie,914.15,0.0,0,1163
2711,10997,2024-07-29,53,1,worn,Too large,ineligible,5491,Under Armour,Accessories,92.73,0.0,0,161
2712,9105,2024-01-29,17,1,new,Changed mind,eligible,4535,Under Armour,Home,56.38,0.0,0,187
2713,10500,2024-06-25,17,1,new,Defective,eligible,5233,Zara,Home,77.23,23.49,1,1418
2714,8057,2024-09-25,56,1,new,Too small,ineligible,4019,Loewe,Beauty,889.74,0.0,0,578
2715,3529,2025-10-09,54,1,new,Too large,ineligible,1772,H&M,Tops,18.44,0.0,0,229
2716,3121,2025-10-06,20,1,tried-on,Defective,eligible,1567,Girlfriend Collective,Tops,44.99,0.0,0,1494
2717,712,2024-06-23,58,0,new,Wrong item,ineligible,346,Zara,Outerwear,63.24,8.68,1,432
2718,6800,2025-04-04,49,1,new,Too small,ineligible,3384,Urban Outfitters,Home,160.6,0.0,0,527
2719,3517,2024-02-08,13,1,tried-on,Too large,eligible,1766,Zara,Footwear,71.1,0.0,0,780
2720,9218,2025-04-29,2,1,new,Defective,eligible,4588,Zara,Footwear,84.71,0.0,0,694
2721,7993,2025-03-16,58,0,new,Changed mind,ineligible,3987,Zara,Jeans,31.43,0.0,0,1008
2722,5025,2024-06-21,37,1,tried-on,Defective,ineligible,2519,Loewe,Footwear,1239.46,0.0,0,348
2723,12917,2025-10-31,30,1,tried-on,No reason,eligible,6474,Zara,Tops,55.64,0.0,0,1002
2724,7127,2024-01-18,31,1,new,Too large,needs_review,3547,Zara,Accessories,31.91,0.0,0,76
2725,9176,2024-11-03,28,1,tried-on,Changed mind,ineligible,4568,Gucci,Lingerie,781.53,0.0,0,327
2726,685,2025-07-28,7,0,new,Wrong item,needs_review,333,Under Armour,Activewear,83.51,0.0,0,926
2727,13512,2024-10-23,10,1,tried-on,Too small,eligible,6775,Prada,Tops,1975.5,0.0,0,1403
2728,6423,2025-04-04,0,1,new,Wrong item,eligible,3198,Loewe,Swimwear,864.32,157.41,1,634
2729,2239,2024-07-29,2,1,new,Wrong item,eligible,1109,Zara,Swimwear,54.14,0.0,0,247
2730,10904,2024-02-08,4,1,new,Defective,eligible,5442,Prada,Jeans,1403.93,0.0,0,700
2731,5520,2025-12-03,55,1,new,Defective,ineligible,2771,Loewe,Accessories,449.99,0.0,0,1115
2732,2480,2025-05-11,5,1,new,Too small,eligible,1234,Gucci,Outerwear,4187.25,0.0,0,1327
2733,9704,2025-10-18,5,1,new,Changed mind,eligible,4827,Prada,Activewear,664.21,0.0,0,314
2734,7805,2025-01-06,7,1,tried-on,No reason,eligible,3893,Shein,Tops,32.01,0.0,0,1231
2735,10816,2024-03-30,33,0,tried-on,Too large,ineligible,5395,Chanel,Footwear,799.16,0.0,0,855
2736,3574,2024-04-30,16,1,new,Too small,eligible,1794,Shein,Swimwear,26.62,0.0,0,196
2737,15708,2025-01-26,6,1,new,Too small,eligible,7863,H&M,Activewear,45.49,10.99,1,983
2738,15822,2024-10-05,0,1,tried-on,Wrong item,eligible,7916,Under Armour,Accessories,55.11,0.0,0,788
2739,9447,2025-09-25,21,1,new,Too small,eligible,4699,Urban Outfitters,Jeans,104.93,25.02,1,1147
2740,2216,2025-01-26,24,1,tried-on,Changed mind,ineligible,1096,Loewe,Beauty,758.75,0.0,0,884
2741,11748,2025-09-11,23,1,new,Too small,ineligible,5879,Loewe,Dresses,1481.74,0.0,0,1450
2742,7464,2023-11-28,14,0,worn,Too large,ineligible,3718,Zara,Jeans,10.0,2.85,1,177
2743,2980,2025-09-05,10,1,new,Changed mind,eligible,1490,Zara,Jeans,10.0,0.0,0,1045
2744,12025,2024-11-12,2,1,new,Too small,eligible,6023,Gucci,Swimwear,886.86,0.0,0,915
2745,14155,2025-04-25,30,1,tried-on,Too small,ineligible,7095,Prada,Dresses,2134.67,0.0,0,534
2746,11513,2025-02-11,52,1,new,Wrong item,ineligible,5754,Urban Outfitters,Outerwear,79.38,13.74,1,850
2747,6224,2024-02-02,59,1,new,No reason,eligible,3109,Under Armour,Footwear,81.09,0.0,0,725
2748,3983,2025-08-24,2,1,new,Wrong item,eligible,2006,Shein,Tops,23.02,7.08,1,34
2749,12684,2024-05-25,49,1,new,Changed mind,ineligible,6354,Urban Outfitters,Bags,126.07,37.51,1,1105
2750,4933,2024-04-21,40,1,new,Too small,ineligible,2474,Shein,Activewear,22.45,0.0,0,1443
2751,13060,2025-03-21,2,1,tried-on,No reason,eligible,6550,Under Armour,Outerwear,113.04,0.0,0,1132
2752,6390,2025-02-01,52,1,new,No reason,ineligible,3184,Girlfriend Collective,Lingerie,49.55,4.72,1,65
2753,2925,2025-09-30,35,1,tried-on,Changed mind,ineligible,1464,Loewe,Footwear,624.44,0.0,0,431
2754,8076,2025-09-03,27,0,tried-on,No reason,ineligible,4027,Prada,Activewear,733.81,0.0,0,235
2755,13375,2025-03-15,35,1,new,Defective,ineligible,6707,Prada,Dresses,1715.34,209.57,1,46
2756,544,2024-10-23,52,1,new,Too large,ineligible,264,Prada,Dresses,1292.26,0.0,0,815
2757,43,2025-09-15,1,1,new,Too small,eligible,19,Zara,Dresses,70.12,12.21,1,36
2758,9193,2024-05-16,4,1,tried-on,Changed mind,eligible,4576,Loewe,Swimwear,714.2,0.0,0,1021
2759,5708,2024-05-16,55,1,new,Changed mind,ineligible,2862,Urban Outfitters,Tops,81.62,0.0,0,1460
2760,66,2025-08-18,4,1,new,Too small,eligible,28,Chanel,Lingerie,522.38,0.0,0,579
2761,120,2025-04-15,17,1,tried-on,Changed mind,eligible,53,H&M,Lingerie,10.0,0.0,0,943
2762,13226,2024-02-16,40,1,new,Wrong item,ineligible,6636,Urban Outfitters,Dresses,102.95,0.0,0,604
2763,9571,2024-06-06,8,1,new,Too small,eligible,4758,Loewe,Swimwear,1011.3,0.0,0,513
2764,10289,2025-03-15,14,1,worn,No reason,ineligible,5131,Prada,Dresses,1994.69,0.0,0,845
2765,15493,2024-09-28,55,1,new,Defective,eligible,7761,Under Armour,Tops,88.05,0.0,0,1048
2766,3871,2023-11-23,2,0,new,Too small,needs_review,1951,Loewe,Home,836.18,0.0,0,1289
2767,9922,2025-04-05,56,1,tried-on,Too large,ineligible,4936,H&M,Activewear,70.01,0.0,0,1490
2768,657,2024-07-13,38,1,new,Changed mind,ineligible,319,Urban Outfitters,Footwear,93.85,0.0,0,459
2769,14045,2024-06-07,53,1,tried-on,Changed mind,ineligible,7041,H&M,Activewear,24.49,3.99,1,558
2770,11516,2025-02-13,28,1,new,Changed mind,eligible,5755,Under Armour,Footwear,114.27,0.0,0,678
2771,7718,2024-02-19,19,1,new,Changed mind,needs_review,3847,Chanel,Home,712.42,0.0,0,1388
2772,216,2025-10-28,41,1,new,Wrong item,ineligible,99,H&M,Beauty,43.34,0.0,0,720
2773,7714,2025-04-08,50,1,new,Too large,ineligible,3844,Girlfriend Collective,Lingerie,89.26,0.0,0,707
2774,420,2024-11-07,27,1,tried-on,No reason,ineligible,202,Chanel,Accessories,443.44,0.0,0,1176
2775,10560,2024-07-28,41,1,tried-on,Too large,ineligible,5268,Gucci,Home,844.47,0.0,0,692
2776,5323,2025-11-14,40,1,new,Changed mind,eligible,2671,Under Armour,Bags,76.28,0.0,0,488
2777,12982,2025-05-01,2,1,new,No reason,eligible,6509,Shein,Lingerie,5.0,0.0,0,860
2778,5582,2023-11-19,4,1,new,No reason,eligible,2803,Loewe,Activewear,446.28,0.0,0,366
2779,7986,2025-09-27,54,1,new,Too large,ineligible,3984,Shein,Jeans,15.65,0.88,1,159
2780,11347,2024-06-12,27,1,new,Changed mind,eligible,5675,Girlfriend Collective,Jeans,117.05,0.0,0,483
2781,14187,2024-06-18,11,1,tried-on,Too large,ineligible,7109,Urban Outfitters,Beauty,38.78,0.0,0,157
2782,5095,2024-01-15,34,1,worn,No reason,ineligible,2556,Prada,Lingerie,724.17,0.0,0,329
2783,6463,2024-11-25,18,1,worn,Defective,ineligible,3221,Under Armour,Footwear,95.97,0.0,0,840
2784,4299,2024-03-16,11,1,new,Too large,eligible,2164,Gucci,Accessories,659.2,0.0,0,377
2785,4363,2023-12-21,37,1,new,No reason,ineligible,2194,Zara,Beauty,20.17,0.0,0,1449
2786,10792,2024-10-23,18,1,new,Defective,eligible,5382,Shein,Bags,27.48,0.0,0,1493
2787,8528,2025-08-09,29,1,new,Too large,ineligible,4251,Loewe,Footwear,1208.77,0.0,0,61
2788,8626,2024-01-14,54,1,new,Defective,ineligible,4297,Girlfriend Collective,Swimwear,73.41,9.49,1,158
2789,13692,2025-07-25,43,1,new,Wrong item,ineligible,6867,Zara,Home,65.19,0.0,0,1296
2790,6075,2024-06-25,54,1,new,Too small,ineligible,3039,Urban Outfitters,Activewear,108.27,0.0,0,210
2791,12956,2024-03-20,28,1,new,Too small,ineligible,6495,Prada,Accessories,665.26,0.0,0,355
2792,710,2024-05-23,27,1,new,Too large,eligible,346,Zara,Swimwear,105.29,31.37,1,432
2793,4825,2024-05-11,18,0,tried-on,Too large,needs_review,2422,Zara,Activewear,70.78,0.0,0,1263
2794,2836,2024-02-27,27,1,new,Wrong item,eligible,1421,Zara,Jeans,57.71,0.0,0,1294
2795,4095,2025-05-30,9,1,new,No reason,eligible,2059,H&M,Lingerie,50.76,0.0,0,1474
2796,12510,2024-08-17,28,1,tried-on,Changed mind,eligible,6265,Zara,Bags,20.84,1.39,1,371
2797,10690,2025-08-01,37,1,new,Changed mind,needs_review,5330,Zara,Home,63.14,3.45,1,634
2798,2550,2024-10-30,50,0,new,Wrong item,ineligible,1274,Prada,Jeans,1708.46,507.36,1,303
2799,8476,2025-12-09,53,1,new,No reason,eligible,4222,Under Armour,Outerwear,83.87,25.77,1,436
2800,956,2025-01-10,37,1,new,No reason,ineligible,469,Loewe,Activewear,775.73,0.0,0,180
2801,2248,2025-04-09,14,1,new,Changed mind,eligible,1114,Under Armour,Accessories,98.9,0.0,0,769
2802,13224,2024-01-30,23,1,new,Too large,eligible,6636,Urban Outfitters,Footwear,61.85,0.0,0,604
2803,14155,2025-05-20,55,0,new,Defective,ineligible,7095,Prada,Dresses,2134.67,0.0,0,534
2804,10766,2024-12-28,11,1,tried-on,Too small,eligible,5369,Zara,Activewear,39.74,3.92,1,1255
2805,7997,2024-03-04,14,1,new,Too small,eligible,3989,Gucci,Swimwear,782.5,0.0,0,1264
2806,13233,2024-07-22,56,1,new,Wrong item,ineligible,6640,Shein,Jeans,37.22,0.0,0,203
2807,2435,2023-12-11,24,1,new,Too small,ineligible,1211,Loewe,Lingerie,1015.48,0.0,0,194
2808,4085,2024-05-30,25,1,new,Too small,ineligible,2054,Loewe,Tops,1060.76,0.0,0,1197
2809,2382,2024-09-21,0,1,tried-on,Too large,eligible,1184,Loewe,Accessories,777.86,0.0,0,627
2810,4298,2024-03-11,6,1,tried-on,No reason,eligible,2164,Gucci,Activewear,1003.87,0.0,0,377
2811,4734,2025-02-20,58,1,worn,Defective,ineligible,2381,Zara,Outerwear,90.11,0.0,0,921
2812,5979,2025-07-01,44,1,new,Too large,ineligible,2995,H&M,Dresses,39.87,0.0,0,1409
2813,3388,2025-06-08,7,1,new,No reason,eligible,1698,Loewe,Jeans,1554.77,0.0,0,974
2814,6232,2024-04-20,25,1,new,Too large,ineligible,3112,Chanel,Dresses,1060.29,0.0,0,83
2815,15430,2025-10-21,2,1,new,Too small,eligible,7729,Shein,Tops,5.0,0.65,1,328
2816,8910,2024-04-03,9,1,new,Wrong item,eligible,4436,Prada,Activewear,681.95,0.0,0,279
2817,12154,2025-03-13,52,1,new,No reason,ineligible,6088,Girlfriend Collective,Accessories,86.25,0.0,0,146
2818,10693,2024-05-25,18,1,new,Defective,needs_review,5332,Prada,Home,712.1,0.0,0,635
2819,12633,2024-12-28,52,1,tried-on,Changed mind,ineligible,6325,Gucci,Accessories,515.51,0.0,0,372
2820,14814,2024-09-24,8,1,new,Wrong item,eligible,7423,Loewe,Lingerie,733.53,0.0,0,427
2821,3566,2024-07-14,41,1,new,Changed mind,eligible,1789,Under Armour,Lingerie,77.83,0.0,0,900
2822,12425,2024-11-23,40,0,tried-on,Defective,ineligible,6222,H&M,Tops,56.35,0.0,0,785
2823,9516,2024-10-25,30,0,new,No reason,ineligible,4731,Gucci,Activewear,777.22,0.0,0,1279
2824,10622,2024-11-09,22,1,tried-on,Changed mind,eligible,5298,Under Armour,Activewear,38.47,13.41,1,109
2825,8552,2025-06-28,15,1,tried-on,Changed mind,needs_review,4265,Loewe,Swimwear,1041.4,0.0,0,1335
2826,11162,2024-02-10,10,1,tried-on,No reason,eligible,5582,Chanel,Outerwear,3467.3,0.0,0,858
2827,15776,2024-07-07,50,1,new,Defective,eligible,7895,Under Armour,Swimwear,151.17,0.0,0,1049
2828,11126,2025-07-27,24,1,tried-on,Too large,ineligible,5565,Chanel,Accessories,600.51,0.0,0,269
2829,1064,2024-03-16,38,1,new,Defective,ineligible,520,Urban Outfitters,Home,77.36,0.0,0,700
2830,8351,2025-06-25,42,1,worn,Changed mind,ineligible,4164,Girlfriend Collective,Home,99.42,0.0,0,529
2831,11163,2024-11-09,10,1,tried-on,Too large,eligible,5583,Under Armour,Swimwear,129.2,0.0,0,102
2832,9431,2024-08-18,33,1,new,Defective,needs_review,4691,Zara,Tops,32.09,0.0,0,343
2833,2017,2025-06-28,8,1,new,Too large,eligible,999,Prada,Tops,1204.81,0.0,0,1070
2834,11830,2024-02-07,9,0,tried-on,Too large,needs_review,5924,H&M,Swimwear,47.54,0.0,0,1044
2835,5287,2024-12-10,5,1,new,Too small,eligible,2656,Girlfriend Collective,Outerwear,68.74,0.0,0,1439
2836,12499,2024-09-02,35,1,new,Wrong item,needs_review,6260,Urban Outfitters,Tops,85.38,0.0,0,1285
2837,9662,2024-12-30,19,1,worn,Too small,ineligible,4810,Urban Outfitters,Home,112.71,0.0,0,573
2838,14568,2025-01-20,42,1,new,Too large,ineligible,7299,Gucci,Accessories,760.78,87.6,1,934
2839,12039,2025-12-01,26,1,tried-on,Wrong item,ineligible,6030,Urban Outfitters,Beauty,65.04,0.0,0,1365
2840,10616,2023-11-23,5,1,new,No reason,eligible,5295,Zara,Activewear,73.1,11.27,1,1151
2841,481,2025-01-13,26,1,new,Changed mind,eligible,231,Shein,Outerwear,49.57,4.98,1,795
2842,9386,2025-10-08,8,1,new,Changed mind,eligible,4667,H&M,Swimwear,37.55,8.42,1,877
2843,500,2024-10-21,21,1,new,Defective,eligible,241,Under Armour,Bags,116.52,0.0,0,439
2844,7966,2025-02-15,21,1,new,Too large,eligible,3975,Urban Outfitters,Tops,88.4,0.0,0,777
2845,12902,2025-03-04,35,1,new,Defective,needs_review,6467,Zara,Jeans,45.57,0.0,0,810
2846,11407,2024-12-06,10,1,new,Changed mind,eligible,5702,Loewe,Outerwear,2843.51,0.0,0,432
2847,8855,2024-04-23,47,1,tried-on,Too small,ineligible,4411,Urban Outfitters,Tops,65.47,8.17,1,1485
2848,7647,2023-12-25,21,1,worn,No reason,ineligible,3809,Zara,Bags,45.11,0.0,0,490
2849,14090,2025-08-12,12,1,new,Defective,eligible,7062,H&M,Home,70.37,0.0,0,165
2850,7300,2025-09-24,36,1,new,No reason,needs_review,3632,Zara,Accessories,74.72,14.46,1,590
2851,12074,2024-07-31,15,1,new,Too large,eligible,6049,Zara,Accessories,56.0,7.62,1,588
2852,8463,2024-04-30,24,0,new,Too large,ineligible,4215,Prada,Tops,1877.24,0.0,0,930
2853,6365,2024-01-09,31,1,new,Too small,needs_review,3172,H&M,Outerwear,67.68,0.0,0,510
2854,5387,2025-04-18,7,0,new,No reason,needs_review,2705,Zara,Lingerie,24.82,0.0,0,92
2855,8207,2025-05-10,30,1,tried-on,Changed mind,eligible,4092,Zara,Footwear,31.23,0.0,0,761
2856,1189,2025-07-10,47,1,tried-on,No reason,eligible,583,Under Armour,Accessories,87.76,0.0,0,1392
2857,14788,2025-10-21,26,1,tried-on,Changed mind,eligible,7410,Shein,Tops,30.75,0.0,0,364
2858,8958,2025-08-12,45,0,worn,Too small,ineligible,4455,Prada,Swimwear,858.24,0.0,0,1347
2859,11029,2024-02-17,58,1,damaged,Defective,ineligible,5509,Under Armour,Home,63.06,0.0,0,1124
2860,10560,2024-06-27,10,0,new,Too small,needs_review,5268,Gucci,Home,844.47,0.0,0,692
2861,9504,2025-09-30,7,1,new,No reason,eligible,4727,Shein,Activewear,39.93,13.19,1,430
2862,9116,2025-05-06,45,1,tried-on,No reason,ineligible,4539,Girlfriend Collective,Bags,95.0,0.0,0,1229
2863,14378,2025-02-06,22,1,new,Defective,eligible,7204,H&M,Swimwear,34.15,0.0,0,459
2864,8229,2025-05-05,2,0,new,Too small,ineligible,4104,H&M,Beauty,41.12,0.0,0,1347
2865,1212,2024-04-26,59,1,worn,Wrong item,ineligible,595,Girlfriend Collective,Lingerie,94.47,0.0,0,427
2866,13957,2024-12-25,28,1,tried-on,Changed mind,ineligible,6996,Prada,Accessories,638.17,0.0,0,1092
2867,4731,2025-02-21,47,1,tried-on,No reason,ineligible,2380,Shein,Tops,25.37,6.87,1,710
2868,12339,2025-01-05,3,1,tried-on,Wrong item,eligible,6181,Gucci,Outerwear,3875.9,0.0,0,339
2869,6909,2024-05-11,3,1,tried-on,Too large,eligible,3435,Gucci,Lingerie,894.77,0.0,0,1365
2870,13274,2025-08-24,32,1,tried-on,Changed mind,ineligible,6661,Gucci,Beauty,951.85,0.0,0,572
2871,13077,2024-01-17,26,1,worn,Too large,ineligible,6557,Prada,Lingerie,333.32,0.0,0,14
2872,5916,2024-11-05,9,1,new,Too large,eligible,2963,Urban Outfitters,Tops,53.39,0.0,0,386
2873,3978,2025-10-28,1,1,new,Too large,eligible,2002,H&M,Activewear,51.94,15.97,1,702
2874,781,2024-06-09,2,1,tried-on,Changed mind,eligible,383,Urban Outfitters,Home,107.44,0.0,0,1431
2875,4937,2024-06-04,41,1,new,Too large,ineligible,2477,H&M,Home,73.44,13.2,1,1471
2876,14203,2024-08-15,55,0,new,Wrong item,ineligible,7116,H&M,Swimwear,65.6,20.01,1,1346
2877,3376,2025-02-15,38,1,tried-on,No reason,ineligible,1692,Zara,Accessories,35.66,0.0,0,800
2878,15176,2025-08-07,49,1,damaged,Wrong item,ineligible,7599,Zara,Bags,90.36,28.98,1,233
2879,8825,2025-06-04,37,1,new,Wrong item,ineligible,4397,Gucci,Beauty,940.42,0.0,0,141
2880,13501,2025-02-04,39,1,damaged,No reason,ineligible,6769,Zara,Swimwear,10.72,0.0,0,1194
2881,11677,2025-08-09,45,1,tried-on,Defective,ineligible,5841,Chanel,Beauty,608.52,0.0,0,966
2882,13708,2025-08-24,21,1,new,Changed mind,needs_review,6874,Loewe,Home,786.06,0.0,0,110
2883,9704,2025-11-08,26,1,new,Too small,ineligible,4827,Prada,Activewear,664.21,0.0,0,314
2884,14763,2025-01-07,41,1,new,Too large,ineligible,7398,Girlfriend Collective,Beauty,44.78,0.0,0,1206
2885,7110,2023-12-30,39,1,worn,Too small,ineligible,3537,Urban Outfitters,Tops,90.67,0.0,0,1206
2886,12146,2025-02-09,54,1,tried-on,No reason,eligible,6084,Under Armour,Jeans,77.78,0.0,0,293
2887,11157,2024-07-02,40,1,new,Changed mind,ineligible,5581,Girlfriend Collective,Lingerie,139.12,0.0,0,681
2888,11775,2025-04-05,6,1,new,Too small,eligible,5893,Zara,Home,65.71,0.0,0,832
2889,15767,2024-02-26,8,1,new,Wrong item,eligible,7890,Loewe,Jeans,1720.99,0.0,0,1290
2890,12329,2025-03-13,48,0,tried-on,No reason,ineligible,6177,Shein,Accessories,5.98,1.51,1,650
2891,740,2025-05-14,32,1,new,No reason,ineligible,364,Gucci,Accessories,397.04,0.0,0,1106
2892,11085,2024-11-19,46,1,damaged,Wrong item,ineligible,5544,Prada,Outerwear,4161.7,0.0,0,358
2893,13087,2024-02-05,46,1,new,No reason,ineligible,6563,Under Armour,Beauty,36.11,0.0,0,784
2894,10333,2025-07-28,51,1,new,Too small,ineligible,5150,Shein,Jeans,11.51,0.0,0,187
2895,152,2024-11-26,58,1,new,Wrong item,ineligible,68,Shein,Home,40.34,0.0,0,260
2896,3157,2025-07-26,22,1,worn,Changed mind,ineligible,1586,Under Armour,Accessories,72.66,0.0,0,602
2897,15224,2024-04-15,16,1,tried-on,Changed mind,eligible,7623,Under Armour,Accessories,71.62,7.64,1,466
2898,8465,2025-11-29,58,1,tried-on,Changed mind,ineligible,4216,H&M,Tops,42.51,0.0,0,1327
2899,15465,2025-02-01,50,1,tried-on,No reason,eligible,7749,Under Armour,Tops,117.32,0.0,0,879
2900,6789,2025-06-29,5,1,new,Too large,eligible,3379,Under Armour,Accessories,87.48,0.0,0,388
2901,1975,2025-04-22,55,1,tried-on,Changed mind,ineligible,976,Chanel,Activewear,986.35,0.0,0,712
2902,5770,2024-01-20,0,1,new,Too large,eligible,2890,H&M,Home,46.64,3.86,1,323
2903,4726,2024-07-20,35,1,new,Changed mind,needs_review,2378,Zara,Outerwear,31.79,0.0,0,1474
2904,15851,2025-09-26,39,0,new,Defective,needs_review,7929,Under Armour,Home,70.66,0.0,0,288
2905,1275,2024-01-20,59,1,new,No reason,ineligible,623,Gucci,Home,406.34,0.0,0,418
2906,3295,2024-04-14,25,1,new,Too small,eligible,1649,Girlfriend Collective,Tops,70.68,18.17,1,128
2907,2463,2025-08-22,27,1,new,Changed mind,ineligible,1224,Chanel,Accessories,570.67,0.0,0,515
2908,2233,2024-09-25,2,1,tried-on,Wrong item,eligible,1106,Zara,Outerwear,63.16,8.45,1,154
2909,6632,2024-01-19,28,1,new,Defective,eligible,3304,Zara,Tops,58.5,11.64,1,125
2910,5887,2025-09-07,10,1,new,Changed mind,eligible,2950,Zara,Accessories,29.19,0.0,0,450
2911,7529,2024-06-18,32,1,new,Changed mind,needs_review,3754,Urban Outfitters,Dresses,97.93,0.0,0,999
2912,11507,2024-02-06,21,1,new,Wrong item,needs_review,5751,Gucci,Accessories,706.66,0.0,0,1357
2913,2558,2025-10-29,47,1,new,Too small,ineligible,1279,Zara,Tops,47.19,0.0,0,651
2914,8363,2024-05-09,26,1,new,No reason,eligible,4169,H&M,Tops,30.73,0.0,0,1101
2915,9086,2024-01-04,17,1,new,Too large,eligible,4524,Shein,Footwear,36.02,0.0,0,1181
2916,13120,2023-11-22,11,1,new,Too small,eligible,6582,Chanel,Outerwear,3948.25,0.0,0,673
2917,5660,2025-11-24,18,1,new,Too small,needs_review,2842,Gucci,Dresses,987.73,52.46,1,1266
2918,8913,2025-10-23,43,1,new,Defective,ineligible,4437,Urban Outfitters,Footwear,30.91,6.44,1,187
2919,7376,2025-03-09,6,1,new,No reason,eligible,3672,Gucci,Activewear,397.76,0.0,0,764
2920,2908,2025-08-15,2,1,new,Too large,eligible,1457,Loewe,Accessories,300.0,0.0,0,570
2921,15209,2025-11-19,18,1,new,Wrong item,eligible,7614,Urban Outfitters,Activewear,61.53,0.0,0,1010
2922,286,2024-05-11,44,1,new,Too large,ineligible,133,H&M,Activewear,39.73,0.0,0,1464
2923,5074,2024-05-29,53,1,tried-on,Defective,eligible,2545,Under Armour,Bags,43.4,3.17,1,793
2924,6531,2024-03-18,11,1,new,Wrong item,eligible,3256,Gucci,Accessories,658.94,0.0,0,638
2925,7036,2024-08-08,39,1,new,Too large,ineligible,3499,Shein,Accessories,34.36,5.8,1,1326
2926,13656,2025-11-08,10,1,new,Too small,ineligible,6848,Urban Outfitters,Beauty,20.0,0.0,0,1255
2927,2288,2024-03-23,52,1,new,Too large,ineligible,1135,H&M,Home,67.71,0.0,0,726
2928,966,2024-01-07,26,1,new,Too large,ineligible,474,Gucci,Dresses,873.3,0.0,0,31
2929,4768,2024-07-03,4,1,new,Changed mind,eligible,2396,Chanel,Outerwear,3024.79,0.0,0,527
2930,1237,2024-12-26,50,1,new,Too small,ineligible,605,Girlfriend Collective,Accessories,87.89,0.0,0,1219
2931,5720,2025-10-04,3,1,tried-on,Too large,eligible,2867,Chanel,Lingerie,695.21,0.0,0,1323
2932,873,2025-02-27,8,1,new,Too small,eligible,429,H&M,Outerwear,38.46,11.13,1,1141
2933,12768,2024-05-29,26,1,tried-on,Changed mind,eligible,6397,Girlfriend Collective,Home,85.93,0.0,0,244
2934,9379,2025-05-18,21,1,worn,Too large,ineligible,4664,Loewe,Lingerie,563.34,0.0,0,1270
2935,4490,2024-11-28,40,1,new,Wrong item,ineligible,2254,H&M,Jeans,14.17,0.0,0,570
2936,11153,2025-08-20,44,1,new,Too small,eligible,5579,Under Armour,Activewear,54.63,0.0,0,746
2937,14142,2025-02-10,4,1,new,Too small,eligible,7090,Shein,Lingerie,27.61,0.0,0,1219
2938,1416,2025-01-14,57,0,damaged,Too small,ineligible,694,Shein,Activewear,23.77,0.0,0,1331
2939,11808,2025-02-18,47,1,new,Defective,ineligible,5912,Loewe,Lingerie,417.63,0.0,0,1305
2940,4679,2024-06-11,1,1,new,Too small,eligible,2354,Under Armour,Home,84.2,12.93,1,186
2941,10398,2025-07-02,34,1,new,Too small,needs_review,5186,Urban Outfitters,Bags,68.34,20.06,1,1262
2942,10935,2024-06-01,45,1,new,Too small,ineligible,5459,Loewe,Bags,2416.67,0.0,0,985
2943,14928,2024-10-10,31,1,tried-on,Changed mind,needs_review,7479,Urban Outfitters,Footwear,72.27,21.17,1,44
2944,5701,2025-04-20,57,1,tried-on,Too small,ineligible,2859,H&M,Dresses,109.05,0.0,0,1335
2945,5843,2024-12-04,21,1,tried-on,No reason,needs_review,2925,Loewe,Lingerie,1111.41,0.0,0,643
2946,11626,2025-08-10,23,1,new,Defective,eligible,5816,Urban Outfitters,Activewear,27.23,3.77,1,747
2947,14378,2025-03-09,53,1,new,Defective,ineligible,7204,H&M,Swimwear,34.15,0.0,0,459
2948,758,2025-04-14,18,1,new,Too large,ineligible,371,Zara,Beauty,45.81,0.0,0,515
2949,9508,2025-07-29,48,1,new,No reason,ineligible,4728,H&M,Bags,107.86,0.0,0,1375
2950,5856,2025-01-14,15,1,new,Too small,ineligible,2933,Urban Outfitters,Beauty,89.91,14.31,1,614
2951,3821,2024-01-21,41,1,damaged,Wrong item,ineligible,1925,Urban Outfitters,Home,174.62,0.0,0,1486
2952,5146,2025-11-01,19,1,new,Defective,needs_review,2581,Gucci,Bags,2294.68,0.0,0,292
2953,8821,2024-07-01,48,1,tried-on,Changed mind,ineligible,4394,Prada,Bags,1888.67,0.0,0,333
2954,13497,2024-06-30,35,1,damaged,Too small,ineligible,6767,Zara,Beauty,73.2,0.0,0,801
2955,13806,2024-10-11,33,1,worn,Defective,ineligible,6920,Prada,Bags,2329.11,0.0,0,1328
2956,154,2025-07-18,8,1,new,Too large,eligible,70,Urban Outfitters,Jeans,120.51,0.0,0,648
2957,12045,2024-12-02,9,1,new,Too small,eligible,6033,H&M,Tops,61.06,0.0,0,198
2958,1623,2025-04-10,37,1,worn,Too small,ineligible,791,Gucci,Beauty,434.41,0.0,0,1080
2959,6554,2025-09-30,8,1,new,Defective,eligible,3265,Urban Outfitters,Swimwear,54.08,0.0,0,591
2960,14310,2025-10-25,54,1,new,Wrong item,eligible,7168,Under Armour,Tops,76.14,18.97,1,1027
2961,15119,2025-12-18,46,1,new,Too small,ineligible,7567,Loewe,Jeans,1754.56,0.0,0,1373
2962,12539,2024-12-23,47,1,tried-on,Too small,ineligible,6278,Zara,Home,42.19,0.0,0,909
2963,7451,2025-02-13,47,0,new,Changed mind,ineligible,3712,Chanel,Dresses,2443.49,854.37,1,666
2964,4928,2025-10-15,4,1,new,Defective,eligible,2472,Girlfriend Collective,Accessories,117.4,22.3,1,684
2965,2759,2024-02-05,10,1,tried-on,No reason,eligible,1383,Zara,Bags,20.56,0.0,0,139
2966,6391,2025-04-11,34,1,new,Defective,ineligible,3185,Prada,Swimwear,832.1,0.0,0,386
2967,3878,2025-09-26,25,1,new,Too small,eligible,1956,Girlfriend Collective,Lingerie,78.15,0.0,0,1208
2968,9159,2025-01-03,37,1,new,Wrong item,needs_review,4559,Urban Outfitters,Home,184.02,0.0,0,1415
2969,2706,2024-09-09,12,1,new,Changed mind,eligible,1354,Prada,Bags,1721.64,0.0,0,572
2970,5232,2023-12-05,12,1,new,Defective,eligible,2629,Shein,Dresses,16.18,0.0,0,402
2971,1627,2024-01-13,27,1,new,Defective,eligible,793,Zara,Jeans,49.22,0.0,0,950
2972,2947,2024-10-27,1,1,new,Too large,ineligible,1474,Zara,Beauty,85.24,0.0,0,1097
2973,4579,2025-09-07,1,1,new,Defective,eligible,2304,H&M,Footwear,77.62,0.0,0,66
2974,7841,2024-08-04,4,1,new,Wrong item,eligible,3913,Loewe,Home,874.28,0.0,0,1340
2975,11635,2024-12-27,49,0,tried-on,Changed mind,ineligible,5820,Prada,Tops,1324.0,0.0,0,1003
2976,15746,2024-12-02,50,1,worn,Changed mind,ineligible,7881,H&M,Jeans,99.36,0.0,0,266
2977,269,2025-08-28,50,1,new,Wrong item,ineligible,124,Gucci,Swimwear,795.16,0.0,0,1188
2978,2865,2024-04-29,35,1,new,Too large,needs_review,1435,Urban Outfitters,Home,75.14,6.61,1,916
2979,1204,2025-10-05,17,1,new,Defective,needs_review,591,Prada,Bags,2360.31,0.0,0,989
2980,679,2024-09-19,55,1,new,No reason,ineligible,331,H&M,Jeans,85.65,0.0,0,658
2981,1337,2024-03-30,9,1,new,Too small,eligible,651,Urban Outfitters,Footwear,96.56,32.11,1,276
2982,12138,2024-03-05,0,1,new,No reason,eligible,6082,H&M,Jeans,56.7,19.11,1,1381
2983,13733,2024-06-23,59,1,new,Changed mind,ineligible,6884,Urban Outfitters,Dresses,59.98,4.88,1,356
2984,11600,2025-10-10,18,1,tried-on,Wrong item,needs_review,5806,Loewe,Jeans,2097.64,0.0,0,846
2985,6294,2024-11-03,21,1,new,Wrong item,eligible,3140,H&M,Outerwear,23.3,0.0,0,794
2986,13951,2025-04-28,20,0,tried-on,Too small,needs_review,6994,Loewe,Activewear,533.01,0.0,0,138
2987,9009,2023-11-19,10,0,new,Wrong item,needs_review,4481,Shein,Activewear,28.95,0.0,0,555
2988,11685,2024-12-21,36,0,new,Too small,ineligible,5845,Gucci,Lingerie,548.38,0.0,0,208
2989,12229,2024-10-06,26,0,new,Too small,ineligible,6125,Loewe,Activewear,766.1,0.0,0,995
2990,13085,2024-12-31,56,1,new,Changed mind,eligible,6562,Under Armour,Lingerie,105.84,18.4,1,22
2991,9991,2025-01-24,16,1,new,No reason,ineligible,4978,Zara,Beauty,49.8,0.0,0,814
2992,4485,2024-01-16,43,1,new,No reason,ineligible,2252,Chanel,Dresses,2233.59,0.0,0,574
2993,13963,2025-01-19,43,1,new,Too large,ineligible,6998,H&M,Dresses,68.0,0.0,0,1177
2994,7494,2025-02-14,6,1,new,No reason,eligible,3735,Zara,Jeans,10.0,0.0,0,1326
2995,12943,2025-03-17,5,1,new,Too small,eligible,6489,Shein,Footwear,41.98,0.0,0,1082
2996,1074,2025-09-17,19,1,new,Too small,needs_review,525,Prada,Tops,1995.36,191.58,1,207
2997,12761,2024-03-20,52,1,new,Wrong item,ineligible,6394,Chanel,Swimwear,853.73,0.0,0,1172
2998,9335,2025-01-22,32,1,new,Changed mind,ineligible,4643,Zara,Beauty,53.7,0.0,0,898
2999,2482,2024-04-09,26,1,worn,Wrong item,ineligible,1236,Loewe,Swimwear,765.68,0.0,0,1031
3000,9848,2024-05-01,21,1,new,No reason,needs_review,4899,Loewe,Home,1054.14,0.0,0,647
3001,8780,2024-03-12,38,1,new,Too small,ineligible,4377,H&M,Footwear,67.26,0.0,0,1109
3002,13972,2025-03-19,34,1,tried-on,Changed mind,ineligible,7003,Gucci,Bags,2272.94,0.0,0,980
3003,1216,2024-11-10,11,1,tried-on,Defective,ineligible,596,Loewe,Beauty,693.36,0.0,0,452
3004,5576,2025-10-08,45,1,new,Too small,ineligible,2801,H&M,Outerwear,61.6,0.0,0,1496
3005,7838,2025-07-11,7,1,new,Too small,ineligible,3911,Urban Outfitters,Beauty,52.67,0.0,0,192
3006,2687,2024-09-27,14,1,new,Defective,ineligible,1345,Urban Outfitters,Beauty,75.48,26.04,1,667
3007,11489,2025-02-15,12,1,new,Wrong item,eligible,5740,Loewe,Home,713.44,0.0,0,756
3008,6129,2023-12-22,34,1,new,Wrong item,eligible,3063,Under Armour,Bags,159.55,0.0,0,181
3009,6236,2025-03-13,38,0,tried-on,Changed mind,ineligible,3114,Girlfriend Collective,Dresses,84.8,6.28,1,1161
3010,5063,2025-09-11,34,0,new,Changed mind,ineligible,2540,Gucci,Dresses,1002.96,0.0,0,1069
3011,10278,2024-02-03,33,1,new,Too large,ineligible,5126,Prada,Swimwear,711.64,0.0,0,1326
3012,5375,2024-08-27,17,1,new,No reason,eligible,2699,H&M,Outerwear,72.32,0.0,0,1178
3013,3392,2025-08-15,23,1,tried-on,No reason,ineligible,1699,Loewe,Footwear,881.0,0.0,0,1321
3014,9148,2024-12-09,26,1,tried-on,Wrong item,eligible,4554,Zara,Swimwear,43.32,0.0,0,1335
3015,5576,2025-10-17,54,1,tried-on,Defective,ineligible,2801,H&M,Outerwear,61.6,0.0,0,1496
3016,10898,2025-03-30,40,1,new,Changed mind,eligible,5439,Under Armour,Tops,56.23,0.0,0,1258
3017,4572,2025-07-08,46,1,tried-on,Too small,ineligible,2300,Prada,Tops,1185.34,0.0,0,1455
3018,8424,2025-02-22,49,1,worn,Wrong item,ineligible,4197,Urban Outfitters,Dresses,64.88,0.0,0,796
3019,4567,2024-03-02,5,1,new,Wrong item,eligible,2298,Under Armour,Accessories,98.02,0.0,0,1275
3020,8712,2024-06-22,40,1,worn,Too large,ineligible,4341,Gucci,Tops,1484.68,159.16,1,368
3021,12241,2024-11-27,25,1,tried-on,Too large,eligible,6131,H&M,Outerwear,50.18,0.0,0,1066
3022,6314,2024-12-17,4,1,new,Defective,eligible,3149,H&M,Dresses,70.87,10.7,1,869
3023,7830,2024-07-22,5,1,new,Too large,eligible,3907,H&M,Lingerie,30.25,0.0,0,1353
3024,4645,2025-07-11,22,1,new,Too large,eligible,2336,Shein,Bags,29.05,0.0,0,241
3025,1513,2025-03-27,24,1,new,No reason,eligible,740,Girlfriend Collective,Swimwear,104.7,0.0,0,761
3026,14319,2024-11-14,1,0,worn,Defective,ineligible,7174,Shein,Dresses,27.8,0.0,0,235
3027,934,2024-11-11,51,1,new,Changed mind,ineligible,460,Zara,Dresses,86.86,18.58,1,1112
3028,6323,2025-12-29,56,1,tried-on,No reason,ineligible,3154,Chanel,Home,852.33,0.0,0,803
3029,13951,2025-05-05,27,1,new,No reason,ineligible,6994,Loewe,Activewear,533.01,0.0,0,138
3030,1000,2024-05-19,15,1,new,Too small,eligible,490,Urban Outfitters,Home,211.88,17.67,1,629
3031,64,2025-08-19,5,1,new,Wrong item,ineligible,28,Chanel,Beauty,788.62,0.0,0,579
3032,13408,2024-04-01,6,0,tried-on,Too large,needs_review,6723,Urban Outfitters,Footwear,46.16,15.47,1,1117
3033,3151,2025-05-30,47,1,tried-on,Defective,ineligible,1583,Shein,Jeans,31.31,0.0,0,321
3034,15337,2025-05-31,50,1,tried-on,Too large,ineligible,7683,Chanel,Accessories,527.24,0.0,0,1126
3035,7515,2024-01-08,32,1,new,Defective,ineligible,3747,Prada,Home,865.41,0.0,0,145
3036,10035,2024-01-24,36,1,new,No reason,needs_review,5001,H&M,Bags,49.25,9.18,1,406
3037,13308,2025-04-07,27,1,new,Changed mind,ineligible,6676,Loewe,Bags,1992.74,0.0,0,700
3038,12541,2025-09-02,46,1,new,Wrong item,ineligible,6279,Zara,Jeans,51.99,0.0,0,1240
3039,12095,2024-06-16,27,0,new,Defective,needs_review,6061,Zara,Footwear,59.02,0.0,0,978
3040,15585,2024-11-20,41,1,new,Changed mind,ineligible,7806,Urban Outfitters,Tops,97.81,0.0,0,666
3041,6647,2025-03-14,28,1,new,No reason,ineligible,3311,Under Armour,Beauty,160.03,0.0,0,606
3042,3557,2025-07-28,0,1,tried-on,Too small,eligible,1785,Prada,Jeans,1223.66,0.0,0,284
3043,10768,2025-11-05,11,0,new,Too small,needs_review,5370,Urban Outfitters,Activewear,69.71,0.0,0,458
3044,14992,2024-10-30,9,1,new,Wrong item,eligible,7507,Chanel,Jeans,1027.42,0.0,0,720
3045,1129,2024-02-19,52,1,new,Wrong item,ineligible,556,Loewe,Home,623.6,0.0,0,236
3046,4120,2024-12-06,32,0,tried-on,Changed mind,ineligible,2070,Loewe,Outerwear,3576.27,0.0,0,327
3047,13763,2024-07-16,44,1,new,Changed mind,eligible,6898,Under Armour,Tops,155.74,12.98,1,1482
3048,14347,2023-11-29,14,1,worn,Wrong item,ineligible,7187,Under Armour,Jeans,113.12,0.0,0,142
3049,12512,2025-06-08,47,1,new,Wrong item,eligible,6266,Under Armour,Outerwear,88.26,0.0,0,1360
3050,5173,2025-05-09,7,1,new,Too large,eligible,2598,Loewe,Jeans,700.0,0.0,0,1424
3051,12069,2024-09-05,24,1,new,Changed mind,ineligible,6046,Loewe,Lingerie,897.76,0.0,0,346
3052,13279,2025-04-20,27,1,new,Defective,eligible,6662,H&M,Outerwear,101.4,0.0,0,1117
3053,13140,2024-02-29,4,1,tried-on,No reason,eligible,6592,Under Armour,Tops,30.0,0.0,0,418
3054,13312,2025-02-20,48,1,tried-on,No reason,ineligible,6677,Shein,Lingerie,25.56,6.51,1,641
3055,5706,2025-03-08,23,1,tried-on,Changed mind,ineligible,2860,Loewe,Beauty,1113.75,0.0,0,470
3056,10006,2025-02-10,21,1,new,No reason,eligible,4986,Zara,Accessories,42.75,0.0,0,787
3057,619,2024-03-11,10,1,worn,Wrong item,ineligible,302,Gucci,Beauty,704.99,0.0,0,1231
3058,9325,2024-11-14,49,1,new,Too large,ineligible,4638,Girlfriend Collective,Beauty,80.02,0.0,0,1344
3059,5387,2025-05-21,40,1,new,Too small,ineligible,2705,Zara,Lingerie,24.82,0.0,0,92
3060,316,2025-04-22,42,1,new,Defective,ineligible,148,Zara,Home,72.32,10.49,1,702
3061,1102,2024-08-10,56,1,new,Defective,ineligible,541,Urban Outfitters,Footwear,103.15,0.0,0,636
3062,10800,2025-12-14,37,1,new,Wrong item,ineligible,5386,Gucci,Dresses,1448.8,0.0,0,322
3063,4512,2024-11-21,32,1,new,Too large,needs_review,2268,Girlfriend Collective,Swimwear,101.86,0.0,0,306
3064,8150,2025-07-22,21,1,tried-on,Too large,eligible,4063,Urban Outfitters,Bags,21.03,3.55,1,250
3065,10241,2024-07-09,51,1,new,Defective,eligible,5107,Under Armour,Lingerie,64.9,19.88,1,689
3066,5780,2025-02-02,34,1,new,No reason,ineligible,2894,Loewe,Bags,2385.59,0.0,0,1015
3067,9242,2025-01-14,32,1,new,Changed mind,ineligible,4599,Prada,Activewear,911.68,0.0,0,1452
3068,10817,2025-03-21,13,1,new,Wrong item,eligible,5396,Loewe,Jeans,1822.63,0.0,0,76
3069,4061,2025-03-17,13,1,tried-on,Too large,eligible,2043,Chanel,Dresses,1483.28,0.0,0,591
3070,9793,2025-02-20,19,1,new,Defective,ineligible,4872,H&M,Beauty,73.38,5.05,1,967
3071,7435,2024-11-24,2,1,new,Defective,eligible,3703,Girlfriend Collective,Home,103.35,5.66,1,481
3072,6356,2025-06-17,29,1,worn,Defective,ineligible,3168,H&M,Accessories,53.37,0.0,0,1255
3073,2685,2024-09-17,4,1,new,Defective,eligible,1345,Urban Outfitters,Lingerie,63.61,0.0,0,667
3074,222,2025-12-19,59,0,new,Too small,ineligible,103,Zara,Outerwear,61.32,0.0,0,852
3075,14357,2024-11-25,48,0,worn,Wrong item,ineligible,7193,Chanel,Accessories,489.1,0.0,0,472
3076,4378,2025-04-25,40,1,new,Wrong item,ineligible,2199,Urban Outfitters,Accessories,41.97,0.0,0,1000
3077,14896,2024-08-06,14,1,tried-on,Too small,eligible,7463,Zara,Tops,42.98,0.0,0,31
3078,7604,2025-11-06,18,1,new,Changed mind,eligible,3789,Urban Outfitters,Dresses,86.74,24.86,1,1209
3079,376,2024-04-08,47,0,damaged,Too small,ineligible,179,Zara,Activewear,44.0,0.0,0,528
3080,12929,2024-12-30,9,1,new,Wrong item,eligible,6482,H&M,Outerwear,23.38,2.17,1,1152
3081,5747,2024-09-07,39,1,new,Too large,ineligible,2880,Girlfriend Collective,Footwear,117.22,9.23,1,572
3082,12006,2024-02-19,54,1,new,Changed mind,ineligible,6013,Prada,Home,876.37,0.0,0,1001
3083,13604,2025-03-06,47,1,new,Changed mind,ineligible,6822,Loewe,Lingerie,1037.13,0.0,0,1111
3084,5561,2024-09-04,23,1,new,No reason,ineligible,2794,Urban Outfitters,Beauty,20.0,0.0,0,997
3085,14728,2024-11-03,41,1,new,Too large,ineligible,7383,Shein,Jeans,20.02,0.0,0,432
3086,8377,2025-03-28,31,1,new,Changed mind,needs_review,4175,Zara,Tops,53.14,0.0,0,170
3087,4046,2024-01-23,59,1,new,Changed mind,ineligible,2037,Prada,Beauty,1098.57,0.0,0,786
3088,13673,2025-09-15,13,1,new,Changed mind,eligible,6856,Under Armour,Jeans,52.54,14.94,1,864
3089,4549,2024-07-13,6,1,new,Wrong item,eligible,2288,Under Armour,Lingerie,128.64,0.0,0,322
3090,11820,2025-02-17,30,1,new,Too small,eligible,5918,H&M,Footwear,87.48,17.18,1,1490
3091,10578,2025-06-24,15,1,worn,Too large,ineligible,5278,Gucci,Home,747.97,0.0,0,526
3092,11901,2024-08-08,43,1,new,Changed mind,ineligible,5960,Urban Outfitters,Footwear,30.73,0.0,0,1479
3093,2032,2025-06-04,17,1,new,Changed mind,eligible,1005,Shein,Outerwear,27.54,4.14,1,256
3094,5011,2024-03-24,59,1,damaged,No reason,ineligible,2513,Zara,Tops,90.84,0.0,0,335
3095,13717,2025-08-27,4,1,new,No reason,eligible,6879,Loewe,Tops,777.33,0.0,0,755
3096,2072,2024-09-14,58,1,new,Defective,ineligible,1024,Zara,Activewear,124.3,0.0,0,479
3097,3706,2024-10-14,56,1,worn,Defective,ineligible,1868,H&M,Home,41.98,0.0,0,1299
3098,10731,2025-08-21,10,1,new,Wrong item,eligible,5352,Urban Outfitters,Activewear,50.62,0.0,0,984
3099,4290,2024-01-19,59,1,new,Changed mind,eligible,2158,Under Armour,Bags,133.99,34.57,1,852
3100,6598,2024-06-08,13,1,new,Changed mind,eligible,3285,Zara,Activewear,85.06,25.33,1,1396
3101,14628,2024-12-05,0,1,new,No reason,eligible,7329,Prada,Activewear,300.0,0.0,0,401
3102,8984,2024-10-11,27,1,new,Defective,ineligible,4468,Prada,Accessories,629.82,0.0,0,1222
3103,7869,2025-06-12,9,1,tried-on,Too large,eligible,3930,Loewe,Swimwear,878.92,0.0,0,1066
3104,13393,2025-07-12,32,0,tried-on,Changed mind,ineligible,6715,Gucci,Home,1333.83,342.04,1,975
3105,3576,2025-04-16,25,1,new,Defective,ineligible,1796,Chanel,Tops,2380.12,0.0,0,291
3106,2039,2025-05-30,20,1,new,No reason,eligible,1008,Under Armour,Footwear,50.28,9.82,1,1387
3107,139,2025-04-09,1,1,new,Changed mind,eligible,61,Zara,Footwear,80.82,25.18,1,629
3108,7398,2025-06-27,26,1,new,Defective,ineligible,3685,Prada,Tops,1284.32,0.0,0,36
3109,5057,2025-03-02,59,1,worn,Too large,ineligible,2537,Urban Outfitters,Beauty,71.84,0.0,0,948
3110,1930,2025-06-14,33,1,tried-on,No reason,eligible,953,Under Armour,Footwear,64.07,0.0,0,908
3111,15903,2025-04-16,8,1,new,No reason,eligible,7954,Urban Outfitters,Jeans,93.5,27.89,1,669
3112,6268,2025-05-04,51,0,new,No reason,ineligible,3128,Zara,Footwear,80.94,10.19,1,947
3113,5089,2025-06-05,45,1,worn,Too large,ineligible,2553,H&M,Bags,75.34,0.0,0,516
3114,332,2024-10-23,13,1,tried-on,Wrong item,eligible,157,Prada,Footwear,902.97,0.0,0,1371
3115,1323,2024-08-08,41,1,new,No reason,ineligible,644,H&M,Bags,80.38,0.0,0,230
3116,4267,2024-07-21,22,1,worn,Too small,ineligible,2148,Zara,Beauty,86.86,0.0,0,668
3117,13966,2025-01-29,42,1,worn,Defective,ineligible,7000,Loewe,Lingerie,1055.52,0.0,0,858
3118,10252,2025-10-06,50,1,new,Too large,ineligible,5112,Zara,Activewear,41.48,0.0,0,457
3119,10585,2024-07-11,59,1,new,Wrong item,ineligible,5281,Loewe,Swimwear,631.36,0.0,0,518
3120,14611,2025-10-10,17,1,tried-on,Defective,eligible,7320,H&M,Accessories,92.82,0.0,0,660
3121,1035,2024-12-02,18,0,new,No reason,needs_review,506,Chanel,Tops,1764.16,0.0,0,615
3122,8671,2024-06-06,33,1,tried-on,No reason,ineligible,4319,Gucci,Dresses,1375.96,0.0,0,232
3123,6459,2025-04-18,32,1,tried-on,Defective,needs_review,3219,Urban Outfitters,Bags,97.05,0.0,0,1339
3124,4333,2025-01-07,59,1,tried-on,Too large,ineligible,2182,H&M,Jeans,50.93,0.0,0,1388
3125,193,2024-04-01,44,1,new,Too large,ineligible,88,Shein,Home,16.44,0.0,0,856
3126,559,2024-07-15,21,1,new,Too small,eligible,271,Under Armour,Jeans,120.52,38.22,1,145
3127,10227,2024-03-04,4,0,new,Changed mind,needs_review,5101,Loewe,Bags,2530.58,0.0,0,565
3128,3236,2024-09-30,55,1,tried-on,Changed mind,ineligible,1622,Shein,Dresses,38.54,0.0,0,720
3129,571,2025-09-08,48,1,new,Wrong item,ineligible,277,Prada,Home,599.12,0.0,0,294
3130,15591,2025-07-08,1,1,new,Wrong item,eligible,7810,Under Armour,Footwear,92.54,27.38,1,574
3131,15650,2025-04-25,12,1,tried-on,Changed mind,eligible,7836,Under Armour,Home,65.67,0.0,0,512
3132,6865,2024-12-10,13,1,new,Too small,eligible,3414,Chanel,Jeans,1895.41,0.0,0,1
3133,4107,2024-07-11,37,1,new,Wrong item,ineligible,2064,Urban Outfitters,Beauty,40.0,0.0,0,684
3134,7936,2024-02-14,1,0,new,Changed mind,ineligible,3962,Loewe,Beauty,1221.53,0.0,0,1038
3135,7269,2024-08-28,20,1,new,Too large,eligible,3615,H&M,Jeans,44.61,0.0,0,983
3136,11299,2024-08-27,14,1,tried-on,Changed mind,eligible,5650,Shein,Accessories,15.82,2.26,1,921
3137,11881,2025-05-12,41,1,tried-on,Too small,ineligible,5952,H&M,Lingerie,74.29,12.11,1,363
3138,12038,2024-04-04,26,1,new,Wrong item,eligible,6029,Zara,Home,72.4,9.38,1,504
3139,343,2025-04-25,1,1,new,Too large,ineligible,162,Prada,Beauty,1049.96,0.0,0,169
3140,12167,2025-08-07,16,1,tried-on,Changed mind,needs_review,6095,Chanel,Tops,1194.31,374.15,1,1129
3141,582,2024-05-14,12,1,new,Too large,eligible,284,Loewe,Jeans,1651.27,0.0,0,350
3142,274,2025-04-25,47,1,new,Wrong item,ineligible,126,H&M,Jeans,58.79,13.69,1,638
3143,12162,2024-04-21,56,1,damaged,Too small,ineligible,6092,Girlfriend Collective,Jeans,98.18,0.0,0,151
3144,13319,2025-01-06,20,1,new,No reason,eligible,6680,Shein,Jeans,21.07,0.0,0,553
3145,6589,2024-11-28,14,1,new,Wrong item,eligible,3281,Under Armour,Lingerie,84.49,0.0,0,598
3146,1861,2025-09-29,28,1,new,Changed mind,eligible,916,Under Armour,Dresses,93.43,0.0,0,1059
3147,9162,2025-06-10,36,1,new,Too small,ineligible,4560,Girlfriend Collective,Beauty,70.92,0.0,0,1481
3148,14351,2024-10-19,12,1,tried-on,Wrong item,eligible,7189,H&M,Lingerie,105.8,0.0,0,640
3149,9037,2024-05-19,35,1,new,Wrong item,ineligible,4499,Chanel,Home,758.61,0.0,0,132
3150,11312,2024-09-10,45,1,new,Wrong item,ineligible,5656,Loewe,Activewear,411.0,0.0,0,1210
3151,13051,2024-10-23,47,1,new,No reason,ineligible,6545,H&M,Jeans,66.15,0.0,0,1401
3152,4125,2025-10-24,25,1,tried-on,Too large,ineligible,2073,Gucci,Outerwear,3217.08,0.0,0,1171
3153,2854,2025-07-07,3,0,new,No reason,needs_review,1431,Chanel,Activewear,815.61,0.0,0,774
3154,9480,2025-11-12,48,1,new,Wrong item,ineligible,4716,Zara,Jeans,42.37,2.13,1,1267
3155,8898,2025-10-05,28,1,tried-on,Changed mind,ineligible,4429,Chanel,Home,414.88,0.0,0,1006
3156,2667,2025-03-15,24,0,new,No reason,ineligible,1335,Prada,Lingerie,1293.33,0.0,0,675
3157,12328,2025-01-30,6,1,tried-on,No reason,eligible,6177,Shein,Swimwear,34.58,0.0,0,650
3158,2673,2025-07-04,17,1,new,Changed mind,eligible,1339,H&M,Outerwear,64.41,17.95,1,354
3159,9695,2024-09-25,51,1,tried-on,Wrong item,ineligible,4823,Gucci,Footwear,1054.74,0.0,0,946
3160,12401,2025-08-09,20,1,tried-on,No reason,ineligible,6210,H&M,Beauty,100.97,34.34,1,1008
3161,10919,2024-06-24,38,1,new,Changed mind,ineligible,5451,Gucci,Tops,1543.1,0.0,0,1367
3162,1935,2025-04-27,7,1,tried-on,Too small,ineligible,956,H&M,Beauty,51.9,0.0,0,851
3163,3349,2025-04-28,54,1,new,Wrong item,ineligible,1678,H&M,Beauty,28.46,0.0,0,441
3164,2271,2025-11-21,14,1,new,Too small,eligible,1126,Under Armour,Dresses,106.15,8.76,1,144
3165,3282,2025-04-22,27,1,tried-on,Changed mind,eligible,1642,Zara,Footwear,42.85,11.23,1,1185
3166,12046,2024-12-12,19,1,new,Too small,eligible,6033,H&M,Home,81.89,0.0,0,198
3167,6814,2024-11-29,7,1,new,Wrong item,eligible,3391,Under Armour,Footwear,174.17,30.3,1,408
3168,6445,2025-07-05,40,1,new,No reason,ineligible,3210,Zara,Accessories,41.24,3.04,1,496
3169,13269,2025-06-27,30,1,new,Defective,eligible,6658,Under Armour,Tops,74.39,0.0,0,97
3170,5551,2024-09-13,38,1,new,Wrong item,ineligible,2789,Chanel,Footwear,871.14,0.0,0,1200
3171,1146,2025-10-23,9,1,new,Changed mind,eligible,563,Chanel,Activewear,831.48,0.0,0,669
3172,7533,2025-02-17,20,1,new,Changed mind,eligible,3756,Under Armour,Tops,30.0,0.0,0,725
3173,14387,2025-06-26,34,1,new,No reason,ineligible,7208,Gucci,Activewear,800.52,0.0,0,1158
3174,565,2025-01-31,37,0,new,Changed mind,needs_review,274,Shein,Home,25.31,0.0,0,607
3175,15931,2024-01-10,37,1,new,No reason,needs_review,7965,Urban Outfitters,Lingerie,20.0,2.98,1,939
3176,13623,2025-02-19,54,1,new,Changed mind,eligible,6832,Under Armour,Activewear,97.04,20.57,1,575
3177,10381,2024-04-22,3,1,new,Too small,eligible,5177,Urban Outfitters,Dresses,96.3,0.0,0,80
3178,456,2025-11-09,56,1,new,Too large,ineligible,218,Loewe,Dresses,1398.71,0.0,0,778
3179,8561,2025-05-18,57,1,worn,Too large,ineligible,4269,H&M,Bags,66.63,0.0,0,1357
3180,10397,2025-06-12,14,1,worn,Defective,ineligible,5186,Urban Outfitters,Bags,20.0,0.0,0,1262
3181,7629,2024-12-23,12,1,new,Too large,eligible,3800,H&M,Accessories,12.86,0.0,0,1063
3182,6208,2025-03-23,6,1,tried-on,Defective,eligible,3099,Shein,Accessories,23.64,0.0,0,448
3183,11559,2024-09-11,40,1,new,Too small,ineligible,5782,Prada,Beauty,1012.05,0.0,0,1308
3184,15113,2024-10-19,16,1,new,Wrong item,needs_review,7564,Prada,Jeans,1813.55,0.0,0,356
3185,11440,2025-02-11,0,1,new,Wrong item,ineligible,5717,Zara,Beauty,43.48,0.0,0,308
3186,9227,2025-10-22,16,1,new,Changed mind,needs_review,4592,Prada,Jeans,1915.6,0.0,0,809
3187,8501,2024-01-05,23,1,new,Too large,eligible,4234,Under Armour,Home,122.55,0.0,0,693
3188,12383,2025-08-11,59,1,new,Too large,ineligible,6201,Shein,Jeans,8.9,0.0,0,805
3189,10068,2024-05-31,50,1,new,Wrong item,ineligible,5021,Shein,Home,17.34,3.86,1,1215
3190,11376,2025-05-24,49,1,new,Too small,ineligible,5687,Chanel,Outerwear,3769.68,0.0,0,1382
3191,9366,2024-04-30,41,1,tried-on,Changed mind,eligible,4656,Under Armour,Lingerie,68.75,0.0,0,991
3192,977,2024-06-16,36,1,new,No reason,needs_review,480,Zara,Accessories,102.0,25.52,1,1469
3193,15463,2024-12-19,33,1,tried-on,Wrong item,needs_review,7748,H&M,Bags,41.08,0.0,0,999
3194,10783,2024-12-14,7,1,new,No reason,eligible,5377,Prada,Accessories,708.82,0.0,0,810
3195,13540,2025-04-29,40,1,new,No reason,ineligible,6792,Gucci,Jeans,1632.0,0.0,0,392
3196,5903,2025-11-23,25,1,worn,Defective,ineligible,2957,H&M,Jeans,66.4,0.0,0,789
3197,2941,2025-06-28,38,1,new,Defective,ineligible,1471,Loewe,Home,1092.26,0.0,0,607
3198,7179,2024-11-05,46,1,new,Too small,ineligible,3572,Girlfriend Collective,Dresses,104.27,0.0,0,46
3199,5272,2023-12-18,18,1,worn,Too large,ineligible,2650,Zara,Activewear,41.55,0.0,0,918
3200,10226,2024-03-13,13,1,tried-on,Defective,eligible,5101,Loewe,Lingerie,940.32,49.09,1,565
3201,10601,2025-09-09,12,1,tried-on,No reason,eligible,5289,Zara,Jeans,69.75,23.02,1,890
3202,13880,2024-12-20,48,1,new,Too small,ineligible,6954,Girlfriend Collective,Jeans,61.43,0.0,0,579
3203,124,2024-10-04,49,1,new,Defective,ineligible,54,Girlfriend Collective,Footwear,80.25,0.0,0,928
3204,3304,2025-11-06,38,1,tried-on,Defective,ineligible,1655,Shein,Accessories,35.37,5.82,1,223
3205,5668,2024-08-18,42,1,tried-on,Wrong item,ineligible,2845,Loewe,Swimwear,882.81,0.0,0,505
3206,13941,2025-08-28,1,1,new,No reason,eligible,6988,Gucci,Swimwear,1330.8,0.0,0,780
3207,15499,2024-01-04,3,1,new,Changed mind,eligible,7764,Shein,Footwear,22.29,0.0,0,769
3208,12477,2024-02-21,2,1,new,Wrong item,eligible,6250,Girlfriend Collective,Activewear,46.63,0.0,0,48
3209,2593,2025-07-05,11,1,new,Changed mind,eligible,1297,Girlfriend Collective,Bags,66.3,0.0,0,255
3210,4314,2024-07-23,9,1,new,Wrong item,eligible,2172,Under Armour,Swimwear,52.9,0.0,0,991
3211,12333,2024-04-25,34,1,new,Defective,ineligible,6179,Loewe,Activewear,861.32,0.0,0,80
3212,8335,2024-03-30,50,1,tried-on,Changed mind,ineligible,4157,Zara,Bags,49.08,0.0,0,463
3213,192,2024-03-05,17,1,new,Wrong item,eligible,88,Shein,Outerwear,36.52,9.44,1,856
3214,10759,2025-03-29,33,1,new,Wrong item,needs_review,5366,Urban Outfitters,Accessories,76.55,0.0,0,503
3215,12820,2025-11-08,56,1,new,Too small,ineligible,6422,Shein,Jeans,21.0,0.0,0,1315
3216,12805,2024-02-18,41,1,new,No reason,ineligible,6415,Urban Outfitters,Bags,54.47,0.0,0,1488
3217,9977,2024-09-08,39,0,new,Defective,ineligible,4969,Zara,Bags,13.28,0.0,0,1000
3218,2460,2025-09-11,32,1,new,Wrong item,needs_review,1222,Zara,Outerwear,19.58,0.0,0,550
3219,5303,2025-10-24,15,1,new,Too small,eligible,2663,Under Armour,Dresses,78.02,0.0,0,698
3220,8608,2025-05-22,29,1,new,Too large,ineligible,4290,Loewe,Beauty,690.65,0.0,0,180
3221,10705,2025-07-09,3,1,new,Too large,eligible,5339,Urban Outfitters,Tops,56.62,0.0,0,1439
3222,14056,2024-05-14,22,1,new,Changed mind,ineligible,7047,Urban Outfitters,Beauty,78.8,0.0,0,692
3223,8001,2025-01-11,41,1,new,Wrong item,ineligible,3991,Shein,Lingerie,24.04,0.0,0,1226
3224,4201,2025-10-19,2,1,tried-on,Changed mind,ineligible,2113,H&M,Beauty,47.75,0.0,0,705
3225,10418,2024-04-21,53,1,new,Too small,ineligible,5195,Under Armour,Beauty,46.73,0.0,0,360
3226,10888,2024-11-19,10,1,new,Too small,eligible,5432,Under Armour,Activewear,32.75,0.0,0,593
3227,13399,2024-07-03,11,1,worn,No reason,ineligible,6718,H&M,Activewear,76.88,7.66,1,321
3228,3955,2025-12-06,28,0,worn,No reason,ineligible,1992,Gucci,Footwear,924.96,0.0,0,1350
3229,9622,2025-02-09,27,1,new,Wrong item,ineligible,4787,Prada,Swimwear,895.32,0.0,0,524
3230,4490,2024-12-06,48,1,new,Too small,ineligible,2254,H&M,Jeans,14.17,0.0,0,570
3231,2243,2025-06-17,18,1,new,Wrong item,ineligible,1111,Zara,Beauty,65.18,0.0,0,1251
3232,2281,2025-07-20,58,1,new,Wrong item,eligible,1130,Under Armour,Jeans,106.79,6.97,1,355
3233,15221,2024-02-09,9,1,tried-on,No reason,eligible,7620,Loewe,Swimwear,636.64,0.0,0,594
3234,13225,2024-01-12,5,1,new,Too small,eligible,6636,Urban Outfitters,Tops,74.49,0.0,0,604
3235,13755,2024-04-26,4,1,tried-on,Changed mind,eligible,6894,Under Armour,Activewear,55.03,0.0,0,474
3236,2859,2024-03-31,36,1,new,Wrong item,needs_review,1433,H&M,Activewear,10.0,0.0,0,853
3237,5082,2025-08-14,55,1,new,No reason,ineligible,2551,Gucci,Dresses,979.12,0.0,0,328
3238,9861,2024-12-15,54,1,tried-on,Wrong item,ineligible,4904,H&M,Swimwear,66.72,0.0,0,226
3239,1164,2024-11-22,26,1,new,Changed mind,eligible,573,Zara,Jeans,61.17,0.0,0,79
3240,15010,2024-10-14,16,1,new,Too small,ineligible,7516,H&M,Beauty,68.08,10.08,1,583
3241,4174,2024-09-21,41,1,new,Defective,ineligible,2097,Zara,Tops,71.7,0.0,0,886
3242,15256,2024-03-04,15,1,tried-on,Changed mind,eligible,7638,Zara,Home,46.01,16.05,1,688
3243,12802,2025-01-13,41,1,new,Changed mind,ineligible,6414,Loewe,Beauty,741.26,0.0,0,709
3244,8744,2025-09-08,8,1,tried-on,No reason,eligible,4359,Zara,Accessories,121.77,0.0,0,1193
3245,1248,2025-01-29,35,1,new,Wrong item,ineligible,611,Loewe,Swimwear,653.05,0.0,0,1204
3246,14436,2024-04-15,31,1,tried-on,Too small,needs_review,7229,H&M,Jeans,109.68,0.0,0,1190
3247,11763,2025-12-11,39,1,new,Too small,ineligible,5887,Prada,Lingerie,896.75,0.0,0,654
3248,10076,2024-03-01,28,1,new,Too large,eligible,5024,Under Armour,Accessories,39.02,4.99,1,1132
3249,9832,2025-06-15,46,1,new,No reason,ineligible,4892,H&M,Lingerie,48.79,0.0,0,913
3250,10955,2024-06-23,7,1,new,Too large,eligible,5469,Zara,Footwear,81.77,18.07,1,709
3251,12875,2024-10-06,30,1,new,Too small,ineligible,6451,Loewe,Bags,1928.31,0.0,0,317
3252,7723,2024-12-08,57,1,new,Changed mind,ineligible,3851,Chanel,Swimwear,664.66,0.0,0,1278
3253,1825,2025-07-11,32,1,new,Too large,ineligible,896,Loewe,Home,486.49,0.0,0,1058
3254,4013,2025-10-28,51,1,tried-on,Defective,ineligible,2020,Prada,Jeans,703.92,0.0,0,383
3255,9836,2025-09-21,58,0,tried-on,Too small,needs_review,4894,Under Armour,Jeans,45.18,0.0,0,980
3256,15796,2024-03-13,39,1,new,No reason,ineligible,7903,Zara,Dresses,43.8,0.0,0,318
3257,5424,2025-05-23,21,0,new,Too large,needs_review,2723,Zara,Home,76.28,0.0,0,1158
3258,12669,2025-02-09,5,1,new,Wrong item,eligible,6347,Gucci,Swimwear,587.48,0.0,0,13
3259,10211,2025-08-25,3,1,new,Too small,eligible,5092,Gucci,Home,1089.67,0.0,0,1213
3260,10259,2024-12-03,12,1,damaged,Too large,ineligible,5116,Loewe,Dresses,1995.46,0.0,0,701
3261,11141,2024-09-10,43,1,new,Defective,ineligible,5572,Zara,Jeans,84.95,0.0,0,590
3262,2493,2024-07-25,9,1,new,Changed mind,eligible,1243,Under Armour,Bags,95.94,32.52,1,739
3263,4315,2024-03-14,24,1,tried-on,Wrong item,eligible,2173,H&M,Lingerie,41.67,0.0,0,1007
3264,14504,2025-10-24,22,1,tried-on,Too large,eligible,7269,H&M,Tops,65.3,0.0,0,324
3265,13299,2024-08-11,28,1,new,Wrong item,eligible,6671,Under Armour,Jeans,79.48,0.0,0,1315
3266,15306,2025-09-30,21,1,new,Changed mind,eligible,7667,Under Armour,Activewear,128.0,0.0,0,1236
3267,6597,2024-06-14,28,1,worn,Defective,ineligible,3284,H&M,Jeans,64.78,15.43,1,1324
3268,7793,2025-04-30,52,0,new,Too large,ineligible,3887,Zara,Footwear,47.41,0.0,0,1276
3269,3126,2024-02-07,35,1,new,Too large,needs_review,1570,Zara,Accessories,43.99,0.0,0,1173
3270,4107,2024-07-11,37,1,tried-on,Wrong item,ineligible,2064,Urban Outfitters,Beauty,40.0,0.0,0,684
3271,3872,2023-11-22,1,1,tried-on,Changed mind,ineligible,1951,Loewe,Beauty,793.86,0.0,0,1289
3272,8298,2025-06-10,51,1,new,Too large,ineligible,4139,Shein,Outerwear,14.83,0.0,0,825
3273,15493,2024-08-12,8,1,worn,Too small,ineligible,7761,Under Armour,Tops,88.05,0.0,0,1048
3274,5707,2024-02-04,16,1,new,Changed mind,eligible,2861,Under Armour,Swimwear,98.73,0.0,0,1207
3275,85,2025-12-21,53,1,tried-on,Too small,ineligible,38,Loewe,Swimwear,939.1,0.0,0,845
3276,6517,2024-02-03,0,1,new,Defective,eligible,3249,Shein,Outerwear,35.53,9.32,1,1308
3277,5701,2025-04-10,47,1,tried-on,Defective,ineligible,2859,H&M,Dresses,109.05,0.0,0,1335
3278,11619,2024-04-09,34,1,tried-on,Changed mind,needs_review,5814,Zara,Accessories,70.5,0.0,0,395
3279,9112,2025-08-06,24,1,tried-on,Wrong item,eligible,4538,Urban Outfitters,Outerwear,47.27,5.39,1,814
3280,4069,2025-01-03,32,1,new,No reason,ineligible,2046,Loewe,Beauty,946.66,0.0,0,1096
3281,4710,2024-08-22,6,1,new,Too large,eligible,2370,Prada,Accessories,638.36,0.0,0,1016
3282,12929,2025-01-16,26,1,tried-on,Too large,eligible,6482,H&M,Outerwear,23.38,2.17,1,1152
3283,7146,2024-05-08,48,1,new,Changed mind,ineligible,3554,Gucci,Accessories,373.55,0.0,0,616
3284,1590,2024-08-18,16,1,new,Defective,eligible,778,Shein,Bags,38.45,0.0,0,11
3285,1988,2024-04-09,28,1,new,Too small,eligible,984,Shein,Activewear,42.23,0.0,0,1399
3286,15868,2025-03-18,18,1,tried-on,Too small,needs_review,7937,Chanel,Outerwear,3291.4,0.0,0,603
3287,7356,2024-03-09,19,1,new,No reason,needs_review,3662,Loewe,Bags,2016.46,0.0,0,697
3288,6850,2025-06-08,51,1,tried-on,Defective,ineligible,3408,Zara,Bags,63.88,0.0,0,314
3289,8742,2025-10-12,42,1,new,No reason,ineligible,4359,Zara,Home,95.71,0.0,0,1193
3290,3739,2024-08-31,6,1,new,Defective,eligible,1884,Chanel,Home,940.95,0.0,0,270
3291,14571,2024-11-08,39,1,worn,Wrong item,ineligible,7301,Under Armour,Home,30.0,5.7,1,303
3292,10183,2024-02-26,20,1,new,Defective,needs_review,5079,Loewe,Swimwear,729.01,254.69,1,1045
3293,9873,2024-02-03,8,1,new,Wrong item,eligible,4911,Gucci,Tops,1969.33,0.0,0,1355
3294,63,2024-06-28,30,1,new,No reason,eligible,27,Girlfriend Collective,Activewear,67.24,21.46,1,971
3295,5488,2024-04-23,18,1,new,No reason,eligible,2754,Under Armour,Accessories,119.5,0.0,0,576
3296,12781,2025-05-05,40,1,new,Wrong item,ineligible,6403,Loewe,Tops,1803.04,0.0,0,1170
3297,9510,2025-02-25,26,0,new,Wrong item,needs_review,4729,Zara,Footwear,60.63,20.91,1,1116
3298,7405,2025-07-18,18,1,new,Too large,eligible,3687,Girlfriend Collective,Accessories,74.5,17.2,1,244
3299,15745,2024-11-15,33,1,tried-on,No reason,needs_review,7881,H&M,Tops,31.55,0.0,0,266
3300,13403,2025-09-20,12,1,worn,Too small,ineligible,6720,Urban Outfitters,Home,173.35,0.0,0,999
3301,12498,2024-09-23,56,1,new,Wrong item,ineligible,6260,Urban Outfitters,Accessories,96.54,0.0,0,1285
3302,7146,2024-05-09,49,1,new,Too large,ineligible,3554,Gucci,Accessories,373.55,0.0,0,616
3303,6848,2024-08-12,47,1,tried-on,Defective,ineligible,3407,Urban Outfitters,Swimwear,82.16,10.18,1,632
3304,8858,2025-06-12,8,1,new,Defective,eligible,4413,Shein,Swimwear,12.05,0.0,0,395
3305,635,2025-02-11,55,1,tried-on,Changed mind,ineligible,308,Zara,Swimwear,48.27,0.0,0,203
3306,13289,2024-07-22,31,0,new,Too small,ineligible,6666,Loewe,Dresses,1436.02,0.0,0,1498
3307,5557,2025-04-19,16,1,damaged,Too large,ineligible,2792,Zara,Bags,93.54,0.0,0,974
3308,13789,2025-11-08,59,0,new,No reason,ineligible,6912,Zara,Home,78.28,0.0,0,568
3309,9560,2024-09-16,51,1,new,Defective,ineligible,4753,Chanel,Accessories,393.45,0.0,0,1110
3310,8525,2024-12-14,14,1,new,Defective,eligible,4250,Chanel,Activewear,681.23,224.15,1,415
3311,7708,2024-08-31,24,1,new,No reason,eligible,3842,H&M,Jeans,54.85,0.0,0,759
3312,3526,2025-09-08,39,1,new,Too large,ineligible,1771,Loewe,Accessories,521.1,0.0,0,866
3313,11152,2024-08-03,9,1,tried-on,No reason,eligible,5578,Loewe,Activewear,741.99,0.0,0,831
3314,14414,2025-02-16,55,1,new,Changed mind,ineligible,7219,Chanel,Lingerie,890.89,0.0,0,279
3315,5900,2025-03-13,8,1,damaged,Changed mind,ineligible,2956,H&M,Tops,82.62,0.0,0,643
3316,11396,2025-04-03,7,1,new,Defective,eligible,5697,Zara,Lingerie,16.89,0.0,0,1027
3317,14283,2023-12-21,36,1,new,No reason,needs_review,7155,Girlfriend Collective,Home,94.76,0.0,0,1168
3318,12041,2025-10-07,16,1,new,Defective,eligible,6031,Urban Outfitters,Tops,113.85,0.0,0,954
3319,15624,2024-04-18,26,1,new,Too large,ineligible,7825,Chanel,Footwear,614.33,0.0,0,490
3320,8672,2024-09-27,1,1,new,Too small,eligible,4320,Zara,Footwear,71.75,20.45,1,85
3321,12500,2024-08-12,14,1,tried-on,Changed mind,ineligible,6260,Urban Outfitters,Beauty,53.18,0.0,0,1285
3322,13499,2025-10-30,38,1,new,No reason,eligible,6768,Under Armour,Accessories,54.63,13.81,1,1047
3323,4660,2024-10-12,43,0,tried-on,Wrong item,ineligible,2343,Loewe,Lingerie,809.44,0.0,0,834
3324,13786,2025-01-05,10,1,new,Too small,eligible,6911,Gucci,Lingerie,507.98,80.22,1,178
3325,8767,2025-11-27,57,1,new,Defective,eligible,4371,Under Armour,Accessories,77.35,0.0,0,913
3326,9371,2025-12-02,50,1,worn,Defective,ineligible,4659,Shein,Outerwear,24.92,0.0,0,630
3327,3102,2024-08-23,13,1,new,Changed mind,eligible,1559,Chanel,Jeans,1349.88,0.0,0,638
3328,5460,2025-07-15,45,0,new,Too small,ineligible,2741,H&M,Footwear,73.12,0.0,0,1014
3329,6829,2025-10-22,9,1,new,No reason,eligible,3397,Urban Outfitters,Activewear,94.36,0.0,0,1222
3330,600,2024-05-04,47,1,tried-on,Wrong item,ineligible,294,Zara,Bags,37.67,0.0,0,1168
3331,8392,2024-12-28,30,1,tried-on,Wrong item,ineligible,4182,Chanel,Footwear,1123.02,0.0,0,684
3332,15278,2025-04-05,48,1,tried-on,Too small,ineligible,7650,Chanel,Tops,1388.82,0.0,0,276
3333,1539,2025-09-07,30,1,new,Too small,eligible,753,Under Armour,Activewear,96.1,0.0,0,382
3334,12543,2025-07-29,11,1,new,Too large,eligible,6279,Zara,Lingerie,78.75,0.0,0,1240
3335,1067,2024-08-29,38,1,new,Defective,ineligible,521,Girlfriend Collective,Dresses,97.89,0.0,0,349
3336,2954,2024-01-04,42,1,new,Wrong item,ineligible,1477,Urban Outfitters,Activewear,22.8,0.0,0,1141
3337,8921,2024-08-21,33,1,new,Wrong item,ineligible,4440,Urban Outfitters,Beauty,39.16,0.0,0,1450
3338,14564,2025-07-05,13,1,tried-on,Changed mind,eligible,7298,Under Armour,Dresses,74.93,0.0,0,743
3339,12468,2024-11-23,11,0,new,Too large,needs_review,6244,Shein,Footwear,28.1,0.0,0,273
3340,13760,2024-07-16,55,1,new,Changed mind,ineligible,6896,Urban Outfitters,Activewear,75.92,0.0,0,1357
3341,6582,2025-06-03,5,1,worn,Too small,ineligible,3277,Loewe,Activewear,1095.09,0.0,0,1219
3342,13027,2024-06-09,36,1,new,No reason,ineligible,6533,Loewe,Jeans,1950.76,0.0,0,988
3343,13834,2024-07-21,17,1,new,Defective,needs_review,6933,Gucci,Activewear,840.12,0.0,0,1160
3344,2156,2025-09-15,22,1,new,Wrong item,ineligible,1067,Loewe,Footwear,872.44,0.0,0,686
3345,111,2024-11-03,48,1,new,Changed mind,ineligible,49,Shein,Dresses,21.76,0.0,0,1452
3346,5220,2024-05-09,44,1,new,Wrong item,eligible,2622,Under Armour,Footwear,97.65,0.0,0,1360
3347,12705,2025-04-27,49,1,new,Defective,ineligible,6365,Urban Outfitters,Dresses,52.28,0.0,0,652
3348,3019,2025-10-21,32,0,new,Wrong item,needs_review,1510,Zara,Tops,52.61,0.0,0,550
3349,1921,2025-01-22,7,1,new,Changed mind,eligible,949,Urban Outfitters,Bags,66.01,0.0,0,1138
3350,14717,2024-03-04,10,1,new,Too large,eligible,7377,Gucci,Outerwear,3274.7,0.0,0,51
3351,11316,2025-03-27,19,1,new,Too large,eligible,5658,H&M,Tops,74.71,0.0,0,17
3352,11186,2025-06-25,1,1,new,Changed mind,eligible,5595,Urban Outfitters,Outerwear,49.49,0.0,0,515
3353,10579,2025-08-02,54,1,worn,Wrong item,ineligible,5278,Gucci,Jeans,1329.7,0.0,0,526
3354,9885,2024-04-03,2,1,new,No reason,eligible,4918,Loewe,Lingerie,540.06,0.0,0,654
3355,10231,2024-08-08,29,1,new,Too large,eligible,5103,Urban Outfitters,Tops,78.56,0.0,0,380
3356,4778,2025-10-17,54,1,new,Defective,ineligible,2400,H&M,Bags,66.8,0.0,0,729
3357,13381,2025-11-13,25,1,new,Too large,eligible,6709,Zara,Swimwear,49.3,0.0,0,1493
3358,4776,2025-04-27,48,0,new,No reason,ineligible,2399,Gucci,Bags,2171.53,0.0,0,377
3359,12540,2024-12-12,36,1,worn,Too large,ineligible,6278,Zara,Home,82.27,0.0,0,909
3360,2015,2024-10-27,48,1,tried-on,Changed mind,ineligible,998,Girlfriend Collective,Bags,104.82,0.0,0,1127
3361,3625,2025-09-02,0,1,tried-on,Wrong item,eligible,1825,Prada,Swimwear,775.1,0.0,0,1318
3362,8549,2024-07-04,3,1,new,Wrong item,eligible,4264,Urban Outfitters,Swimwear,107.91,0.0,0,572
3363,10813,2025-01-26,16,1,tried-on,Too large,needs_review,5393,Chanel,Lingerie,755.24,0.0,0,319
3364,1406,2025-05-27,57,1,worn,Too large,ineligible,688,Prada,Lingerie,668.48,0.0,0,646
3365,9499,2024-04-27,30,1,new,Changed mind,eligible,4725,Girlfriend Collective,Lingerie,74.8,0.0,0,1361
3366,15740,2025-04-09,53,1,new,Defective,ineligible,7879,Loewe,Outerwear,3998.37,0.0,0,1184
3367,5782,2025-05-30,27,1,new,Defective,eligible,2895,Girlfriend Collective,Footwear,69.97,0.0,0,1425
3368,13316,2024-09-15,17,1,tried-on,Defective,needs_review,6679,Prada,Dresses,1670.41,0.0,0,1146
3369,8348,2024-03-18,50,1,new,Changed mind,ineligible,4163,Girlfriend Collective,Jeans,69.36,0.0,0,846
3370,2747,2025-02-06,36,1,new,Too large,eligible,1377,Under Armour,Lingerie,120.6,0.0,0,548
3371,1283,2024-03-10,33,1,tried-on,Too large,ineligible,627,H&M,Beauty,83.25,0.0,0,522
3372,5443,2024-01-27,7,1,damaged,No reason,ineligible,2733,Loewe,Lingerie,1059.02,0.0,0,1163
3373,11564,2024-02-06,31,1,new,Too small,ineligible,5785,Gucci,Accessories,411.95,0.0,0,698
3374,7949,2025-09-25,36,1,new,Changed mind,needs_review,3967,H&M,Accessories,51.68,0.0,0,297
3375,14628,2025-01-02,28,1,tried-on,No reason,ineligible,7329,Prada,Activewear,300.0,0.0,0,401
3376,14008,2025-02-01,51,1,new,Too large,ineligible,7022,Loewe,Activewear,637.45,0.0,0,476
3377,9816,2025-10-01,23,1,new,Wrong item,eligible,4885,Under Armour,Bags,119.46,0.0,0,542
3378,6607,2023-12-12,11,1,tried-on,Too small,eligible,3291,Under Armour,Activewear,133.62,0.0,0,1339
3379,12254,2025-07-23,59,1,tried-on,Defective,ineligible,6136,Loewe,Jeans,1418.88,0.0,0,309
3380,10416,2024-08-10,53,1,tried-on,Too small,ineligible,5194,Urban Outfitters,Outerwear,40.98,0.0,0,1211
3381,1629,2024-08-04,14,1,new,Too large,eligible,794,Gucci,Footwear,946.71,0.0,0,29
3382,9015,2024-09-12,46,1,tried-on,Too small,ineligible,4485,Shein,Tops,17.36,0.0,0,523
3383,7954,2025-04-10,37,1,new,Changed mind,needs_review,3969,Shein,Footwear,15.51,0.0,0,1227
3384,5149,2025-12-16,60,1,new,Too large,eligible,2583,Under Armour,Lingerie,83.51,21.22,1,875
3385,9643,2024-05-31,60,1,tried-on,Defective,ineligible,4799,Urban Outfitters,Swimwear,20.0,6.18,1,782
3386,9638,2025-11-25,21,1,new,Changed mind,eligible,4797,Girlfriend Collective,Swimwear,74.6,0.0,0,1082
3387,13871,2025-08-02,53,1,new,Too large,ineligible,6949,Loewe,Activewear,927.99,0.0,0,1328
3388,3278,2025-10-10,14,1,tried-on,Too large,eligible,1641,Loewe,Accessories,582.97,0.0,0,799
3389,14033,2025-07-10,5,1,new,Changed mind,eligible,7035,Under Armour,Lingerie,142.59,0.0,0,411
3390,10909,2025-11-24,46,1,new,Too small,ineligible,5446,Urban Outfitters,Dresses,59.93,0.0,0,136
3391,11239,2024-12-14,40,1,new,Too small,ineligible,5621,Loewe,Dresses,1453.9,0.0,0,228
3392,5114,2024-07-10,30,1,new,Too large,eligible,2565,H&M,Accessories,76.52,0.0,0,533
3393,1893,2025-02-02,1,1,worn,Changed mind,ineligible,934,Shein,Lingerie,34.14,0.0,0,961
3394,6506,2023-12-04,10,1,new,No reason,eligible,3244,Prada,Tops,1074.99,0.0,0,666
3395,12114,2025-05-18,32,1,worn,Wrong item,ineligible,6069,Girlfriend Collective,Activewear,113.26,0.0,0,135
3396,1777,2025-11-16,43,1,new,Wrong item,ineligible,871,Chanel,Beauty,602.73,0.0,0,799
3397,8234,2024-04-22,25,1,tried-on,Wrong item,eligible,4106,Shein,Outerwear,25.83,4.82,1,612
3398,1749,2024-07-22,4,1,new,Too large,eligible,855,Chanel,Jeans,1341.5,0.0,0,595
3399,14595,2024-05-19,0,1,new,No reason,eligible,7312,Shein,Outerwear,41.74,6.04,1,1279
3400,110,2025-04-24,10,1,tried-on,Defective,eligible,48,Girlfriend Collective,Footwear,82.49,0.0,0,1128
3401,6168,2024-07-23,44,1,tried-on,Changed mind,ineligible,3080,Loewe,Outerwear,3681.97,0.0,0,1380
3402,2276,2024-05-24,54,1,new,Too small,ineligible,1128,Zara,Accessories,53.21,0.0,0,483
3403,15407,2024-03-02,58,1,new,Wrong item,eligible,7715,Under Armour,Jeans,101.8,15.33,1,1459
3404,2913,2025-10-08,26,1,new,Too large,ineligible,1459,Gucci,Lingerie,885.42,0.0,0,1233
3405,1473,2025-01-24,39,1,tried-on,Too large,ineligible,721,Prada,Accessories,566.63,0.0,0,784
3406,6264,2024-05-24,11,1,new,Changed mind,eligible,3126,Urban Outfitters,Dresses,66.93,12.99,1,1491
3407,7732,2024-01-27,37,1,tried-on,Changed mind,ineligible,3855,Gucci,Activewear,854.89,0.0,0,466
3408,4949,2024-01-24,36,1,new,Defective,needs_review,2484,Shein,Bags,33.7,0.0,0,28
3409,9375,2024-04-10,47,1,damaged,No reason,ineligible,4661,Prada,Accessories,816.64,0.0,0,785
3410,6501,2025-09-04,59,1,tried-on,No reason,ineligible,3241,H&M,Beauty,26.81,0.0,0,1163
3411,12454,2024-02-29,44,1,new,Defective,ineligible,6236,Shein,Home,8.9,0.0,0,144
3412,6020,2025-12-03,36,1,new,Defective,needs_review,3014,H&M,Footwear,98.61,26.67,1,999
3413,12233,2025-11-06,57,1,new,No reason,ineligible,6127,Under Armour,Beauty,80.49,10.42,1,620
3414,7144,2024-04-03,13,1,tried-on,Defective,eligible,3554,Gucci,Lingerie,1063.72,112.02,1,616
3415,3401,2025-05-22,57,1,new,Too large,ineligible,1703,H&M,Swimwear,40.57,3.37,1,1344
3416,11148,2025-01-16,5,1,tried-on,Defective,eligible,5576,Prada,Home,711.56,0.0,0,542
3417,12499,2024-07-31,2,1,worn,Too large,ineligible,6260,Urban Outfitters,Tops,85.38,0.0,0,1285
3418,9688,2024-04-15,42,1,damaged,No reason,ineligible,4820,Shein,Footwear,35.49,0.0,0,1355
3419,8229,2025-06-26,54,1,new,Changed mind,ineligible,4104,H&M,Beauty,41.12,0.0,0,1347
3420,11081,2024-07-26,6,1,new,Too large,eligible,5541,H&M,Jeans,97.35,16.12,1,1098
3421,9414,2024-12-04,7,1,new,Changed mind,eligible,4681,Loewe,Lingerie,1072.44,0.0,0,529
3422,10966,2025-12-06,54,1,new,Too large,ineligible,5474,Zara,Bags,25.56,0.0,0,294
3423,6186,2024-06-05,1,1,new,Defective,eligible,3089,Urban Outfitters,Swimwear,94.42,0.0,0,241
3424,12520,2025-03-25,1,1,new,No reason,eligible,6269,H&M,Accessories,53.28,0.0,0,1392
3425,10434,2024-06-04,1,1,new,Wrong item,eligible,5202,Shein,Home,38.79,0.0,0,864
3426,2270,2025-12-29,52,1,damaged,No reason,ineligible,1126,Under Armour,Accessories,80.59,22.51,1,144
3427,2429,2025-09-14,25,1,tried-on,Too small,ineligible,1209,Loewe,Beauty,689.55,0.0,0,950
3428,3918,2025-05-30,1,1,new,Wrong item,eligible,1974,Under Armour,Tops,82.25,0.0,0,862
3429,7792,2024-12-21,8,1,new,Too large,eligible,3886,Under Armour,Accessories,75.5,0.0,0,1078
3430,14067,2024-12-22,9,1,new,No reason,eligible,7052,H&M,Jeans,42.87,0.0,0,988
3431,1038,2024-05-14,42,1,new,Changed mind,ineligible,507,Girlfriend Collective,Bags,32.41,0.0,0,1428
3432,10580,2025-07-03,24,1,new,Wrong item,ineligible,5278,Gucci,Activewear,583.72,0.0,0,526
3433,3750,2025-08-04,4,1,new,Too large,eligible,1890,Gucci,Activewear,859.44,0.0,0,1475
3434,9454,2025-07-16,36,1,tried-on,Changed mind,needs_review,4702,Shein,Home,23.91,6.39,1,357
3435,3216,2025-03-23,10,1,new,No reason,eligible,1613,Urban Outfitters,Footwear,33.06,0.0,0,364
3436,8142,2025-10-15,11,1,new,Too large,eligible,4058,Under Armour,Dresses,129.03,0.0,0,900
3437,10080,2024-01-05,15,1,new,Changed mind,eligible,5027,Girlfriend Collective,Dresses,100.58,0.0,0,882
3438,4445,2024-09-10,12,1,tried-on,Changed mind,eligible,2232,Zara,Home,124.09,0.0,0,785
3439,13156,2024-07-30,16,1,damaged,Changed mind,ineligible,6600,Girlfriend Collective,Jeans,57.6,0.0,0,56
3440,2441,2024-02-12,39,1,new,Changed mind,ineligible,1214,Shein,Tops,26.62,0.0,0,1012
3441,11611,2025-01-30,46,1,new,Too large,ineligible,5811,Shein,Tops,6.02,0.0,0,1339
3442,3309,2025-07-08,13,1,new,Changed mind,eligible,1657,H&M,Bags,76.54,0.0,0,524
3443,1829,2025-09-02,54,1,new,Wrong item,ineligible,898,Gucci,Footwear,715.23,0.0,0,1025
3444,1395,2024-06-10,44,1,worn,No reason,ineligible,682,H&M,Accessories,83.04,0.0,0,1295
3445,15411,2025-03-10,23,1,new,No reason,eligible,7717,Shein,Home,14.66,1.27,1,990
3446,8619,2025-10-24,6,1,tried-on,No reason,eligible,4294,Urban Outfitters,Tops,20.0,0.0,0,198
3447,5856,2025-02-20,52,1,new,Changed mind,ineligible,2933,Urban Outfitters,Beauty,89.91,14.31,1,614
3448,8952,2025-03-09,30,1,new,Changed mind,eligible,4453,Zara,Outerwear,48.13,11.64,1,545
3449,468,2025-01-25,12,1,new,Defective,eligible,225,Loewe,Lingerie,581.43,0.0,0,400
3450,6901,2023-12-03,24,1,tried-on,Too large,eligible,3432,Shein,Swimwear,40.72,0.0,0,490
3451,15014,2025-10-04,20,1,new,Too large,needs_review,7517,Gucci,Bags,2530.43,0.0,0,301
3452,6327,2024-02-10,32,1,new,Too large,needs_review,3156,Zara,Outerwear,50.46,0.0,0,61
3453,7928,2025-05-21,36,1,worn,Too large,ineligible,3958,Loewe,Outerwear,3576.33,0.0,0,1486
3454,8209,2025-02-28,56,1,new,No reason,ineligible,4094,Gucci,Swimwear,951.75,0.0,0,474
3455,7639,2025-07-24,21,1,tried-on,Too small,eligible,3805,Shein,Lingerie,22.75,0.0,0,1448
3456,8723,2025-03-17,3,1,new,No reason,eligible,4348,Urban Outfitters,Accessories,106.1,9.94,1,1376
3457,13400,2024-07-13,21,1,new,Too large,eligible,6718,H&M,Outerwear,58.82,0.0,0,321
3458,2241,2024-08-23,27,0,tried-on,Defective,needs_review,1109,Zara,Swimwear,105.33,0.0,0,247
3459,3938,2024-10-13,16,1,worn,No reason,ineligible,1983,Gucci,Lingerie,786.21,0.0,0,1235
3460,14886,2025-09-18,25,0,new,Wrong item,needs_review,7458,Urban Outfitters,Activewear,33.35,0.0,0,564
3461,13642,2024-11-08,42,1,worn,Too small,ineligible,6840,H&M,Jeans,21.33,5.61,1,1300
3462,9496,2024-10-27,35,1,new,Too small,needs_review,4723,Zara,Tops,51.22,0.0,0,1001
3463,6976,2024-12-26,32,1,worn,Defective,ineligible,3469,Zara,Activewear,33.44,10.22,1,1449
3464,4890,2025-09-27,12,1,new,Too small,eligible,2452,H&M,Jeans,77.41,0.0,0,1443
3465,11918,2024-04-22,9,1,new,Changed mind,eligible,5970,Zara,Jeans,68.93,0.0,0,168
3466,11479,2025-05-26,46,1,new,Changed mind,ineligible,5736,H&M,Dresses,29.8,0.0,0,146
3467,7551,2025-11-13,51,0,new,Too small,ineligible,3764,H&M,Dresses,61.56,9.47,1,850
3468,5485,2024-02-15,18,1,new,No reason,eligible,2752,Zara,Lingerie,50.53,13.07,1,930
3469,1396,2024-05-15,18,1,tried-on,Too large,eligible,682,H&M,Dresses,46.08,0.0,0,1295
3470,8225,2024-05-22,5,1,tried-on,Too small,eligible,4101,Zara,Swimwear,76.89,0.0,0,1236
3471,8613,2024-02-10,1,1,new,Changed mind,eligible,4291,Under Armour,Dresses,88.75,0.0,0,587
3472,3537,2025-11-18,18,1,tried-on,Changed mind,eligible,1775,Urban Outfitters,Home,147.86,28.76,1,512
3473,5433,2025-08-01,50,1,new,Changed mind,ineligible,2727,Shein,Activewear,41.51,0.0,0,343
3474,2703,2024-10-28,11,1,tried-on,Wrong item,eligible,1353,Zara,Footwear,94.43,0.0,0,170
3475,319,2024-08-03,35,1,new,No reason,ineligible,149,Loewe,Bags,1835.8,0.0,0,814
3476,15154,2025-03-22,10,1,new,Too large,eligible,7587,H&M,Accessories,37.12,0.0,0,44
3477,12406,2024-01-18,27,1,new,Too small,ineligible,6212,Shein,Beauty,31.58,0.0,0,775
3478,14986,2023-12-25,1,1,worn,Wrong item,ineligible,7505,Under Armour,Jeans,80.69,16.44,1,142
3479,10781,2024-06-30,21,1,tried-on,Too small,eligible,5376,Under Armour,Outerwear,67.82,0.0,0,1331
3480,8430,2025-04-12,7,0,tried-on,Defective,needs_review,4199,H&M,Accessories,50.87,0.0,0,1298
3481,3163,2023-12-31,5,0,new,No reason,needs_review,1589,Prada,Jeans,1601.77,0.0,0,470
3482,1700,2025-10-27,22,1,tried-on,No reason,ineligible,830,Prada,Outerwear,3304.76,0.0,0,907
3483,10867,2025-03-31,54,1,new,Changed mind,ineligible,5421,Zara,Activewear,77.09,0.0,0,697
3484,13385,2024-02-23,24,1,new,Too large,eligible,6711,Zara,Tops,79.37,15.32,1,1403
3485,10246,2024-09-17,39,0,new,Too small,ineligible,5109,Shein,Outerwear,40.42,0.0,0,473
3486,4368,2024-04-09,30,0,tried-on,No reason,ineligible,2195,Loewe,Swimwear,994.61,0.0,0,167
3487,6008,2024-06-24,49,1,tried-on,Changed mind,ineligible,3008,Girlfriend Collective,Accessories,85.33,0.0,0,548
3488,6395,2024-04-30,29,1,new,Too large,eligible,3187,H&M,Bags,68.98,0.0,0,1398
3489,12808,2023-12-15,27,1,damaged,Wrong item,ineligible,6417,Shein,Activewear,30.57,3.42,1,991
3490,6695,2025-10-27,16,1,new,No reason,needs_review,3330,Gucci,Tops,2004.16,0.0,0,1436
3491,6401,2025-08-20,49,0,tried-on,No reason,needs_review,3189,Under Armour,Swimwear,88.98,0.0,0,1222
3492,13576,2024-10-10,47,1,tried-on,Defective,ineligible,6810,Urban Outfitters,Lingerie,97.87,0.0,0,852
3493,7298,2025-01-05,49,1,tried-on,Wrong item,ineligible,3631,Zara,Tops,46.5,0.0,0,634
3494,1778,2024-07-01,6,0,worn,Wrong item,ineligible,872,Chanel,Activewear,817.97,0.0,0,1500
3495,1647,2025-07-10,18,1,new,Too large,needs_review,803,Chanel,Tops,1482.87,0.0,0,1181
3496,2108,2025-06-30,59,1,tried-on,Too small,ineligible,1042,Loewe,Accessories,631.33,0.0,0,797
3497,2424,2024-12-22,48,0,new,No reason,ineligible,1205,Urban Outfitters,Home,83.84,23.95,1,1204
3498,6039,2024-01-13,11,1,tried-on,Changed mind,eligible,3022,Under Armour,Footwear,93.43,0.0,0,388
3499,8317,2025-10-22,27,1,new,Too large,ineligible,4148,Gucci,Accessories,473.67,0.0,0,1264
3500,14368,2024-07-11,43,1,new,Defective,ineligible,7200,H&M,Activewear,63.0,0.0,0,1339
3501,12599,2025-05-16,25,1,new,Defective,eligible,6309,Under Armour,Home,74.62,7.31,1,1306
3502,11188,2025-04-24,14,0,new,Too large,needs_review,5596,H&M,Dresses,80.74,0.0,0,1183
3503,6193,2025-01-13,18,1,worn,No reason,ineligible,3091,Chanel,Swimwear,504.53,0.0,0,193
3504,15251,2025-12-31,55,1,new,Wrong item,ineligible,7635,H&M,Dresses,67.55,0.0,0,608
3505,4116,2024-09-01,59,1,new,No reason,ineligible,2069,Zara,Jeans,74.72,16.2,1,214
3506,384,2025-07-25,43,1,tried-on,Changed mind,eligible,183,Under Armour,Bags,76.04,9.52,1,578
3507,13670,2025-02-11,50,1,new,Too small,ineligible,6855,Zara,Jeans,52.43,15.18,1,1152
3508,13662,2025-07-16,9,1,new,Changed mind,eligible,6850,Zara,Outerwear,62.7,0.0,0,991
3509,7299,2024-12-01,14,1,tried-on,No reason,eligible,3631,Zara,Dresses,33.82,0.0,0,634
3510,12622,2023-12-31,2,0,new,Wrong item,ineligible,6320,Gucci,Beauty,797.03,0.0,0,1295
3511,4575,2024-04-08,60,1,new,No reason,ineligible,2301,Urban Outfitters,Tops,118.42,0.0,0,394
3512,2740,2025-07-04,53,1,new,Defective,ineligible,1375,H&M,Activewear,42.73,0.0,0,1066
3513,15579,2024-02-05,28,1,damaged,Too large,ineligible,7802,Under Armour,Beauty,110.61,0.0,0,989
3514,13164,2025-09-11,20,1,new,Changed mind,eligible,6603,Girlfriend Collective,Accessories,68.95,0.0,0,562
3515,14098,2025-05-03,11,1,new,No reason,eligible,7067,Prada,Home,763.79,0.0,0,91
3516,3509,2025-11-16,48,1,new,Too large,ineligible,1761,Shein,Outerwear,29.73,0.0,0,769
3517,15835,2024-04-30,28,1,new,Too large,eligible,7922,H&M,Dresses,49.57,0.0,0,757
3518,12007,2024-01-03,7,0,new,Wrong item,needs_review,6013,Prada,Tops,1321.72,0.0,0,1001
3519,13858,2024-06-13,29,1,tried-on,Too small,eligible,6944,Urban Outfitters,Home,89.42,0.0,0,59
3520,7334,2024-11-26,55,1,worn,Wrong item,ineligible,3648,Loewe,Beauty,713.77,0.0,0,926
3521,782,2024-02-09,39,1,new,Changed mind,ineligible,384,Loewe,Outerwear,3832.22,0.0,0,710
3522,7836,2024-06-21,10,1,new,Changed mind,eligible,3910,Loewe,Bags,2210.31,0.0,0,231
3523,13142,2024-02-02,36,1,tried-on,Wrong item,needs_review,6593,Zara,Lingerie,55.62,0.0,0,856
3524,2988,2025-01-13,43,1,new,No reason,ineligible,1494,Loewe,Lingerie,941.14,0.0,0,692
3525,9956,2025-09-06,53,1,new,No reason,ineligible,4956,Gucci,Accessories,475.98,0.0,0,1048
3526,4767,2025-10-21,30,1,new,Wrong item,ineligible,2395,Loewe,Dresses,2047.6,0.0,0,870
3527,3122,2023-11-29,7,1,new,No reason,eligible,1568,H&M,Home,12.36,1.87,1,822
3528,2475,2025-02-25,53,1,new,Too small,ineligible,1231,Chanel,Dresses,1573.76,0.0,0,448
3529,12855,2025-09-29,40,1,new,Wrong item,ineligible,6440,Loewe,Bags,1950.4,0.0,0,915
3530,14278,2025-02-13,7,1,new,Too large,eligible,7153,Gucci,Footwear,1082.54,124.82,1,171
3531,12529,2024-03-30,27,1,new,Wrong item,eligible,6273,H&M,Accessories,102.92,20.56,1,1155
3532,2543,2025-04-13,30,1,new,Defective,eligible,1271,Girlfriend Collective,Tops,101.59,0.0,0,820
3533,2728,2024-07-25,25,0,new,Too small,needs_review,1368,H&M,Outerwear,67.3,17.99,1,1323
3534,6915,2025-07-08,45,1,new,Defective,ineligible,3437,H&M,Activewear,25.93,0.0,0,741
3535,2945,2025-12-12,55,1,new,Changed mind,eligible,1473,Under Armour,Jeans,94.33,0.0,0,631
3536,14336,2024-07-06,50,1,tried-on,Too large,ineligible,7181,Zara,Bags,64.2,0.0,0,419
3537,308,2025-09-27,22,1,tried-on,No reason,eligible,143,Zara,Activewear,17.32,0.0,0,427
3538,11411,2024-11-06,49,1,new,Too small,ineligible,5704,Urban Outfitters,Activewear,20.0,0.0,0,221
3539,10326,2024-04-13,39,1,worn,Defective,ineligible,5147,Urban Outfitters,Accessories,111.28,9.14,1,90
3540,7255,2024-11-11,20,1,new,Too small,needs_review,3610,Chanel,Tops,1360.17,0.0,0,996
3541,9346,2024-07-11,7,1,new,Wrong item,ineligible,4647,H&M,Beauty,93.93,0.0,0,1214
3542,13116,2024-02-16,40,0,new,Wrong item,ineligible,6580,H&M,Jeans,88.65,22.01,1,2
3543,3588,2024-08-31,45,1,new,Too small,ineligible,1803,Prada,Outerwear,3058.95,0.0,0,1099
3544,12675,2025-09-06,22,1,new,Defective,eligible,6349,Shein,Jeans,9.31,0.0,0,1147
3545,6733,2024-10-15,21,1,tried-on,Wrong item,eligible,3351,Under Armour,Accessories,76.46,6.96,1,129
3546,13523,2025-01-05,4,1,new,Defective,eligible,6781,H&M,Swimwear,31.89,0.0,0,707
3547,8332,2024-10-07,57,1,tried-on,Too small,ineligible,4155,Gucci,Footwear,928.36,0.0,0,885
3548,15573,2024-06-08,16,1,new,Changed mind,eligible,7800,Girlfriend Collective,Accessories,136.21,0.0,0,64
3549,3055,2024-11-22,15,1,tried-on,Too small,eligible,1530,H&M,Activewear,84.91,0.0,0,758
3550,1929,2024-01-30,12,1,new,Wrong item,eligible,952,H&M,Swimwear,10.0,1.1,1,1382
3551,8955,2024-02-18,55,1,tried-on,Too small,ineligible,4454,Urban Outfitters,Home,20.0,0.0,0,1086
3552,1944,2024-12-04,53,1,tried-on,Wrong item,ineligible,960,H&M,Tops,29.9,0.0,0,632
3553,10657,2024-07-15,10,1,new,Changed mind,eligible,5314,Girlfriend Collective,Footwear,72.5,23.27,1,1364
3554,10938,2025-02-04,28,1,worn,Too small,ineligible,5461,Urban Outfitters,Tops,67.62,21.71,1,1475
3555,8400,2025-03-09,33,1,worn,Wrong item,ineligible,4186,Shein,Swimwear,27.44,0.0,0,754
3556,8564,2025-09-10,42,0,new,No reason,ineligible,4271,H&M,Tops,94.01,0.0,0,1073
3557,9448,2024-11-27,2,1,tried-on,No reason,eligible,4700,Girlfriend Collective,Footwear,61.48,0.0,0,800
3558,13961,2024-04-20,19,1,new,Wrong item,eligible,6997,Shein,Accessories,19.96,0.0,0,1453
3559,3226,2025-07-17,3,1,new,Changed mind,ineligible,1617,Under Armour,Beauty,104.32,0.0,0,423
3560,9538,2024-02-10,29,1,new,Defective,ineligible,4743,Loewe,Home,863.31,0.0,0,649
3561,3176,2024-06-23,51,0,new,Wrong item,ineligible,1595,Urban Outfitters,Tops,55.7,0.0,0,662
3562,4601,2024-03-31,16,1,new,Defective,eligible,2313,Under Armour,Accessories,162.85,43.03,1,706
3563,12190,2024-01-17,39,1,tried-on,Too small,ineligible,6107,Chanel,Accessories,930.73,0.0,0,880
3564,7510,2024-01-23,12,1,new,Too small,ineligible,3742,H&M,Beauty,63.8,0.0,0,692
3565,7874,2025-09-10,26,1,new,Defective,ineligible,3932,Chanel,Home,754.91,0.0,0,821
3566,3255,2025-07-22,0,1,new,Wrong item,eligible,1630,H&M,Activewear,99.03,0.0,0,1165
3567,15244,2025-05-21,52,1,tried-on,Too small,ineligible,7632,Girlfriend Collective,Dresses,68.23,0.0,0,686
3568,8733,2024-05-10,14,1,worn,Too small,ineligible,4355,Urban Outfitters,Lingerie,100.85,26.41,1,358
3569,8596,2024-08-16,23,1,tried-on,No reason,ineligible,4285,Zara,Beauty,71.9,0.0,0,1269
3570,7593,2024-08-01,15,1,new,Too small,needs_review,3785,Loewe,Footwear,683.13,0.0,0,183
3571,7264,2024-08-20,32,1,new,Changed mind,ineligible,3614,Loewe,Lingerie,804.09,0.0,0,1140
3572,6213,2025-04-20,42,1,tried-on,Too large,ineligible,3102,Gucci,Tops,1271.2,0.0,0,1221
3573,14781,2024-03-17,27,1,new,Too large,eligible,7406,Zara,Activewear,64.57,0.0,0,299
3574,13082,2025-02-22,47,1,new,Changed mind,ineligible,6560,Zara,Beauty,68.36,7.07,1,1001
3575,14784,2025-04-19,51,0,new,Wrong item,ineligible,7407,Shein,Beauty,28.5,0.0,0,1268
3576,673,2024-11-15,11,1,new,Wrong item,ineligible,327,H&M,Beauty,49.65,0.0,0,1158
3577,11055,2025-06-22,8,1,new,Wrong item,eligible,5523,Loewe,Footwear,923.28,0.0,0,1376
3578,13654,2024-01-07,58,1,new,Changed mind,ineligible,6847,Shein,Tops,16.15,1.37,1,336
3579,10281,2025-08-28,9,1,new,Too large,eligible,5127,Urban Outfitters,Accessories,83.25,0.0,0,433
3580,3321,2024-06-30,3,1,new,Changed mind,eligible,1664,Zara,Home,45.15,0.0,0,586
3581,8461,2025-01-12,17,1,new,Too small,needs_review,4214,Loewe,Bags,2261.05,0.0,0,558
3582,8031,2025-08-05,54,1,tried-on,Changed mind,ineligible,4006,Girlfriend Collective,Accessories,52.89,0.0,0,1238
3583,2410,2024-03-23,14,1,new,Changed mind,eligible,1199,Urban Outfitters,Swimwear,79.67,0.0,0,314
3584,9894,2024-07-06,2,1,new,Too large,eligible,4923,H&M,Activewear,35.42,8.59,1,1164
3585,10448,2024-01-21,50,1,new,Changed mind,ineligible,5207,Loewe,Swimwear,764.14,0.0,0,558
3586,14967,2025-03-13,32,1,tried-on,Too small,ineligible,7497,Zara,Beauty,86.22,0.0,0,887
3587,10612,2025-05-09,19,1,new,Too large,eligible,5293,Shein,Swimwear,23.87,2.79,1,1083
3588,6942,2024-06-03,39,1,tried-on,Too large,ineligible,3452,Girlfriend Collective,Activewear,90.94,0.0,0,739
3589,1589,2024-02-19,52,1,new,Too large,ineligible,777,H&M,Jeans,76.35,12.89,1,9
3590,26,2024-11-17,18,1,new,Wrong item,needs_review,11,Loewe,Activewear,1028.66,0.0,0,12
3591,11266,2025-03-01,60,1,new,Too small,ineligible,5634,H&M,Activewear,42.62,0.0,0,401
3592,10738,2025-06-12,56,1,new,Defective,eligible,5355,Under Armour,Tops,135.56,0.0,0,139
3593,3439,2025-09-29,31,1,new,Defective,eligible,1722,Under Armour,Lingerie,34.52,0.0,0,322
3594,7074,2024-04-23,38,1,new,Too large,eligible,3520,Under Armour,Home,136.46,36.83,1,483
3595,6891,2024-10-08,57,1,new,Wrong item,ineligible,3427,Gucci,Home,899.87,0.0,0,1421
3596,12291,2024-09-28,15,1,new,Defective,ineligible,6158,H&M,Beauty,10.0,0.0,0,69
3597,13104,2023-12-16,34,1,tried-on,No reason,needs_review,6572,Zara,Activewear,44.4,0.0,0,1199
3598,10200,2024-06-24,58,1,tried-on,Too small,eligible,5087,Under Armour,Jeans,108.11,14.51,1,1230
3599,7184,2025-08-27,17,1,new,Wrong item,needs_review,3574,Loewe,Bags,2698.22,0.0,0,901
3600,10017,2023-11-10,0,1,new,Wrong item,eligible,4992,Urban Outfitters,Accessories,32.84,0.0,0,357
3601,3861,2024-12-24,32,1,tried-on,No reason,needs_review,1944,Urban Outfitters,Tops,87.6,18.15,1,283
3602,13881,2024-11-28,26,1,new,Changed mind,eligible,6954,Girlfriend Collective,Outerwear,115.86,28.81,1,579
3603,1454,2024-03-20,49,1,tried-on,No reason,ineligible,711,H&M,Footwear,79.93,0.0,0,141
3604,14484,2024-01-20,30,1,new,Too large,ineligible,7258,Loewe,Tops,2156.5,0.0,0,933
3605,9118,2025-01-02,38,1,new,Too small,ineligible,4540,Girlfriend Collective,Tops,41.98,4.57,1,1299
3606,91,2024-03-14,14,1,new,No reason,eligible,41,Urban Outfitters,Bags,122.52,18.04,1,186
3607,5225,2024-07-19,0,1,new,Too large,eligible,2626,H&M,Outerwear,82.85,0.0,0,1073
3608,10595,2025-08-30,18,1,tried-on,No reason,eligible,5286,Girlfriend Collective,Footwear,30.0,0.0,0,732
3609,7028,2025-08-17,7,1,new,Changed mind,eligible,3494,Under Armour,Tops,93.01,11.8,1,1324
3610,8647,2024-02-25,25,1,new,Wrong item,ineligible,4309,Chanel,Outerwear,3240.61,0.0,0,636
3611,7211,2024-04-24,48,1,new,Wrong item,ineligible,3588,Gucci,Activewear,545.41,0.0,0,310
3612,3432,2024-06-14,18,1,new,Wrong item,eligible,1719,Urban Outfitters,Swimwear,62.83,9.53,1,454
3613,14076,2025-03-13,54,1,new,Wrong item,ineligible,7055,Girlfriend Collective,Accessories,90.61,0.0,0,168
3614,5583,2025-05-22,54,0,new,Too small,needs_review,2804,Under Armour,Bags,109.83,0.0,0,1297
3615,2152,2025-02-03,16,1,new,Defective,ineligible,1066,Gucci,Beauty,952.84,0.0,0,882
3616,11601,2025-11-16,55,1,new,Defective,ineligible,5806,Loewe,Accessories,547.6,0.0,0,846
3617,12583,2024-05-06,55,0,worn,Wrong item,ineligible,6300,Zara,Activewear,47.81,0.0,0,995
3618,14391,2024-06-08,27,1,new,No reason,eligible,7209,Shein,Jeans,34.43,1.73,1,613
3619,9236,2024-11-26,38,1,new,Too small,ineligible,4596,H&M,Outerwear,51.17,0.0,0,135
3620,14540,2025-06-30,11,0,damaged,Defective,ineligible,7287,Prada,Jeans,1552.51,0.0,0,677
3621,11063,2024-02-01,49,1,tried-on,Too small,ineligible,5527,Urban Outfitters,Tops,85.45,17.63,1,272
3622,14699,2025-01-15,60,1,new,Too large,ineligible,7366,Gucci,Jeans,1633.36,0.0,0,379
3623,14732,2025-08-17,49,1,tried-on,Too large,ineligible,7385,Gucci,Beauty,840.09,0.0,0,2
3624,15754,2025-06-16,20,1,tried-on,No reason,ineligible,7884,Girlfriend Collective,Beauty,85.17,0.0,0,800
3625,12727,2024-07-10,26,1,new,Too small,ineligible,6377,Prada,Outerwear,2860.66,0.0,0,1430
3626,15083,2025-10-05,15,1,new,Defective,needs_review,7549,Loewe,Accessories,563.79,0.0,0,647
3627,4351,2025-03-20,23,1,new,Wrong item,eligible,2189,Zara,Home,67.52,0.0,0,1304
3628,11917,2025-11-17,45,1,worn,No reason,ineligible,5969,Under Armour,Activewear,65.7,4.19,1,1398
3629,8288,2025-06-20,17,1,tried-on,Too large,eligible,4134,Urban Outfitters,Activewear,54.64,0.0,0,604
3630,12783,2024-05-25,59,1,tried-on,No reason,ineligible,6405,H&M,Home,57.14,0.0,0,155
3631,6075,2024-06-14,43,1,tried-on,Too small,ineligible,3039,Urban Outfitters,Activewear,108.27,0.0,0,210
3632,4409,2024-08-30,37,1,new,Changed mind,needs_review,2214,H&M,Swimwear,68.55,23.49,1,45
3633,156,2025-07-24,48,1,new,Too small,ineligible,71,Urban Outfitters,Bags,109.29,0.0,0,603
3634,2152,2025-02-16,29,1,tried-on,Too small,ineligible,1066,Gucci,Beauty,952.84,0.0,0,882
3635,674,2023-12-06,26,1,new,Too small,eligible,328,Shein,Footwear,16.28,0.0,0,199
3636,3829,2024-01-28,2,0,new,Too large,needs_review,1928,Urban Outfitters,Footwear,71.77,0.0,0,583
3637,10527,2024-09-20,60,1,tried-on,No reason,ineligible,5250,Girlfriend Collective,Tops,86.93,0.0,0,408
3638,2861,2024-03-19,24,1,tried-on,Changed mind,eligible,1433,H&M,Jeans,89.48,0.0,0,853
3639,7676,2024-04-27,4,1,tried-on,Wrong item,eligible,3824,Gucci,Bags,2096.46,0.0,0,204
3640,9768,2023-11-28,19,1,new,Wrong item,eligible,4859,H&M,Lingerie,74.56,24.25,1,1331
3641,8488,2025-01-24,47,1,new,Defective,ineligible,4228,Prada,Beauty,521.02,0.0,0,510
3642,7185,2024-05-21,46,1,worn,Defective,ineligible,3575,Chanel,Dresses,1366.44,0.0,0,1281
3643,11750,2024-01-26,42,0,new,Too small,needs_review,5880,Under Armour,Lingerie,89.21,0.0,0,620
3644,8142,2025-10-22,18,1,tried-on,No reason,eligible,4058,Under Armour,Dresses,129.03,0.0,0,900
3645,5820,2024-12-23,49,1,new,Defective,ineligible,2913,Prada,Accessories,666.53,0.0,0,676
3646,10504,2025-03-19,52,1,new,Defective,ineligible,5237,Zara,Dresses,75.2,0.0,0,439
3647,11005,2023-11-15,1,1,new,Too large,eligible,5495,H&M,Accessories,30.6,0.0,0,1072
3648,7384,2025-07-28,54,1,new,Wrong item,ineligible,3675,Shein,Swimwear,5.0,0.0,0,303
3649,2543,2025-05-12,59,1,new,Changed mind,ineligible,1271,Girlfriend Collective,Tops,101.59,0.0,0,820
3650,13536,2024-07-01,51,1,new,Wrong item,ineligible,6790,H&M,Beauty,20.78,6.78,1,1192
3651,13381,2025-11-22,34,1,new,Defective,needs_review,6709,Zara,Swimwear,49.3,0.0,0,1493
3652,7241,2025-10-23,4,1,new,Changed mind,eligible,3602,Zara,Accessories,56.18,0.0,0,783
3653,8412,2024-01-27,22,1,tried-on,Wrong item,eligible,4191,H&M,Outerwear,62.8,7.17,1,1465
3654,1063,2025-01-08,11,0,new,Wrong item,needs_review,519,Shein,Accessories,25.24,0.0,0,819
3655,1932,2025-11-03,51,1,new,No reason,eligible,955,Under Armour,Accessories,99.52,10.99,1,529
3656,9407,2025-01-16,47,1,new,Too large,ineligible,4677,H&M,Jeans,97.26,19.71,1,1369
3657,15584,2024-05-28,54,1,new,Changed mind,eligible,7805,Under Armour,Outerwear,65.22,0.0,0,614
3658,1963,2024-01-03,6,1,new,Too large,eligible,970,Shein,Outerwear,31.05,7.82,1,24
3659,10156,2025-07-10,15,1,new,Changed mind,eligible,5065,Zara,Outerwear,83.34,0.0,0,569
3660,4386,2025-02-25,41,1,new,Too small,ineligible,2203,Girlfriend Collective,Beauty,54.96,0.0,0,402
3661,14160,2024-11-19,57,1,tried-on,No reason,ineligible,7098,Zara,Accessories,78.67,20.73,1,1176
3662,339,2024-09-17,1,1,new,Wrong item,ineligible,160,Zara,Beauty,68.94,0.0,0,154
3663,13250,2025-06-14,30,1,new,Too small,ineligible,6649,Urban Outfitters,Beauty,43.79,0.0,0,213
3664,10643,2024-09-08,60,1,damaged,No reason,ineligible,5307,Urban Outfitters,Footwear,27.98,0.0,0,76
3665,13351,2024-01-02,52,1,tried-on,Wrong item,ineligible,6696,Zara,Outerwear,31.37,4.23,1,1417
3666,3929,2024-02-15,6,1,tried-on,Defective,eligible,1980,Shein,Dresses,24.29,0.0,0,1247
3667,3232,2025-02-22,17,1,new,Changed mind,needs_review,1620,Gucci,Swimwear,820.28,0.0,0,1380
3668,15806,2024-10-25,36,1,new,Too large,needs_review,7908,Zara,Home,73.7,0.0,0,1348
3669,12520,2025-05-17,54,0,new,Changed mind,ineligible,6269,H&M,Accessories,53.28,0.0,0,1392
3670,10333,2025-07-21,44,0,worn,Defective,ineligible,5150,Shein,Jeans,11.51,0.0,0,187
3671,6,2025-09-11,60,1,new,Too small,ineligible,3,H&M,Jeans,62.0,0.0,0,1288
3672,12715,2025-09-20,28,1,new,Changed mind,eligible,6370,Under Armour,Activewear,82.25,7.08,1,1473
3673,8462,2025-01-24,29,1,new,No reason,ineligible,4214,Loewe,Lingerie,652.29,0.0,0,558
3674,3906,2024-11-01,25,1,new,Too large,ineligible,1968,Loewe,Bags,2688.23,0.0,0,1431
3675,7708,2024-10-01,55,1,new,No reason,ineligible,3842,H&M,Jeans,54.85,0.0,0,759
3676,7227,2025-11-01,4,1,new,Defective,eligible,3595,Urban Outfitters,Activewear,48.54,0.0,0,221
3677,13059,2024-08-27,0,1,tried-on,Wrong item,eligible,6549,Zara,Swimwear,72.94,0.0,0,1295
3678,5110,2024-02-08,43,1,new,Too small,eligible,2562,Under Armour,Tops,58.67,0.0,0,84
3679,13580,2025-08-26,16,1,new,Defective,needs_review,6812,Gucci,Tops,1171.98,0.0,0,1369
3680,232,2024-12-03,4,1,new,Changed mind,eligible,108,Urban Outfitters,Accessories,43.77,0.0,0,42
3681,13365,2025-11-28,50,1,tried-on,No reason,ineligible,6703,H&M,Accessories,42.3,0.0,0,816
3682,1071,2024-11-16,53,1,worn,Too small,ineligible,523,Zara,Accessories,32.45,0.0,0,1052
3683,5929,2025-10-13,16,1,new,No reason,eligible,2970,Shein,Activewear,40.55,9.29,1,567
3684,2453,2024-12-21,17,0,new,Wrong item,needs_review,1220,Prada,Accessories,670.5,0.0,0,949
3685,15103,2024-12-11,53,1,new,Too small,ineligible,7559,Girlfriend Collective,Home,124.82,38.3,1,1359
3686,11792,2024-04-01,0,1,new,Too large,eligible,5902,H&M,Lingerie,10.0,0.0,0,758
3687,12895,2025-02-28,37,1,new,Changed mind,needs_review,6464,Zara,Footwear,73.17,0.0,0,1448
3688,3993,2025-06-23,45,1,new,Too small,eligible,2010,Under Armour,Lingerie,30.0,0.0,0,410
3689,4825,2024-06-12,50,1,new,No reason,ineligible,2422,Zara,Activewear,70.78,0.0,0,1263
3690,7043,2025-08-12,14,1,new,Wrong item,eligible,3503,H&M,Footwear,49.34,7.9,1,1105
3691,14185,2025-05-08,13,1,new,Too large,eligible,7108,Urban Outfitters,Home,130.75,0.0,0,918
3692,3044,2025-07-02,5,1,new,No reason,eligible,1525,Zara,Tops,95.07,28.0,1,1292
3693,1514,2025-04-13,41,0,tried-on,Too large,ineligible,740,Girlfriend Collective,Tops,81.87,0.0,0,761
3694,12434,2025-10-05,47,1,new,Too small,ineligible,6227,Under Armour,Beauty,95.0,25.18,1,62
3695,6857,2024-04-27,19,1,new,No reason,eligible,3411,Shein,Bags,41.4,0.0,0,217
3696,5820,2024-12-28,54,1,new,Too small,ineligible,2913,Prada,Accessories,666.53,0.0,0,676
3697,2297,2024-12-30,59,1,worn,Wrong item,ineligible,1141,H&M,Footwear,28.67,7.66,1,767
3698,9302,2024-02-04,24,1,new,Defective,eligible,4629,Under Armour,Dresses,69.7,0.0,0,1276
3699,4319,2024-06-03,6,1,tried-on,Too large,ineligible,2175,Zara,Beauty,49.62,0.0,0,1212
3700,5850,2025-12-13,38,1,tried-on,No reason,ineligible,2930,H&M,Accessories,32.28,0.0,0,198
3701,11411,2024-10-29,41,1,tried-on,Too small,ineligible,5704,Urban Outfitters,Activewear,20.0,0.0,0,221
3702,13535,2025-01-25,36,1,new,Wrong item,needs_review,6789,Zara,Home,81.96,0.0,0,1065
3703,8616,2025-03-29,0,1,new,Too small,eligible,4293,Girlfriend Collective,Jeans,78.97,0.0,0,15
3704,4294,2024-07-17,50,0,new,Too large,ineligible,2161,H&M,Jeans,54.29,0.0,0,233
3705,6358,2024-03-09,18,1,new,Changed mind,needs_review,3169,Chanel,Jeans,1520.91,0.0,0,584
3706,3103,2024-09-09,30,1,new,No reason,ineligible,1559,Chanel,Accessories,677.08,0.0,0,638
3707,2457,2025-03-21,35,1,new,No reason,needs_review,1221,Zara,Swimwear,66.59,0.0,0,986
3708,15704,2025-08-31,13,0,new,Too small,needs_review,7862,Urban Outfitters,Lingerie,24.79,0.0,0,837
3709,13452,2024-04-11,60,1,new,Too small,ineligible,6744,Urban Outfitters,Dresses,84.97,0.0,0,879
3710,11573,2024-09-11,20,0,tried-on,Too large,ineligible,5790,Zara,Beauty,31.44,0.0,0,1393
3711,4441,2024-04-01,26,1,new,Changed mind,eligible,2229,Shein,Jeans,26.22,7.41,1,381
3712,4538,2025-04-10,6,1,new,Wrong item,eligible,2281,Zara,Jeans,61.18,0.0,0,187
3713,989,2025-07-08,59,1,new,Changed mind,eligible,485,Under Armour,Swimwear,124.8,0.0,0,714
3714,12915,2024-10-15,58,1,new,Too small,ineligible,6473,Chanel,Bags,8959.61,496.33,1,738
3715,13841,2025-12-07,36,1,new,Defective,needs_review,6936,Girlfriend Collective,Swimwear,77.42,26.47,1,839
3716,13209,2024-10-09,14,1,new,Wrong item,eligible,6627,H&M,Outerwear,52.74,0.0,0,1245
3717,3213,2024-02-14,3,1,new,No reason,eligible,1612,H&M,Jeans,66.87,17.22,1,1368
3718,8991,2025-10-04,37,1,new,Too large,ineligible,4472,Loewe,Lingerie,902.27,0.0,0,340
3719,9882,2024-05-14,17,1,new,Wrong item,eligible,4916,Shein,Footwear,16.52,1.73,1,231
3720,1306,2024-10-12,56,1,new,No reason,ineligible,637,Girlfriend Collective,Swimwear,60.93,0.0,0,1485
3721,158,2025-03-23,16,1,tried-on,No reason,eligible,72,Girlfriend Collective,Swimwear,102.04,30.13,1,481
3722,5924,2024-11-23,33,1,tried-on,Defective,ineligible,2968,Prada,Tops,1231.73,0.0,0,1235
3723,11715,2025-01-02,20,1,tried-on,Too small,eligible,5860,Zara,Outerwear,56.44,0.0,0,647
3724,5204,2024-01-21,47,1,new,Too small,ineligible,2613,Girlfriend Collective,Outerwear,125.78,23.53,1,387
3725,12819,2025-11-03,51,1,new,No reason,ineligible,6422,Shein,Jeans,26.41,0.0,0,1315
3726,3603,2024-08-20,12,1,new,No reason,ineligible,1813,Shein,Beauty,22.53,0.0,0,1353
3727,12074,2024-08-08,23,1,new,Defective,eligible,6049,Zara,Accessories,56.0,7.62,1,588
3728,4880,2024-09-22,29,1,new,Too small,ineligible,2447,Prada,Jeans,1238.96,0.0,0,123
3729,5659,2024-09-15,29,1,new,No reason,eligible,2841,Zara,Lingerie,74.29,0.0,0,1427
3730,13890,2025-05-21,15,1,tried-on,Too small,needs_review,6960,Gucci,Jeans,1937.24,0.0,0,1466
3731,4389,2025-02-08,45,1,new,Defective,ineligible,2204,Shein,Jeans,23.22,0.0,0,39
3732,15320,2025-11-27,44,1,new,Too large,ineligible,7675,H&M,Jeans,74.29,25.08,1,388
3733,476,2025-02-09,12,1,damaged,No reason,ineligible,228,Girlfriend Collective,Swimwear,71.67,0.0,0,655
3734,2975,2024-09-09,45,1,tried-on,No reason,ineligible,1487,Loewe,Home,1112.9,0.0,0,1163
3735,6379,2024-12-21,6,1,tried-on,No reason,eligible,3180,Loewe,Activewear,1043.82,0.0,0,639
3736,3246,2024-05-26,33,1,new,Changed mind,needs_review,1626,Urban Outfitters,Lingerie,67.07,19.91,1,402
3737,6570,2025-07-05,34,1,new,Defective,needs_review,3272,Girlfriend Collective,Bags,130.27,0.0,0,1387
3738,4492,2025-08-18,17,1,new,Too large,eligible,2256,H&M,Bags,80.95,0.0,0,16
3739,12585,2025-01-21,39,1,new,Changed mind,ineligible,6301,Urban Outfitters,Lingerie,76.32,0.0,0,609
3740,7552,2025-10-31,38,1,new,Too small,ineligible,3764,H&M,Tops,20.39,0.0,0,850
3741,11688,2024-12-12,24,1,new,Changed mind,eligible,5846,Urban Outfitters,Home,60.17,16.75,1,48
3742,14024,2024-09-06,45,1,new,No reason,ineligible,7031,Urban Outfitters,Lingerie,94.44,0.0,0,939
3743,5760,2024-01-25,4,0,new,Changed mind,needs_review,2886,Zara,Footwear,68.83,20.53,1,252
3744,13827,2024-08-06,58,1,new,Too large,ineligible,6930,Zara,Tops,58.82,6.87,1,1122
3745,6859,2024-06-06,59,1,tried-on,No reason,ineligible,3411,Shein,Footwear,27.83,8.48,1,217
3746,11167,2025-10-06,51,1,new,Too small,ineligible,5584,H&M,Lingerie,48.27,0.0,0,951
3747,264,2025-02-19,53,1,damaged,Wrong item,ineligible,121,H&M,Activewear,73.64,0.0,0,1305
3748,5248,2025-01-09,51,1,tried-on,Defective,ineligible,2639,Urban Outfitters,Lingerie,105.25,0.0,0,796
3749,13719,2025-09-19,27,1,new,Defective,ineligible,6879,Loewe,Lingerie,749.56,0.0,0,755
3750,15370,2023-12-13,32,1,new,Changed mind,ineligible,7698,Loewe,Dresses,902.07,0.0,0,1186
3751,6375,2025-02-10,46,1,new,No reason,ineligible,3178,Chanel,Jeans,825.61,0.0,0,1265
3752,10922,2025-10-24,17,1,new,No reason,needs_review,5452,Loewe,Lingerie,1118.42,0.0,0,1019
3753,8792,2025-11-24,16,1,tried-on,Defective,eligible,4382,Girlfriend Collective,Dresses,109.7,0.0,0,1356
3754,1708,2025-03-09,36,1,new,Defective,ineligible,835,Loewe,Home,1225.74,0.0,0,1276
3755,14171,2025-11-09,25,1,tried-on,Changed mind,eligible,7102,Urban Outfitters,Outerwear,57.46,15.64,1,602
3756,7150,2025-03-27,40,1,new,Wrong item,ineligible,3557,Gucci,Bags,2486.93,0.0,0,1061
3757,4510,2024-04-22,29,1,new,Too large,eligible,2267,Under Armour,Outerwear,73.19,0.0,0,982
3758,12093,2024-05-26,15,1,new,No reason,eligible,6060,Shein,Outerwear,59.83,0.0,0,1425
3759,2114,2024-11-29,49,1,tried-on,Too large,ineligible,1046,Loewe,Beauty,752.22,0.0,0,800
3760,2338,2024-03-08,58,1,new,No reason,ineligible,1164,Loewe,Tops,1812.41,0.0,0,161
3761,6707,2025-03-16,2,1,new,No reason,eligible,3337,Shein,Dresses,22.14,0.0,0,1089
3762,7165,2025-07-27,42,1,new,Changed mind,ineligible,3565,Shein,Swimwear,36.04,4.74,1,909
3763,6333,2025-06-02,9,1,new,Too small,eligible,3158,Shein,Lingerie,28.8,0.0,0,1184
3764,2099,2023-12-25,24,1,new,Too large,ineligible,1037,Prada,Outerwear,3791.71,0.0,0,635
3765,4165,2024-07-23,19,1,new,Wrong item,eligible,2094,Urban Outfitters,Jeans,53.38,0.0,0,1015
3766,12927,2023-12-24,7,1,tried-on,No reason,eligible,6480,Prada,Lingerie,587.58,0.0,0,958
3767,3876,2023-12-29,12,1,worn,No reason,ineligible,1954,Shein,Bags,24.33,6.72,1,193
3768,4347,2025-01-10,44,0,worn,No reason,ineligible,2187,Urban Outfitters,Lingerie,59.64,0.0,0,593
3769,5219,2024-04-02,7,1,new,Changed mind,eligible,2622,Under Armour,Bags,132.38,0.0,0,1360
3770,10497,2025-02-18,59,1,worn,Wrong item,ineligible,5232,Urban Outfitters,Beauty,61.67,0.0,0,681
3771,4419,2025-05-22,38,1,new,Too large,ineligible,2219,Shein,Accessories,35.31,0.0,0,1127
3772,1196,2023-12-29,37,1,tried-on,Too large,ineligible,587,Chanel,Dresses,1515.19,0.0,0,1214
3773,14362,2025-08-02,47,1,new,Too small,ineligible,7196,Zara,Swimwear,113.65,0.0,0,1162
3774,8839,2025-10-22,33,1,tried-on,Wrong item,needs_review,4404,Girlfriend Collective,Activewear,86.99,0.0,0,12
3775,471,2024-06-09,51,1,new,Wrong item,ineligible,226,Loewe,Tops,1302.44,0.0,0,1114
3776,1267,2024-02-21,59,1,tried-on,Too large,ineligible,620,Chanel,Bags,8000.0,0.0,0,809
3777,8258,2024-12-23,8,0,new,Wrong item,needs_review,4118,Gucci,Accessories,300.0,0.0,0,119
3778,6462,2025-03-23,45,1,tried-on,Too small,ineligible,3220,Chanel,Accessories,611.75,95.33,1,1023
3779,12840,2024-01-05,15,1,new,Wrong item,eligible,6432,H&M,Home,96.94,0.0,0,254
3780,1544,2024-11-05,34,1,worn,Wrong item,ineligible,756,Urban Outfitters,Tops,70.42,0.0,0,210
3781,3466,2025-10-08,12,1,damaged,Changed mind,ineligible,1737,Shein,Activewear,38.58,0.0,0,812
3782,389,2024-07-17,15,1,worn,Changed mind,ineligible,185,Girlfriend Collective,Outerwear,40.55,0.0,0,288
3783,4624,2024-11-27,38,1,tried-on,No reason,ineligible,2326,Loewe,Swimwear,652.93,0.0,0,554
3784,1935,2025-06-05,46,0,new,Too small,ineligible,956,H&M,Beauty,51.9,0.0,0,851
3785,12532,2024-12-05,13,1,tried-on,Wrong item,eligible,6274,Loewe,Tops,1576.0,0.0,0,924
3786,3433,2024-08-21,18,1,new,Defective,needs_review,1720,Prada,Dresses,1664.21,0.0,0,1239
3787,1564,2025-03-09,4,1,new,Changed mind,eligible,765,Zara,Activewear,46.2,10.74,1,865
3788,10089,2025-02-04,26,1,new,Wrong item,eligible,5032,H&M,Home,72.32,0.0,0,1481
3789,3718,2025-03-23,55,1,worn,Wrong item,ineligible,1875,Loewe,Home,717.13,0.0,0,441
3790,10366,2025-03-06,23,1,new,No reason,ineligible,5169,Prada,Jeans,2100.75,0.0,0,1269
3791,9343,2025-07-29,32,1,tried-on,Too large,ineligible,4646,Chanel,Accessories,541.27,0.0,0,215
3792,4826,2024-05-10,17,1,worn,Too large,ineligible,2422,Zara,Beauty,45.11,0.0,0,1263
3793,6524,2025-03-21,48,1,worn,Wrong item,ineligible,3253,Under Armour,Home,158.98,0.0,0,355
3794,7791,2025-01-23,41,1,tried-on,Defective,eligible,3886,Under Armour,Outerwear,80.44,0.0,0,1078
3795,4256,2025-01-03,3,1,new,Defective,eligible,2141,H&M,Activewear,66.04,0.0,0,200
3796,13714,2024-09-06,50,1,new,Defective,ineligible,6877,Gucci,Bags,1691.66,0.0,0,1225
3797,438,2024-10-30,13,1,new,Changed mind,eligible,210,Girlfriend Collective,Activewear,91.04,0.0,0,752
3798,4225,2025-03-10,31,1,tried-on,No reason,ineligible,2127,Prada,Accessories,346.29,0.0,0,1387
3799,1795,2025-07-07,21,1,new,Changed mind,eligible,880,Urban Outfitters,Activewear,108.42,18.04,1,69
3800,12879,2024-08-28,42,1,new,Wrong item,ineligible,6454,Chanel,Swimwear,747.08,0.0,0,1005
3801,15580,2025-06-24,35,1,tried-on,No reason,needs_review,7803,Zara,Lingerie,90.71,14.7,1,666
3802,1888,2024-06-23,46,1,new,Wrong item,ineligible,932,H&M,Home,64.44,0.0,0,415
3803,3534,2025-05-06,38,0,tried-on,Defective,ineligible,1774,Urban Outfitters,Outerwear,45.05,0.0,0,1161
3804,2163,2025-10-04,45,1,new,Defective,ineligible,1070,Prada,Bags,2353.55,0.0,0,784
3805,7108,2025-06-14,47,1,tried-on,Changed mind,ineligible,3536,Zara,Lingerie,20.37,0.0,0,831
3806,913,2025-06-30,32,1,tried-on,Too small,eligible,448,Under Armour,Home,114.23,31.45,1,832
3807,13855,2025-02-04,1,1,tried-on,Wrong item,eligible,6943,Prada,Swimwear,661.03,0.0,0,821
3808,8130,2024-11-22,3,0,new,Changed mind,needs_review,4054,Zara,Swimwear,63.2,15.49,1,840
3809,412,2025-08-13,57,1,new,Too large,ineligible,197,H&M,Swimwear,56.9,0.0,0,1338
3810,15802,2025-07-25,46,1,new,Wrong item,ineligible,7906,Urban Outfitters,Dresses,96.4,0.0,0,162
3811,15547,2024-08-15,20,1,tried-on,Too large,eligible,7788,H&M,Outerwear,87.85,0.0,0,996
3812,2891,2024-09-16,22,1,new,Wrong item,ineligible,1450,Gucci,Beauty,815.39,0.0,0,355
3813,8197,2024-11-11,37,1,new,No reason,ineligible,4089,Chanel,Outerwear,3300.29,0.0,0,108
3814,813,2025-01-30,57,1,new,Too small,ineligible,399,Loewe,Beauty,1120.83,0.0,0,612
3815,5728,2025-04-13,27,1,tried-on,Wrong item,eligible,2871,Under Armour,Tops,104.87,0.0,0,450
3816,12343,2024-01-21,42,1,new,No reason,ineligible,6183,Prada,Footwear,716.63,0.0,0,487
3817,5010,2025-02-04,8,1,new,Wrong item,eligible,2512,Loewe,Home,792.63,0.0,0,1152
3818,1516,2024-03-02,36,1,tried-on,Too large,needs_review,741,Zara,Accessories,11.2,0.0,0,499
3819,9817,2025-09-25,17,1,tried-on,No reason,eligible,4885,Under Armour,Home,37.54,3.89,1,542
3820,1371,2025-11-23,51,1,new,Too small,ineligible,668,Zara,Tops,32.61,0.0,0,1210
3821,14100,2025-06-15,54,1,new,Too large,ineligible,7067,Prada,Activewear,693.37,166.31,1,91
3822,9662,2024-12-14,3,1,new,Changed mind,eligible,4810,Urban Outfitters,Home,112.71,0.0,0,573
3823,12203,2025-10-31,15,0,new,Too small,needs_review,6113,H&M,Bags,92.64,0.0,0,583
3824,5015,2024-12-15,59,1,new,Defective,ineligible,2515,Girlfriend Collective,Outerwear,75.13,8.62,1,773
3825,15718,2024-02-14,25,1,new,Too large,eligible,7868,Zara,Bags,69.57,0.0,0,624
3826,5480,2024-03-07,27,1,tried-on,Changed mind,ineligible,2750,Gucci,Home,1434.71,0.0,0,52
3827,2741,2025-05-29,17,1,tried-on,Too large,eligible,1375,H&M,Activewear,63.7,0.0,0,1066
3828,8067,2024-07-11,52,1,tried-on,Wrong item,ineligible,4022,Shein,Tops,13.87,0.0,0,536
3829,104,2024-08-22,21,1,new,Wrong item,eligible,46,Urban Outfitters,Tops,20.0,1.33,1,69
3830,15518,2024-06-18,8,1,damaged,Too large,ineligible,7774,Under Armour,Dresses,104.24,0.0,0,40
3831,11730,2025-08-29,31,0,tried-on,Too large,ineligible,5869,Chanel,Lingerie,961.35,0.0,0,875
3832,5523,2024-07-13,1,1,new,Defective,eligible,2772,Zara,Outerwear,74.48,0.0,0,1416
3833,15516,2025-07-04,2,1,new,Too small,eligible,7773,Prada,Activewear,788.62,0.0,0,42
3834,14089,2024-11-21,32,1,tried-on,Changed mind,ineligible,7061,Prada,Tops,759.61,0.0,0,87
3835,6869,2024-09-26,4,1,tried-on,Wrong item,eligible,3416,Under Armour,Activewear,136.97,0.0,0,122
3836,5115,2024-07-25,45,1,new,Changed mind,ineligible,2565,H&M,Outerwear,56.67,0.0,0,533
3837,7034,2024-12-08,53,1,tried-on,No reason,ineligible,3498,Prada,Swimwear,1204.31,0.0,0,407
3838,9594,2024-11-11,29,1,new,Defective,ineligible,4772,Prada,Beauty,953.14,0.0,0,380
3839,15737,2024-01-22,16,1,new,No reason,needs_review,7877,Chanel,Footwear,982.91,121.19,1,1471
3840,5931,2025-02-08,11,1,worn,Too small,ineligible,2972,H&M,Lingerie,37.78,0.0,0,5
3841,4780,2025-09-04,4,1,tried-on,No reason,eligible,2401,Urban Outfitters,Jeans,37.33,0.0,0,419
3842,12808,2023-12-18,30,0,new,Wrong item,needs_review,6417,Shein,Activewear,30.57,3.42,1,991
3843,1406,2025-04-06,6,1,tried-on,No reason,eligible,688,Prada,Lingerie,668.48,0.0,0,646
3844,1350,2025-09-12,58,0,new,Defective,ineligible,658,H&M,Lingerie,75.4,7.8,1,98
3845,9040,2024-10-04,47,1,new,Defective,ineligible,4501,Zara,Jeans,59.54,0.0,0,1307
3846,2927,2023-12-11,1,1,new,Defective,ineligible,1465,Zara,Beauty,116.16,0.0,0,700
3847,14745,2025-06-10,37,0,damaged,Defective,ineligible,7390,Girlfriend Collective,Accessories,47.79,0.0,0,716
3848,15541,2025-07-05,13,1,new,Defective,ineligible,7784,Girlfriend Collective,Beauty,30.0,0.0,0,788
3849,13024,2024-11-09,21,1,tried-on,Too large,eligible,6530,Girlfriend Collective,Footwear,81.28,0.0,0,662
3850,8217,2025-07-02,8,1,new,Too small,eligible,4098,Prada,Home,497.24,0.0,0,1028
3851,10241,2024-07-06,48,1,worn,Too large,ineligible,5107,Under Armour,Lingerie,64.9,19.88,1,689
3852,14918,2025-06-13,35,1,new,Too small,ineligible,7474,Chanel,Outerwear,3582.83,0.0,0,1362
3853,11735,2025-01-31,22,0,new,Wrong item,needs_review,5871,H&M,Jeans,51.12,0.0,0,1059
3854,6116,2024-03-01,3,1,new,Changed mind,eligible,3057,Girlfriend Collective,Lingerie,81.03,0.0,0,114
3855,13151,2025-06-23,28,0,worn,Too large,ineligible,6597,Urban Outfitters,Beauty,64.85,0.0,0,794
3856,4237,2025-12-21,51,1,new,Too large,ineligible,2133,H&M,Outerwear,47.63,0.0,0,947
3857,532,2024-06-27,10,1,new,Wrong item,eligible,257,Gucci,Outerwear,4300.59,0.0,0,1382
3858,13424,2025-12-11,56,1,new,Wrong item,ineligible,6730,Gucci,Tops,1023.92,0.0,0,706
3859,6426,2024-08-15,50,1,tried-on,Too large,ineligible,3200,Urban Outfitters,Jeans,57.94,0.0,0,296
3860,11011,2024-01-21,19,1,new,Too small,ineligible,5498,Shein,Beauty,20.01,5.81,1,467
3861,3758,2024-09-11,57,1,worn,Too large,ineligible,1893,Prada,Accessories,570.98,0.0,0,1156
3862,1084,2025-03-24,48,1,tried-on,Changed mind,ineligible,530,Girlfriend Collective,Outerwear,61.45,18.57,1,1379
3863,8690,2025-06-04,22,1,new,Too large,eligible,4330,Zara,Jeans,87.3,5.71,1,943
3864,3909,2024-09-13,20,1,new,Changed mind,needs_review,1969,Prada,Bags,2245.5,0.0,0,1045
3865,8898,2025-10-22,45,1,new,Too large,ineligible,4429,Chanel,Home,414.88,0.0,0,1006
3866,12688,2025-01-31,34,1,new,Too small,needs_review,6357,Girlfriend Collective,Dresses,138.39,0.0,0,517
3867,550,2025-06-02,20,1,new,Wrong item,ineligible,268,Loewe,Beauty,586.09,0.0,0,686
3868,818,2024-10-01,26,1,new,Changed mind,ineligible,401,Gucci,Activewear,1028.38,0.0,0,589
3869,13683,2025-01-03,26,1,new,Too small,eligible,6861,H&M,Activewear,56.94,11.13,1,1216
3870,1873,2025-03-07,60,1,new,Too large,ineligible,923,H&M,Home,49.86,13.8,1,1092
3871,13675,2024-02-05,29,1,tried-on,Too small,eligible,6857,Zara,Accessories,22.51,7.71,1,342
3872,15475,2024-01-16,47,0,new,Defective,needs_review,7753,Under Armour,Home,103.28,0.0,0,1082
3873,8086,2024-06-08,41,0,new,Changed mind,ineligible,4031,Zara,Bags,62.14,0.0,0,708
3874,2351,2025-09-06,38,1,tried-on,No reason,ineligible,1170,Urban Outfitters,Dresses,50.78,0.0,0,125
3875,15472,2024-03-25,17,1,worn,Too large,ineligible,7752,Loewe,Beauty,986.6,0.0,0,1460
3876,518,2024-11-09,41,1,new,No reason,ineligible,251,H&M,Tops,66.95,0.0,0,1362
3877,5035,2024-03-07,51,1,new,Wrong item,ineligible,2523,Gucci,Lingerie,872.18,0.0,0,1436
3878,5323,2025-12-01,57,1,tried-on,Changed mind,eligible,2671,Under Armour,Bags,76.28,0.0,0,488
3879,8230,2025-05-08,5,1,new,Changed mind,eligible,4104,H&M,Lingerie,104.58,26.83,1,1347
3880,1049,2025-11-29,27,1,tried-on,Wrong item,eligible,513,Shein,Bags,20.03,0.0,0,1127
3881,4272,2023-12-25,33,1,new,No reason,needs_review,2150,H&M,Swimwear,73.12,0.0,0,938
3882,1511,2025-10-14,7,1,new,Changed mind,ineligible,738,H&M,Beauty,90.28,0.0,0,217
3883,14143,2025-03-30,52,1,tried-on,Too large,ineligible,7090,Shein,Outerwear,11.99,3.61,1,1219
3884,2842,2025-01-18,24,1,new,Too large,ineligible,1426,Gucci,Jeans,1827.36,0.0,0,378
3885,14401,2025-03-04,16,1,tried-on,Changed mind,needs_review,7214,Prada,Home,961.9,0.0,0,18
3886,3799,2023-11-27,5,1,new,Changed mind,eligible,1913,Prada,Swimwear,649.64,0.0,0,1013
3887,13613,2024-12-19,36,1,tried-on,Defective,needs_review,6826,Urban Outfitters,Activewear,56.62,0.0,0,132
3888,13900,2024-01-05,24,1,new,Too large,eligible,6968,Urban Outfitters,Swimwear,56.75,0.0,0,949
3889,5800,2025-11-16,8,1,damaged,No reason,ineligible,2902,Girlfriend Collective,Tops,65.14,0.0,0,1319
3890,9879,2025-09-13,42,1,new,Defective,ineligible,4914,Prada,Tops,1830.59,0.0,0,153
3891,10164,2024-07-18,44,1,new,Wrong item,ineligible,5070,H&M,Dresses,39.72,0.0,0,198
3892,5188,2025-03-07,43,0,new,Too small,ineligible,2604,H&M,Outerwear,20.78,0.0,0,1474
3893,7212,2024-11-21,54,0,tried-on,Defective,ineligible,3589,Girlfriend Collective,Activewear,143.16,0.0,0,949
3894,10877,2024-01-31,26,1,worn,Too small,ineligible,5427,Urban Outfitters,Footwear,68.64,0.0,0,243
3895,12743,2024-08-11,20,1,tried-on,Too small,eligible,6386,Shein,Home,26.55,0.0,0,962
3896,2014,2024-09-30,21,1,new,No reason,eligible,998,Girlfriend Collective,Jeans,73.4,0.0,0,1127
3897,980,2025-04-23,49,1,new,Defective,ineligible,481,Loewe,Tops,832.91,0.0,0,85
3898,9033,2024-04-18,26,1,new,Wrong item,eligible,4495,Under Armour,Home,133.47,16.76,1,439
3899,7557,2025-01-05,51,1,new,No reason,ineligible,3767,Loewe,Footwear,958.1,0.0,0,720
3900,1705,2025-07-21,47,1,new,Changed mind,ineligible,832,H&M,Accessories,38.05,3.13,1,1469
3901,4513,2024-11-16,27,1,tried-on,Too large,eligible,2268,Girlfriend Collective,Activewear,39.79,0.0,0,306
3902,6338,2025-11-06,30,1,new,Wrong item,eligible,3161,H&M,Swimwear,91.1,0.0,0,343
3903,4590,2024-05-16,43,1,tried-on,Too small,ineligible,2309,Zara,Dresses,29.31,2.16,1,1489
3904,10424,2024-05-15,47,1,new,Changed mind,ineligible,5197,H&M,Dresses,51.19,11.43,1,768
3905,7413,2024-10-03,52,1,new,No reason,ineligible,3692,Loewe,Footwear,613.45,0.0,0,906
3906,10435,2025-11-01,54,1,worn,No reason,ineligible,5203,Under Armour,Accessories,49.31,0.0,0,177
3907,840,2024-01-11,45,1,new,Too small,ineligible,412,Zara,Activewear,10.0,0.0,0,355
3908,13701,2023-12-21,13,1,worn,Defective,ineligible,6870,Loewe,Home,761.76,0.0,0,1021
3909,11380,2024-09-11,23,1,new,Wrong item,ineligible,5689,H&M,Beauty,61.18,13.3,1,722
3910,3530,2025-10-14,59,0,damaged,Wrong item,ineligible,1772,H&M,Lingerie,82.27,0.0,0,229
3911,5345,2024-09-02,49,0,tried-on,Wrong item,ineligible,2684,H&M,Jeans,97.13,0.0,0,7
3912,11329,2024-10-23,47,1,new,Changed mind,ineligible,5664,Zara,Accessories,73.97,7.8,1,249
3913,14177,2024-11-28,30,1,tried-on,Defective,eligible,7104,Girlfriend Collective,Swimwear,71.72,0.0,0,403
3914,10074,2024-02-16,14,1,new,Too small,ineligible,5024,Under Armour,Beauty,158.3,0.0,0,1132
3915,6970,2025-06-27,12,1,worn,No reason,ineligible,3467,Zara,Accessories,109.47,0.0,0,412
3916,941,2024-03-04,22,1,new,Wrong item,eligible,464,Zara,Accessories,26.79,0.0,0,1172
3917,2883,2024-08-14,29,0,new,Changed mind,needs_review,1447,H&M,Outerwear,56.84,0.0,0,1169
3918,13618,2025-04-15,1,1,new,Defective,eligible,6829,Zara,Dresses,91.64,0.0,0,694
3919,13761,2024-06-06,15,1,tried-on,Too large,eligible,6896,Urban Outfitters,Footwear,64.86,7.82,1,1357
3920,268,2025-11-13,37,1,new,Wrong item,needs_review,123,Urban Outfitters,Tops,50.25,3.3,1,583
3921,7462,2024-05-15,48,1,new,Too large,ineligible,3717,Shein,Home,31.87,0.0,0,725
3922,4890,2025-09-21,6,1,new,Too large,eligible,2452,H&M,Jeans,77.41,0.0,0,1443
3923,11882,2024-02-05,24,1,new,Changed mind,eligible,5953,Girlfriend Collective,Outerwear,89.53,12.98,1,107
3924,50,2024-07-21,58,1,new,Defective,ineligible,22,Urban Outfitters,Activewear,88.72,0.0,0,1415
3925,4015,2025-10-09,32,0,new,Too small,ineligible,2020,Prada,Lingerie,1152.56,0.0,0,383
3926,15781,2025-11-13,26,1,new,Too large,eligible,7897,H&M,Bags,76.75,13.55,1,570
3927,7339,2025-10-01,30,1,new,Too small,eligible,3652,Urban Outfitters,Dresses,137.16,0.0,0,1237
3928,365,2024-05-28,35,1,new,Too large,needs_review,174,H&M,Activewear,80.26,0.0,0,578
3929,15071,2023-12-26,31,1,new,Wrong item,ineligible,7544,Loewe,Activewear,661.33,0.0,0,644
3930,12377,2023-12-12,31,1,new,Defective,needs_review,6198,Girlfriend Collective,Footwear,85.97,0.0,0,1148
3931,6305,2024-02-02,6,1,new,No reason,eligible,3145,Urban Outfitters,Outerwear,55.11,0.0,0,1484
3932,8833,2025-12-04,28,1,new,Wrong item,eligible,4401,H&M,Footwear,108.17,0.0,0,65
3933,11810,2024-06-21,20,1,new,Defective,eligible,5913,H&M,Bags,26.86,0.0,0,1016
3934,5685,2024-07-12,32,1,tried-on,Too large,ineligible,2851,Prada,Swimwear,759.88,0.0,0,1018
3935,8907,2024-08-01,1,1,new,Too small,eligible,4434,Gucci,Home,550.33,0.0,0,1115
3936,15958,2024-04-16,11,1,new,Too large,ineligible,7977,Gucci,Beauty,817.73,0.0,0,85
3937,10938,2025-01-26,19,1,new,Changed mind,eligible,5461,Urban Outfitters,Tops,67.62,21.71,1,1475
3938,4984,2024-02-27,9,1,tried-on,Wrong item,eligible,2500,Chanel,Lingerie,938.11,0.0,0,1459
3939,8103,2024-05-23,35,1,new,Too small,ineligible,4040,Loewe,Outerwear,3910.68,0.0,0,1400
3940,8097,2024-11-18,51,1,new,No reason,ineligible,4037,Prada,Beauty,945.31,0.0,0,188
3941,2548,2024-10-23,43,1,new,Too large,ineligible,1274,Prada,Beauty,300.0,0.0,0,303
3942,11614,2025-06-14,36,1,new,No reason,ineligible,5812,Loewe,Swimwear,734.51,0.0,0,1496
3943,1525,2025-08-06,41,1,damaged,Too small,ineligible,747,Girlfriend Collective,Beauty,68.03,0.0,0,89
3944,15049,2025-04-01,8,1,new,Too large,eligible,7533,H&M,Bags,73.73,0.0,0,428
3945,6238,2025-03-12,37,1,new,Too large,needs_review,3114,Girlfriend Collective,Home,97.27,0.0,0,1161
3946,1283,2024-03-09,32,1,new,Wrong item,ineligible,627,H&M,Beauty,83.25,0.0,0,522
3947,5608,2024-05-06,46,1,new,Too small,ineligible,2815,Loewe,Bags,2631.32,0.0,0,749
3948,6334,2025-01-22,14,1,new,Changed mind,eligible,3159,Shein,Jeans,17.84,0.0,0,943
3949,6200,2024-03-17,30,1,new,Wrong item,eligible,3095,Under Armour,Tops,60.29,0.0,0,163
3950,4610,2025-10-27,44,1,tried-on,No reason,ineligible,2318,Urban Outfitters,Accessories,41.11,0.0,0,1274
3951,13135,2024-09-03,60,0,tried-on,Defective,ineligible,6589,Urban Outfitters,Jeans,38.56,0.0,0,1215
3952,1216,2024-12-02,33,1,worn,Too large,ineligible,596,Loewe,Beauty,693.36,0.0,0,452
3953,6244,2024-07-15,0,0,tried-on,Defective,needs_review,3117,Zara,Tops,100.15,0.0,0,353
3954,13978,2024-04-16,18,1,new,Wrong item,eligible,7006,Under Armour,Footwear,65.35,0.0,0,457
3955,688,2025-09-24,33,1,new,Too large,eligible,334,Under Armour,Dresses,104.8,0.0,0,264
3956,13658,2024-06-09,6,1,new,Defective,eligible,6849,H&M,Lingerie,79.9,17.33,1,977
3957,692,2024-04-04,30,1,tried-on,Too large,eligible,336,Shein,Dresses,7.63,0.0,0,336
3958,15159,2025-06-27,42,1,new,Changed mind,ineligible,7589,Chanel,Bags,9378.81,0.0,0,883
3959,5273,2024-01-24,55,1,new,Too small,ineligible,2650,Zara,Home,91.14,0.0,0,918
3960,4692,2025-11-10,8,1,worn,Defective,ineligible,2362,Urban Outfitters,Outerwear,120.67,9.43,1,9
3961,7880,2024-02-13,24,1,new,Defective,eligible,3934,H&M,Swimwear,75.88,0.0,0,1419
3962,1993,2024-02-27,2,1,new,Wrong item,eligible,988,Prada,Outerwear,3857.75,0.0,0,108
3963,1579,2024-12-16,13,1,tried-on,No reason,eligible,773,Zara,Lingerie,46.94,0.0,0,300
3964,10902,2023-11-25,0,1,tried-on,Too small,eligible,5441,Shein,Activewear,12.86,1.04,1,1363
3965,97,2024-01-19,50,1,tried-on,Changed mind,ineligible,44,Shein,Bags,20.79,0.0,0,1089
3966,304,2025-10-24,24,1,new,Defective,eligible,141,H&M,Dresses,40.27,3.37,1,1185
3967,15577,2024-12-09,58,1,new,Defective,ineligible,7801,Prada,Bags,2464.51,0.0,0,647
3968,8,2024-12-03,36,1,new,Too small,needs_review,4,Girlfriend Collective,Lingerie,69.35,0.0,0,1147
3969,8335,2024-03-15,35,1,new,No reason,needs_review,4157,Zara,Bags,49.08,0.0,0,463
3970,555,2023-12-13,9,1,new,Too small,eligible,270,Chanel,Accessories,1019.73,0.0,0,1341
3971,5869,2024-09-18,54,1,new,Wrong item,ineligible,2940,Urban Outfitters,Bags,75.2,0.0,0,467
3972,6167,2025-05-14,35,1,tried-on,Too large,needs_review,3079,Urban Outfitters,Jeans,131.77,31.59,1,404
3973,11087,2025-02-15,38,1,tried-on,No reason,ineligible,5546,Shein,Activewear,42.07,8.0,1,220
3974,7406,2024-04-19,26,1,new,Too small,eligible,3688,Zara,Footwear,67.43,0.0,0,675
3975,15289,2025-07-27,36,1,new,Defective,needs_review,7657,H&M,Tops,72.72,0.0,0,1029
3976,6887,2024-01-08,26,1,new,Too large,eligible,3425,Shein,Activewear,5.65,0.0,0,475
3977,3545,2025-04-17,59,1,new,Too large,ineligible,1779,Chanel,Home,772.94,0.0,0,206
3978,6395,2024-05-18,47,1,new,No reason,ineligible,3187,H&M,Bags,68.98,0.0,0,1398
3979,5158,2025-07-30,45,1,new,No reason,ineligible,2589,Prada,Outerwear,3160.42,389.19,1,935
3980,11062,2023-12-29,15,1,tried-on,Wrong item,ineligible,5527,Urban Outfitters,Beauty,57.79,8.16,1,272
3981,9241,2024-06-13,45,1,tried-on,Too large,ineligible,4598,Zara,Footwear,69.95,0.0,0,51
3982,2996,2024-02-27,39,1,tried-on,Changed mind,ineligible,1497,Urban Outfitters,Beauty,98.02,0.0,0,1442
3983,1445,2025-05-27,57,1,new,No reason,ineligible,706,Prada,Outerwear,3703.87,0.0,0,1015
3984,2082,2025-04-19,16,1,new,Changed mind,eligible,1028,Zara,Footwear,31.67,0.0,0,129
3985,14041,2025-03-23,38,1,new,Wrong item,ineligible,7039,Loewe,Lingerie,751.66,0.0,0,49
3986,10514,2025-10-21,13,1,tried-on,Too small,ineligible,5243,H&M,Beauty,79.38,27.37,1,899
3987,8233,2024-05-16,49,1,worn,Wrong item,ineligible,4106,Shein,Outerwear,19.17,3.47,1,612
3988,3532,2024-11-30,23,1,new,No reason,eligible,1773,Zara,Accessories,73.06,14.2,1,1481
3989,10782,2024-06-18,9,1,tried-on,Wrong item,eligible,5376,Under Armour,Footwear,92.12,10.45,1,1331
3990,13913,2023-12-31,42,0,tried-on,Too small,ineligible,6974,Urban Outfitters,Accessories,51.08,0.0,0,732
3991,9139,2024-03-08,7,1,tried-on,Wrong item,eligible,4549,Zara,Dresses,57.1,0.0,0,487
3992,8913,2025-10-02,22,1,new,Wrong item,eligible,4437,Urban Outfitters,Footwear,30.91,6.44,1,187
3993,4249,2024-07-11,1,1,new,Wrong item,eligible,2139,H&M,Tops,32.72,6.18,1,725
3994,10046,2025-11-24,47,1,new,No reason,ineligible,5009,Loewe,Jeans,1356.43,0.0,0,1036
3995,8762,2025-10-05,47,1,tried-on,Too large,ineligible,4367,Loewe,Bags,2431.65,0.0,0,396
3996,8238,2025-07-17,37,1,new,Too small,needs_review,4108,Zara,Activewear,60.57,11.68,1,1130
3997,8493,2024-06-15,34,1,worn,Changed mind,ineligible,4231,Girlfriend Collective,Jeans,63.4,11.98,1,295
3998,11582,2024-03-24,2,1,worn,Too large,ineligible,5795,Girlfriend Collective,Swimwear,73.49,9.93,1,421
3999,5532,2024-08-17,36,1,worn,Too large,ineligible,2778,Urban Outfitters,Activewear,40.65,0.0,0,1246
4000,10621,2024-11-25,4,1,new,Defective,ineligible,5297,Prada,Beauty,782.72,0.0,0,720
